label,text,source,has_url,label_id,text_original,text_normalized,urls,url_count,url_count.1,url_total_length,url_max_length,url_digit_count,url_dot_count,url_hyphen_count,url_slash_count,url_has_https,url_has_ip,url_has_at,url_is_shortened,text_for_model,character_length,url_count.2,url_total_length.1,url_max_length.1,url_digit_count.1,url_dot_count.1,url_hyphen_count.1,url_slash_count.1,url_has_https.1,url_has_ip.1,url_has_at.1,url_is_shortened.1,url_count,url_total_length,url_max_length,url_digit_count,url_dot_count,url_hyphen_count,url_slash_count,url_has_https,url_has_ip,url_has_at,url_is_shortened
smish,জয়! আপনি Google লটারিতে $৫০০০০ জিতেছেন। claim করতে: winlottery.tk/claim পূরণ করুন।,Bengali,1,2,জয়! আপনি Google লটারিতে $৫০০০০ জিতেছেন। claim করতে: winlottery.tk/claim পূরণ করুন।,জয়! আপনি Google লটারিতে $৫০০০০ জিতেছেন। claim করতে: winlottery.tk/claim পূরণ করুন।,['winlottery.tk/claim'],1,1,19,19,0,1,0,1,0,0,0,0,জয়! আপনি Google লটারিতে $৫০০০০ জিতেছেন। claim করতে:  [URL]  পূরণ করুন।,71,1,19,19,0,1,0,1,0,0,0,0,1,19,19,0,1,0,1,0,0,0,0
smish,বাংলাদেশ ব্যাংক থেকে গুরুত্বপূর্ণ বার্তা। বিস্তারিত জানতে এখানে ক্লিক করুন: https://wa.me/8801917788990,Bengali,1,2,বাংলাদেশ ব্যাংক থেকে গুরুত্বপূর্ণ বার্তা। বিস্তারিত জানতে এখানে ক্লিক করুন: https://wa.me/8801917788990,বাংলাদেশ ব্যাংক থেকে গুরুত্বপূর্ণ বার্তা। বিস্তারিত জানতে এখানে ক্লিক করুন: https://wa.me/8801917788990,['https://wa.me/8801917788990'],1,1,27,27,13,1,0,3,1,0,0,0,বাংলাদেশ ব্যাংক থেকে গুরুত্বপূর্ণ বার্তা। বিস্তারিত জানতে এখানে ক্লিক করুন:  [URL] ,83,1,27,27,13,1,0,3,1,0,0,0,1,27,27,13,1,0,3,1,0,0,0
smish,জনতা ব্যাংক অ্যাকাউন্ট ব্লক হয়েছে। পুনরায় চালু করতে কল করুন: +8801815566778,Bengali,0,2,জনতা ব্যাংক অ্যাকাউন্ট ব্লক হয়েছে। পুনরায় চালু করতে কল করুন: +8801815566778,জনতা ব্যাংক অ্যাকাউন্ট ব্লক হয়েছে। পুনরায় চালু করতে কল করুন: +8801815566778,[],0,0,0,0,0,0,0,0,0,0,0,0,জনতা ব্যাংক অ্যাকাউন্ট ব্লক হয়েছে। পুনরায় চালু করতে কল করুন: +8801815566778,77,0,0,0,0,0,0,0,0,0,0,0,0,0,0,0,0,0,0,0,0,0,0
normal,ব্যবসায়ী হওয়া অপরাধ না কিন্তু রাজনৈতিক প্রভাব খাটিয়ে ব্যবসায়ী হওয়া বড় অপরাধ। কারণ এই ব্যবসায়ীদের অর্জিত অর্থের বেশিরভাগই আসে সাধারণ মানুষের রক্তচোষা টাকা থেকে। — রেদোয়ান মাসুদ,Bengali,0,0,ব্যবসায়ী হওয়া অপরাধ না কিন্তু রাজনৈতিক প্রভাব খাটিয়ে ব্যবসায়ী হওয়া বড় অপরাধ। কারণ এই ব্যবসায়ীদের অর্জিত অর্থের বেশিরভাগই আসে সাধারণ মানুষের রক্তচোষা টাকা থেকে। — রেদোয়ান মাসুদ,ব্যবসায়ী হওয়া অপরাধ না কিন্তু রাজনৈতিক প্রভাব খাটিয়ে ব্যবসায়ী হওয়া বড় অপরাধ। কারণ এই ব্যবসায়ীদের অর্জিত অর্থের বেশিরভাগই আসে সাধারণ মানুষের রক্তচোষা টাকা থেকে। - রেদোয়ান মাসুদ,[],0,0,0,0,0,0,0,0,0,0,0,0,ব্যবসায়ী হওয়া অপরাধ না কিন্তু রাজনৈতিক প্রভাব খাটিয়ে ব্যবসায়ী হওয়া বড় অপরাধ। কারণ এই ব্যবসায়ীদের অর্জিত অর্থের বেশিরভাগই আসে সাধারণ মানুষের রক্তচোষা টাকা থেকে। - রেদোয়ান মাসুদ,183,0,0,0,0,0,0,0,0,0,0,0,0,0,0,0,0,0,0,0,0,0,0
promo,"স্টেশনারিতে মেগা সেল! কলম, নোটবুক, ব্যাগে ৩৫% ছাড়।",Bengali,0,1,"স্টেশনারিতে মেগা সেল! কলম, নোটবুক, ব্যাগে ৩৫% ছাড়।","স্টেশনারিতে মেগা সেল! কলম, নোটবুক, ব্যাগে ৩৫% ছাড়।",[],0,0,0,0,0,0,0,0,0,0,0,0,"স্টেশনারিতে মেগা সেল! কলম, নোটবুক, ব্যাগে ৩৫% ছাড়।",51,0,0,0,0,0,0,0,0,0,0,0,0,0,0,0,0,0,0,0,0,0,0
smish,জয়ধ্বনি! আপনার নাম সরকারি লটারিতে এসেছে। ৫০ লক্ষ টাকার পুরস্কার।,Bengali,0,2,জয়ধ্বনি! আপনার নাম সরকারি লটারিতে এসেছে। ৫০ লক্ষ টাকার পুরস্কার।,জয়ধ্বনি! আপনার নাম সরকারি লটারিতে এসেছে। ৫০ লক্ষ টাকার পুরস্কার।,[],0,0,0,0,0,0,0,0,0,0,0,0,জয়ধ্বনি! আপনার নাম সরকারি লটারিতে এসেছে। ৫০ লক্ষ টাকার পুরস্কার।,65,0,0,0,0,0,0,0,0,0,0,0,0,0,0,0,0,0,0,0,0,0,0
smish,আপনার স্টুডেন্ট লোন একাউন্ট সাসপেন্ড। রিঅ্যাক্টিভেট: student-loan.tk,Bengali,1,2,আপনার স্টুডেন্ট লোন একাউন্ট সাসপেন্ড। রিঅ্যাক্টিভেট: student-loan.tk,আপনার স্টুডেন্ট লোন একাউন্ট সাসপেন্ড। রিঅ্যাক্টিভেট: student-loan.tk,['student-loan.tk'],1,1,15,15,0,1,1,0,0,0,0,0,আপনার স্টুডেন্ট লোন একাউন্ট সাসপেন্ড। রিঅ্যাক্টিভেট:  [URL] ,60,1,15,15,0,1,1,0,0,0,0,0,1,15,15,0,1,1,0,0,0,0,0
smish,"আপনার অ্যাকাউন্টটি অবিলম্বে আপডেট করুন, না হলে এটি বন্ধ হয়ে যাবে। লিঙ্কে ক্লিক করুন: [bit.ly/AccountUpdateBD]",Bengali,1,2,"আপনার অ্যাকাউন্টটি অবিলম্বে আপডেট করুন, না হলে এটি বন্ধ হয়ে যাবে। লিঙ্কে ক্লিক করুন: [bit.ly/AccountUpdateBD]","আপনার অ্যাকাউন্টটি অবিলম্বে আপডেট করুন, না হলে এটি বন্ধ হয়ে যাবে। লিঙ্কে ক্লিক করুন: [bit.ly/AccountUpdateBD]",['bit.ly/AccountUpdateBD'],1,1,22,22,0,1,0,1,0,0,0,1,"আপনার অ্যাকাউন্টটি অবিলম্বে আপডেট করুন, না হলে এটি বন্ধ হয়ে যাবে। লিঙ্কে ক্লিক করুন: [ [URL] ]",95,1,22,22,0,1,0,1,0,0,0,1,1,22,22,0,1,0,1,0,0,0,1
promo,পিজা হাটে কম্বো অফার! ২টি পিজা + ২টি কোক = ৭৯৯ টাকা মাত্র।,Bengali,0,1,পিজা হাটে কম্বো অফার! ২টি পিজা + ২টি কোক = ৭৯৯ টাকা মাত্র।,পিজা হাটে কম্বো অফার! ২টি পিজা + ২টি কোক = ৭৯৯ টাকা মাত্র।,[],0,0,0,0,0,0,0,0,0,0,0,0,পিজা হাটে কম্বো অফার! ২টি পিজা + ২টি কোক = ৭৯৯ টাকা মাত্র।,58,0,0,0,0,0,0,0,0,0,0,0,0,0,0,0,0,0,0,0,0,0,0
promo,Banglalink গ্রাহকরা শুক্রবার ৪ জিবি মাত্র ৭৯ টাকায় পাবেন। বৈধতা ৩ দিন।,Bengali,0,1,Banglalink গ্রাহকরা শুক্রবার ৪ জিবি মাত্র ৭৯ টাকায় পাবেন। বৈধতা ৩ দিন।,Banglalink গ্রাহকরা শুক্রবার ৪ জিবি মাত্র ৭৯ টাকায় পাবেন। বৈধতা ৩ দিন।,[],0,0,0,0,0,0,0,0,0,0,0,0,Banglalink গ্রাহকরা শুক্রবার ৪ জিবি মাত্র ৭৯ টাকায় পাবেন। বৈধতা ৩ দিন।,71,0,0,0,0,0,0,0,0,0,0,0,0,0,0,0,0,0,0,0,0,0,0
smish,আপনার মোবাইল নম্বর যাচাই করতে এখানে ক্লিক করুন: [mobileverify.com/VerifyBD],Bengali,1,2,আপনার মোবাইল নম্বর যাচাই করতে এখানে ক্লিক করুন: [mobileverify.com/VerifyBD],আপনার মোবাইল নম্বর যাচাই করতে এখানে ক্লিক করুন: [mobileverify.com/VerifyBD],['mobileverify.com/VerifyBD'],1,1,25,25,0,1,0,1,0,0,0,0,আপনার মোবাইল নম্বর যাচাই করতে এখানে ক্লিক করুন: [ [URL] ],57,1,25,25,0,1,0,1,0,0,0,0,1,25,25,0,1,0,1,0,0,0,0
smish,আপনার মোবাইল রিচার্জ করতে কল করুন: +8801818899001,Bengali,0,2,আপনার মোবাইল রিচার্জ করতে কল করুন: +8801818899001,আপনার মোবাইল রিচার্জ করতে কল করুন: +8801818899001,[],0,0,0,0,0,0,0,0,0,0,0,0,আপনার মোবাইল রিচার্জ করতে কল করুন: +8801818899001,49,0,0,0,0,0,0,0,0,0,0,0,0,0,0,0,0,0,0,0,0,0,0
smish,আপনার পুরস্কারের টাকা পেতে কল করুন: +8801811234567,Bengali,0,2,আপনার পুরস্কারের টাকা পেতে কল করুন: +8801811234567,আপনার পুরস্কারের টাকা পেতে কল করুন: +8801811234567,[],0,0,0,0,0,0,0,0,0,0,0,0,আপনার পুরস্কারের টাকা পেতে কল করুন: +8801811234567,50,0,0,0,0,0,0,0,0,0,0,0,0,0,0,0,0,0,0,0,0,0,0
smish,"অভিনন্দন!! দারাজ থেকে BDT 5,000 গিফট ভাউচার পান। দাবির জন্য লিঙ্কে ক্লিক করুন: www.face3b00kurl.com।",Bengali,1,2,"অভিনন্দন!! দারাজ থেকে BDT 5,000 গিফট ভাউচার পান। দাবির জন্য লিঙ্কে ক্লিক করুন: www.face3b00kurl.com।","অভিনন্দন!! দারাজ থেকে BDT 5,000 গিফট ভাউচার পান। দাবির জন্য লিঙ্কে ক্লিক করুন: www.face3b00kurl.com।","['www.', 'face3b00kurl.com']",2,2,20,16,3,2,0,0,0,0,0,0,"অভিনন্দন!! দারাজ থেকে BDT 5,000 গিফট ভাউচার পান। দাবির জন্য লিঙ্কে ক্লিক করুন:  [URL]  [URL] ।",94,2,20,16,3,2,0,0,0,0,0,0,2,20,16,3,2,0,0,0,0,0,0
normal,"আম্মু, আমার পরীক্ষার রেজাল্ট কাল বের হবে। দোয়া করবেন।",Bengali,0,0,"আম্মু, আমার পরীক্ষার রেজাল্ট কাল বের হবে। দোয়া করবেন।","আম্মু, আমার পরীক্ষার রেজাল্ট কাল বের হবে। দোয়া করবেন।",[],0,0,0,0,0,0,0,0,0,0,0,0,"আম্মু, আমার পরীক্ষার রেজাল্ট কাল বের হবে। দোয়া করবেন।",54,0,0,0,0,0,0,0,0,0,0,0,0,0,0,0,0,0,0,0,0,0,0
smish,"ঈদ উপলয়ে ব্রাক ব্যাংক সবার বিকাশ একাউন্টে ১০০০ টাকা করে দিচ্ছে বোনাস হিসাবে। আমি এইমাত্র বিকাশের ওয়েবসাইটে আমার নাম্বার বসিয়ে টাকা নিলাম। আপনি যদি | এখনো না পেয়ে থাকেন তাহলে নিচের লিংকে ঢুকে আপনার বিকাশ নম্বর দিন আর সাথে সাথে পেয়ে যাবেন ১০০০ টাকা।
লিংকঃ https://bit.ly/bKash_1000",Bengali,1,2,"ঈদ উপলয়ে ব্রাক ব্যাংক সবার বিকাশ একাউন্টে ১০০০ টাকা করে দিচ্ছে বোনাস হিসাবে। আমি এইমাত্র বিকাশের ওয়েবসাইটে আমার নাম্বার বসিয়ে টাকা নিলাম। আপনি যদি | এখনো না পেয়ে থাকেন তাহলে নিচের লিংকে ঢুকে আপনার বিকাশ নম্বর দিন আর সাথে সাথে পেয়ে যাবেন ১০০০ টাকা।
লিংকঃ https://bit.ly/bKash_1000",ঈদ উপলয়ে ব্রাক ব্যাংক সবার বিকাশ একাউন্টে ১০০০ টাকা করে দিচ্ছে বোনাস হিসাবে। আমি এইমাত্র বিকাশের ওয়েবসাইটে আমার নাম্বার বসিয়ে টাকা নিলাম। আপনি যদি | এখনো না পেয়ে থাকেন তাহলে নিচের লিংকে ঢুকে আপনার বিকাশ নম্বর দিন আর সাথে সাথে পেয়ে যাবেন ১০০০ টাকা। লিংকঃ https://bit.ly/bKash_1000,['https://bit.ly/bKash_1000'],1,1,25,25,4,1,0,3,1,0,0,1,ঈদ উপলয়ে ব্রাক ব্যাংক সবার বিকাশ একাউন্টে ১০০০ টাকা করে দিচ্ছে বোনাস হিসাবে। আমি এইমাত্র বিকাশের ওয়েবসাইটে আমার নাম্বার বসিয়ে টাকা নিলাম। আপনি যদি | এখনো না পেয়ে থাকেন তাহলে নিচের লিংকে ঢুকে আপনার বিকাশ নম্বর দিন আর সাথে সাথে পেয়ে যাবেন ১০০০ টাকা। লিংকঃ  [URL] ,266,1,25,25,4,1,0,3,1,0,0,1,1,25,25,4,1,0,3,1,0,0,1
promo,বিশাল সেভিংস! হোম ডেকোরেশন আইটেমে ৪৫% পর্যন্ত ছাড়। শুধু আজ!,Bengali,0,1,বিশাল সেভিংস! হোম ডেকোরেশন আইটেমে ৪৫% পর্যন্ত ছাড়। শুধু আজ!,বিশাল সেভিংস! হোম ডেকোরেশন আইটেমে ৪৫% পর্যন্ত ছাড়। শুধু আজ!,[],0,0,0,0,0,0,0,0,0,0,0,0,বিশাল সেভিংস! হোম ডেকোরেশন আইটেমে ৪৫% পর্যন্ত ছাড়। শুধু আজ!,60,0,0,0,0,0,0,0,0,0,0,0,0,0,0,0,0,0,0,0,0,0,0
normal,"আজকে নতুন রেস্টুরেন্টে খেতে গিয়েছিলাম। খাবারের স্বাদ বেশ ভালো, দামও খুব বেশি না। ভাবছি আবারও যাবো।",Bengali,0,0,"আজকে নতুন রেস্টুরেন্টে খেতে গিয়েছিলাম। খাবারের স্বাদ বেশ ভালো, দামও খুব বেশি না। ভাবছি আবারও যাবো।","আজকে নতুন রেস্টুরেন্টে খেতে গিয়েছিলাম। খাবারের স্বাদ বেশ ভালো, দামও খুব বেশি না। ভাবছি আবারও যাবো।",[],0,0,0,0,0,0,0,0,0,0,0,0,"আজকে নতুন রেস্টুরেন্টে খেতে গিয়েছিলাম। খাবারের স্বাদ বেশ ভালো, দামও খুব বেশি না। ভাবছি আবারও যাবো।",99,0,0,0,0,0,0,0,0,0,0,0,0,0,0,0,0,0,0,0,0,0,0
smish,সোনালী ব্যাংক অ্যাকাউন্টে ত্রুটি দেখা দিয়েছে। জরুরি ভিত্তিতে বিস্তারিত জানতে এখানে ক্লিক করুন: https://wa.me/8801819876543,Bengali,1,2,সোনালী ব্যাংক অ্যাকাউন্টে ত্রুটি দেখা দিয়েছে। জরুরি ভিত্তিতে বিস্তারিত জানতে এখানে ক্লিক করুন: https://wa.me/8801819876543,সোনালী ব্যাংক অ্যাকাউন্টে ত্রুটি দেখা দিয়েছে। জরুরি ভিত্তিতে বিস্তারিত জানতে এখানে ক্লিক করুন: https://wa.me/8801819876543,['https://wa.me/8801819876543'],1,1,27,27,13,1,0,3,1,0,0,0,সোনালী ব্যাংক অ্যাকাউন্টে ত্রুটি দেখা দিয়েছে। জরুরি ভিত্তিতে বিস্তারিত জানতে এখানে ক্লিক করুন:  [URL] ,103,1,27,27,13,1,0,3,1,0,0,0,1,27,27,13,1,0,3,1,0,0,0
smish,নগদ অ্যাকাউন্টে ত্রুটি দেখা দিয়েছে। কল করুন: +8801812122134,Bengali,0,2,নগদ অ্যাকাউন্টে ত্রুটি দেখা দিয়েছে। কল করুন: +8801812122134,নগদ অ্যাকাউন্টে ত্রুটি দেখা দিয়েছে। কল করুন: +8801812122134,[],0,0,0,0,0,0,0,0,0,0,0,0,নগদ অ্যাকাউন্টে ত্রুটি দেখা দিয়েছে। কল করুন: +8801812122134,60,0,0,0,0,0,0,0,0,0,0,0,0,0,0,0,0,0,0,0,0,0,0
smish,বাংলাদেশ ব্যাংক অ্যাকাউন্ট আপডেট করতে এখানে ক্লিক করুন: https://wa.me/8801914567890,Bengali,1,2,বাংলাদেশ ব্যাংক অ্যাকাউন্ট আপডেট করতে এখানে ক্লিক করুন: https://wa.me/8801914567890,বাংলাদেশ ব্যাংক অ্যাকাউন্ট আপডেট করতে এখানে ক্লিক করুন: https://wa.me/8801914567890,['https://wa.me/8801914567890'],1,1,27,27,13,1,0,3,1,0,0,0,বাংলাদেশ ব্যাংক অ্যাকাউন্ট আপডেট করতে এখানে ক্লিক করুন:  [URL] ,63,1,27,27,13,1,0,3,1,0,0,0,1,27,27,13,1,0,3,1,0,0,0
normal,"কাল রাতে নতুন সিনেমাটা দেখলাম। গল্পটা দারুণ ছিল, একেবারে মন ছুঁয়ে গেছে। আবার দেখতে ইচ্ছে করছে।",Bengali,0,0,"কাল রাতে নতুন সিনেমাটা দেখলাম। গল্পটা দারুণ ছিল, একেবারে মন ছুঁয়ে গেছে। আবার দেখতে ইচ্ছে করছে।","কাল রাতে নতুন সিনেমাটা দেখলাম। গল্পটা দারুণ ছিল, একেবারে মন ছুঁয়ে গেছে। আবার দেখতে ইচ্ছে করছে।",[],0,0,0,0,0,0,0,0,0,0,0,0,"কাল রাতে নতুন সিনেমাটা দেখলাম। গল্পটা দারুণ ছিল, একেবারে মন ছুঁয়ে গেছে। আবার দেখতে ইচ্ছে করছে।",95,0,0,0,0,0,0,0,0,0,0,0,0,0,0,0,0,0,0,0,0,0,0
promo,বাংলালিংকের সাপ্তাহিক ক্যাশব্যাক অফার – ২০০ টাকার রিচার্জে পান ৫০ টাকা বোনাস। রিচার্জ করতে আপনার নিকটস্থ দোকানে যান।,Bengali,0,1,বাংলালিংকের সাপ্তাহিক ক্যাশব্যাক অফার – ২০০ টাকার রিচার্জে পান ৫০ টাকা বোনাস। রিচার্জ করতে আপনার নিকটস্থ দোকানে যান।,বাংলালিংকের সাপ্তাহিক ক্যাশব্যাক অফার - ২০০ টাকার রিচার্জে পান ৫০ টাকা বোনাস। রিচার্জ করতে আপনার নিকটস্থ দোকানে যান।,[],0,0,0,0,0,0,0,0,0,0,0,0,বাংলালিংকের সাপ্তাহিক ক্যাশব্যাক অফার - ২০০ টাকার রিচার্জে পান ৫০ টাকা বোনাস। রিচার্জ করতে আপনার নিকটস্থ দোকানে যান।,116,0,0,0,0,0,0,0,0,0,0,0,0,0,0,0,0,0,0,0,0,0,0
promo,"মে-২৪
রিচার্জ:0৳
খরচ:
ডেটা:287৳
ভয়েস:101৳
অন্যান্য:0৳",Bengali,0,1,"মে-২৪
রিচার্জ:0৳
খরচ:
ডেটা:287৳
ভয়েস:101৳
অন্যান্য:0৳",মে-২৪ রিচার্জ:0৳ খরচ: ডেটা:287৳ ভয়েস:101৳ অন্যান্য:0৳,[],0,0,0,0,0,0,0,0,0,0,0,0,মে-২৪ রিচার্জ:0৳ খরচ: ডেটা:287৳ ভয়েস:101৳ অন্যান্য:0৳,54,0,0,0,0,0,0,0,0,0,0,0,0,0,0,0,0,0,0,0,0,0,0
smish,প্রিয়জনের মুখে হাসি ফুটাতে ডায়াল *213*6551# চার্জ ৮২.৬৭ প্রতিদিন,Bengali,0,2,প্রিয়জনের মুখে হাসি ফুটাতে ডায়াল *213*6551# চার্জ ৮২.৬৭ প্রতিদিন,প্রিয়জনের মুখে হাসি ফুটাতে ডায়াল *213*6551# চার্জ ৮২.৬৭ প্রতিদিন,[],0,0,0,0,0,0,0,0,0,0,0,0,প্রিয়জনের মুখে হাসি ফুটাতে ডায়াল *213*6551# চার্জ ৮২.৬৭ প্রতিদিন,66,0,0,0,0,0,0,0,0,0,0,0,0,0,0,0,0,0,0,0,0,0,0
normal,কেমন চলছে তোমার দিন?,Bengali,0,0,কেমন চলছে তোমার দিন?,কেমন চলছে তোমার দিন?,[],0,0,0,0,0,0,0,0,0,0,0,0,কেমন চলছে তোমার দিন?,20,0,0,0,0,0,0,0,0,0,0,0,0,0,0,0,0,0,0,0,0,0,0
promo,Robi eShop থেকে ল্যাপটপ কিনলে ফ্রি ব্যাগ ও মাউস পাচ্ছেন। সীমিত সময়ের অফার।,Bengali,0,1,Robi eShop থেকে ল্যাপটপ কিনলে ফ্রি ব্যাগ ও মাউস পাচ্ছেন। সীমিত সময়ের অফার।,Robi eShop থেকে ল্যাপটপ কিনলে ফ্রি ব্যাগ ও মাউস পাচ্ছেন। সীমিত সময়ের অফার।,[],0,0,0,0,0,0,0,0,0,0,0,0,Robi eShop থেকে ল্যাপটপ কিনলে ফ্রি ব্যাগ ও মাউস পাচ্ছেন। সীমিত সময়ের অফার।,75,0,0,0,0,0,0,0,0,0,0,0,0,0,0,0,0,0,0,0,0,0,0
promo,Banglalink-এ আজ ১০০ টাকার রিচার্জে ২০ মিনিট ফ্রি। শর্ত প্রযোজ্য।,Bengali,0,1,Banglalink-এ আজ ১০০ টাকার রিচার্জে ২০ মিনিট ফ্রি। শর্ত প্রযোজ্য।,Banglalink-এ আজ ১০০ টাকার রিচার্জে ২০ মিনিট ফ্রি। শর্ত প্রযোজ্য।,[],0,0,0,0,0,0,0,0,0,0,0,0,Banglalink-এ আজ ১০০ টাকার রিচার্জে ২০ মিনিট ফ্রি। শর্ত প্রযোজ্য।,64,0,0,0,0,0,0,0,0,0,0,0,0,0,0,0,0,0,0,0,0,0,0
smish,শাকিবের সাথে লাঞ্চ করার সুযোগ পেতে আজই আইপিএলে বাজি ধরুন। শুরু করুন: ebayisapidlld.altervista.org/,Bengali,1,2,শাকিবের সাথে লাঞ্চ করার সুযোগ পেতে আজই আইপিএলে বাজি ধরুন। শুরু করুন: ebayisapidlld.altervista.org/,শাকিবের সাথে লাঞ্চ করার সুযোগ পেতে আজই আইপিএলে বাজি ধরুন। শুরু করুন: ebayisapidlld.altervista.org/,['ebayisapidlld.altervista.org/'],1,1,29,29,0,2,0,1,0,0,0,0,শাকিবের সাথে লাঞ্চ করার সুযোগ পেতে আজই আইপিএলে বাজি ধরুন। শুরু করুন:  [URL] ,76,1,29,29,0,2,0,1,0,0,0,0,1,29,29,0,2,0,1,0,0,0,0
smish,খণ্ডকালীন জব।বেতন 5000 BDT/দিন।ঘরে বসে কাজ : wa.me/85295102105,Bengali,1,2,খণ্ডকালীন জব।বেতন 5000 BDT/দিন।ঘরে বসে কাজ : wa.me/85295102105,খণ্ডকালীন জব।বেতন 5000 BDT/দিন।ঘরে বসে কাজ : wa.me/85295102105,['wa.me/85295102105'],1,1,17,17,11,1,0,1,0,0,0,0,খণ্ডকালীন জব।বেতন 5000 BDT/দিন।ঘরে বসে কাজ :  [URL] ,52,1,17,17,11,1,0,1,0,0,0,0,1,17,17,11,1,0,1,0,0,0,0
normal,আমার নাম্বারে ০১৭৩৬৬৩৭৩৮৭ ফ্লেক্সিলোড করে দাও ৫০০ টাকা,Bengali,0,0,আমার নাম্বারে ০১৭৩৬৬৩৭৩৮৭ ফ্লেক্সিলোড করে দাও ৫০০ টাকা,আমার নাম্বারে ০১৭৩৬৬৩৭৩৮৭ ফ্লেক্সিলোড করে দাও ৫০০ টাকা,[],0,0,0,0,0,0,0,0,0,0,0,0,আমার নাম্বারে ০১৭৩৬৬৩৭৩৮৭ ফ্লেক্সিলোড করে দাও ৫০০ টাকা,54,0,0,0,0,0,0,0,0,0,0,0,0,0,0,0,0,0,0,0,0,0,0
normal,শুভ ঈদ-উল-ফিতর!,Bengali,0,0,শুভ ঈদ-উল-ফিতর!,শুভ ঈদ-উল-ফিতর!,[],0,0,0,0,0,0,0,0,0,0,0,0,শুভ ঈদ-উল-ফিতর!,15,0,0,0,0,0,0,0,0,0,0,0,0,0,0,0,0,0,0,0,0,0,0
smish,জরুরি নোটিশ: আপনার বিদ্যুৎ বিল বকেয়া। সংযোগ বিচ্ছিন্নের আগে পেমেন্ট: pay-bill.ga,Bengali,1,2,জরুরি নোটিশ: আপনার বিদ্যুৎ বিল বকেয়া। সংযোগ বিচ্ছিন্নের আগে পেমেন্ট: pay-bill.ga,জরুরি নোটিশ: আপনার বিদ্যুৎ বিল বকেয়া। সংযোগ বিচ্ছিন্নের আগে পেমেন্ট: pay-bill.ga,['pay-bill.ga'],1,1,11,11,0,1,1,0,0,0,0,0,জরুরি নোটিশ: আপনার বিদ্যুৎ বিল বকেয়া। সংযোগ বিচ্ছিন্নের আগে পেমেন্ট:  [URL] ,77,1,11,11,0,1,1,0,0,0,0,0,1,11,11,0,1,1,0,0,0,0,0
promo,"গ্রামীণফোনের মিনিট অফার এখন আরো আকর্ষণীয়! ২৭ মিনিট ২৪ ঘন্টা, নিতে রিচার্জ বা বিকাশ করুন ১৯ টাকা।",Bengali,0,1,"গ্রামীণফোনের মিনিট অফার এখন আরো আকর্ষণীয়! ২৭ মিনিট ২৪ ঘন্টা, নিতে রিচার্জ বা বিকাশ করুন ১৯ টাকা।","গ্রামীণফোনের মিনিট অফার এখন আরো আকর্ষণীয়! ২৭ মিনিট ২৪ ঘন্টা, নিতে রিচার্জ বা বিকাশ করুন ১৯ টাকা।",[],0,0,0,0,0,0,0,0,0,0,0,0,"গ্রামীণফোনের মিনিট অফার এখন আরো আকর্ষণীয়! ২৭ মিনিট ২৪ ঘন্টা, নিতে রিচার্জ বা বিকাশ করুন ১৯ টাকা।",97,0,0,0,0,0,0,0,0,0,0,0,0,0,0,0,0,0,0,0,0,0,0
smish,"আপনার লোন অনুমোদিত হয়েছে! মাত্র ৫% সুদে ৫,০০,০০০ টাকা লোন পেতে এখনই এই লিঙ্কে ক্লিক করুন",Bengali,0,2,"আপনার লোন অনুমোদিত হয়েছে! মাত্র ৫% সুদে ৫,০০,০০০ টাকা লোন পেতে এখনই এই লিঙ্কে ক্লিক করুন","আপনার লোন অনুমোদিত হয়েছে! মাত্র ৫% সুদে ৫,০০,০০০ টাকা লোন পেতে এখনই এই লিঙ্কে ক্লিক করুন",[],0,0,0,0,0,0,0,0,0,0,0,0,"আপনার লোন অনুমোদিত হয়েছে! মাত্র ৫% সুদে ৫,০০,০০০ টাকা লোন পেতে এখনই এই লিঙ্কে ক্লিক করুন",89,0,0,0,0,0,0,0,0,0,0,0,0,0,0,0,0,0,0,0,0,0,0
promo,নতুন কালেকশন এসেছে! কে ও কে সালোয়ার কামিজে ৩৫% ছাড়।,Bengali,0,1,নতুন কালেকশন এসেছে! কে ও কে সালোয়ার কামিজে ৩৫% ছাড়।,নতুন কালেকশন এসেছে! কে ও কে সালোয়ার কামিজে ৩৫% ছাড়।,[],0,0,0,0,0,0,0,0,0,0,0,0,নতুন কালেকশন এসেছে! কে ও কে সালোয়ার কামিজে ৩৫% ছাড়।,53,0,0,0,0,0,0,0,0,0,0,0,0,0,0,0,0,0,0,0,0,0,0
promo,"শেখ হাসিনা সরকারের সাফল্য:
বিগত ১৪ বছরে ১৪৪১ কি.মি. বাঁধ নির্মাণের ফলে দেশব্যাপী ৪.৪৩ লক্ষ হেক্টের এলাকায় বন্যা নিয়ন্ত্রণ ও নিষ্কাশন সুবিধার সম্প্রসারণ ঘটেছে।",Bengali,0,1,"শেখ হাসিনা সরকারের সাফল্য:
বিগত ১৪ বছরে ১৪৪১ কি.মি. বাঁধ নির্মাণের ফলে দেশব্যাপী ৪.৪৩ লক্ষ হেক্টের এলাকায় বন্যা নিয়ন্ত্রণ ও নিষ্কাশন সুবিধার সম্প্রসারণ ঘটেছে।",শেখ হাসিনা সরকারের সাফল্য: বিগত ১৪ বছরে ১৪৪১ কি.মি. বাঁধ নির্মাণের ফলে দেশব্যাপী ৪.৪৩ লক্ষ হেক্টের এলাকায় বন্যা নিয়ন্ত্রণ ও নিষ্কাশন সুবিধার সম্প্রসারণ ঘটেছে।,[],0,0,0,0,0,0,0,0,0,0,0,0,শেখ হাসিনা সরকারের সাফল্য: বিগত ১৪ বছরে ১৪৪১ কি.মি. বাঁধ নির্মাণের ফলে দেশব্যাপী ৪.৪৩ লক্ষ হেক্টের এলাকায় বন্যা নিয়ন্ত্রণ ও নিষ্কাশন সুবিধার সম্প্রসারণ ঘটেছে।,160,0,0,0,0,0,0,0,0,0,0,0,0,0,0,0,0,0,0,0,0,0,0
promo,Daraz App-এ নতুন ইউজার রেজিস্টার করলে ২৫০ টাকা ভাউচার ফ্রি। এখনই ডাউনলোড করে শপিং শুরু করুন।,Bengali,0,1,Daraz App-এ নতুন ইউজার রেজিস্টার করলে ২৫০ টাকা ভাউচার ফ্রি। এখনই ডাউনলোড করে শপিং শুরু করুন।,Daraz App-এ নতুন ইউজার রেজিস্টার করলে ২৫০ টাকা ভাউচার ফ্রি। এখনই ডাউনলোড করে শপিং শুরু করুন।,[],0,0,0,0,0,0,0,0,0,0,0,0,Daraz App-এ নতুন ইউজার রেজিস্টার করলে ২৫০ টাকা ভাউচার ফ্রি। এখনই ডাউনলোড করে শপিং শুরু করুন।,92,0,0,0,0,0,0,0,0,0,0,0,0,0,0,0,0,0,0,0,0,0,0
smish,আপনার পাসওয়ার্ডটি অবিলম্বে পরিবর্তন করুন। এখানে ক্লিক করুন: [passwordchange.com/ChangeBD],Bengali,1,2,আপনার পাসওয়ার্ডটি অবিলম্বে পরিবর্তন করুন। এখানে ক্লিক করুন: [passwordchange.com/ChangeBD],আপনার পাসওয়ার্ডটি অবিলম্বে পরিবর্তন করুন। এখানে ক্লিক করুন: [passwordchange.com/ChangeBD],['passwordchange.com/ChangeBD'],1,1,27,27,0,1,0,1,0,0,0,0,আপনার পাসওয়ার্ডটি অবিলম্বে পরিবর্তন করুন। এখানে ক্লিক করুন: [ [URL] ],70,1,27,27,0,1,0,1,0,0,0,0,1,27,27,0,1,0,1,0,0,0,0
smish,"Robi ব্যবহারকারী, আপনার সিম অবিলম্বে যাচাই করতে robicare-verification.org এ গিয়ে নাম, জন্মতারিখ এবং OTP দিন। যাচাই না করলে ১২ ঘণ্টার মধ্যে সিম ব্লক হবে।",Bengali,1,2,"Robi ব্যবহারকারী, আপনার সিম অবিলম্বে যাচাই করতে robicare-verification.org এ গিয়ে নাম, জন্মতারিখ এবং OTP দিন। যাচাই না করলে ১২ ঘণ্টার মধ্যে সিম ব্লক হবে।","Robi ব্যবহারকারী, আপনার সিম অবিলম্বে যাচাই করতে robicare-verification.org এ গিয়ে নাম, জন্মতারিখ এবং OTP দিন। যাচাই না করলে ১২ ঘণ্টার মধ্যে সিম ব্লক হবে।",['robicare-verification.org'],1,1,25,25,0,1,1,0,0,0,0,0,"Robi ব্যবহারকারী, আপনার সিম অবিলম্বে যাচাই করতে  [URL]  এ গিয়ে নাম, জন্মতারিখ এবং OTP দিন। যাচাই না করলে ১২ ঘণ্টার মধ্যে সিম ব্লক হবে।",135,1,25,25,0,1,1,0,0,0,0,0,1,25,25,0,1,1,0,0,0,0,0
smish,Emergency! আপনার ইন্স্যুরেন্স পলিসি ক্যানসেল। সেভ করুন: save-policy.ml,Bengali,1,2,Emergency! আপনার ইন্স্যুরেন্স পলিসি ক্যানসেল। সেভ করুন: save-policy.ml,Emergency! আপনার ইন্স্যুরেন্স পলিসি ক্যানসেল। সেভ করুন: save-policy.ml,['save-policy.ml'],1,1,14,14,0,1,1,0,0,0,0,0,Emergency! আপনার ইন্স্যুরেন্স পলিসি ক্যানসেল। সেভ করুন:  [URL] ,63,1,14,14,0,1,1,0,0,0,0,0,1,14,14,0,1,1,0,0,0,0,0
normal,আমি কালকে লাইব্রেরি থেকে 'মেঘনাদবধ কাব্য' এনেছি। পড়া শুরু করবো রাতে।,Bengali,0,0,আমি কালকে লাইব্রেরি থেকে 'মেঘনাদবধ কাব্য' এনেছি। পড়া শুরু করবো রাতে।,আমি কালকে লাইব্রেরি থেকে 'মেঘনাদবধ কাব্য' এনেছি। পড়া শুরু করবো রাতে।,[],0,0,0,0,0,0,0,0,0,0,0,0,আমি কালকে লাইব্রেরি থেকে 'মেঘনাদবধ কাব্য' এনেছি। পড়া শুরু করবো রাতে।,69,0,0,0,0,0,0,0,0,0,0,0,0,0,0,0,0,0,0,0,0,0,0
smish,ফ্রিতে জয়েন করে আপনার ফ্রি সময়কে কাজে লাগিয়ে Dxn কম্পানিতে নেটওয়ার্ক মার্কেটিং বিজনেস করে একটা প্যাসিব ইনকামের রাস্তা তৈরি করতে চান তাহলে ইনবক্স করুন,Bengali,0,2,ফ্রিতে জয়েন করে আপনার ফ্রি সময়কে কাজে লাগিয়ে Dxn কম্পানিতে নেটওয়ার্ক মার্কেটিং বিজনেস করে একটা প্যাসিব ইনকামের রাস্তা তৈরি করতে চান তাহলে ইনবক্স করুন,ফ্রিতে জয়েন করে আপনার ফ্রি সময়কে কাজে লাগিয়ে Dxn কম্পানিতে নেটওয়ার্ক মার্কেটিং বিজনেস করে একটা প্যাসিব ইনকামের রাস্তা তৈরি করতে চান তাহলে ইনবক্স করুন,[],0,0,0,0,0,0,0,0,0,0,0,0,ফ্রিতে জয়েন করে আপনার ফ্রি সময়কে কাজে লাগিয়ে Dxn কম্পানিতে নেটওয়ার্ক মার্কেটিং বিজনেস করে একটা প্যাসিব ইনকামের রাস্তা তৈরি করতে চান তাহলে ইনবক্স করুন,153,0,0,0,0,0,0,0,0,0,0,0,0,0,0,0,0,0,0,0,0,0,0
smish,অ্যাপল আইফোন ১৩ জিতেছেন! ডেলিভারি নিশ্চিত করতে কল করুন: +8801814567890,Bengali,0,2,অ্যাপল আইফোন ১৩ জিতেছেন! ডেলিভারি নিশ্চিত করতে কল করুন: +8801814567890,অ্যাপল আইফোন ১৩ জিতেছেন! ডেলিভারি নিশ্চিত করতে কল করুন: +8801814567890,[],0,0,0,0,0,0,0,0,0,0,0,0,অ্যাপল আইফোন ১৩ জিতেছেন! ডেলিভারি নিশ্চিত করতে কল করুন: +8801814567890,70,0,0,0,0,0,0,0,0,0,0,0,0,0,0,0,0,0,0,0,0,0,0
promo,"ডাবলসেঞ্চুরি ক্যাশব্যাক ৳২০০!৬১জিবি+১০০০মি@ ৳৬৯৯, ৩০দিন cutt.ly/FwQhpKHc",Bengali,1,1,"ডাবলসেঞ্চুরি ক্যাশব্যাক ৳২০০!৬১জিবি+১০০০মি@ ৳৬৯৯, ৩০দিন cutt.ly/FwQhpKHc","ডাবলসেঞ্চুরি ক্যাশব্যাক ৳২০০!৬১জিবি+১০০০মি@ ৳৬৯৯, ৩০দিন cutt.ly/FwQhpKHc",['cutt.ly/FwQhpKHc'],1,1,16,16,0,1,0,1,0,0,0,1,"ডাবলসেঞ্চুরি ক্যাশব্যাক ৳২০০!৬১জিবি+১০০০মি@ ৳৬৯৯, ৩০দিন  [URL] ",63,1,16,16,0,1,0,1,0,0,0,1,1,16,16,0,1,0,1,0,0,0,1
smish,গুরুত্বপূর্ণ: আপনার জন্মনিবন্ধন সার্টিফিকেট আপডেট। এখনই: update-birth-cert.cf,Bengali,1,2,গুরুত্বপূর্ণ: আপনার জন্মনিবন্ধন সার্টিফিকেট আপডেট। এখনই: update-birth-cert.cf,গুরুত্বপূর্ণ: আপনার জন্মনিবন্ধন সার্টিফিকেট আপডেট। এখনই: update-birth-cert.cf,['update-birth-cert.cf'],1,1,20,20,0,1,2,0,0,0,0,0,গুরুত্বপূর্ণ: আপনার জন্মনিবন্ধন সার্টিফিকেট আপডেট। এখনই:  [URL] ,64,1,20,20,0,1,2,0,0,0,0,0,1,20,20,0,1,2,0,0,0,0,0
smish,বাংলাদেশ ব্যাংক থেকে আপনার জন্য জরুরি বার্তা। বিস্তারিত জানতে এখানে ক্লিক করুন: https://wa.me/8801919900112,Bengali,1,2,বাংলাদেশ ব্যাংক থেকে আপনার জন্য জরুরি বার্তা। বিস্তারিত জানতে এখানে ক্লিক করুন: https://wa.me/8801919900112,বাংলাদেশ ব্যাংক থেকে আপনার জন্য জরুরি বার্তা। বিস্তারিত জানতে এখানে ক্লিক করুন: https://wa.me/8801919900112,['https://wa.me/8801919900112'],1,1,27,27,13,1,0,3,1,0,0,0,বাংলাদেশ ব্যাংক থেকে আপনার জন্য জরুরি বার্তা। বিস্তারিত জানতে এখানে ক্লিক করুন:  [URL] ,87,1,27,27,13,1,0,3,1,0,0,0,1,27,27,13,1,0,3,1,0,0,0
promo,বোনাস সহ ৭জিবি-১৩০টাকা-৩০দিন। নিতে ডায়াল *১২১*৫৪৬৯# বা ভিজিট mygp.li/mo,Bengali,1,1,বোনাস সহ ৭জিবি-১৩০টাকা-৩০দিন। নিতে ডায়াল *১২১*৫৪৬৯# বা ভিজিট mygp.li/mo,বোনাস সহ ৭জিবি-১৩০টাকা-৩০দিন। নিতে ডায়াল *১২১*৫৪৬৯# বা ভিজিট mygp.li/mo,['mygp.li/mo'],1,1,10,10,0,1,0,1,0,0,0,0,বোনাস সহ ৭জিবি-১৩০টাকা-৩০দিন। নিতে ডায়াল *১২১*৫৪৬৯# বা ভিজিট  [URL] ,69,1,10,10,0,1,0,1,0,0,0,0,1,10,10,0,1,0,1,0,0,0,0
promo,Shohoz Tickets-এ ট্রেন টিকিটে ১০% ছাড়। কোড: TRAIN10।,Bengali,0,1,Shohoz Tickets-এ ট্রেন টিকিটে ১০% ছাড়। কোড: TRAIN10।,Shohoz Tickets-এ ট্রেন টিকিটে ১০% ছাড়। কোড: TRAIN10।,[],0,0,0,0,0,0,0,0,0,0,0,0,Shohoz Tickets-এ ট্রেন টিকিটে ১০% ছাড়। কোড: TRAIN10।,53,0,0,0,0,0,0,0,0,0,0,0,0,0,0,0,0,0,0,0,0,0,0
promo,"১৮ মে আন্তর্জাতিক জাদুঘর দিবস। এবারের প্রতিপাদ্য : ""জাদুঘর, স্থায়িত্ব ও সমৃদ্ধি ""। এ উপলক্ষ্যে বাংলাদেশ জাতীয় জাদুঘরের দিনব্যাপী আয়োজনে আপনি সাদরে আমন্ত্রিত।",Bengali,0,1,"১৮ মে আন্তর্জাতিক জাদুঘর দিবস। এবারের প্রতিপাদ্য : ""জাদুঘর, স্থায়িত্ব ও সমৃদ্ধি ""। এ উপলক্ষ্যে বাংলাদেশ জাতীয় জাদুঘরের দিনব্যাপী আয়োজনে আপনি সাদরে আমন্ত্রিত।","১৮ মে আন্তর্জাতিক জাদুঘর দিবস। এবারের প্রতিপাদ্য : ""জাদুঘর, স্থায়িত্ব ও সমৃদ্ধি ""। এ উপলক্ষ্যে বাংলাদেশ জাতীয় জাদুঘরের দিনব্যাপী আয়োজনে আপনি সাদরে আমন্ত্রিত।",[],0,0,0,0,0,0,0,0,0,0,0,0,"১৮ মে আন্তর্জাতিক জাদুঘর দিবস। এবারের প্রতিপাদ্য : ""জাদুঘর, স্থায়িত্ব ও সমৃদ্ধি ""। এ উপলক্ষ্যে বাংলাদেশ জাতীয় জাদুঘরের দিনব্যাপী আয়োজনে আপনি সাদরে আমন্ত্রিত।",160,0,0,0,0,0,0,0,0,0,0,0,0,0,0,0,0,0,0,0,0,0,0
smish,আপনার ইমেল ঠিকানাটি যাচাই করতে এখানে ক্লিক করুন: [secureemail.com/VerifyBD],Bengali,1,2,আপনার ইমেল ঠিকানাটি যাচাই করতে এখানে ক্লিক করুন: [secureemail.com/VerifyBD],আপনার ইমেল ঠিকানাটি যাচাই করতে এখানে ক্লিক করুন: [secureemail.com/VerifyBD],['secureemail.com/VerifyBD'],1,1,24,24,0,1,0,1,0,0,0,0,আপনার ইমেল ঠিকানাটি যাচাই করতে এখানে ক্লিক করুন: [ [URL] ],58,1,24,24,0,1,0,1,0,0,0,0,1,24,24,0,1,0,1,0,0,0,0
smish,"বিকাশ গ্রাহক, আপনার একাউন্টে ৮,৫০০ টাকা ভুলবশত পাঠানো হয়েছে। রিফান্ড পেতে bkash-secureverify.org এ গিয়ে পিন দিন। না করলে একাউন্ট ফ্রিজ হবে।",Bengali,1,2,"বিকাশ গ্রাহক, আপনার একাউন্টে ৮,৫০০ টাকা ভুলবশত পাঠানো হয়েছে। রিফান্ড পেতে bkash-secureverify.org এ গিয়ে পিন দিন। না করলে একাউন্ট ফ্রিজ হবে।","বিকাশ গ্রাহক, আপনার একাউন্টে ৮,৫০০ টাকা ভুলবশত পাঠানো হয়েছে। রিফান্ড পেতে bkash-secureverify.org এ গিয়ে পিন দিন। না করলে একাউন্ট ফ্রিজ হবে।",['bkash-secureverify.org'],1,1,22,22,0,1,1,0,0,0,0,0,"বিকাশ গ্রাহক, আপনার একাউন্টে ৮,৫০০ টাকা ভুলবশত পাঠানো হয়েছে। রিফান্ড পেতে  [URL]  এ গিয়ে পিন দিন। না করলে একাউন্ট ফ্রিজ হবে।",126,1,22,22,0,1,1,0,0,0,0,0,1,22,22,0,1,1,0,0,0,0,0
smish,আপনার অ্যাকাউন্টটি ভেরিফাই করতে কল করুন +8801813344556,Bengali,0,2,আপনার অ্যাকাউন্টটি ভেরিফাই করতে কল করুন +8801813344556,আপনার অ্যাকাউন্টটি ভেরিফাই করতে কল করুন +8801813344556,[],0,0,0,0,0,0,0,0,0,0,0,0,আপনার অ্যাকাউন্টটি ভেরিফাই করতে কল করুন +8801813344556,54,0,0,0,0,0,0,0,0,0,0,0,0,0,0,0,0,0,0,0,0,0,0
promo,"৪৫৳ ক্যাশব্যাক! ৪৬জিবি @ ৪৫৩৳, ৩০দিন, নিয়ে নাও এখনই: cutt.ly/4wQzxdl1",Bengali,1,1,"৪৫৳ ক্যাশব্যাক! ৪৬জিবি @ ৪৫৩৳, ৩০দিন, নিয়ে নাও এখনই: cutt.ly/4wQzxdl1","৪৫৳ ক্যাশব্যাক! ৪৬জিবি @ ৪৫৩৳, ৩০দিন, নিয়ে নাও এখনই: cutt.ly/4wQzxdl1",['cutt.ly/4wQzxdl1'],1,1,16,16,2,1,0,1,0,0,0,1,"৪৫৳ ক্যাশব্যাক! ৪৬জিবি @ ৪৫৩৳, ৩০দিন, নিয়ে নাও এখনই:  [URL] ",61,1,16,16,2,1,0,1,0,0,0,1,1,16,16,2,1,0,1,0,0,0,1
normal,"রাগ করে কখনো ভালোবাসার মানুষকে কষ্ট দিতে নেই। রাগ কড়ে বেশি অবহেলা করতে নেই, ভালোবাসার মানুষকে। এতে করে জীবনের সবচেয়ে দামী জিনিস, ভালোবাসার মানুষকে হারাতে হয়।",Bengali,0,0,"রাগ করে কখনো ভালোবাসার মানুষকে কষ্ট দিতে নেই। রাগ কড়ে বেশি অবহেলা করতে নেই, ভালোবাসার মানুষকে। এতে করে জীবনের সবচেয়ে দামী জিনিস, ভালোবাসার মানুষকে হারাতে হয়।","রাগ করে কখনো ভালোবাসার মানুষকে কষ্ট দিতে নেই। রাগ কড়ে বেশি অবহেলা করতে নেই, ভালোবাসার মানুষকে। এতে করে জীবনের সবচেয়ে দামী জিনিস, ভালোবাসার মানুষকে হারাতে হয়।",[],0,0,0,0,0,0,0,0,0,0,0,0,"রাগ করে কখনো ভালোবাসার মানুষকে কষ্ট দিতে নেই। রাগ কড়ে বেশি অবহেলা করতে নেই, ভালোবাসার মানুষকে। এতে করে জীবনের সবচেয়ে দামী জিনিস, ভালোবাসার মানুষকে হারাতে হয়।",160,0,0,0,0,0,0,0,0,0,0,0,0,0,0,0,0,0,0,0,0,0,0
promo,আজকে মাত্র! আপনার Daraz অ্যাপে ১৫% ছাড় কোড: SAVE15। কিনুন যেকোনো প্রোডাক্টে এবং উপভোগ করুন সাশ্রয়।,Bengali,0,1,আজকে মাত্র! আপনার Daraz অ্যাপে ১৫% ছাড় কোড: SAVE15। কিনুন যেকোনো প্রোডাক্টে এবং উপভোগ করুন সাশ্রয়।,আজকে মাত্র! আপনার Daraz অ্যাপে ১৫% ছাড় কোড: SAVE15। কিনুন যেকোনো প্রোডাক্টে এবং উপভোগ করুন সাশ্রয়।,[],0,0,0,0,0,0,0,0,0,0,0,0,আজকে মাত্র! আপনার Daraz অ্যাপে ১৫% ছাড় কোড: SAVE15। কিনুন যেকোনো প্রোডাক্টে এবং উপভোগ করুন সাশ্রয়।,100,0,0,0,0,0,0,0,0,0,0,0,0,0,0,0,0,0,0,0,0,0,0
promo,"GP গ্রাহকরা আজ পাচ্ছেন সুপার বোনাস: ২ জিবি মাত্র ২৯ টাকা, বৈধতা ২ দিন। সক্রিয় করতে *121*29# ডায়াল করুন। অফার আজ রাত পর্যন্ত।",Bengali,0,1,"GP গ্রাহকরা আজ পাচ্ছেন সুপার বোনাস: ২ জিবি মাত্র ২৯ টাকা, বৈধতা ২ দিন। সক্রিয় করতে *121*29# ডায়াল করুন। অফার আজ রাত পর্যন্ত।","GP গ্রাহকরা আজ পাচ্ছেন সুপার বোনাস: ২ জিবি মাত্র ২৯ টাকা, বৈধতা ২ দিন। সক্রিয় করতে *121*29# ডায়াল করুন। অফার আজ রাত পর্যন্ত।",[],0,0,0,0,0,0,0,0,0,0,0,0,"GP গ্রাহকরা আজ পাচ্ছেন সুপার বোনাস: ২ জিবি মাত্র ২৯ টাকা, বৈধতা ২ দিন। সক্রিয় করতে *121*29# ডায়াল করুন। অফার আজ রাত পর্যন্ত।",126,0,0,0,0,0,0,0,0,0,0,0,0,0,0,0,0,0,0,0,0,0,0
smish,দারুণ খবর! আমাদের ভ্রমণ প্যাকেজে ৭০% ডিসকাউন্ট! দ্রুত বুকিং করুন এই নম্বরে :01317235293,Bengali,0,2,দারুণ খবর! আমাদের ভ্রমণ প্যাকেজে ৭০% ডিসকাউন্ট! দ্রুত বুকিং করুন এই নম্বরে :01317235293,দারুণ খবর! আমাদের ভ্রমণ প্যাকেজে ৭০% ডিসকাউন্ট! দ্রুত বুকিং করুন এই নম্বরে :01317235293,[],0,0,0,0,0,0,0,0,0,0,0,0,দারুণ খবর! আমাদের ভ্রমণ প্যাকেজে ৭০% ডিসকাউন্ট! দ্রুত বুকিং করুন এই নম্বরে :01317235293,87,0,0,0,0,0,0,0,0,0,0,0,0,0,0,0,0,0,0,0,0,0,0
normal,একটা গল্প বলো। একবারে।,Bengali,0,0,একটা গল্প বলো। একবারে।,একটা গল্প বলো। একবারে।,[],0,0,0,0,0,0,0,0,0,0,0,0,একটা গল্প বলো। একবারে।,22,0,0,0,0,0,0,0,0,0,0,0,0,0,0,0,0,0,0,0,0,0,0
promo,"দুর্গা পূজায় কেনাকাটা করুন ২৫% ছাড়ে, ২৫ অক্টোবর পর্যন্ত। ০১৭১৩১৯৯২৭০",Bengali,0,1,"দুর্গা পূজায় কেনাকাটা করুন ২৫% ছাড়ে, ২৫ অক্টোবর পর্যন্ত। ০১৭১৩১৯৯২৭০","দুর্গা পূজায় কেনাকাটা করুন ২৫% ছাড়ে, ২৫ অক্টোবর পর্যন্ত। ০১৭১৩১৯৯২৭০",[],0,0,0,0,0,0,0,0,0,0,0,0,"দুর্গা পূজায় কেনাকাটা করুন ২৫% ছাড়ে, ২৫ অক্টোবর পর্যন্ত। ০১৭১৩১৯৯২৭০",70,0,0,0,0,0,0,0,0,0,0,0,0,0,0,0,0,0,0,0,0,0,0
normal,তুমি কি আজ বিকেলে ক্রিকেট ম্যাচ দেখবে? বাংলাদেশ খেলছে পাকিস্তানের সাথে।,Bengali,0,0,তুমি কি আজ বিকেলে ক্রিকেট ম্যাচ দেখবে? বাংলাদেশ খেলছে পাকিস্তানের সাথে।,তুমি কি আজ বিকেলে ক্রিকেট ম্যাচ দেখবে? বাংলাদেশ খেলছে পাকিস্তানের সাথে।,[],0,0,0,0,0,0,0,0,0,0,0,0,তুমি কি আজ বিকেলে ক্রিকেট ম্যাচ দেখবে? বাংলাদেশ খেলছে পাকিস্তানের সাথে।,71,0,0,0,0,0,0,0,0,0,0,0,0,0,0,0,0,0,0,0,0,0,0
smish,"bKash থেকে ১,০০০ টাকা পুরস্কার জিতেছেন! বিস্তারিত জানতে এখানে ক্লিক করুন: https://wa.me/8801717788990",Bengali,1,2,"bKash থেকে ১,০০০ টাকা পুরস্কার জিতেছেন! বিস্তারিত জানতে এখানে ক্লিক করুন: https://wa.me/8801717788990","bKash থেকে ১,০০০ টাকা পুরস্কার জিতেছেন! বিস্তারিত জানতে এখানে ক্লিক করুন: https://wa.me/8801717788990",['https://wa.me/8801717788990'],1,1,27,27,13,1,0,3,1,0,0,0,"bKash থেকে ১,০০০ টাকা পুরস্কার জিতেছেন! বিস্তারিত জানতে এখানে ক্লিক করুন:  [URL] ",81,1,27,27,13,1,0,3,1,0,0,0,1,27,27,13,1,0,3,1,0,0,0
smish,"বিকাশ ব্যবহারকারী, আপনার একাউন্টে ১৫,০০০ টাকা অননুমোদিতভাবে স্থানান্তর হয়েছে। অবিলম্বে bkash-verifybd.org এ লগইন করুন এবং পিন/OTP প্রদান করুন। সতর্কবার্তা: ২৪ ঘণ্টার মধ্যে ব্যবস্থা না নিলে একাউন্ট স্থগিত হবে।",Bengali,1,2,"বিকাশ ব্যবহারকারী, আপনার একাউন্টে ১৫,০০০ টাকা অননুমোদিতভাবে স্থানান্তর হয়েছে। অবিলম্বে bkash-verifybd.org এ লগইন করুন এবং পিন/OTP প্রদান করুন। সতর্কবার্তা: ২৪ ঘণ্টার মধ্যে ব্যবস্থা না নিলে একাউন্ট স্থগিত হবে।","বিকাশ ব্যবহারকারী, আপনার একাউন্টে ১৫,০০০ টাকা অননুমোদিতভাবে স্থানান্তর হয়েছে। অবিলম্বে bkash-verifybd.org এ লগইন করুন এবং পিন/OTP প্রদান করুন। সতর্কবার্তা: ২৪ ঘণ্টার মধ্যে ব্যবস্থা না নিলে একাউন্ট স্থগিত হবে।",['bkash-verifybd.org'],1,1,18,18,0,1,1,0,0,0,0,0,"বিকাশ ব্যবহারকারী, আপনার একাউন্টে ১৫,০০০ টাকা অননুমোদিতভাবে স্থানান্তর হয়েছে। অবিলম্বে  [URL]  এ লগইন করুন এবং পিন/OTP প্রদান করুন। সতর্কবার্তা: ২৪ ঘণ্টার মধ্যে ব্যবস্থা না নিলে একাউন্ট স্থগিত হবে।",198,1,18,18,0,1,1,0,0,0,0,0,1,18,18,0,1,1,0,0,0,0,0
smish,"মহান স্বাধীনতা দিবসের শুভেচ্ছা। বিশ্বস্ত ও স্মার্ট ব্যাংকিং সেবায় ২৪/৭ সোনালী ব্যাংক আপনার পাশে।
মোঃ আফজাল করিম
সিইও এন্ড এমডি",Bengali,0,2,"মহান স্বাধীনতা দিবসের শুভেচ্ছা। বিশ্বস্ত ও স্মার্ট ব্যাংকিং সেবায় ২৪/৭ সোনালী ব্যাংক আপনার পাশে।
মোঃ আফজাল করিম
সিইও এন্ড এমডি",মহান স্বাধীনতা দিবসের শুভেচ্ছা। বিশ্বস্ত ও স্মার্ট ব্যাংকিং সেবায় ২৪/৭ সোনালী ব্যাংক আপনার পাশে। মোঃ আফজাল করিম সিইও এন্ড এমডি,[],0,0,0,0,0,0,0,0,0,0,0,0,মহান স্বাধীনতা দিবসের শুভেচ্ছা। বিশ্বস্ত ও স্মার্ট ব্যাংকিং সেবায় ২৪/৭ সোনালী ব্যাংক আপনার পাশে। মোঃ আফজাল করিম সিইও এন্ড এমডি,127,0,0,0,0,0,0,0,0,0,0,0,0,0,0,0,0,0,0,0,0,0,0
promo,Robi-তে মাসিক ইন্টারনেট প্যাক ৫০জিবি মাত্র ৪৯৯ টাকা। ডায়াল করুন *123*499#।,Bengali,0,1,Robi-তে মাসিক ইন্টারনেট প্যাক ৫০জিবি মাত্র ৪৯৯ টাকা। ডায়াল করুন *123*499#।,Robi-তে মাসিক ইন্টারনেট প্যাক ৫০জিবি মাত্র ৪৯৯ টাকা। ডায়াল করুন *123*499#।,[],0,0,0,0,0,0,0,0,0,0,0,0,Robi-তে মাসিক ইন্টারনেট প্যাক ৫০জিবি মাত্র ৪৯৯ টাকা। ডায়াল করুন *123*499#।,75,0,0,0,0,0,0,0,0,0,0,0,0,0,0,0,0,0,0,0,0,0,0
promo,বড়দিনের শুভেচ্ছা। থাকছে ২৫% ছাড় ৩১ ডিসেম্বর পর্যন্ত । ০১৭১৩১৯৯২৭০,Bengali,0,1,বড়দিনের শুভেচ্ছা। থাকছে ২৫% ছাড় ৩১ ডিসেম্বর পর্যন্ত । ০১৭১৩১৯৯২৭০,বড়দিনের শুভেচ্ছা। থাকছে ২৫% ছাড় ৩১ ডিসেম্বর পর্যন্ত । ০১৭১৩১৯৯২৭০,[],0,0,0,0,0,0,0,0,0,0,0,0,বড়দিনের শুভেচ্ছা। থাকছে ২৫% ছাড় ৩১ ডিসেম্বর পর্যন্ত । ০১৭১৩১৯৯২৭০,67,0,0,0,0,0,0,0,0,0,0,0,0,0,0,0,0,0,0,0,0,0,0
normal,"গত সপ্তাহে নতুন একটা বই কিনেছিলাম। নামটা দারুণ ইন্টারেস্টিং, পড়া শুরু করতেই গল্পে ডুবে গেছি। কালকে শেষ করার চেষ্টা করবো।",Bengali,0,0,"গত সপ্তাহে নতুন একটা বই কিনেছিলাম। নামটা দারুণ ইন্টারেস্টিং, পড়া শুরু করতেই গল্পে ডুবে গেছি। কালকে শেষ করার চেষ্টা করবো।","গত সপ্তাহে নতুন একটা বই কিনেছিলাম। নামটা দারুণ ইন্টারেস্টিং, পড়া শুরু করতেই গল্পে ডুবে গেছি। কালকে শেষ করার চেষ্টা করবো।",[],0,0,0,0,0,0,0,0,0,0,0,0,"গত সপ্তাহে নতুন একটা বই কিনেছিলাম। নামটা দারুণ ইন্টারেস্টিং, পড়া শুরু করতেই গল্পে ডুবে গেছি। কালকে শেষ করার চেষ্টা করবো।",121,0,0,0,0,0,0,0,0,0,0,0,0,0,0,0,0,0,0,0,0,0,0
normal,তোমার প্রিয় উৎসব কি?,Bengali,0,0,তোমার প্রিয় উৎসব কি?,তোমার প্রিয় উৎসব কি?,[],0,0,0,0,0,0,0,0,0,0,0,0,তোমার প্রিয় উৎসব কি?,21,0,0,0,0,0,0,0,0,0,0,0,0,0,0,0,0,0,0,0,0,0,0
normal,শাওন বলছিলো আগামী সপ্তাহে একটা ছোট্ট ট্রিপে যাবে। তুমি কি যাবে আমাদের সাথে?,Bengali,0,0,শাওন বলছিলো আগামী সপ্তাহে একটা ছোট্ট ট্রিপে যাবে। তুমি কি যাবে আমাদের সাথে?,শাওন বলছিলো আগামী সপ্তাহে একটা ছোট্ট ট্রিপে যাবে। তুমি কি যাবে আমাদের সাথে?,[],0,0,0,0,0,0,0,0,0,0,0,0,শাওন বলছিলো আগামী সপ্তাহে একটা ছোট্ট ট্রিপে যাবে। তুমি কি যাবে আমাদের সাথে?,75,0,0,0,0,0,0,0,0,0,0,0,0,0,0,0,0,0,0,0,0,0,0
smish,আপনার নম্বরটি পুরস্কার জিতেছে। বিস্তারিত জানতে কল করুন +8801718899001,Bengali,0,2,আপনার নম্বরটি পুরস্কার জিতেছে। বিস্তারিত জানতে কল করুন +8801718899001,আপনার নম্বরটি পুরস্কার জিতেছে। বিস্তারিত জানতে কল করুন +8801718899001,[],0,0,0,0,0,0,0,0,0,0,0,0,আপনার নম্বরটি পুরস্কার জিতেছে। বিস্তারিত জানতে কল করুন +8801718899001,69,0,0,0,0,0,0,0,0,0,0,0,0,0,0,0,0,0,0,0,0,0,0
smish,"""আপনার ATM কার্ড ব্লক করা হয়েছে। পুনরায় সক্রিয় করতে এই নম্বরে আপনার কার্ড নম্বর পাঠান: 0123456789""",Bengali,0,2,"""আপনার ATM কার্ড ব্লক করা হয়েছে। পুনরায় সক্রিয় করতে এই নম্বরে আপনার কার্ড নম্বর পাঠান: 0123456789""","""আপনার ATM কার্ড ব্লক করা হয়েছে। পুনরায় সক্রিয় করতে এই নম্বরে আপনার কার্ড নম্বর পাঠান: 0123456789""",[],0,0,0,0,0,0,0,0,0,0,0,0,"""আপনার ATM কার্ড ব্লক করা হয়েছে। পুনরায় সক্রিয় করতে এই নম্বরে আপনার কার্ড নম্বর পাঠান: 0123456789""",101,0,0,0,0,0,0,0,0,0,0,0,0,0,0,0,0,0,0,0,0,0,0
normal,শুভ দীপাবলী!,Bengali,0,0,শুভ দীপাবলী!,শুভ দীপাবলী!,[],0,0,0,0,0,0,0,0,0,0,0,0,শুভ দীপাবলী!,12,0,0,0,0,0,0,0,0,0,0,0,0,0,0,0,0,0,0,0,0,0,0
promo,Daraz Fashion-এ আজ সব কাপড়ে ২০% ছাড়। কোড: STYLE20 ব্যবহার করুন।,Bengali,0,1,Daraz Fashion-এ আজ সব কাপড়ে ২০% ছাড়। কোড: STYLE20 ব্যবহার করুন।,Daraz Fashion-এ আজ সব কাপড়ে ২০% ছাড়। কোড: STYLE20 ব্যবহার করুন।,[],0,0,0,0,0,0,0,0,0,0,0,0,Daraz Fashion-এ আজ সব কাপড়ে ২০% ছাড়। কোড: STYLE20 ব্যবহার করুন।,65,0,0,0,0,0,0,0,0,0,0,0,0,0,0,0,0,0,0,0,0,0,0
smish,নগদ অ্যাকাউন্ট ব্লক হয়েছে। পুনরায় চালু করতে কল করুন: +8801716566678,Bengali,0,2,নগদ অ্যাকাউন্ট ব্লক হয়েছে। পুনরায় চালু করতে কল করুন: +8801716566678,নগদ অ্যাকাউন্ট ব্লক হয়েছে। পুনরায় চালু করতে কল করুন: +8801716566678,[],0,0,0,0,0,0,0,0,0,0,0,0,নগদ অ্যাকাউন্ট ব্লক হয়েছে। পুনরায় চালু করতে কল করুন: +8801716566678,69,0,0,0,0,0,0,0,0,0,0,0,0,0,0,0,0,0,0,0,0,0,0
promo,"২০০মিনিট (৩০দিন) ১৭৪ টাকা, ডায়াল *১২১*৪৪১০# বা https://mygp.li/v1",Bengali,1,1,"২০০মিনিট (৩০দিন) ১৭৪ টাকা, ডায়াল *১২১*৪৪১০# বা https://mygp.li/v1","২০০মিনিট (৩০দিন) ১৭৪ টাকা, ডায়াল *১২১*৪৪১০# বা https://mygp.li/v1",['https://mygp.li/v1'],1,1,18,18,1,1,0,3,1,0,0,0,"২০০মিনিট (৩০দিন) ১৭৪ টাকা, ডায়াল *১২১*৪৪১০# বা  [URL] ",55,1,18,18,1,1,0,3,1,0,0,0,1,18,18,1,1,0,3,1,0,0,0
smish,জরুরী ! আমাদের অ্যাপল অ্যাকাউন্টধারীর সাথে যোগাযোগ করতে হবে। আপনি যদি এই অ্যাকাউন্টটি পরিচালনা করেন তবে বার্তাটি পেতে আপনার পরিচয় যাচাই করুন৷,Bengali,0,2,জরুরী ! আমাদের অ্যাপল অ্যাকাউন্টধারীর সাথে যোগাযোগ করতে হবে। আপনি যদি এই অ্যাকাউন্টটি পরিচালনা করেন তবে বার্তাটি পেতে আপনার পরিচয় যাচাই করুন৷,জরুরী ! আমাদের অ্যাপল অ্যাকাউন্টধারীর সাথে যোগাযোগ করতে হবে। আপনি যদি এই অ্যাকাউন্টটি পরিচালনা করেন তবে বার্তাটি পেতে আপনার পরিচয় যাচাই করুন।,[],0,0,0,0,0,0,0,0,0,0,0,0,জরুরী ! আমাদের অ্যাপল অ্যাকাউন্টধারীর সাথে যোগাযোগ করতে হবে। আপনি যদি এই অ্যাকাউন্টটি পরিচালনা করেন তবে বার্তাটি পেতে আপনার পরিচয় যাচাই করুন।,142,0,0,0,0,0,0,0,0,0,0,0,0,0,0,0,0,0,0,0,0,0,0
promo,"মেগা ক্যাশব্যাক ২৫০৳! নাও-৬০জিবি+১৬০০মি.@৭৪৯৳, ৩০দিন: cutt.ly/yeqcP3pE",Bengali,1,1,"মেগা ক্যাশব্যাক ২৫০৳! নাও-৬০জিবি+১৬০০মি.@৭৪৯৳, ৩০দিন: cutt.ly/yeqcP3pE","মেগা ক্যাশব্যাক ২৫০৳! নাও-৬০জিবি+১৬০০মি.@৭৪৯৳, ৩০দিন: cutt.ly/yeqcP3pE",['cutt.ly/yeqcP3pE'],1,1,16,16,1,1,0,1,0,0,0,1,"মেগা ক্যাশব্যাক ২৫০৳! নাও-৬০জিবি+১৬০০মি.@৭৪৯৳, ৩০দিন:  [URL] ",61,1,16,16,1,1,0,1,0,0,0,1,1,16,16,1,1,0,1,0,0,0,1
promo,রবিতে নতুন প্যাকেজ! ৩০ দিনের জন্য আনলিমিটেড কল মাত্র ২৯৯ টাকা। *১২৩*৩*৪# ডায়াল করুন।,Bengali,0,1,রবিতে নতুন প্যাকেজ! ৩০ দিনের জন্য আনলিমিটেড কল মাত্র ২৯৯ টাকা। *১২৩*৩*৪# ডায়াল করুন।,রবিতে নতুন প্যাকেজ! ৩০ দিনের জন্য আনলিমিটেড কল মাত্র ২৯৯ টাকা। *১২৩*৩*৪# ডায়াল করুন।,[],0,0,0,0,0,0,0,0,0,0,0,0,রবিতে নতুন প্যাকেজ! ৩০ দিনের জন্য আনলিমিটেড কল মাত্র ২৯৯ টাকা। *১২৩*৩*৪# ডায়াল করুন।,85,0,0,0,0,0,0,0,0,0,0,0,0,0,0,0,0,0,0,0,0,0,0
normal,তুমি কি পরিবারের সাথে আছো?,Bengali,0,0,তুমি কি পরিবারের সাথে আছো?,তুমি কি পরিবারের সাথে আছো?,[],0,0,0,0,0,0,0,0,0,0,0,0,তুমি কি পরিবারের সাথে আছো?,26,0,0,0,0,0,0,0,0,0,0,0,0,0,0,0,0,0,0,0,0,0,0
normal,"আব্বু, আমি ঢাকায় পৌঁছে গেছি। হোটেলে চেক ইন করলাম।",Bengali,0,0,"আব্বু, আমি ঢাকায় পৌঁছে গেছি। হোটেলে চেক ইন করলাম।","আব্বু, আমি ঢাকায় পৌঁছে গেছি। হোটেলে চেক ইন করলাম।",[],0,0,0,0,0,0,0,0,0,0,0,0,"আব্বু, আমি ঢাকায় পৌঁছে গেছি। হোটেলে চেক ইন করলাম।",50,0,0,0,0,0,0,0,0,0,0,0,0,0,0,0,0,0,0,0,0,0,0
promo,বাংলাদেশ নৌবাহিনীতে অফিসার ক্যাডেট পদে নিয়োগ চলছে । ভিজিট করুন: www.joinnavy.navy.mil.bd,Bengali,1,1,বাংলাদেশ নৌবাহিনীতে অফিসার ক্যাডেট পদে নিয়োগ চলছে । ভিজিট করুন: www.joinnavy.navy.mil.bd,বাংলাদেশ নৌবাহিনীতে অফিসার ক্যাডেট পদে নিয়োগ চলছে । ভিজিট করুন: www.joinnavy.navy.mil.bd,"['www.', 'joinnavy.navy.mil.bd']",2,2,24,20,0,4,0,0,0,0,0,0,বাংলাদেশ নৌবাহিনীতে অফিসার ক্যাডেট পদে নিয়োগ চলছে । ভিজিট করুন:  [URL]  [URL] ,79,2,24,20,0,4,0,0,0,0,0,0,2,24,20,0,4,0,0,0,0,0,0
promo,"ডাটা মিক্সারে করো পকেট সেভিং, নাও ৬০জিবি@ ৳৫৬৯,৩০দিন: cutt.ly/HwQzEu9E",Bengali,1,1,"ডাটা মিক্সারে করো পকেট সেভিং, নাও ৬০জিবি@ ৳৫৬৯,৩০দিন: cutt.ly/HwQzEu9E","ডাটা মিক্সারে করো পকেট সেভিং, নাও ৬০জিবি@ ৳৫৬৯,৩০দিন: cutt.ly/HwQzEu9E",['cutt.ly/HwQzEu9E'],1,1,16,16,1,1,0,1,0,0,0,1,"ডাটা মিক্সারে করো পকেট সেভিং, নাও ৬০জিবি@ ৳৫৬৯,৩০দিন:  [URL] ",61,1,16,16,1,1,0,1,0,0,0,1,1,16,16,1,1,0,1,0,0,0,1
promo,"বেবি প্রোডাক্টে স্পেশাল ডিসকাউন্ট! ডায়াপার, ফুডে ৩০% ছাড়।",Bengali,0,1,"বেবি প্রোডাক্টে স্পেশাল ডিসকাউন্ট! ডায়াপার, ফুডে ৩০% ছাড়।","বেবি প্রোডাক্টে স্পেশাল ডিসকাউন্ট! ডায়াপার, ফুডে ৩০% ছাড়।",[],0,0,0,0,0,0,0,0,0,0,0,0,"বেবি প্রোডাক্টে স্পেশাল ডিসকাউন্ট! ডায়াপার, ফুডে ৩০% ছাড়।",59,0,0,0,0,0,0,0,0,0,0,0,0,0,0,0,0,0,0,0,0,0,0
promo,Banglalink Game Portal এ সাবস্ক্রিপশন প্রথম সপ্তাহ ফ্রি। গেম খেলুন সীমাহীন।,Bengali,0,1,Banglalink Game Portal এ সাবস্ক্রিপশন প্রথম সপ্তাহ ফ্রি। গেম খেলুন সীমাহীন।,Banglalink Game Portal এ সাবস্ক্রিপশন প্রথম সপ্তাহ ফ্রি। গেম খেলুন সীমাহীন।,[],0,0,0,0,0,0,0,0,0,0,0,0,Banglalink Game Portal এ সাবস্ক্রিপশন প্রথম সপ্তাহ ফ্রি। গেম খেলুন সীমাহীন।,75,0,0,0,0,0,0,0,0,0,0,0,0,0,0,0,0,0,0,0,0,0,0
smish,"বাংলালিংক জানাচ্ছে, আপনার অ্যাকাউন্ট ব্লক হওয়ার পথে। অবিলম্বে verify-banglalink24.net এ লগইন করুন।",Bengali,1,2,"বাংলালিংক জানাচ্ছে, আপনার অ্যাকাউন্ট ব্লক হওয়ার পথে। অবিলম্বে verify-banglalink24.net এ লগইন করুন।","বাংলালিংক জানাচ্ছে, আপনার অ্যাকাউন্ট ব্লক হওয়ার পথে। অবিলম্বে verify-banglalink24.net এ লগইন করুন।",['verify-banglalink24.net'],1,1,23,23,2,1,1,0,0,0,0,0,"বাংলালিংক জানাচ্ছে, আপনার অ্যাকাউন্ট ব্লক হওয়ার পথে। অবিলম্বে  [URL]  এ লগইন করুন।",83,1,23,23,2,1,1,0,0,0,0,0,1,23,23,2,1,1,0,0,0,0,0
smish,আপনার মোবাইল নম্বরটি হাই-এন্ড ল্যাপটপ জিতেছে! পুরস্কার পেতে কল করুন +8801819900012,Bengali,0,2,আপনার মোবাইল নম্বরটি হাই-এন্ড ল্যাপটপ জিতেছে! পুরস্কার পেতে কল করুন +8801819900012,আপনার মোবাইল নম্বরটি হাই-এন্ড ল্যাপটপ জিতেছে! পুরস্কার পেতে কল করুন +8801819900012,[],0,0,0,0,0,0,0,0,0,0,0,0,আপনার মোবাইল নম্বরটি হাই-এন্ড ল্যাপটপ জিতেছে! পুরস্কার পেতে কল করুন +8801819900012,82,0,0,0,0,0,0,0,0,0,0,0,0,0,0,0,0,0,0,0,0,0,0
smish,সর্তকতা: আপনার পাসপোর্ট এক্সপায়ার হয়েছে। রিনিউ: passport-renew.cf,Bengali,1,2,সর্তকতা: আপনার পাসপোর্ট এক্সপায়ার হয়েছে। রিনিউ: passport-renew.cf,সর্তকতা: আপনার পাসপোর্ট এক্সপায়ার হয়েছে। রিনিউ: passport-renew.cf,['passport-renew.cf'],1,1,17,17,0,1,1,0,0,0,0,0,সর্তকতা: আপনার পাসপোর্ট এক্সপায়ার হয়েছে। রিনিউ:  [URL] ,57,1,17,17,0,1,1,0,0,0,0,0,1,17,17,0,1,1,0,0,0,0,0
normal,০১৭২৯১৭৩৮৬২ নাম্বারে রকেটে টাকা পাঠান।,Bengali,0,0,০১৭২৯১৭৩৮৬২ নাম্বারে রকেটে টাকা পাঠান।,০১৭২৯১৭৩৮৬২ নাম্বারে রকেটে টাকা পাঠান।,[],0,0,0,0,0,0,0,0,0,0,0,0,০১৭২৯১৭৩৮৬২ নাম্বারে রকেটে টাকা পাঠান।,38,0,0,0,0,0,0,0,0,0,0,0,0,0,0,0,0,0,0,0,0,0,0
smish,"https://link-monetize.com/register?ref=273312
এই লিংক থেকে একাউন্ট করলেই পাবেন ৮৫ টাকা। শুধু ২ মিনিটে ৪ টাস্ক কমপ্লিট করতে হবে। এভাবে প্রতিদিন ৪ করে টাস্ক আসবে আর ৮৫ টাকা করে পাবেন। বাকি কিছু জানতে ইনবক্সে নক দিন💝💝",Bengali,1,2,"https://link-monetize.com/register?ref=273312
এই লিংক থেকে একাউন্ট করলেই পাবেন ৮৫ টাকা। শুধু ২ মিনিটে ৪ টাস্ক কমপ্লিট করতে হবে। এভাবে প্রতিদিন ৪ করে টাস্ক আসবে আর ৮৫ টাকা করে পাবেন। বাকি কিছু জানতে ইনবক্সে নক দিন💝💝",https://link-monetize.com/register?ref=273312 এই লিংক থেকে একাউন্ট করলেই পাবেন ৮৫ টাকা। শুধু ২ মিনিটে ৪ টাস্ক কমপ্লিট করতে হবে। এভাবে প্রতিদিন ৪ করে টাস্ক আসবে আর ৮৫ টাকা করে পাবেন। বাকি কিছু জানতে ইনবক্সে নক দিন💝💝,['https://link-monetize.com/register?ref=273312'],1,1,45,45,6,1,1,3,1,0,0,0, [URL]  এই লিংক থেকে একাউন্ট করলেই পাবেন ৮৫ টাকা। শুধু ২ মিনিটে ৪ টাস্ক কমপ্লিট করতে হবে। এভাবে প্রতিদিন ৪ করে টাস্ক আসবে আর ৮৫ টাকা করে পাবেন। বাকি কিছু জানতে ইনবক্সে নক দিন💝💝,176,1,45,45,6,1,1,3,1,0,0,0,1,45,45,6,1,1,3,1,0,0,0
smish,"আপনার হাতে যদি ডেইলি 3-4 ঘন্টা সময় ফ্রি থাকে তাহলে যানাবেন। আশা করি খুব ভালো একটা কাজের সন্ধান দিতে পারবো। 
 ইনবক্স করেন",Bengali,0,2,"আপনার হাতে যদি ডেইলি 3-4 ঘন্টা সময় ফ্রি থাকে তাহলে যানাবেন। আশা করি খুব ভালো একটা কাজের সন্ধান দিতে পারবো। 
 ইনবক্স করেন",আপনার হাতে যদি ডেইলি 3-4 ঘন্টা সময় ফ্রি থাকে তাহলে যানাবেন। আশা করি খুব ভালো একটা কাজের সন্ধান দিতে পারবো। ইনবক্স করেন,[],0,0,0,0,0,0,0,0,0,0,0,0,আপনার হাতে যদি ডেইলি 3-4 ঘন্টা সময় ফ্রি থাকে তাহলে যানাবেন। আশা করি খুব ভালো একটা কাজের সন্ধান দিতে পারবো। ইনবক্স করেন,119,0,0,0,0,0,0,0,0,0,0,0,0,0,0,0,0,0,0,0,0,0,0
smish,"নগদ অ্যাকাউন্ট থেকে ৫,০০০ টাকা পুরস্কার জিতেছেন! বিস্তারিত জানতে কল করুন: +8801918899001",Bengali,0,2,"নগদ অ্যাকাউন্ট থেকে ৫,০০০ টাকা পুরস্কার জিতেছেন! বিস্তারিত জানতে কল করুন: +8801918899001","নগদ অ্যাকাউন্ট থেকে ৫,০০০ টাকা পুরস্কার জিতেছেন! বিস্তারিত জানতে কল করুন: +8801918899001",[],0,0,0,0,0,0,0,0,0,0,0,0,"নগদ অ্যাকাউন্ট থেকে ৫,০০০ টাকা পুরস্কার জিতেছেন! বিস্তারিত জানতে কল করুন: +8801918899001",88,0,0,0,0,0,0,0,0,0,0,0,0,0,0,0,0,0,0,0,0,0,0
normal,আজ সকালে হালকা ব্যায়াম করলাম। শরীরটা ফ্রেশ লাগছে।,Bengali,0,0,আজ সকালে হালকা ব্যায়াম করলাম। শরীরটা ফ্রেশ লাগছে।,আজ সকালে হালকা ব্যায়াম করলাম। শরীরটা ফ্রেশ লাগছে।,[],0,0,0,0,0,0,0,0,0,0,0,0,আজ সকালে হালকা ব্যায়াম করলাম। শরীরটা ফ্রেশ লাগছে।,50,0,0,0,0,0,0,0,0,0,0,0,0,0,0,0,0,0,0,0,0,0,0
normal,"ভাই, আজ বিকেলে খেলতে যাবে? নতুন ক্রিকেট ব্যাট কিনেছি।",Bengali,0,0,"ভাই, আজ বিকেলে খেলতে যাবে? নতুন ক্রিকেট ব্যাট কিনেছি।","ভাই, আজ বিকেলে খেলতে যাবে? নতুন ক্রিকেট ব্যাট কিনেছি।",[],0,0,0,0,0,0,0,0,0,0,0,0,"ভাই, আজ বিকেলে খেলতে যাবে? নতুন ক্রিকেট ব্যাট কিনেছি।",53,0,0,0,0,0,0,0,0,0,0,0,0,0,0,0,0,0,0,0,0,0,0
smish,শাকিব আল হাসানের সাথে ফ্রি ম্যাচ টিকিট জিততে আজই আইপিএলে বাজি ধরুন। যোগ দিন: ebayisapidlld.altervista.org/,Bengali,1,2,শাকিব আল হাসানের সাথে ফ্রি ম্যাচ টিকিট জিততে আজই আইপিএলে বাজি ধরুন। যোগ দিন: ebayisapidlld.altervista.org/,শাকিব আল হাসানের সাথে ফ্রি ম্যাচ টিকিট জিততে আজই আইপিএলে বাজি ধরুন। যোগ দিন: ebayisapidlld.altervista.org/,['ebayisapidlld.altervista.org/'],1,1,29,29,0,2,0,1,0,0,0,0,শাকিব আল হাসানের সাথে ফ্রি ম্যাচ টিকিট জিততে আজই আইপিএলে বাজি ধরুন। যোগ দিন:  [URL] ,84,1,29,29,0,2,0,1,0,0,0,0,1,29,29,0,2,0,1,0,0,0,0
smish,বিপিএলে বাজি ধরুন এবং একটি নতুন বাইক জিতুন! যোগ দিন: smilesvoegol.servebbs.org/voegol.php,Bengali,1,2,বিপিএলে বাজি ধরুন এবং একটি নতুন বাইক জিতুন! যোগ দিন: smilesvoegol.servebbs.org/voegol.php,বিপিএলে বাজি ধরুন এবং একটি নতুন বাইক জিতুন! যোগ দিন: smilesvoegol.servebbs.org/voegol.php,['smilesvoegol.servebbs.org/voegol.php'],1,1,36,36,0,3,0,1,0,0,0,0,বিপিএলে বাজি ধরুন এবং একটি নতুন বাইক জিতুন! যোগ দিন:  [URL] ,60,1,36,36,0,3,0,1,0,0,0,0,1,36,36,0,3,0,1,0,0,0,0
smish,আপনার ব্যাংক অ্যাকাউন্টের তথ্য যাচাই করতে হবে। অনুগ্রহ করে এখানে ক্লিক করুন: http://bit.ly/VerifyInfo,Bengali,1,2,আপনার ব্যাংক অ্যাকাউন্টের তথ্য যাচাই করতে হবে। অনুগ্রহ করে এখানে ক্লিক করুন: http://bit.ly/VerifyInfo,আপনার ব্যাংক অ্যাকাউন্টের তথ্য যাচাই করতে হবে। অনুগ্রহ করে এখানে ক্লিক করুন: http://bit.ly/VerifyInfo,['http://bit.ly/VerifyInfo'],1,1,24,24,0,1,0,3,0,0,0,1,আপনার ব্যাংক অ্যাকাউন্টের তথ্য যাচাই করতে হবে। অনুগ্রহ করে এখানে ক্লিক করুন:  [URL] ,84,1,24,24,0,1,0,3,0,0,0,1,1,24,24,0,1,0,3,0,0,0,1
promo,Shohoz Tickets দিয়ে বাস টিকিট কিনলে পাচ্ছেন ১৫% ছাড়। কোড ব্যবহার করুন BUS15। ভ্রমণ হোক আরও সাশ্রয়ী।,Bengali,0,1,Shohoz Tickets দিয়ে বাস টিকিট কিনলে পাচ্ছেন ১৫% ছাড়। কোড ব্যবহার করুন BUS15। ভ্রমণ হোক আরও সাশ্রয়ী।,Shohoz Tickets দিয়ে বাস টিকিট কিনলে পাচ্ছেন ১৫% ছাড়। কোড ব্যবহার করুন BUS15। ভ্রমণ হোক আরও সাশ্রয়ী।,[],0,0,0,0,0,0,0,0,0,0,0,0,Shohoz Tickets দিয়ে বাস টিকিট কিনলে পাচ্ছেন ১৫% ছাড়। কোড ব্যবহার করুন BUS15। ভ্রমণ হোক আরও সাশ্রয়ী।,102,0,0,0,0,0,0,0,0,0,0,0,0,0,0,0,0,0,0,0,0,0,0
smish,ক্রিপ্টো ট্রেডিং এ বিশেষ অফার! এখনই লগইন করুন: http://bit.ly/CryptoDeal,Bengali,1,2,ক্রিপ্টো ট্রেডিং এ বিশেষ অফার! এখনই লগইন করুন: http://bit.ly/CryptoDeal,ক্রিপ্টো ট্রেডিং এ বিশেষ অফার! এখনই লগইন করুন: http://bit.ly/CryptoDeal,['http://bit.ly/CryptoDeal'],1,1,24,24,0,1,0,3,0,0,0,1,ক্রিপ্টো ট্রেডিং এ বিশেষ অফার! এখনই লগইন করুন:  [URL] ,54,1,24,24,0,1,0,3,0,0,0,1,1,24,24,0,1,0,3,0,0,0,1
normal,শুভ পোহেলা ফাল্গুন!,Bengali,0,0,শুভ পোহেলা ফাল্গুন!,শুভ পোহেলা ফাল্গুন!,[],0,0,0,0,0,0,0,0,0,0,0,0,শুভ পোহেলা ফাল্গুন!,19,0,0,0,0,0,0,0,0,0,0,0,0,0,0,0,0,0,0,0,0,0,0
smish,আপনি ১ ভরি সোনা জিতেছেন! পুরস্কার নিতে কল করুন: +8801819876543,Bengali,0,2,আপনি ১ ভরি সোনা জিতেছেন! পুরস্কার নিতে কল করুন: +8801819876543,আপনি ১ ভরি সোনা জিতেছেন! পুরস্কার নিতে কল করুন: +8801819876543,[],0,0,0,0,0,0,0,0,0,0,0,0,আপনি ১ ভরি সোনা জিতেছেন! পুরস্কার নিতে কল করুন: +8801819876543,62,0,0,0,0,0,0,0,0,0,0,0,0,0,0,0,0,0,0,0,0,0,0
promo,"১০০৳ ক্যাশব্যাক! ৩১জিবি+৪৫০মি.@৩৯৯৳ ৩০দিন, নিয়ে নাও: cutt.ly/2wQlYv6U",Bengali,1,1,"১০০৳ ক্যাশব্যাক! ৩১জিবি+৪৫০মি.@৩৯৯৳ ৩০দিন, নিয়ে নাও: cutt.ly/2wQlYv6U","১০০৳ ক্যাশব্যাক! ৩১জিবি+৪৫০মি.@৩৯৯৳ ৩০দিন, নিয়ে নাও: cutt.ly/2wQlYv6U",['cutt.ly/2wQlYv6U'],1,1,16,16,2,1,0,1,0,0,0,1,"১০০৳ ক্যাশব্যাক! ৩১জিবি+৪৫০মি.@৩৯৯৳ ৩০দিন, নিয়ে নাও:  [URL] ",61,1,16,16,2,1,0,1,0,0,0,1,1,16,16,2,1,0,1,0,0,0,1
smish,আপনার ব্যাংক অ্যাকাউন্টে ২ কোটি টাকা জমা হয়েছে! নিশ্চিত করতে কল করুন: +8801917677789,Bengali,0,2,আপনার ব্যাংক অ্যাকাউন্টে ২ কোটি টাকা জমা হয়েছে! নিশ্চিত করতে কল করুন: +8801917677789,আপনার ব্যাংক অ্যাকাউন্টে ২ কোটি টাকা জমা হয়েছে! নিশ্চিত করতে কল করুন: +8801917677789,[],0,0,0,0,0,0,0,0,0,0,0,0,আপনার ব্যাংক অ্যাকাউন্টে ২ কোটি টাকা জমা হয়েছে! নিশ্চিত করতে কল করুন: +8801917677789,85,0,0,0,0,0,0,0,0,0,0,0,0,0,0,0,0,0,0,0,0,0,0
normal,আমি একটি নতুন প্রতিষ্ঠানের ব্যবসায় করতে চাই।,Bengali,0,0,আমি একটি নতুন প্রতিষ্ঠানের ব্যবসায় করতে চাই।,আমি একটি নতুন প্রতিষ্ঠানের ব্যবসায় করতে চাই।,[],0,0,0,0,0,0,0,0,0,0,0,0,আমি একটি নতুন প্রতিষ্ঠানের ব্যবসায় করতে চাই।,45,0,0,0,0,0,0,0,0,0,0,0,0,0,0,0,0,0,0,0,0,0,0
smish,"প্রিয় গ্রাহক, আপনি বাংলাদেশ ব্যাংক থেকে নির্বাচিত হয়েছেন ২,০০,০০০ টাকা বোনাস লোনের জন্য। এটি দাবি করতে আপনার বিকাশ নাম্বার ও পিন দিন bdloan-grant.org এ।",Bengali,1,2,"প্রিয় গ্রাহক, আপনি বাংলাদেশ ব্যাংক থেকে নির্বাচিত হয়েছেন ২,০০,০০০ টাকা বোনাস লোনের জন্য। এটি দাবি করতে আপনার বিকাশ নাম্বার ও পিন দিন bdloan-grant.org এ।","প্রিয় গ্রাহক, আপনি বাংলাদেশ ব্যাংক থেকে নির্বাচিত হয়েছেন ২,০০,০০০ টাকা বোনাস লোনের জন্য। এটি দাবি করতে আপনার বিকাশ নাম্বার ও পিন দিন bdloan-grant.org এ।",['bdloan-grant.org'],1,1,16,16,0,1,1,0,0,0,0,0,"প্রিয় গ্রাহক, আপনি বাংলাদেশ ব্যাংক থেকে নির্বাচিত হয়েছেন ২,০০,০০০ টাকা বোনাস লোনের জন্য। এটি দাবি করতে আপনার বিকাশ নাম্বার ও পিন দিন  [URL]  এ।",145,1,16,16,0,1,1,0,0,0,0,0,1,16,16,0,1,1,0,0,0,0,0
smish,Alert! আপনার প্রভিডেন্ট ফান্ড হ্যাক হয়েছে। সেভ করুন: save-pf.ml,Bengali,1,2,Alert! আপনার প্রভিডেন্ট ফান্ড হ্যাক হয়েছে। সেভ করুন: save-pf.ml,Alert! আপনার প্রভিডেন্ট ফান্ড হ্যাক হয়েছে। সেভ করুন: save-pf.ml,['save-pf.ml'],1,1,10,10,0,1,1,0,0,0,0,0,Alert! আপনার প্রভিডেন্ট ফান্ড হ্যাক হয়েছে। সেভ করুন:  [URL] ,61,1,10,10,0,1,1,0,0,0,0,0,1,10,10,0,1,1,0,0,0,0,0
normal,এই সময়টাও কেটে যাবে।,Bengali,0,0,এই সময়টাও কেটে যাবে।,এই সময়টাও কেটে যাবে।,[],0,0,0,0,0,0,0,0,0,0,0,0,এই সময়টাও কেটে যাবে।,21,0,0,0,0,0,0,0,0,0,0,0,0,0,0,0,0,0,0,0,0,0,0
promo,"Banglalink গ্রাহকগণ, ২০০ টাকার রিচার্জে পাচ্ছেন ১০০ টাকার বোনাস। অফার সীমিত সময়ের জন্য প্রযোজ্য। এখনই নিকটস্থ দোকানে যান।",Bengali,0,1,"Banglalink গ্রাহকগণ, ২০০ টাকার রিচার্জে পাচ্ছেন ১০০ টাকার বোনাস। অফার সীমিত সময়ের জন্য প্রযোজ্য। এখনই নিকটস্থ দোকানে যান।","Banglalink গ্রাহকগণ, ২০০ টাকার রিচার্জে পাচ্ছেন ১০০ টাকার বোনাস। অফার সীমিত সময়ের জন্য প্রযোজ্য। এখনই নিকটস্থ দোকানে যান।",[],0,0,0,0,0,0,0,0,0,0,0,0,"Banglalink গ্রাহকগণ, ২০০ টাকার রিচার্জে পাচ্ছেন ১০০ টাকার বোনাস। অফার সীমিত সময়ের জন্য প্রযোজ্য। এখনই নিকটস্থ দোকানে যান।",122,0,0,0,0,0,0,0,0,0,0,0,0,0,0,0,0,0,0,0,0,0,0
promo,"সেপ্টেম্বর-২৩
রিচার্জ:50৳
খরচ:
ডেটা:168৳
ভয়েস:119৳
অন্যান্য:0৳",Bengali,0,1,"সেপ্টেম্বর-২৩
রিচার্জ:50৳
খরচ:
ডেটা:168৳
ভয়েস:119৳
অন্যান্য:0৳",সেপ্টেম্বর-২৩ রিচার্জ:50৳ খরচ: ডেটা:168৳ ভয়েস:119৳ অন্যান্য:0৳,[],0,0,0,0,0,0,0,0,0,0,0,0,সেপ্টেম্বর-২৩ রিচার্জ:50৳ খরচ: ডেটা:168৳ ভয়েস:119৳ অন্যান্য:0৳,63,0,0,0,0,0,0,0,0,0,0,0,0,0,0,0,0,0,0,0,0,0,0
normal,আমি এই বছরে অনেক বই পড়তে চাই।,Bengali,0,0,আমি এই বছরে অনেক বই পড়তে চাই।,আমি এই বছরে অনেক বই পড়তে চাই।,[],0,0,0,0,0,0,0,0,0,0,0,0,আমি এই বছরে অনেক বই পড়তে চাই।,30,0,0,0,0,0,0,0,0,0,0,0,0,0,0,0,0,0,0,0,0,0,0
normal,আজ বিকেলে রাস্তায় হাঁটতে গিয়েছিলাম। বাতাসটা ঠাণ্ডা ও মনোরম ছিল।,Bengali,0,0,আজ বিকেলে রাস্তায় হাঁটতে গিয়েছিলাম। বাতাসটা ঠাণ্ডা ও মনোরম ছিল।,আজ বিকেলে রাস্তায় হাঁটতে গিয়েছিলাম। বাতাসটা ঠাণ্ডা ও মনোরম ছিল।,[],0,0,0,0,0,0,0,0,0,0,0,0,আজ বিকেলে রাস্তায় হাঁটতে গিয়েছিলাম। বাতাসটা ঠাণ্ডা ও মনোরম ছিল।,65,0,0,0,0,0,0,0,0,0,0,0,0,0,0,0,0,0,0,0,0,0,0
smish,"আপনার মৌলিক স্থায়ীত্বের মধ্যে ক্যামব্রিজ ইউনিভার্সিটি এপ্লিকেশন ফি মুক্ত! পড়ার স্বপ্ন পূরণ করতে আজই যোগাযোগ করুন - ০১৭৪৬৬৩৫৭২৫""",Bengali,0,2,"আপনার মৌলিক স্থায়ীত্বের মধ্যে ক্যামব্রিজ ইউনিভার্সিটি এপ্লিকেশন ফি মুক্ত! পড়ার স্বপ্ন পূরণ করতে আজই যোগাযোগ করুন - ০১৭৪৬৬৩৫৭২৫""","আপনার মৌলিক স্থায়ীত্বের মধ্যে ক্যামব্রিজ ইউনিভার্সিটি এপ্লিকেশন ফি মুক্ত! পড়ার স্বপ্ন পূরণ করতে আজই যোগাযোগ করুন - ০১৭৪৬৬৩৫৭২৫""",[],0,0,0,0,0,0,0,0,0,0,0,0,"আপনার মৌলিক স্থায়ীত্বের মধ্যে ক্যামব্রিজ ইউনিভার্সিটি এপ্লিকেশন ফি মুক্ত! পড়ার স্বপ্ন পূরণ করতে আজই যোগাযোগ করুন - ০১৭৪৬৬৩৫৭২৫""",129,0,0,0,0,0,0,0,0,0,0,0,0,0,0,0,0,0,0,0,0,0,0
smish,ফ্ল্যাশ বিক্রয়! পরবর্তী 24 ঘন্টার জন্য Daraz-এ 70% পর্যন্ত ছাড় পান। আপনার ডিসকাউন্ট দাবি করতে এখানে ক্লিক করুন: https://Daraz.com/7ty,Bengali,1,2,ফ্ল্যাশ বিক্রয়! পরবর্তী 24 ঘন্টার জন্য Daraz-এ 70% পর্যন্ত ছাড় পান। আপনার ডিসকাউন্ট দাবি করতে এখানে ক্লিক করুন: https://Daraz.com/7ty,ফ্ল্যাশ বিক্রয়! পরবর্তী 24 ঘন্টার জন্য Daraz-এ 70% পর্যন্ত ছাড় পান। আপনার ডিসকাউন্ট দাবি করতে এখানে ক্লিক করুন: https://Daraz.com/7ty,['https://Daraz.com/7ty'],1,1,21,21,1,1,0,3,1,0,0,0,ফ্ল্যাশ বিক্রয়! পরবর্তী 24 ঘন্টার জন্য Daraz-এ 70% পর্যন্ত ছাড় পান। আপনার ডিসকাউন্ট দাবি করতে এখানে ক্লিক করুন:  [URL] ,121,1,21,21,1,1,0,3,1,0,0,0,1,21,21,1,1,0,3,1,0,0,0
promo,"৮জিবি(বোনাসসহ) ১২৩টাকা ১৫দিন।ডায়াল *১২১*৫৫৪৮#, mygp.li/mo",Bengali,1,1,"৮জিবি(বোনাসসহ) ১২৩টাকা ১৫দিন।ডায়াল *১২১*৫৫৪৮#, mygp.li/mo","৮জিবি(বোনাসসহ) ১২৩টাকা ১৫দিন।ডায়াল *১২১*৫৫৪৮#, mygp.li/mo",['mygp.li/mo'],1,1,10,10,0,1,0,1,0,0,0,0,"৮জিবি(বোনাসসহ) ১২৩টাকা ১৫দিন।ডায়াল *১২১*৫৫৪৮#,  [URL] ",55,1,10,10,0,1,0,1,0,0,0,0,1,10,10,0,1,0,1,0,0,0,0
promo,"তোমার জন্য স্পেশাল ডিল ৪জিবি+৮০মি.@৮৭৳, ৭দিন: cutt.ly/Iw0edGlt",Bengali,1,1,"তোমার জন্য স্পেশাল ডিল ৪জিবি+৮০মি.@৮৭৳, ৭দিন: cutt.ly/Iw0edGlt","তোমার জন্য স্পেশাল ডিল ৪জিবি+৮০মি.@৮৭৳, ৭দিন: cutt.ly/Iw0edGlt",['cutt.ly/Iw0edGlt'],1,1,16,16,1,1,0,1,0,0,0,1,"তোমার জন্য স্পেশাল ডিল ৪জিবি+৮০মি.@৮৭৳, ৭দিন:  [URL] ",53,1,16,16,1,1,0,1,0,0,0,1,1,16,16,1,1,0,1,0,0,0,1
smish,Good Afternoon!! আমি HYPE Dhaka (RB DIGITAL LIMITED) থেকে মার্কেটিং ম্যানেজার মিথিলা আমাদের কোম্পানির একটি ক্যাম্পিং চলছে সেখানে আপনি জয়েন করে বাড়িতে বসেই আয় করতে পারেন,Bengali,0,2,Good Afternoon!! আমি HYPE Dhaka (RB DIGITAL LIMITED) থেকে মার্কেটিং ম্যানেজার মিথিলা আমাদের কোম্পানির একটি ক্যাম্পিং চলছে সেখানে আপনি জয়েন করে বাড়িতে বসেই আয় করতে পারেন,Good Afternoon!! আমি HYPE Dhaka (RB DIGITAL LIMITED) থেকে মার্কেটিং ম্যানেজার মিথিলা আমাদের কোম্পানির একটি ক্যাম্পিং চলছে সেখানে আপনি জয়েন করে বাড়িতে বসেই আয় করতে পারেন,[],0,0,0,0,0,0,0,0,0,0,0,0,Good Afternoon!! আমি HYPE Dhaka (RB DIGITAL LIMITED) থেকে মার্কেটিং ম্যানেজার মিথিলা আমাদের কোম্পানির একটি ক্যাম্পিং চলছে সেখানে আপনি জয়েন করে বাড়িতে বসেই আয় করতে পারেন,171,0,0,0,0,0,0,0,0,0,0,0,0,0,0,0,0,0,0,0,0,0,0
smish,আপনার ব্যাংক অ্যাকাউন্টে ১ কোটি টাকা জমা হয়েছে! নিশ্চিত করতে কল করুন: +8801914344456,Bengali,0,2,আপনার ব্যাংক অ্যাকাউন্টে ১ কোটি টাকা জমা হয়েছে! নিশ্চিত করতে কল করুন: +8801914344456,আপনার ব্যাংক অ্যাকাউন্টে ১ কোটি টাকা জমা হয়েছে! নিশ্চিত করতে কল করুন: +8801914344456,[],0,0,0,0,0,0,0,0,0,0,0,0,আপনার ব্যাংক অ্যাকাউন্টে ১ কোটি টাকা জমা হয়েছে! নিশ্চিত করতে কল করুন: +8801914344456,85,0,0,0,0,0,0,0,0,0,0,0,0,0,0,0,0,0,0,0,0,0,0
smish,জনতা ব্যাংক থেকে জরুরি বার্তা। কল করুন: +8801913233245,Bengali,0,2,জনতা ব্যাংক থেকে জরুরি বার্তা। কল করুন: +8801913233245,জনতা ব্যাংক থেকে জরুরি বার্তা। কল করুন: +8801913233245,[],0,0,0,0,0,0,0,0,0,0,0,0,জনতা ব্যাংক থেকে জরুরি বার্তা। কল করুন: +8801913233245,54,0,0,0,0,0,0,0,0,0,0,0,0,0,0,0,0,0,0,0,0,0,0
promo,"বাংলালিংকের সবচেয়ে বড় ডিজিটাল অফার! আমাদের নতুন 'ডিজিটাল বাংলাদেশ' প্যাকেজে মাত্র ৩৯৯ টাকায় পাবেন ২০ জিবি হাই-স্পিড ইন্টারনেট, সব অপারেটরে ২০০ মিনিট কল, ১০০ SMS এবং বিশেষ বোনাস হিসেবে Netflix এ ৭ দিনের ফ্রি সাবস্ক্রিপশন। এছাড়াও রয়েছে Facebook, WhatsApp, এবং YouTube এ ডেটা সাশ্রয়ী ব্যবহারের সুবিধা। এই অফার কেবল আগামী ১৫ দিনের জন্য বৈধ। এখনই *১৬৮*৩৯৯# ডায়াল করুন।",Bengali,0,1,"বাংলালিংকের সবচেয়ে বড় ডিজিটাল অফার! আমাদের নতুন 'ডিজিটাল বাংলাদেশ' প্যাকেজে মাত্র ৩৯৯ টাকায় পাবেন ২০ জিবি হাই-স্পিড ইন্টারনেট, সব অপারেটরে ২০০ মিনিট কল, ১০০ SMS এবং বিশেষ বোনাস হিসেবে Netflix এ ৭ দিনের ফ্রি সাবস্ক্রিপশন। এছাড়াও রয়েছে Facebook, WhatsApp, এবং YouTube এ ডেটা সাশ্রয়ী ব্যবহারের সুবিধা। এই অফার কেবল আগামী ১৫ দিনের জন্য বৈধ। এখনই *১৬৮*৩৯৯# ডায়াল করুন।","বাংলালিংকের সবচেয়ে বড় ডিজিটাল অফার! আমাদের নতুন 'ডিজিটাল বাংলাদেশ' প্যাকেজে মাত্র ৩৯৯ টাকায় পাবেন ২০ জিবি হাই-স্পিড ইন্টারনেট, সব অপারেটরে ২০০ মিনিট কল, ১০০ SMS এবং বিশেষ বোনাস হিসেবে Netflix এ ৭ দিনের ফ্রি সাবস্ক্রিপশন। এছাড়াও রয়েছে Facebook, WhatsApp, এবং YouTube এ ডেটা সাশ্রয়ী ব্যবহারের সুবিধা। এই অফার কেবল আগামী ১৫ দিনের জন্য বৈধ। এখনই *১৬৮*৩৯৯# ডায়াল করুন।",[],0,0,0,0,0,0,0,0,0,0,0,0,"বাংলালিংকের সবচেয়ে বড় ডিজিটাল অফার! আমাদের নতুন 'ডিজিটাল বাংলাদেশ' প্যাকেজে মাত্র ৩৯৯ টাকায় পাবেন ২০ জিবি হাই-স্পিড ইন্টারনেট, সব অপারেটরে ২০০ মিনিট কল, ১০০ SMS এবং বিশেষ বোনাস হিসেবে Netflix এ ৭ দিনের ফ্রি সাবস্ক্রিপশন। এছাড়াও রয়েছে Facebook, WhatsApp, এবং YouTube এ ডেটা সাশ্রয়ী ব্যবহারের সুবিধা। এই অফার কেবল আগামী ১৫ দিনের জন্য বৈধ। এখনই *১৬৮*৩৯৯# ডায়াল করুন।",370,0,0,0,0,0,0,0,0,0,0,0,0,0,0,0,0,0,0,0,0,0,0
normal,তোমার সকল ইচ্ছা পূরণ হোক!,Bengali,0,0,তোমার সকল ইচ্ছা পূরণ হোক!,তোমার সকল ইচ্ছা পূরণ হোক!,[],0,0,0,0,0,0,0,0,0,0,0,0,তোমার সকল ইচ্ছা পূরণ হোক!,25,0,0,0,0,0,0,0,0,0,0,0,0,0,0,0,0,0,0,0,0,0,0
promo,এয়ারটেলে বিশেষ প্যাকেজ! ৩০দিন আনলিমিটেড ইন্টারনেট মাত্র ৫৯৯ টাকা।,Bengali,0,1,এয়ারটেলে বিশেষ প্যাকেজ! ৩০দিন আনলিমিটেড ইন্টারনেট মাত্র ৫৯৯ টাকা।,এয়ারটেলে বিশেষ প্যাকেজ! ৩০দিন আনলিমিটেড ইন্টারনেট মাত্র ৫৯৯ টাকা।,[],0,0,0,0,0,0,0,0,0,0,0,0,এয়ারটেলে বিশেষ প্যাকেজ! ৩০দিন আনলিমিটেড ইন্টারনেট মাত্র ৫৯৯ টাকা।,66,0,0,0,0,0,0,0,0,0,0,0,0,0,0,0,0,0,0,0,0,0,0
promo,"৳৩৯৯ তে ৳৪৯৯ এর অফার! নাও ৩১জিবি+৪৫০মি., ৩০দিন: cutt.ly/2wQlYv6U",Bengali,1,1,"৳৩৯৯ তে ৳৪৯৯ এর অফার! নাও ৩১জিবি+৪৫০মি., ৩০দিন: cutt.ly/2wQlYv6U","৳৩৯৯ তে ৳৪৯৯ এর অফার! নাও ৩১জিবি+৪৫০মি., ৩০দিন: cutt.ly/2wQlYv6U",['cutt.ly/2wQlYv6U'],1,1,16,16,2,1,0,1,0,0,0,1,"৳৩৯৯ তে ৳৪৯৯ এর অফার! নাও ৩১জিবি+৪৫০মি., ৩০দিন:  [URL] ",55,1,16,16,2,1,0,1,0,0,0,1,1,16,16,2,1,0,1,0,0,0,1
smish,আপনার ব্যাংক অ্যাকাউন্টে সন্দেহজনক লগইন হয়েছে। নিরাপত্তার জন্য দ্রুত http://dbbl-loginhelp.com এ লগইন করুন এবং কার্ড তথ্য প্রদান করুন।,Bengali,1,2,আপনার ব্যাংক অ্যাকাউন্টে সন্দেহজনক লগইন হয়েছে। নিরাপত্তার জন্য দ্রুত http://dbbl-loginhelp.com এ লগইন করুন এবং কার্ড তথ্য প্রদান করুন।,আপনার ব্যাংক অ্যাকাউন্টে সন্দেহজনক লগইন হয়েছে। নিরাপত্তার জন্য দ্রুত http://dbbl-loginhelp.com এ লগইন করুন এবং কার্ড তথ্য প্রদান করুন।,['http://dbbl-loginhelp.com'],1,1,25,25,0,1,1,2,0,0,0,0,আপনার ব্যাংক অ্যাকাউন্টে সন্দেহজনক লগইন হয়েছে। নিরাপত্তার জন্য দ্রুত  [URL]  এ লগইন করুন এবং কার্ড তথ্য প্রদান করুন।,117,1,25,25,0,1,1,2,0,0,0,0,1,25,25,0,1,1,2,0,0,0,0
promo,"“স্বাস্থ্য, পুষ্টি ও সমৃদ্ধি চাই, নিরাপদ খাদ্যের বিকল্প নাই”। ০২ ফেব্রুয়ারি জাতীয় নিরাপদ খাদ্য দিবস ২০২৪ সফল হোক। বাংলাদেশ নিরাপদ খাদ্য কর্তৃপক্ষ, খাদ্য মন্ত্রণালয়।",Bengali,0,1,"“স্বাস্থ্য, পুষ্টি ও সমৃদ্ধি চাই, নিরাপদ খাদ্যের বিকল্প নাই”। ০২ ফেব্রুয়ারি জাতীয় নিরাপদ খাদ্য দিবস ২০২৪ সফল হোক। বাংলাদেশ নিরাপদ খাদ্য কর্তৃপক্ষ, খাদ্য মন্ত্রণালয়।","""স্বাস্থ্য, পুষ্টি ও সমৃদ্ধি চাই, নিরাপদ খাদ্যের বিকল্প নাই""। ০২ ফেব্রুয়ারি জাতীয় নিরাপদ খাদ্য দিবস ২০২৪ সফল হোক। বাংলাদেশ নিরাপদ খাদ্য কর্তৃপক্ষ, খাদ্য মন্ত্রণালয়।",[],0,0,0,0,0,0,0,0,0,0,0,0,"""স্বাস্থ্য, পুষ্টি ও সমৃদ্ধি চাই, নিরাপদ খাদ্যের বিকল্প নাই""। ০২ ফেব্রুয়ারি জাতীয় নিরাপদ খাদ্য দিবস ২০২৪ সফল হোক। বাংলাদেশ নিরাপদ খাদ্য কর্তৃপক্ষ, খাদ্য মন্ত্রণালয়।",167,0,0,0,0,0,0,0,0,0,0,0,0,0,0,0,0,0,0,0,0,0,0
normal,০১৭২৮২৯১৭৬৫ এই নাম্বারে রকেটে ৫০০ টাকা দাও।,Bengali,0,0,০১৭২৮২৯১৭৬৫ এই নাম্বারে রকেটে ৫০০ টাকা দাও।,০১৭২৮২৯১৭৬৫ এই নাম্বারে রকেটে ৫০০ টাকা দাও।,[],0,0,0,0,0,0,0,0,0,0,0,0,০১৭২৮২৯১৭৬৫ এই নাম্বারে রকেটে ৫০০ টাকা দাও।,43,0,0,0,0,0,0,0,0,0,0,0,0,0,0,0,0,0,0,0,0,0,0
normal,০১৭২৯১৭২৯৬৪ নাম্বারে রকেটে টাকা পাঠান।,Bengali,0,0,০১৭২৯১৭২৯৬৪ নাম্বারে রকেটে টাকা পাঠান।,০১৭২৯১৭২৯৬৪ নাম্বারে রকেটে টাকা পাঠান।,[],0,0,0,0,0,0,0,0,0,0,0,0,০১৭২৯১৭২৯৬৪ নাম্বারে রকেটে টাকা পাঠান।,38,0,0,0,0,0,0,0,0,0,0,0,0,0,0,0,0,0,0,0,0,0,0
smish,আপনার মোবাইল রিচার্জ করতে কল করুন: +8801814344356,Bengali,0,2,আপনার মোবাইল রিচার্জ করতে কল করুন: +8801814344356,আপনার মোবাইল রিচার্জ করতে কল করুন: +8801814344356,[],0,0,0,0,0,0,0,0,0,0,0,0,আপনার মোবাইল রিচার্জ করতে কল করুন: +8801814344356,49,0,0,0,0,0,0,0,0,0,0,0,0,0,0,0,0,0,0,0,0,0,0
smish,"১০০% গেরান্টিসহ মালেশিয়ান, ইউরোপিয়ান,আমেরিকা, কানাডা ভিসা পেতে আজই যোগাযোগ করুন ০১৭৬৫৪৩৩৪২২, অগ্রীম ফি লাগবে না।",Bengali,0,2,"১০০% গেরান্টিসহ মালেশিয়ান, ইউরোপিয়ান,আমেরিকা, কানাডা ভিসা পেতে আজই যোগাযোগ করুন ০১৭৬৫৪৩৩৪২২, অগ্রীম ফি লাগবে না।","১০০% গেরান্টিসহ মালেশিয়ান, ইউরোপিয়ান,আমেরিকা, কানাডা ভিসা পেতে আজই যোগাযোগ করুন ০১৭৬৫৪৩৩৪২২, অগ্রীম ফি লাগবে না।",[],0,0,0,0,0,0,0,0,0,0,0,0,"১০০% গেরান্টিসহ মালেশিয়ান, ইউরোপিয়ান,আমেরিকা, কানাডা ভিসা পেতে আজই যোগাযোগ করুন ০১৭৬৫৪৩৩৪২২, অগ্রীম ফি লাগবে না।",114,0,0,0,0,0,0,0,0,0,0,0,0,0,0,0,0,0,0,0,0,0,0
normal,০১৮২৭২৮১৭৩৯ এই নাম্বারে রকেটে ৫০০ টাকা দাও।,Bengali,0,0,০১৮২৭২৮১৭৩৯ এই নাম্বারে রকেটে ৫০০ টাকা দাও।,০১৮২৭২৮১৭৩৯ এই নাম্বারে রকেটে ৫০০ টাকা দাও।,[],0,0,0,0,0,0,0,0,0,0,0,0,০১৮২৭২৮১৭৩৯ এই নাম্বারে রকেটে ৫০০ টাকা দাও।,43,0,0,0,0,0,0,0,0,0,0,0,0,0,0,0,0,0,0,0,0,0,0
smish,আপনার মোবাইল রিচার্জ করতে কল করুন: +8801815455567,Bengali,0,2,আপনার মোবাইল রিচার্জ করতে কল করুন: +8801815455567,আপনার মোবাইল রিচার্জ করতে কল করুন: +8801815455567,[],0,0,0,0,0,0,0,0,0,0,0,0,আপনার মোবাইল রিচার্জ করতে কল করুন: +8801815455567,49,0,0,0,0,0,0,0,0,0,0,0,0,0,0,0,0,0,0,0,0,0,0
smish,আপনার অ্যাকাউন্টের সুরক্ষা যাচাই করতে কল করুন +8801916677889,Bengali,0,2,আপনার অ্যাকাউন্টের সুরক্ষা যাচাই করতে কল করুন +8801916677889,আপনার অ্যাকাউন্টের সুরক্ষা যাচাই করতে কল করুন +8801916677889,[],0,0,0,0,0,0,0,0,0,0,0,0,আপনার অ্যাকাউন্টের সুরক্ষা যাচাই করতে কল করুন +8801916677889,60,0,0,0,0,0,0,0,0,0,0,0,0,0,0,0,0,0,0,0,0,0,0
promo,Shohoz Tickets দিয়ে ট্রেন টিকিট কিনলে ১২% ছাড়। কোড: TRAIN12।,Bengali,0,1,Shohoz Tickets দিয়ে ট্রেন টিকিট কিনলে ১২% ছাড়। কোড: TRAIN12।,Shohoz Tickets দিয়ে ট্রেন টিকিট কিনলে ১২% ছাড়। কোড: TRAIN12।,[],0,0,0,0,0,0,0,0,0,0,0,0,Shohoz Tickets দিয়ে ট্রেন টিকিট কিনলে ১২% ছাড়। কোড: TRAIN12।,62,0,0,0,0,0,0,0,0,0,0,0,0,0,0,0,0,0,0,0,0,0,0
smish,"৫,০০০ টাকা বিনিয়োগে ১৫,০০০ টাকা অর্জন করুন! কল করুন: +8801916677889",Bengali,0,2,"৫,০০০ টাকা বিনিয়োগে ১৫,০০০ টাকা অর্জন করুন! কল করুন: +8801916677889","৫,০০০ টাকা বিনিয়োগে ১৫,০০০ টাকা অর্জন করুন! কল করুন: +8801916677889",[],0,0,0,0,0,0,0,0,0,0,0,0,"৫,০০০ টাকা বিনিয়োগে ১৫,০০০ টাকা অর্জন করুন! কল করুন: +8801916677889",68,0,0,0,0,0,0,0,0,0,0,0,0,0,0,0,0,0,0,0,0,0,0
promo,"Robi Music Pack মাত্র ২৫ টাকা, বৈধতা ৭ দিন। সক্রিয় করতে *123*25#।",Bengali,0,1,"Robi Music Pack মাত্র ২৫ টাকা, বৈধতা ৭ দিন। সক্রিয় করতে *123*25#।","Robi Music Pack মাত্র ২৫ টাকা, বৈধতা ৭ দিন। সক্রিয় করতে *123*25#।",[],0,0,0,0,0,0,0,0,0,0,0,0,"Robi Music Pack মাত্র ২৫ টাকা, বৈধতা ৭ দিন। সক্রিয় করতে *123*25#।",66,0,0,0,0,0,0,0,0,0,0,0,0,0,0,0,0,0,0,0,0,0,0
normal,আজকে অনেকদিন পর এক আত্মীয়ের সাথে দেখা হলো। সবাই মিলে আড্ডা দিলাম। ছোটবেলার গল্পগুলো মনে পড়ে যাচ্ছিলো।,Bengali,0,0,আজকে অনেকদিন পর এক আত্মীয়ের সাথে দেখা হলো। সবাই মিলে আড্ডা দিলাম। ছোটবেলার গল্পগুলো মনে পড়ে যাচ্ছিলো।,আজকে অনেকদিন পর এক আত্মীয়ের সাথে দেখা হলো। সবাই মিলে আড্ডা দিলাম। ছোটবেলার গল্পগুলো মনে পড়ে যাচ্ছিলো।,[],0,0,0,0,0,0,0,0,0,0,0,0,আজকে অনেকদিন পর এক আত্মীয়ের সাথে দেখা হলো। সবাই মিলে আড্ডা দিলাম। ছোটবেলার গল্পগুলো মনে পড়ে যাচ্ছিলো।,103,0,0,0,0,0,0,0,0,0,0,0,0,0,0,0,0,0,0,0,0,0,0
smish,"ফ্রিতে মাইনিং করে ইনকাম করুন। ১০০% ফ্রি। টেলিগ্রাম অ্যাপ থাকলেই হবে। লিংক এ ক্লিক করে start করতে হবে, ৬ ঘন্টা পর পর টোকেন ক্লেইম করতে হবে। আর কোনো কাজ নেই।
https://t.me/pixelversexyzbot?start=6760562639",Bengali,1,2,"ফ্রিতে মাইনিং করে ইনকাম করুন। ১০০% ফ্রি। টেলিগ্রাম অ্যাপ থাকলেই হবে। লিংক এ ক্লিক করে start করতে হবে, ৬ ঘন্টা পর পর টোকেন ক্লেইম করতে হবে। আর কোনো কাজ নেই।
https://t.me/pixelversexyzbot?start=6760562639","ফ্রিতে মাইনিং করে ইনকাম করুন। ১০০% ফ্রি। টেলিগ্রাম অ্যাপ থাকলেই হবে। লিংক এ ক্লিক করে start করতে হবে, ৬ ঘন্টা পর পর টোকেন ক্লেইম করতে হবে। আর কোনো কাজ নেই। https://t.me/pixelversexyzbot?start=6760562639",['https://t.me/pixelversexyzbot?start=6760562639'],1,1,46,46,10,1,0,3,1,0,0,0,"ফ্রিতে মাইনিং করে ইনকাম করুন। ১০০% ফ্রি। টেলিগ্রাম অ্যাপ থাকলেই হবে। লিংক এ ক্লিক করে start করতে হবে, ৬ ঘন্টা পর পর টোকেন ক্লেইম করতে হবে। আর কোনো কাজ নেই।  [URL] ",163,1,46,46,10,1,0,3,1,0,0,0,1,46,46,10,1,0,3,1,0,0,0
smish,Facebook থেকে নিরাপত্তা সতর্কতা: আপনার একাউন্ট বাংলাদেশ থেকে অননুমোদিত অ্যাক্সেস পেয়েছে। একাউন্ট রক্ষা করতে এখনই fb-verification-bd.net এ OTP দিন।,Bengali,1,2,Facebook থেকে নিরাপত্তা সতর্কতা: আপনার একাউন্ট বাংলাদেশ থেকে অননুমোদিত অ্যাক্সেস পেয়েছে। একাউন্ট রক্ষা করতে এখনই fb-verification-bd.net এ OTP দিন।,Facebook থেকে নিরাপত্তা সতর্কতা: আপনার একাউন্ট বাংলাদেশ থেকে অননুমোদিত অ্যাক্সেস পেয়েছে। একাউন্ট রক্ষা করতে এখনই fb-verification-bd.net এ OTP দিন।,['fb-verification-bd.net'],1,1,22,22,0,1,2,0,0,0,0,0,Facebook থেকে নিরাপত্তা সতর্কতা: আপনার একাউন্ট বাংলাদেশ থেকে অননুমোদিত অ্যাক্সেস পেয়েছে। একাউন্ট রক্ষা করতে এখনই  [URL]  এ OTP দিন।,132,1,22,22,0,1,2,0,0,0,0,0,1,22,22,0,1,2,0,0,0,0,0
normal,তোমার এখন কি কাজ হচ্ছে?,Bengali,0,0,তোমার এখন কি কাজ হচ্ছে?,তোমার এখন কি কাজ হচ্ছে?,[],0,0,0,0,0,0,0,0,0,0,0,0,তোমার এখন কি কাজ হচ্ছে?,23,0,0,0,0,0,0,0,0,0,0,0,0,0,0,0,0,0,0,0,0,0,0
smish,বাংলাদেশ ব্যাংক থেকে জরুরি বার্তা। বিস্তারিত জানতে এখানে ক্লিক করুন: https://wa.me/8801916677889,Bengali,1,2,বাংলাদেশ ব্যাংক থেকে জরুরি বার্তা। বিস্তারিত জানতে এখানে ক্লিক করুন: https://wa.me/8801916677889,বাংলাদেশ ব্যাংক থেকে জরুরি বার্তা। বিস্তারিত জানতে এখানে ক্লিক করুন: https://wa.me/8801916677889,['https://wa.me/8801916677889'],1,1,27,27,13,1,0,3,1,0,0,0,বাংলাদেশ ব্যাংক থেকে জরুরি বার্তা। বিস্তারিত জানতে এখানে ক্লিক করুন:  [URL] ,76,1,27,27,13,1,0,3,1,0,0,0,1,27,27,13,1,0,3,1,0,0,0
promo,"১৩০টাকায় ১৫০মিনিট(৩০দিন) সাথে বোনাস,নিতে*১২১*৫২০৫#  https://mygp.li/a0",Bengali,1,1,"১৩০টাকায় ১৫০মিনিট(৩০দিন) সাথে বোনাস,নিতে*১২১*৫২০৫#  https://mygp.li/a0","১৩০টাকায় ১৫০মিনিট(৩০দিন) সাথে বোনাস,নিতে*১২১*৫২০৫# https://mygp.li/a0",['https://mygp.li/a0'],1,1,18,18,1,1,0,3,1,0,0,0,"১৩০টাকায় ১৫০মিনিট(৩০দিন) সাথে বোনাস,নিতে*১২১*৫২০৫#  [URL] ",59,1,18,18,1,1,0,3,1,0,0,0,1,18,18,1,1,0,3,1,0,0,0
promo,উবার বিশেষ ছাড়! প্রথম ১০ রাইডে ৫০% পর্যন্ত ছাড়। প্রোমো কোড: UBER50,Bengali,0,1,উবার বিশেষ ছাড়! প্রথম ১০ রাইডে ৫০% পর্যন্ত ছাড়। প্রোমো কোড: UBER50,উবার বিশেষ ছাড়! প্রথম ১০ রাইডে ৫০% পর্যন্ত ছাড়। প্রোমো কোড: UBER50,[],0,0,0,0,0,0,0,0,0,0,0,0,উবার বিশেষ ছাড়! প্রথম ১০ রাইডে ৫০% পর্যন্ত ছাড়। প্রোমো কোড: UBER50,68,0,0,0,0,0,0,0,0,0,0,0,0,0,0,0,0,0,0,0,0,0,0
normal,আজকে আমি একটি নতুন রেস্টুরেন্টে যাব।,Bengali,0,0,আজকে আমি একটি নতুন রেস্টুরেন্টে যাব।,আজকে আমি একটি নতুন রেস্টুরেন্টে যাব।,[],0,0,0,0,0,0,0,0,0,0,0,0,আজকে আমি একটি নতুন রেস্টুরেন্টে যাব।,36,0,0,0,0,0,0,0,0,0,0,0,0,0,0,0,0,0,0,0,0,0,0
promo,"১৮০৳ ক্যাশব্যাকে সেরা অফার ৬১জিবি+১০০০মি@ ৳৭১৯,৩০দিন: cutt.ly/wwE5YMXC",Bengali,1,1,"১৮০৳ ক্যাশব্যাকে সেরা অফার ৬১জিবি+১০০০মি@ ৳৭১৯,৩০দিন: cutt.ly/wwE5YMXC","১৮০৳ ক্যাশব্যাকে সেরা অফার ৬১জিবি+১০০০মি@ ৳৭১৯,৩০দিন: cutt.ly/wwE5YMXC",['cutt.ly/wwE5YMXC'],1,1,16,16,1,1,0,1,0,0,0,1,"১৮০৳ ক্যাশব্যাকে সেরা অফার ৬১জিবি+১০০০মি@ ৳৭১৯,৩০দিন:  [URL] ",61,1,16,16,1,1,0,1,0,0,0,1,1,16,16,1,1,0,1,0,0,0,1
promo,"১০০৳ ক্যাশব্যাক! ৩১জিবি+৪৫০মি.@৩৯৯৳,৩০দিন,নিয়ে নাও: cutt.ly/2wQlYv6U",Bengali,1,1,"১০০৳ ক্যাশব্যাক! ৩১জিবি+৪৫০মি.@৩৯৯৳,৩০দিন,নিয়ে নাও: cutt.ly/2wQlYv6U","১০০৳ ক্যাশব্যাক! ৩১জিবি+৪৫০মি.@৩৯৯৳,৩০দিন,নিয়ে নাও: cutt.ly/2wQlYv6U",['cutt.ly/2wQlYv6U'],1,1,16,16,2,1,0,1,0,0,0,1,"১০০৳ ক্যাশব্যাক! ৩১জিবি+৪৫০মি.@৩৯৯৳,৩০দিন,নিয়ে নাও:  [URL] ",60,1,16,16,2,1,0,1,0,0,0,1,1,16,16,2,1,0,1,0,0,0,1
smish,bKash অ্যাকাউন্টে ত্রুটি দেখা দিয়েছে। দ্রুত সমাধানের জন্য কল করুন: +8801917677789,Bengali,0,2,bKash অ্যাকাউন্টে ত্রুটি দেখা দিয়েছে। দ্রুত সমাধানের জন্য কল করুন: +8801917677789,bKash অ্যাকাউন্টে ত্রুটি দেখা দিয়েছে। দ্রুত সমাধানের জন্য কল করুন: +8801917677789,[],0,0,0,0,0,0,0,0,0,0,0,0,bKash অ্যাকাউন্টে ত্রুটি দেখা দিয়েছে। দ্রুত সমাধানের জন্য কল করুন: +8801917677789,82,0,0,0,0,0,0,0,0,0,0,0,0,0,0,0,0,0,0,0,0,0,0
normal,"তুমি পারবে, আমি জানি।",Bengali,0,0,"তুমি পারবে, আমি জানি।","তুমি পারবে, আমি জানি।",[],0,0,0,0,0,0,0,0,0,0,0,0,"তুমি পারবে, আমি জানি।",21,0,0,0,0,0,0,0,0,0,0,0,0,0,0,0,0,0,0,0,0,0,0
normal,তুমি কি নতুন গানটা শুনেছো? আরিফের কণ্ঠে দারুণ লেগেছে।,Bengali,0,0,তুমি কি নতুন গানটা শুনেছো? আরিফের কণ্ঠে দারুণ লেগেছে।,তুমি কি নতুন গানটা শুনেছো? আরিফের কণ্ঠে দারুণ লেগেছে।,[],0,0,0,0,0,0,0,0,0,0,0,0,তুমি কি নতুন গানটা শুনেছো? আরিফের কণ্ঠে দারুণ লেগেছে।,53,0,0,0,0,0,0,0,0,0,0,0,0,0,0,0,0,0,0,0,0,0,0
promo,আজই শেষ দিন!বোনাস সহ ২জিবি-৩৫টাকা-৭দিন। ডায়াল *১২১*৫০৩৭# বা mygp.li/mo,Bengali,1,1,আজই শেষ দিন!বোনাস সহ ২জিবি-৩৫টাকা-৭দিন। ডায়াল *১২১*৫০৩৭# বা mygp.li/mo,আজই শেষ দিন!বোনাস সহ ২জিবি-৩৫টাকা-৭দিন। ডায়াল *১২১*৫০৩৭# বা mygp.li/mo,['mygp.li/mo'],1,1,10,10,0,1,0,1,0,0,0,0,আজই শেষ দিন!বোনাস সহ ২জিবি-৩৫টাকা-৭দিন। ডায়াল *১২১*৫০৩৭# বা  [URL] ,68,1,10,10,0,1,0,1,0,0,0,0,1,10,10,0,1,0,1,0,0,0,0
smish,Robi অ্যাকাউন্টে অস্বাভাবিক কার্যক্রম শনাক্ত হয়েছে। পুনরায় চালু করতে robicare-safebd.org এ লগইন করুন এবং নাম্বার ও OTP যাচাই করুন। ২৪ ঘণ্টার মধ্যে ব্যবস্থা নিন।,Bengali,1,2,Robi অ্যাকাউন্টে অস্বাভাবিক কার্যক্রম শনাক্ত হয়েছে। পুনরায় চালু করতে robicare-safebd.org এ লগইন করুন এবং নাম্বার ও OTP যাচাই করুন। ২৪ ঘণ্টার মধ্যে ব্যবস্থা নিন।,Robi অ্যাকাউন্টে অস্বাভাবিক কার্যক্রম শনাক্ত হয়েছে। পুনরায় চালু করতে robicare-safebd.org এ লগইন করুন এবং নাম্বার ও OTP যাচাই করুন। ২৪ ঘণ্টার মধ্যে ব্যবস্থা নিন।,['robicare-safebd.org'],1,1,19,19,0,1,1,0,0,0,0,0,Robi অ্যাকাউন্টে অস্বাভাবিক কার্যক্রম শনাক্ত হয়েছে। পুনরায় চালু করতে  [URL]  এ লগইন করুন এবং নাম্বার ও OTP যাচাই করুন। ২৪ ঘণ্টার মধ্যে ব্যবস্থা নিন।,150,1,19,19,0,1,1,0,0,0,0,0,1,19,19,0,1,1,0,0,0,0,0
smish,আপনার ছেলে সমস্যায় আছে জলদি টাকা পাঠান এই নাম্বারে,Bengali,0,2,আপনার ছেলে সমস্যায় আছে জলদি টাকা পাঠান এই নাম্বারে,আপনার ছেলে সমস্যায় আছে জলদি টাকা পাঠান এই নাম্বারে,[],0,0,0,0,0,0,0,0,0,0,0,0,আপনার ছেলে সমস্যায় আছে জলদি টাকা পাঠান এই নাম্বারে,51,0,0,0,0,0,0,0,0,0,0,0,0,0,0,0,0,0,0,0,0,0,0
promo,"লোটো লি কুপারে
নগদ পেমেন্টে BMW জেতার সুযোগ
বিকাশে ১০% ক্যাশব্যাক
শপ্র",Bengali,0,1,"লোটো লি কুপারে
নগদ পেমেন্টে BMW জেতার সুযোগ
বিকাশে ১০% ক্যাশব্যাক
শপ্র",লোটো লি কুপারে নগদ পেমেন্টে BMW জেতার সুযোগ বিকাশে ১০% ক্যাশব্যাক শপ্র,[],0,0,0,0,0,0,0,0,0,0,0,0,লোটো লি কুপারে নগদ পেমেন্টে BMW জেতার সুযোগ বিকাশে ১০% ক্যাশব্যাক শপ্র,70,0,0,0,0,0,0,0,0,0,0,0,0,0,0,0,0,0,0,0,0,0,0
normal,আপনি কি করতে পারেন?,Bengali,0,0,আপনি কি করতে পারেন?,আপনি কি করতে পারেন?,[],0,0,0,0,0,0,0,0,0,0,0,0,আপনি কি করতে পারেন?,19,0,0,0,0,0,0,0,0,0,0,0,0,0,0,0,0,0,0,0,0,0,0
normal,তোমার জন্য একটি ভালো দিন!,Bengali,0,0,তোমার জন্য একটি ভালো দিন!,তোমার জন্য একটি ভালো দিন!,[],0,0,0,0,0,0,0,0,0,0,0,0,তোমার জন্য একটি ভালো দিন!,25,0,0,0,0,0,0,0,0,0,0,0,0,0,0,0,0,0,0,0,0,0,0
normal,আজ কি করবে? কোনো নতুন কোনো কাজ পালন করবো। তুমি?,Bengali,0,0,আজ কি করবে? কোনো নতুন কোনো কাজ পালন করবো। তুমি?,আজ কি করবে? কোনো নতুন কোনো কাজ পালন করবো। তুমি?,[],0,0,0,0,0,0,0,0,0,0,0,0,আজ কি করবে? কোনো নতুন কোনো কাজ পালন করবো। তুমি?,47,0,0,0,0,0,0,0,0,0,0,0,0,0,0,0,0,0,0,0,0,0,0
smish,আপনার গ্যাস সংযোগ পুনরায় সক্রিয় করতে কল করুন +8801719900012,Bengali,0,2,আপনার গ্যাস সংযোগ পুনরায় সক্রিয় করতে কল করুন +8801719900012,আপনার গ্যাস সংযোগ পুনরায় সক্রিয় করতে কল করুন +8801719900012,[],0,0,0,0,0,0,0,0,0,0,0,0,আপনার গ্যাস সংযোগ পুনরায় সক্রিয় করতে কল করুন +8801719900012,61,0,0,0,0,0,0,0,0,0,0,0,0,0,0,0,0,0,0,0,0,0,0
promo,নতুন সিজনে সব পোশাকে ২৫% ডিসকাউন্ট। আজই শপিং করুন।,Bengali,0,1,নতুন সিজনে সব পোশাকে ২৫% ডিসকাউন্ট। আজই শপিং করুন।,নতুন সিজনে সব পোশাকে ২৫% ডিসকাউন্ট। আজই শপিং করুন।,[],0,0,0,0,0,0,0,0,0,0,0,0,নতুন সিজনে সব পোশাকে ২৫% ডিসকাউন্ট। আজই শপিং করুন।,50,0,0,0,0,0,0,0,0,0,0,0,0,0,0,0,0,0,0,0,0,0,0
smish,আপনার মোবাইল সিম পুনরায় চালু করতে কল করুন +8801915566778,Bengali,0,2,আপনার মোবাইল সিম পুনরায় চালু করতে কল করুন +8801915566778,আপনার মোবাইল সিম পুনরায় চালু করতে কল করুন +8801915566778,[],0,0,0,0,0,0,0,0,0,0,0,0,আপনার মোবাইল সিম পুনরায় চালু করতে কল করুন +8801915566778,57,0,0,0,0,0,0,0,0,0,0,0,0,0,0,0,0,0,0,0,0,0,0
normal,আমরা কাল রাতে একসাথে ডিনার করেছিলাম। অনেকদিন পর আড্ডা দিতে ভালো লেগেছে।,Bengali,0,0,আমরা কাল রাতে একসাথে ডিনার করেছিলাম। অনেকদিন পর আড্ডা দিতে ভালো লেগেছে।,আমরা কাল রাতে একসাথে ডিনার করেছিলাম। অনেকদিন পর আড্ডা দিতে ভালো লেগেছে।,[],0,0,0,0,0,0,0,0,0,0,0,0,আমরা কাল রাতে একসাথে ডিনার করেছিলাম। অনেকদিন পর আড্ডা দিতে ভালো লেগেছে।,71,0,0,0,0,0,0,0,0,0,0,0,0,0,0,0,0,0,0,0,0,0,0
smish,"১,০০,০০০ টাকা বিনিয়োগে ৩,০০,০০০ টাকা পান! কল করুন: +8801914344356",Bengali,0,2,"১,০০,০০০ টাকা বিনিয়োগে ৩,০০,০০০ টাকা পান! কল করুন: +8801914344356","১,০০,০০০ টাকা বিনিয়োগে ৩,০০,০০০ টাকা পান! কল করুন: +8801914344356",[],0,0,0,0,0,0,0,0,0,0,0,0,"১,০০,০০০ টাকা বিনিয়োগে ৩,০০,০০০ টাকা পান! কল করুন: +8801914344356",66,0,0,0,0,0,0,0,0,0,0,0,0,0,0,0,0,0,0,0,0,0,0
smish,আপনার মোবাইল নম্বর যাচাই করতে এখানে ক্লিক করুন: [mobilesecure.com/VerifyBD],Bengali,1,2,আপনার মোবাইল নম্বর যাচাই করতে এখানে ক্লিক করুন: [mobilesecure.com/VerifyBD],আপনার মোবাইল নম্বর যাচাই করতে এখানে ক্লিক করুন: [mobilesecure.com/VerifyBD],['mobilesecure.com/VerifyBD'],1,1,25,25,0,1,0,1,0,0,0,0,আপনার মোবাইল নম্বর যাচাই করতে এখানে ক্লিক করুন: [ [URL] ],57,1,25,25,0,1,0,1,0,0,0,0,1,25,25,0,1,0,1,0,0,0,0
normal,তুমি কি শপিংয়ে গেছো?,Bengali,0,0,তুমি কি শপিংয়ে গেছো?,তুমি কি শপিংয়ে গেছো?,[],0,0,0,0,0,0,0,0,0,0,0,0,তুমি কি শপিংয়ে গেছো?,21,0,0,0,0,0,0,0,0,0,0,0,0,0,0,0,0,0,0,0,0,0,0
normal,"আপনার পেমেন্ট বাকি ৮০০/- টাকা, দ্রুত পরিশোধ করুন।",Bengali,0,0,"আপনার পেমেন্ট বাকি ৮০০/- টাকা, দ্রুত পরিশোধ করুন।","আপনার পেমেন্ট বাকি ৮০০/- টাকা, দ্রুত পরিশোধ করুন।",[],0,0,0,0,0,0,0,0,0,0,0,0,"আপনার পেমেন্ট বাকি ৮০০/- টাকা, দ্রুত পরিশোধ করুন।",49,0,0,0,0,0,0,0,0,0,0,0,0,0,0,0,0,0,0,0,0,0,0
promo,"Daraz Gadget Fair! স্মার্টওয়াচ, হেডফোন ও ট্যাবলেটে ৫০% ছাড়।",Bengali,0,1,"Daraz Gadget Fair! স্মার্টওয়াচ, হেডফোন ও ট্যাবলেটে ৫০% ছাড়।","Daraz Gadget Fair! স্মার্টওয়াচ, হেডফোন ও ট্যাবলেটে ৫০% ছাড়।",[],0,0,0,0,0,0,0,0,0,0,0,0,"Daraz Gadget Fair! স্মার্টওয়াচ, হেডফোন ও ট্যাবলেটে ৫০% ছাড়।",61,0,0,0,0,0,0,0,0,0,0,0,0,0,0,0,0,0,0,0,0,0,0
normal,আমি ভুল মনে হয় এবং আমি এটি সমাধান করতে চাই।,Bengali,0,0,আমি ভুল মনে হয় এবং আমি এটি সমাধান করতে চাই।,আমি ভুল মনে হয় এবং আমি এটি সমাধান করতে চাই।,[],0,0,0,0,0,0,0,0,0,0,0,0,আমি ভুল মনে হয় এবং আমি এটি সমাধান করতে চাই।,44,0,0,0,0,0,0,0,0,0,0,0,0,0,0,0,0,0,0,0,0,0,0
promo,"ইন্টারনেটিংয়ে পকেট সেভিং, নাও ২জিবি@৳৬৯, ৭দিন: cutt.ly/CwUPKGTR",Bengali,1,1,"ইন্টারনেটিংয়ে পকেট সেভিং, নাও ২জিবি@৳৬৯, ৭দিন: cutt.ly/CwUPKGTR","ইন্টারনেটিংয়ে পকেট সেভিং, নাও ২জিবি@৳৬৯, ৭দিন: cutt.ly/CwUPKGTR",['cutt.ly/CwUPKGTR'],1,1,16,16,0,1,0,1,0,0,0,1,"ইন্টারনেটিংয়ে পকেট সেভিং, নাও ২জিবি@৳৬৯, ৭দিন:  [URL] ",55,1,16,16,0,1,0,1,0,0,0,1,1,16,16,0,1,0,1,0,0,0,1
normal,"খালা, আগামী সপ্তাহে আপনার বাসায় বেড়াতে যাবো।",Bengali,0,0,"খালা, আগামী সপ্তাহে আপনার বাসায় বেড়াতে যাবো।","খালা, আগামী সপ্তাহে আপনার বাসায় বেড়াতে যাবো।",[],0,0,0,0,0,0,0,0,0,0,0,0,"খালা, আগামী সপ্তাহে আপনার বাসায় বেড়াতে যাবো।",46,0,0,0,0,0,0,0,0,0,0,0,0,0,0,0,0,0,0,0,0,0,0
smish,"প্রিয় গ্রাহক, আপনার Banglalink নম্বর ব্লক হওয়ার পথে। সেবা চালু রাখতে এখনই bl-verification-bd.org এ গিয়ে আপনার জাতীয় পরিচয়পত্র যাচাই করুন।",Bengali,1,2,"প্রিয় গ্রাহক, আপনার Banglalink নম্বর ব্লক হওয়ার পথে। সেবা চালু রাখতে এখনই bl-verification-bd.org এ গিয়ে আপনার জাতীয় পরিচয়পত্র যাচাই করুন।","প্রিয় গ্রাহক, আপনার Banglalink নম্বর ব্লক হওয়ার পথে। সেবা চালু রাখতে এখনই bl-verification-bd.org এ গিয়ে আপনার জাতীয় পরিচয়পত্র যাচাই করুন।",['bl-verification-bd.org'],1,1,22,22,0,1,2,0,0,0,0,0,"প্রিয় গ্রাহক, আপনার Banglalink নম্বর ব্লক হওয়ার পথে। সেবা চালু রাখতে এখনই  [URL]  এ গিয়ে আপনার জাতীয় পরিচয়পত্র যাচাই করুন।",127,1,22,22,0,1,2,0,0,0,0,0,1,22,22,0,1,2,0,0,0,0,0
smish,আপনার প্যাকেজ ডেলিভারি করতে একটি নতুন ঠিকানা প্রয়োজন। এখানে ক্লিক করুন: [packageupdate.net/AddressBD],Bengali,1,2,আপনার প্যাকেজ ডেলিভারি করতে একটি নতুন ঠিকানা প্রয়োজন। এখানে ক্লিক করুন: [packageupdate.net/AddressBD],আপনার প্যাকেজ ডেলিভারি করতে একটি নতুন ঠিকানা প্রয়োজন। এখানে ক্লিক করুন: [packageupdate.net/AddressBD],['packageupdate.net/AddressBD'],1,1,27,27,0,1,0,1,0,0,0,0,আপনার প্যাকেজ ডেলিভারি করতে একটি নতুন ঠিকানা প্রয়োজন। এখানে ক্লিক করুন: [ [URL] ],82,1,27,27,0,1,0,1,0,0,0,0,1,27,27,0,1,0,1,0,0,0,0
promo,Daraz App ডাউনলোড করলেই নতুন ইউজাররা পাচ্ছেন ২৫০ টাকা ভাউচার। শপিং শুরু করুন আজই।,Bengali,0,1,Daraz App ডাউনলোড করলেই নতুন ইউজাররা পাচ্ছেন ২৫০ টাকা ভাউচার। শপিং শুরু করুন আজই।,Daraz App ডাউনলোড করলেই নতুন ইউজাররা পাচ্ছেন ২৫০ টাকা ভাউচার। শপিং শুরু করুন আজই।,[],0,0,0,0,0,0,0,0,0,0,0,0,Daraz App ডাউনলোড করলেই নতুন ইউজাররা পাচ্ছেন ২৫০ টাকা ভাউচার। শপিং শুরু করুন আজই।,81,0,0,0,0,0,0,0,0,0,0,0,0,0,0,0,0,0,0,0,0,0,0
smish,নগদ অ্যাকাউন্ট ব্লক হয়েছে। পুনরায় চালু করতে এখানে ক্লিক করুন: https://t.me/NagadActivateBot2,Bengali,1,2,নগদ অ্যাকাউন্ট ব্লক হয়েছে। পুনরায় চালু করতে এখানে ক্লিক করুন: https://t.me/NagadActivateBot2,নগদ অ্যাকাউন্ট ব্লক হয়েছে। পুনরায় চালু করতে এখানে ক্লিক করুন: https://t.me/NagadActivateBot2,['https://t.me/NagadActivateBot2'],1,1,30,30,1,1,0,3,1,0,0,0,নগদ অ্যাকাউন্ট ব্লক হয়েছে। পুনরায় চালু করতে এখানে ক্লিক করুন:  [URL] ,71,1,30,30,1,1,0,3,1,0,0,0,1,30,30,1,1,0,3,1,0,0,0
normal,আমার একটি সমস্যা আছে।,Bengali,0,0,আমার একটি সমস্যা আছে।,আমার একটি সমস্যা আছে।,[],0,0,0,0,0,0,0,0,0,0,0,0,আমার একটি সমস্যা আছে।,21,0,0,0,0,0,0,0,0,0,0,0,0,0,0,0,0,0,0,0,0,0,0
smish,আপনার NID কার্ড ভেরিফিকেশন প্রয়োজন। এখনই ডাউনলোড: verify-nid.ml,Bengali,1,2,আপনার NID কার্ড ভেরিফিকেশন প্রয়োজন। এখনই ডাউনলোড: verify-nid.ml,আপনার NID কার্ড ভেরিফিকেশন প্রয়োজন। এখনই ডাউনলোড: verify-nid.ml,['verify-nid.ml'],1,1,13,13,0,1,1,0,0,0,0,0,আপনার NID কার্ড ভেরিফিকেশন প্রয়োজন। এখনই ডাউনলোড:  [URL] ,58,1,13,13,0,1,1,0,0,0,0,0,1,13,13,0,1,1,0,0,0,0,0
normal,"সবকিছু ঠিকঠাক হবে, আমি জানি।",Bengali,0,0,"সবকিছু ঠিকঠাক হবে, আমি জানি।","সবকিছু ঠিকঠাক হবে, আমি জানি।",[],0,0,0,0,0,0,0,0,0,0,0,0,"সবকিছু ঠিকঠাক হবে, আমি জানি।",28,0,0,0,0,0,0,0,0,0,0,0,0,0,0,0,0,0,0,0,0,0,0
smish,"DBBL কার্ড হোল্ডার, আপনার পাসওয়ার্ড ফাঁস হয়েছে। এখনই reset-dbblsafe.org এ গিয়ে পরিবর্তন করুন।",Bengali,1,2,"DBBL কার্ড হোল্ডার, আপনার পাসওয়ার্ড ফাঁস হয়েছে। এখনই reset-dbblsafe.org এ গিয়ে পরিবর্তন করুন।","DBBL কার্ড হোল্ডার, আপনার পাসওয়ার্ড ফাঁস হয়েছে। এখনই reset-dbblsafe.org এ গিয়ে পরিবর্তন করুন।",['reset-dbblsafe.org'],1,1,18,18,0,1,1,0,0,0,0,0,"DBBL কার্ড হোল্ডার, আপনার পাসওয়ার্ড ফাঁস হয়েছে। এখনই  [URL]  এ গিয়ে পরিবর্তন করুন।",85,1,18,18,0,1,1,0,0,0,0,0,1,18,18,0,1,1,0,0,0,0,0
smish,আপনার সঞ্চয় দ্বিগুণ করার সুযোগ! কল করুন: +8801712122234,Bengali,0,2,আপনার সঞ্চয় দ্বিগুণ করার সুযোগ! কল করুন: +8801712122234,আপনার সঞ্চয় দ্বিগুণ করার সুযোগ! কল করুন: +8801712122234,[],0,0,0,0,0,0,0,0,0,0,0,0,আপনার সঞ্চয় দ্বিগুণ করার সুযোগ! কল করুন: +8801712122234,56,0,0,0,0,0,0,0,0,0,0,0,0,0,0,0,0,0,0,0,0,0,0
normal,তুমি কি আজকে অফিস থেকে তাড়াতাড়ি বের হবে? চল একসাথে চা খাই।,Bengali,0,0,তুমি কি আজকে অফিস থেকে তাড়াতাড়ি বের হবে? চল একসাথে চা খাই।,তুমি কি আজকে অফিস থেকে তাড়াতাড়ি বের হবে? চল একসাথে চা খাই।,[],0,0,0,0,0,0,0,0,0,0,0,0,তুমি কি আজকে অফিস থেকে তাড়াতাড়ি বের হবে? চল একসাথে চা খাই।,60,0,0,0,0,0,0,0,0,0,0,0,0,0,0,0,0,0,0,0,0,0,0
smish,"Assalamualikum! 

Apni Ki Barite Boshe Kono Taka Investment Na Kore Taka Income Korte Can? 
Tahole Amader Bot E Kaj korun.  Amader Bot E Apni Kono Investment Chara Income Korte Parben 

Bot Link :- https://t.me/free_online_income_24bot",Bengali,1,2,"Assalamualikum! 

Apni Ki Barite Boshe Kono Taka Investment Na Kore Taka Income Korte Can? 
Tahole Amader Bot E Kaj korun.  Amader Bot E Apni Kono Investment Chara Income Korte Parben 

Bot Link :- https://t.me/free_online_income_24bot",Assalamualikum! Apni Ki Barite Boshe Kono Taka Investment Na Kore Taka Income Korte Can? Tahole Amader Bot E Kaj korun. Amader Bot E Apni Kono Investment Chara Income Korte Parben Bot Link :- https://t.me/free_online_income_24bot,['https://t.me/free_online_income_24bot'],1,1,37,37,2,1,0,3,1,0,0,0,Assalamualikum! Apni Ki Barite Boshe Kono Taka Investment Na Kore Taka Income Korte Can? Tahole Amader Bot E Kaj korun. Amader Bot E Apni Kono Investment Chara Income Korte Parben Bot Link :-  [URL] ,199,1,37,37,2,1,0,3,1,0,0,0,1,37,37,2,1,0,3,1,0,0,0
normal,"আমি কাল লাইব্রেরি থেকে নতুন বই নিয়েছি, চাইলে তুমি পড়তে পারো।",Bengali,0,0,"আমি কাল লাইব্রেরি থেকে নতুন বই নিয়েছি, চাইলে তুমি পড়তে পারো।","আমি কাল লাইব্রেরি থেকে নতুন বই নিয়েছি, চাইলে তুমি পড়তে পারো।",[],0,0,0,0,0,0,0,0,0,0,0,0,"আমি কাল লাইব্রেরি থেকে নতুন বই নিয়েছি, চাইলে তুমি পড়তে পারো।",62,0,0,0,0,0,0,0,0,0,0,0,0,0,0,0,0,0,0,0,0,0,0
promo,"১৭ই মে, ২০২৪ বিশ্ব টেলিযোগাযোগ ও তথ্য সংঘ দিবস (WTISD) উপলক্ষ্যে অনলাইন রচনা প্রতিযোগিতা আয়োজন করা হয়েছে। অংশ গ্রহণ করতে ক্লিক করুনঃ https://bit.ly/wtisd24",Bengali,1,1,"১৭ই মে, ২০২৪ বিশ্ব টেলিযোগাযোগ ও তথ্য সংঘ দিবস (WTISD) উপলক্ষ্যে অনলাইন রচনা প্রতিযোগিতা আয়োজন করা হয়েছে। অংশ গ্রহণ করতে ক্লিক করুনঃ https://bit.ly/wtisd24","১৭ই মে, ২০২৪ বিশ্ব টেলিযোগাযোগ ও তথ্য সংঘ দিবস (WTISD) উপলক্ষ্যে অনলাইন রচনা প্রতিযোগিতা আয়োজন করা হয়েছে। অংশ গ্রহণ করতে ক্লিক করুনঃ https://bit.ly/wtisd24",['https://bit.ly/wtisd24'],1,1,22,22,2,1,0,3,1,0,0,1,"১৭ই মে, ২০২৪ বিশ্ব টেলিযোগাযোগ ও তথ্য সংঘ দিবস (WTISD) উপলক্ষ্যে অনলাইন রচনা প্রতিযোগিতা আয়োজন করা হয়েছে। অংশ গ্রহণ করতে ক্লিক করুনঃ  [URL] ",142,1,22,22,2,1,0,3,1,0,0,1,1,22,22,2,1,0,3,1,0,0,1
smish,"গ্রামীণফোন গ্রাহক, আপনার সিম থেকে সন্দেহজনক কল শনাক্ত হয়েছে। পরিষেবা চালু রাখতে gp-simverify24.org এ নাম, জন্মতারিখ ও OTP দিন। যাচাই সম্পন্ন না হলে সিম বন্ধ হবে।",Bengali,1,2,"গ্রামীণফোন গ্রাহক, আপনার সিম থেকে সন্দেহজনক কল শনাক্ত হয়েছে। পরিষেবা চালু রাখতে gp-simverify24.org এ নাম, জন্মতারিখ ও OTP দিন। যাচাই সম্পন্ন না হলে সিম বন্ধ হবে।","গ্রামীণফোন গ্রাহক, আপনার সিম থেকে সন্দেহজনক কল শনাক্ত হয়েছে। পরিষেবা চালু রাখতে gp-simverify24.org এ নাম, জন্মতারিখ ও OTP দিন। যাচাই সম্পন্ন না হলে সিম বন্ধ হবে।",['gp-simverify24.org'],1,1,18,18,2,1,1,0,0,0,0,0,"গ্রামীণফোন গ্রাহক, আপনার সিম থেকে সন্দেহজনক কল শনাক্ত হয়েছে। পরিষেবা চালু রাখতে  [URL]  এ নাম, জন্মতারিখ ও OTP দিন। যাচাই সম্পন্ন না হলে সিম বন্ধ হবে।",151,1,18,18,2,1,1,0,0,0,0,0,1,18,18,2,1,1,0,0,0,0,0
promo,"হেলথ সাপ্লিমেন্টে ছাড়! ভিটামিন, প্রোটিনে ৩৫% কমতি।",Bengali,0,1,"হেলথ সাপ্লিমেন্টে ছাড়! ভিটামিন, প্রোটিনে ৩৫% কমতি।","হেলথ সাপ্লিমেন্টে ছাড়! ভিটামিন, প্রোটিনে ৩৫% কমতি।",[],0,0,0,0,0,0,0,0,0,0,0,0,"হেলথ সাপ্লিমেন্টে ছাড়! ভিটামিন, প্রোটিনে ৩৫% কমতি।",51,0,0,0,0,0,0,0,0,0,0,0,0,0,0,0,0,0,0,0,0,0,0
normal,আজকে অফিসে প্রচুর কাজ ছিল। বস বারবার রিপোর্ট চাইছিলেন। তবে টিমওয়ার্ক ভালো হওয়ায় সময়মতো শেষ করতে পেরেছি।,Bengali,0,0,আজকে অফিসে প্রচুর কাজ ছিল। বস বারবার রিপোর্ট চাইছিলেন। তবে টিমওয়ার্ক ভালো হওয়ায় সময়মতো শেষ করতে পেরেছি।,আজকে অফিসে প্রচুর কাজ ছিল। বস বারবার রিপোর্ট চাইছিলেন। তবে টিমওয়ার্ক ভালো হওয়ায় সময়মতো শেষ করতে পেরেছি।,[],0,0,0,0,0,0,0,0,0,0,0,0,আজকে অফিসে প্রচুর কাজ ছিল। বস বারবার রিপোর্ট চাইছিলেন। তবে টিমওয়ার্ক ভালো হওয়ায় সময়মতো শেষ করতে পেরেছি।,107,0,0,0,0,0,0,0,0,0,0,0,0,0,0,0,0,0,0,0,0,0,0
normal,০১৬৭২৫৭৩৮৭৯ নাম্বারে দ্রুত বিকাশ করুন।,Bengali,0,0,০১৬৭২৫৭৩৮৭৯ নাম্বারে দ্রুত বিকাশ করুন।,০১৬৭২৫৭৩৮৭৯ নাম্বারে দ্রুত বিকাশ করুন।,[],0,0,0,0,0,0,0,0,0,0,0,0,০১৬৭২৫৭৩৮৭৯ নাম্বারে দ্রুত বিকাশ করুন।,38,0,0,0,0,0,0,0,0,0,0,0,0,0,0,0,0,0,0,0,0,0,0
normal,আমি তোমাকে একটি গল্প শুনাতে চাই।,Bengali,0,0,আমি তোমাকে একটি গল্প শুনাতে চাই।,আমি তোমাকে একটি গল্প শুনাতে চাই।,[],0,0,0,0,0,0,0,0,0,0,0,0,আমি তোমাকে একটি গল্প শুনাতে চাই।,32,0,0,0,0,0,0,0,0,0,0,0,0,0,0,0,0,0,0,0,0,0,0
smish,"আপনার পরবর্তী গ্রামীণফোন রিচার্জে BDT 2,000 ডিসকাউন্ট পান।",Bengali,0,2,"আপনার পরবর্তী গ্রামীণফোন রিচার্জে BDT 2,000 ডিসকাউন্ট পান।","আপনার পরবর্তী গ্রামীণফোন রিচার্জে BDT 2,000 ডিসকাউন্ট পান।",[],0,0,0,0,0,0,0,0,0,0,0,0,"আপনার পরবর্তী গ্রামীণফোন রিচার্জে BDT 2,000 ডিসকাউন্ট পান।",58,0,0,0,0,0,0,0,0,0,0,0,0,0,0,0,0,0,0,0,0,0,0
normal,ভালোবাসা খুব দামী জিনিস। যত্ন করে রাখতে হয়। কারন ভালোবাশা একবার হারিয়ে গেলে জীবনে আর কোনো দিন ফিরে পাওয়া যায় না।,Bengali,0,0,ভালোবাসা খুব দামী জিনিস। যত্ন করে রাখতে হয়। কারন ভালোবাশা একবার হারিয়ে গেলে জীবনে আর কোনো দিন ফিরে পাওয়া যায় না।,ভালোবাসা খুব দামী জিনিস। যত্ন করে রাখতে হয়। কারন ভালোবাশা একবার হারিয়ে গেলে জীবনে আর কোনো দিন ফিরে পাওয়া যায় না।,[],0,0,0,0,0,0,0,0,0,0,0,0,ভালোবাসা খুব দামী জিনিস। যত্ন করে রাখতে হয়। কারন ভালোবাশা একবার হারিয়ে গেলে জীবনে আর কোনো দিন ফিরে পাওয়া যায় না।,116,0,0,0,0,0,0,0,0,0,0,0,0,0,0,0,0,0,0,0,0,0,0
promo,"Daraz Fashion Week শুরু হয়েছে! শার্ট, প্যান্ট, শাড়ি আর অ্যাকসেসরিজে সর্বোচ্চ ৬০% ছাড়। কোড ব্যবহার করুন FASHION60। সীমিত সময়ের জন্য।",Bengali,0,1,"Daraz Fashion Week শুরু হয়েছে! শার্ট, প্যান্ট, শাড়ি আর অ্যাকসেসরিজে সর্বোচ্চ ৬০% ছাড়। কোড ব্যবহার করুন FASHION60। সীমিত সময়ের জন্য।","Daraz Fashion Week শুরু হয়েছে! শার্ট, প্যান্ট, শাড়ি আর অ্যাকসেসরিজে সর্বোচ্চ ৬০% ছাড়। কোড ব্যবহার করুন FASHION60। সীমিত সময়ের জন্য।",[],0,0,0,0,0,0,0,0,0,0,0,0,"Daraz Fashion Week শুরু হয়েছে! শার্ট, প্যান্ট, শাড়ি আর অ্যাকসেসরিজে সর্বোচ্চ ৬০% ছাড়। কোড ব্যবহার করুন FASHION60। সীমিত সময়ের জন্য।",135,0,0,0,0,0,0,0,0,0,0,0,0,0,0,0,0,0,0,0,0,0,0
normal,হাসানের নাম্বারে টাকা দিয়ে তারপর আসিস।,Bengali,0,0,হাসানের নাম্বারে টাকা দিয়ে তারপর আসিস।,হাসানের নাম্বারে টাকা দিয়ে তারপর আসিস।,[],0,0,0,0,0,0,0,0,0,0,0,0,হাসানের নাম্বারে টাকা দিয়ে তারপর আসিস।,39,0,0,0,0,0,0,0,0,0,0,0,0,0,0,0,0,0,0,0,0,0,0
smish,আপনার DBBL কার্ড থেকে অননুমোদিত উত্তোলন হয়েছে। বন্ধ করতে login-dbblsecure.net এ প্রবেশ করুন।,Bengali,1,2,আপনার DBBL কার্ড থেকে অননুমোদিত উত্তোলন হয়েছে। বন্ধ করতে login-dbblsecure.net এ প্রবেশ করুন।,আপনার DBBL কার্ড থেকে অননুমোদিত উত্তোলন হয়েছে। বন্ধ করতে login-dbblsecure.net এ প্রবেশ করুন।,['login-dbblsecure.net'],1,1,20,20,0,1,1,0,0,0,0,0,আপনার DBBL কার্ড থেকে অননুমোদিত উত্তোলন হয়েছে। বন্ধ করতে  [URL]  এ প্রবেশ করুন।,80,1,20,20,0,1,1,0,0,0,0,0,1,20,20,0,1,1,0,0,0,0,0
normal,"চাচী, আপনার মেয়ের বিবাহের প্রস্তুতি কেমন? কিছু সাহায্য লাগবে?",Bengali,0,0,"চাচী, আপনার মেয়ের বিবাহের প্রস্তুতি কেমন? কিছু সাহায্য লাগবে?","চাচী, আপনার মেয়ের বিবাহের প্রস্তুতি কেমন? কিছু সাহায্য লাগবে?",[],0,0,0,0,0,0,0,0,0,0,0,0,"চাচী, আপনার মেয়ের বিবাহের প্রস্তুতি কেমন? কিছু সাহায্য লাগবে?",62,0,0,0,0,0,0,0,0,0,0,0,0,0,0,0,0,0,0,0,0,0,0
promo,"৩০জিবি@৩৮৯৳,৩০দিন প্যাক কিনে পাও ""ডানকি"" মুভি টিকেট: cutt.ly/SwFqDlAs",Bengali,1,1,"৩০জিবি@৩৮৯৳,৩০দিন প্যাক কিনে পাও ""ডানকি"" মুভি টিকেট: cutt.ly/SwFqDlAs","৩০জিবি@৩৮৯৳,৩০দিন প্যাক কিনে পাও ""ডানকি"" মুভি টিকেট: cutt.ly/SwFqDlAs",['cutt.ly/SwFqDlAs'],1,1,16,16,0,1,0,1,0,0,0,1,"৩০জিবি@৩৮৯৳,৩০দিন প্যাক কিনে পাও ""ডানকি"" মুভি টিকেট:  [URL] ",60,1,16,16,0,1,0,1,0,0,0,1,1,16,16,0,1,0,1,0,0,0,1
promo,Pathao Food এখন সব অর্ডারে ফ্রি ডেলিভারি দিচ্ছে। বন্ধুদের নিয়ে আড্ডা হোক ঝামেলাহীন। অফার শুধুমাত্র এই সপ্তাহের জন্য।,Bengali,0,1,Pathao Food এখন সব অর্ডারে ফ্রি ডেলিভারি দিচ্ছে। বন্ধুদের নিয়ে আড্ডা হোক ঝামেলাহীন। অফার শুধুমাত্র এই সপ্তাহের জন্য।,Pathao Food এখন সব অর্ডারে ফ্রি ডেলিভারি দিচ্ছে। বন্ধুদের নিয়ে আড্ডা হোক ঝামেলাহীন। অফার শুধুমাত্র এই সপ্তাহের জন্য।,[],0,0,0,0,0,0,0,0,0,0,0,0,Pathao Food এখন সব অর্ডারে ফ্রি ডেলিভারি দিচ্ছে। বন্ধুদের নিয়ে আড্ডা হোক ঝামেলাহীন। অফার শুধুমাত্র এই সপ্তাহের জন্য।,117,0,0,0,0,0,0,0,0,0,0,0,0,0,0,0,0,0,0,0,0,0,0
promo,Robi Music App-এ ৩০ দিনের সাবস্ক্রিপশন মাত্র ৩৯ টাকা। গান শুনুন সীমাহীন।,Bengali,0,1,Robi Music App-এ ৩০ দিনের সাবস্ক্রিপশন মাত্র ৩৯ টাকা। গান শুনুন সীমাহীন।,Robi Music App-এ ৩০ দিনের সাবস্ক্রিপশন মাত্র ৩৯ টাকা। গান শুনুন সীমাহীন।,[],0,0,0,0,0,0,0,0,0,0,0,0,Robi Music App-এ ৩০ দিনের সাবস্ক্রিপশন মাত্র ৩৯ টাকা। গান শুনুন সীমাহীন।,72,0,0,0,0,0,0,0,0,0,0,0,0,0,0,0,0,0,0,0,0,0,0
normal,আমরা শুক্রবার সবাই মিলে গ্রামের বাড়ি যাচ্ছি। অনেকদিন হয়ে গেছে সবাই একসাথে যাওয়া হয়নি। ভাবছি মাছ ধরবো আর আড্ডা দেবো। তুমি আসবে তো আমাদের সাথে?,Bengali,0,0,আমরা শুক্রবার সবাই মিলে গ্রামের বাড়ি যাচ্ছি। অনেকদিন হয়ে গেছে সবাই একসাথে যাওয়া হয়নি। ভাবছি মাছ ধরবো আর আড্ডা দেবো। তুমি আসবে তো আমাদের সাথে?,আমরা শুক্রবার সবাই মিলে গ্রামের বাড়ি যাচ্ছি। অনেকদিন হয়ে গেছে সবাই একসাথে যাওয়া হয়নি। ভাবছি মাছ ধরবো আর আড্ডা দেবো। তুমি আসবে তো আমাদের সাথে?,[],0,0,0,0,0,0,0,0,0,0,0,0,আমরা শুক্রবার সবাই মিলে গ্রামের বাড়ি যাচ্ছি। অনেকদিন হয়ে গেছে সবাই একসাথে যাওয়া হয়নি। ভাবছি মাছ ধরবো আর আড্ডা দেবো। তুমি আসবে তো আমাদের সাথে?,145,0,0,0,0,0,0,0,0,0,0,0,0,0,0,0,0,0,0,0,0,0,0
normal,"প্রিয় শিক্ষার্থী, আপনার টিউশন ফি আজ পর্যন্ত ৩২,৪৫০.০০ টাকা বকেয়া আছে। (পূর্বের লেট ফাইন ও বকেয়াসহ) চলতি মাসের টিউশন ফি (জরিমানা ছাড়া) ১০ই সেপ্টেম্বর, ২০২৪ মধ্যে পরিশোধ করুন। বিস্তারিত https://student.iubat.edu.bd/ লগইন করুন। (IUBAT)",Bengali,1,0,"প্রিয় শিক্ষার্থী, আপনার টিউশন ফি আজ পর্যন্ত ৩২,৪৫০.০০ টাকা বকেয়া আছে। (পূর্বের লেট ফাইন ও বকেয়াসহ) চলতি মাসের টিউশন ফি (জরিমানা ছাড়া) ১০ই সেপ্টেম্বর, ২০২৪ মধ্যে পরিশোধ করুন। বিস্তারিত https://student.iubat.edu.bd/ লগইন করুন। (IUBAT)","প্রিয় শিক্ষার্থী, আপনার টিউশন ফি আজ পর্যন্ত ৩২,৪৫০.০০ টাকা বকেয়া আছে। (পূর্বের লেট ফাইন ও বকেয়াসহ) চলতি মাসের টিউশন ফি (জরিমানা ছাড়া) ১০ই সেপ্টেম্বর, ২০২৪ মধ্যে পরিশোধ করুন। বিস্তারিত https://student.iubat.edu.bd/ লগইন করুন। (IUBAT)",['https://student.iubat.edu.bd/'],1,1,29,29,0,3,0,3,1,0,0,0,"প্রিয় শিক্ষার্থী, আপনার টিউশন ফি আজ পর্যন্ত ৩২,৪৫০.০০ টাকা বকেয়া আছে। (পূর্বের লেট ফাইন ও বকেয়াসহ) চলতি মাসের টিউশন ফি (জরিমানা ছাড়া) ১০ই সেপ্টেম্বর, ২০২৪ মধ্যে পরিশোধ করুন। বিস্তারিত  [URL]  লগইন করুন। (IUBAT)",214,1,29,29,0,3,0,3,1,0,0,0,1,29,29,0,3,0,3,1,0,0,0
promo,রেস্তোরাঁয় খাওয়ার উপর ১৫% ছাড়! অফারটি সীমিত সময়ের জন্য। আজই আসুন!,Bengali,0,1,রেস্তোরাঁয় খাওয়ার উপর ১৫% ছাড়! অফারটি সীমিত সময়ের জন্য। আজই আসুন!,রেস্তোরাঁয় খাওয়ার উপর ১৫% ছাড়! অফারটি সীমিত সময়ের জন্য। আজই আসুন!,[],0,0,0,0,0,0,0,0,0,0,0,0,রেস্তোরাঁয় খাওয়ার উপর ১৫% ছাড়! অফারটি সীমিত সময়ের জন্য। আজই আসুন!,69,0,0,0,0,0,0,0,0,0,0,0,0,0,0,0,0,0,0,0,0,0,0
normal,কাল কি করছো?,Bengali,0,0,কাল কি করছো?,কাল কি করছো?,[],0,0,0,0,0,0,0,0,0,0,0,0,কাল কি করছো?,12,0,0,0,0,0,0,0,0,0,0,0,0,0,0,0,0,0,0,0,0,0,0
promo,"পূর্বাচল সংলগ্ন নাভানা'র ৩,৫ ও ১০ কাঠার প্লট কিনুন – ০১৮৪৭-২১৪০১৯",Bengali,0,1,"পূর্বাচল সংলগ্ন নাভানা'র ৩,৫ ও ১০ কাঠার প্লট কিনুন – ০১৮৪৭-২১৪০১৯","পূর্বাচল সংলগ্ন নাভানা'র ৩,৫ ও ১০ কাঠার প্লট কিনুন - ০১৮৪৭-২১৪০১৯",[],0,0,0,0,0,0,0,0,0,0,0,0,"পূর্বাচল সংলগ্ন নাভানা'র ৩,৫ ও ১০ কাঠার প্লট কিনুন - ০১৮৪৭-২১৪০১৯",65,0,0,0,0,0,0,0,0,0,0,0,0,0,0,0,0,0,0,0,0,0,0
smish,আপনার মোবাইল রিচার্জ করতে কল করুন: +8801812233445,Bengali,0,2,আপনার মোবাইল রিচার্জ করতে কল করুন: +8801812233445,আপনার মোবাইল রিচার্জ করতে কল করুন: +8801812233445,[],0,0,0,0,0,0,0,0,0,0,0,0,আপনার মোবাইল রিচার্জ করতে কল করুন: +8801812233445,49,0,0,0,0,0,0,0,0,0,0,0,0,0,0,0,0,0,0,0,0,0,0
normal,"সময় নাই, ০১৭২৯১৮২৮৯৩ এই নাম্বারে বিকাশ করুন।",Bengali,0,0,"সময় নাই, ০১৭২৯১৮২৮৯৩ এই নাম্বারে বিকাশ করুন।","সময় নাই, ০১৭২৯১৮২৮৯৩ এই নাম্বারে বিকাশ করুন।",[],0,0,0,0,0,0,0,0,0,0,0,0,"সময় নাই, ০১৭২৯১৮২৮৯৩ এই নাম্বারে বিকাশ করুন।",45,0,0,0,0,0,0,0,0,0,0,0,0,0,0,0,0,0,0,0,0,0,0
promo,"আজকের বিশেষ অফার! গ্রামীণফোনে ১ জিবি মাত্র ১৯ টাকা, বৈধতা ২৪ ঘন্টা। কিনতে ডায়াল করুন *121*1#।",Bengali,0,1,"আজকের বিশেষ অফার! গ্রামীণফোনে ১ জিবি মাত্র ১৯ টাকা, বৈধতা ২৪ ঘন্টা। কিনতে ডায়াল করুন *121*1#।","আজকের বিশেষ অফার! গ্রামীণফোনে ১ জিবি মাত্র ১৯ টাকা, বৈধতা ২৪ ঘন্টা। কিনতে ডায়াল করুন *121*1#।",[],0,0,0,0,0,0,0,0,0,0,0,0,"আজকের বিশেষ অফার! গ্রামীণফোনে ১ জিবি মাত্র ১৯ টাকা, বৈধতা ২৪ ঘন্টা। কিনতে ডায়াল করুন *121*1#।",94,0,0,0,0,0,0,0,0,0,0,0,0,0,0,0,0,0,0,0,0,0,0
smish,আপনার নম্বরটি একটি বিশেষ অফারে নির্বাচিত হয়েছে! পুরস্কার পেতে কল করুন +8801711122334,Bengali,0,2,আপনার নম্বরটি একটি বিশেষ অফারে নির্বাচিত হয়েছে! পুরস্কার পেতে কল করুন +8801711122334,আপনার নম্বরটি একটি বিশেষ অফারে নির্বাচিত হয়েছে! পুরস্কার পেতে কল করুন +8801711122334,[],0,0,0,0,0,0,0,0,0,0,0,0,আপনার নম্বরটি একটি বিশেষ অফারে নির্বাচিত হয়েছে! পুরস্কার পেতে কল করুন +8801711122334,85,0,0,0,0,0,0,0,0,0,0,0,0,0,0,0,0,0,0,0,0,0,0
smish,"আপনার বিকাশ অ্যাকাউন্ট থেকে ১২,৮০০ টাকা স্থানান্তর করা হয়েছে। যদি আপনি এই লেনদেন না করে থাকেন তবে এখনই refund-bkash24.com ভিজিট করে পিন ও OTP দিন। সতর্ক থাকুন, সময় সীমিত।",Bengali,1,2,"আপনার বিকাশ অ্যাকাউন্ট থেকে ১২,৮০০ টাকা স্থানান্তর করা হয়েছে। যদি আপনি এই লেনদেন না করে থাকেন তবে এখনই refund-bkash24.com ভিজিট করে পিন ও OTP দিন। সতর্ক থাকুন, সময় সীমিত।","আপনার বিকাশ অ্যাকাউন্ট থেকে ১২,৮০০ টাকা স্থানান্তর করা হয়েছে। যদি আপনি এই লেনদেন না করে থাকেন তবে এখনই refund-bkash24.com ভিজিট করে পিন ও OTP দিন। সতর্ক থাকুন, সময় সীমিত।",['refund-bkash24.com'],1,1,18,18,2,1,1,0,0,0,0,0,"আপনার বিকাশ অ্যাকাউন্ট থেকে ১২,৮০০ টাকা স্থানান্তর করা হয়েছে। যদি আপনি এই লেনদেন না করে থাকেন তবে এখনই  [URL]  ভিজিট করে পিন ও OTP দিন। সতর্ক থাকুন, সময় সীমিত।",161,1,18,18,2,1,1,0,0,0,0,0,1,18,18,2,1,1,0,0,0,0,0
smish,বিপিএল বাজি ধরুন এবং ৭ দিনের জন্য একটি ফ্রি ছুটি জিতুন। ক্লিক করুন: super1000.info/docs,Bengali,1,2,বিপিএল বাজি ধরুন এবং ৭ দিনের জন্য একটি ফ্রি ছুটি জিতুন। ক্লিক করুন: super1000.info/docs,বিপিএল বাজি ধরুন এবং ৭ দিনের জন্য একটি ফ্রি ছুটি জিতুন। ক্লিক করুন: super1000.info/docs,['super1000.info/docs'],1,1,19,19,4,1,0,1,0,0,0,0,বিপিএল বাজি ধরুন এবং ৭ দিনের জন্য একটি ফ্রি ছুটি জিতুন। ক্লিক করুন:  [URL] ,75,1,19,19,4,1,0,1,0,0,0,0,1,19,19,4,1,0,1,0,0,0,0
normal,আসসালামু আলাইকুম। আপনি কেমন আছেন? অনেক দিন খোঁজ নিই না।,Bengali,0,0,আসসালামু আলাইকুম। আপনি কেমন আছেন? অনেক দিন খোঁজ নিই না।,আসসালামু আলাইকুম। আপনি কেমন আছেন? অনেক দিন খোঁজ নিই না।,[],0,0,0,0,0,0,0,0,0,0,0,0,আসসালামু আলাইকুম। আপনি কেমন আছেন? অনেক দিন খোঁজ নিই না।,55,0,0,0,0,0,0,0,0,0,0,0,0,0,0,0,0,0,0,0,0,0,0
normal,"দাদা, আপনার অ্যাপয়েন্টমেন্ট কাল সকাল ১০টায়। ভুলে যাবেন না।",Bengali,0,0,"দাদা, আপনার অ্যাপয়েন্টমেন্ট কাল সকাল ১০টায়। ভুলে যাবেন না।","দাদা, আপনার অ্যাপয়েন্টমেন্ট কাল সকাল ১০টায়। ভুলে যাবেন না।",[],0,0,0,0,0,0,0,0,0,0,0,0,"দাদা, আপনার অ্যাপয়েন্টমেন্ট কাল সকাল ১০টায়। ভুলে যাবেন না।",60,0,0,0,0,0,0,0,0,0,0,0,0,0,0,0,0,0,0,0,0,0,0
smish,শাকিবের সই করা বল জিততে ক্রিকেটে বাজি ধরুন! ক্লিক করুন: xini.eu/00Qe,Bengali,1,2,শাকিবের সই করা বল জিততে ক্রিকেটে বাজি ধরুন! ক্লিক করুন: xini.eu/00Qe,শাকিবের সই করা বল জিততে ক্রিকেটে বাজি ধরুন! ক্লিক করুন: xini.eu/00Qe,['xini.eu/00Qe'],1,1,12,12,2,1,0,1,0,0,0,0,শাকিবের সই করা বল জিততে ক্রিকেটে বাজি ধরুন! ক্লিক করুন:  [URL] ,63,1,12,12,2,1,0,1,0,0,0,0,1,12,12,2,1,0,1,0,0,0,0
smish,"যাদের টেলিগ্রাম আছে তাঁরা আজ থেকে অনেক টাকা ইনকাম করতে পারবেন।https://t.me/Moshiur3412_bot?start=r00372672385
দিনে ১ ঘন্টা সময় ব্যয় করে 500💵 থেকে 1000💵 টাকা ইনকাম করুন। কোন এড ছাড়াই। আপনি কল্পনা করতে পারবেন না যে বিশাল বড় সুযোগ চাচ্ছে আপনার সামনে থেকে💸😱।তাই এই সুযোগ মিস করতে না চাইলে উপরের টেলিগ্রাম লিংকে ক্লিক করুন এখুনি",Bengali,1,2,"যাদের টেলিগ্রাম আছে তাঁরা আজ থেকে অনেক টাকা ইনকাম করতে পারবেন।https://t.me/Moshiur3412_bot?start=r00372672385
দিনে ১ ঘন্টা সময় ব্যয় করে 500💵 থেকে 1000💵 টাকা ইনকাম করুন। কোন এড ছাড়াই। আপনি কল্পনা করতে পারবেন না যে বিশাল বড় সুযোগ চাচ্ছে আপনার সামনে থেকে💸😱।তাই এই সুযোগ মিস করতে না চাইলে উপরের টেলিগ্রাম লিংকে ক্লিক করুন এখুনি",যাদের টেলিগ্রাম আছে তাঁরা আজ থেকে অনেক টাকা ইনকাম করতে পারবেন।https://t.me/Moshiur3412_bot?start=r00372672385 দিনে ১ ঘন্টা সময় ব্যয় করে 500💵 থেকে 1000💵 টাকা ইনকাম করুন। কোন এড ছাড়াই। আপনি কল্পনা করতে পারবেন না যে বিশাল বড় সুযোগ চাচ্ছে আপনার সামনে থেকে💸😱।তাই এই সুযোগ মিস করতে না চাইলে উপরের টেলিগ্রাম লিংকে ক্লিক করুন এখুনি,['https://t.me/Moshiur3412_bot?start=r00372672385'],1,1,47,47,15,1,0,3,1,0,0,0,যাদের টেলিগ্রাম আছে তাঁরা আজ থেকে অনেক টাকা ইনকাম করতে পারবেন। [URL]  দিনে ১ ঘন্টা সময় ব্যয় করে 500💵 থেকে 1000💵 টাকা ইনকাম করুন। কোন এড ছাড়াই। আপনি কল্পনা করতে পারবেন না যে বিশাল বড় সুযোগ চাচ্ছে আপনার সামনে থেকে💸😱।তাই এই সুযোগ মিস করতে না চাইলে উপরের টেলিগ্রাম লিংকে ক্লিক করুন এখুনি,287,1,47,47,15,1,0,3,1,0,0,0,1,47,47,15,1,0,3,1,0,0,0
normal,"তুমি যা করতে চাইবে, তা পারবে।",Bengali,0,0,"তুমি যা করতে চাইবে, তা পারবে।","তুমি যা করতে চাইবে, তা পারবে।",[],0,0,0,0,0,0,0,0,0,0,0,0,"তুমি যা করতে চাইবে, তা পারবে।",29,0,0,0,0,0,0,0,0,0,0,0,0,0,0,0,0,0,0,0,0,0,0
normal,তোমার প্রতিভা অসাধারণ।,Bengali,0,0,তোমার প্রতিভা অসাধারণ।,তোমার প্রতিভা অসাধারণ।,[],0,0,0,0,0,0,0,0,0,0,0,0,তোমার প্রতিভা অসাধারণ।,22,0,0,0,0,0,0,0,0,0,0,0,0,0,0,0,0,0,0,0,0,0,0
normal,ব্যায়াম করতে অভ্যাস করতে হবে।,Bengali,0,0,ব্যায়াম করতে অভ্যাস করতে হবে।,ব্যায়াম করতে অভ্যাস করতে হবে।,[],0,0,0,0,0,0,0,0,0,0,0,0,ব্যায়াম করতে অভ্যাস করতে হবে।,30,0,0,0,0,0,0,0,0,0,0,0,0,0,0,0,0,0,0,0,0,0,0
smish,সোনালী ব্যাংক অ্যাকাউন্টে সমস্যা হয়েছে। কল করুন: +8801813233245,Bengali,0,2,সোনালী ব্যাংক অ্যাকাউন্টে সমস্যা হয়েছে। কল করুন: +8801813233245,সোনালী ব্যাংক অ্যাকাউন্টে সমস্যা হয়েছে। কল করুন: +8801813233245,[],0,0,0,0,0,0,0,0,0,0,0,0,সোনালী ব্যাংক অ্যাকাউন্টে সমস্যা হয়েছে। কল করুন: +8801813233245,64,0,0,0,0,0,0,0,0,0,0,0,0,0,0,0,0,0,0,0,0,0,0
normal,না বললে জানতামই না,Bengali,0,0,না বললে জানতামই না,না বললে জানতামই না,[],0,0,0,0,0,0,0,0,0,0,0,0,না বললে জানতামই না,18,0,0,0,0,0,0,0,0,0,0,0,0,0,0,0,0,0,0,0,0,0,0
normal,অন্যায়ের প্রতি আনুগত্য সম্মান এর পথে বাধা হয়ে দাড়াতে পারে। — সংগৃহীত,Bengali,0,0,অন্যায়ের প্রতি আনুগত্য সম্মান এর পথে বাধা হয়ে দাড়াতে পারে। — সংগৃহীত,অন্যায়ের প্রতি আনুগত্য সম্মান এর পথে বাধা হয়ে দাড়াতে পারে। - সংগৃহীত,[],0,0,0,0,0,0,0,0,0,0,0,0,অন্যায়ের প্রতি আনুগত্য সম্মান এর পথে বাধা হয়ে দাড়াতে পারে। - সংগৃহীত,71,0,0,0,0,0,0,0,0,0,0,0,0,0,0,0,0,0,0,0,0,0,0
promo,থ্যালাসেমিয়া রোগ  থেকে বাঁচতে বিয়ের আগে রক্ত পরীক্ষা করিয়ে নিন । রোগী ও বাহক কিংবা বাহকে বাহকে বিয়ে নয়-বাংলাদেশ থ্যালাসেমিয়া সমিতি।,Bengali,0,1,থ্যালাসেমিয়া রোগ  থেকে বাঁচতে বিয়ের আগে রক্ত পরীক্ষা করিয়ে নিন । রোগী ও বাহক কিংবা বাহকে বাহকে বিয়ে নয়-বাংলাদেশ থ্যালাসেমিয়া সমিতি।,থ্যালাসেমিয়া রোগ থেকে বাঁচতে বিয়ের আগে রক্ত পরীক্ষা করিয়ে নিন । রোগী ও বাহক কিংবা বাহকে বাহকে বিয়ে নয়-বাংলাদেশ থ্যালাসেমিয়া সমিতি।,[],0,0,0,0,0,0,0,0,0,0,0,0,থ্যালাসেমিয়া রোগ থেকে বাঁচতে বিয়ের আগে রক্ত পরীক্ষা করিয়ে নিন । রোগী ও বাহক কিংবা বাহকে বাহকে বিয়ে নয়-বাংলাদেশ থ্যালাসেমিয়া সমিতি।,136,0,0,0,0,0,0,0,0,0,0,0,0,0,0,0,0,0,0,0,0,0,0
smish,সোনালী ব্যাংক ইন্টারনেট ব্যাংকিং সাসপেন্ড হয়েছে। পুনরায় চালু করতে sonali-ibverify.org এ যান এবং অ্যাকাউন্ট ডিটেইলস দিন।,Bengali,1,2,সোনালী ব্যাংক ইন্টারনেট ব্যাংকিং সাসপেন্ড হয়েছে। পুনরায় চালু করতে sonali-ibverify.org এ যান এবং অ্যাকাউন্ট ডিটেইলস দিন।,সোনালী ব্যাংক ইন্টারনেট ব্যাংকিং সাসপেন্ড হয়েছে। পুনরায় চালু করতে sonali-ibverify.org এ যান এবং অ্যাকাউন্ট ডিটেইলস দিন।,['sonali-ibverify.org'],1,1,19,19,0,1,1,0,0,0,0,0,সোনালী ব্যাংক ইন্টারনেট ব্যাংকিং সাসপেন্ড হয়েছে। পুনরায় চালু করতে  [URL]  এ যান এবং অ্যাকাউন্ট ডিটেইলস দিন।,109,1,19,19,0,1,1,0,0,0,0,0,1,19,19,0,1,1,0,0,0,0,0
smish,বাংলাদেশ ব্যাংক অ্যাকাউন্ট ব্লক হয়েছে। পুনরায় চালু করতে কল করুন: +8801713233245,Bengali,0,2,বাংলাদেশ ব্যাংক অ্যাকাউন্ট ব্লক হয়েছে। পুনরায় চালু করতে কল করুন: +8801713233245,বাংলাদেশ ব্যাংক অ্যাকাউন্ট ব্লক হয়েছে। পুনরায় চালু করতে কল করুন: +8801713233245,[],0,0,0,0,0,0,0,0,0,0,0,0,বাংলাদেশ ব্যাংক অ্যাকাউন্ট ব্লক হয়েছে। পুনরায় চালু করতে কল করুন: +8801713233245,81,0,0,0,0,0,0,0,0,0,0,0,0,0,0,0,0,0,0,0,0,0,0
smish,"Banglalink গ্রাহক, আপনার নম্বর ব্লক হতে চলেছে। সেবা চালু রাখতে bl-verify24.org এ জাতীয় পরিচয়পত্র যাচাই করুন।",Bengali,1,2,"Banglalink গ্রাহক, আপনার নম্বর ব্লক হতে চলেছে। সেবা চালু রাখতে bl-verify24.org এ জাতীয় পরিচয়পত্র যাচাই করুন।","Banglalink গ্রাহক, আপনার নম্বর ব্লক হতে চলেছে। সেবা চালু রাখতে bl-verify24.org এ জাতীয় পরিচয়পত্র যাচাই করুন।",['bl-verify24.org'],1,1,15,15,2,1,1,0,0,0,0,0,"Banglalink গ্রাহক, আপনার নম্বর ব্লক হতে চলেছে। সেবা চালু রাখতে  [URL]  এ জাতীয় পরিচয়পত্র যাচাই করুন।",102,1,15,15,2,1,1,0,0,0,0,0,1,15,15,2,1,1,0,0,0,0,0
promo,নতুন ফ্যাশন কালেকশন! শার্ট ও প্যান্টে কম্বো অফার ৪৯৯ টাকা।,Bengali,0,1,নতুন ফ্যাশন কালেকশন! শার্ট ও প্যান্টে কম্বো অফার ৪৯৯ টাকা।,নতুন ফ্যাশন কালেকশন! শার্ট ও প্যান্টে কম্বো অফার ৪৯৯ টাকা।,[],0,0,0,0,0,0,0,0,0,0,0,0,নতুন ফ্যাশন কালেকশন! শার্ট ও প্যান্টে কম্বো অফার ৪৯৯ টাকা।,58,0,0,0,0,0,0,0,0,0,0,0,0,0,0,0,0,0,0,0,0,0,0
normal,"আপনার বিদ্যুৎ বিল বাকি ৯৫০/- টাকা, জলদি পরিশোধ করুন।",Bengali,0,0,"আপনার বিদ্যুৎ বিল বাকি ৯৫০/- টাকা, জলদি পরিশোধ করুন।","আপনার বিদ্যুৎ বিল বাকি ৯৫০/- টাকা, জলদি পরিশোধ করুন।",[],0,0,0,0,0,0,0,0,0,0,0,0,"আপনার বিদ্যুৎ বিল বাকি ৯৫০/- টাকা, জলদি পরিশোধ করুন।",52,0,0,0,0,0,0,0,0,0,0,0,0,0,0,0,0,0,0,0,0,0,0
smish,আপনার পেমেন্টটি প্রক্রিয়া করতে আমাদের আপনার তথ্য প্রয়োজন। এখানে ক্লিক করুন: [verifysecure.com/InfoBD],Bengali,1,2,আপনার পেমেন্টটি প্রক্রিয়া করতে আমাদের আপনার তথ্য প্রয়োজন। এখানে ক্লিক করুন: [verifysecure.com/InfoBD],আপনার পেমেন্টটি প্রক্রিয়া করতে আমাদের আপনার তথ্য প্রয়োজন। এখানে ক্লিক করুন: [verifysecure.com/InfoBD],['verifysecure.com/InfoBD'],1,1,23,23,0,1,0,1,0,0,0,0,আপনার পেমেন্টটি প্রক্রিয়া করতে আমাদের আপনার তথ্য প্রয়োজন। এখানে ক্লিক করুন: [ [URL] ],87,1,23,23,0,1,0,1,0,0,0,0,1,23,23,0,1,0,1,0,0,0,0
normal,আজ সকালে বিদ্যুৎ ছিল না। সবকিছু গরম ও অস্বস্তিকর লাগছিল।,Bengali,0,0,আজ সকালে বিদ্যুৎ ছিল না। সবকিছু গরম ও অস্বস্তিকর লাগছিল।,আজ সকালে বিদ্যুৎ ছিল না। সবকিছু গরম ও অস্বস্তিকর লাগছিল।,[],0,0,0,0,0,0,0,0,0,0,0,0,আজ সকালে বিদ্যুৎ ছিল না। সবকিছু গরম ও অস্বস্তিকর লাগছিল।,56,0,0,0,0,0,0,0,0,0,0,0,0,0,0,0,0,0,0,0,0,0,0
promo,"ফার্নিচারে বিশেষ ছাড়! সোফা, টেবিলে ৩০% পর্যন্ত কমতি।",Bengali,0,1,"ফার্নিচারে বিশেষ ছাড়! সোফা, টেবিলে ৩০% পর্যন্ত কমতি।","ফার্নিচারে বিশেষ ছাড়! সোফা, টেবিলে ৩০% পর্যন্ত কমতি।",[],0,0,0,0,0,0,0,0,0,0,0,0,"ফার্নিচারে বিশেষ ছাড়! সোফা, টেবিলে ৩০% পর্যন্ত কমতি।",53,0,0,0,0,0,0,0,0,0,0,0,0,0,0,0,0,0,0,0,0,0,0
normal,তুমি কি গাড়ি চালাচ্ছো?,Bengali,0,0,তুমি কি গাড়ি চালাচ্ছো?,তুমি কি গাড়ি চালাচ্ছো?,[],0,0,0,0,0,0,0,0,0,0,0,0,তুমি কি গাড়ি চালাচ্ছো?,23,0,0,0,0,0,0,0,0,0,0,0,0,0,0,0,0,0,0,0,0,0,0
promo,টেলিটক নিয়ে এসেছে দেশের সবচেয়ে সাশ্রয়ী ইন্টারনেট প্যাকেজ! আমাদের বিশেষ 'গ্রামের ইন্টারনেট' অফারে মাত্র ১৯৯ টাকায় পাবেন ১৫ জিবি হাই স্পিড ৪জি ইন্টারনেট যা ব্যবহার করতে পারবেন সম্পূর্ণ ৩০ দিন। এই প্যাকেজের বিশেষত্ব হলো গ্রামীণ এলাকাতেও ভালো স্পিড পাবেন এবং রাত ১২টা থেকে সকাল ৬টা পর্যন্ত ডেটা খরচ হবে অর্ধেক। শুধুমাত্র এই মাসের জন্য এই অফার। *১৫২*১৯৯# ডায়াল করে এখনই কিনুন।,Bengali,0,1,টেলিটক নিয়ে এসেছে দেশের সবচেয়ে সাশ্রয়ী ইন্টারনেট প্যাকেজ! আমাদের বিশেষ 'গ্রামের ইন্টারনেট' অফারে মাত্র ১৯৯ টাকায় পাবেন ১৫ জিবি হাই স্পিড ৪জি ইন্টারনেট যা ব্যবহার করতে পারবেন সম্পূর্ণ ৩০ দিন। এই প্যাকেজের বিশেষত্ব হলো গ্রামীণ এলাকাতেও ভালো স্পিড পাবেন এবং রাত ১২টা থেকে সকাল ৬টা পর্যন্ত ডেটা খরচ হবে অর্ধেক। শুধুমাত্র এই মাসের জন্য এই অফার। *১৫২*১৯৯# ডায়াল করে এখনই কিনুন।,টেলিটক নিয়ে এসেছে দেশের সবচেয়ে সাশ্রয়ী ইন্টারনেট প্যাকেজ! আমাদের বিশেষ 'গ্রামের ইন্টারনেট' অফারে মাত্র ১৯৯ টাকায় পাবেন ১৫ জিবি হাই স্পিড ৪জি ইন্টারনেট যা ব্যবহার করতে পারবেন সম্পূর্ণ ৩০ দিন। এই প্যাকেজের বিশেষত্ব হলো গ্রামীণ এলাকাতেও ভালো স্পিড পাবেন এবং রাত ১২টা থেকে সকাল ৬টা পর্যন্ত ডেটা খরচ হবে অর্ধেক। শুধুমাত্র এই মাসের জন্য এই অফার। *১৫২*১৯৯# ডায়াল করে এখনই কিনুন।,[],0,0,0,0,0,0,0,0,0,0,0,0,টেলিটক নিয়ে এসেছে দেশের সবচেয়ে সাশ্রয়ী ইন্টারনেট প্যাকেজ! আমাদের বিশেষ 'গ্রামের ইন্টারনেট' অফারে মাত্র ১৯৯ টাকায় পাবেন ১৫ জিবি হাই স্পিড ৪জি ইন্টারনেট যা ব্যবহার করতে পারবেন সম্পূর্ণ ৩০ দিন। এই প্যাকেজের বিশেষত্ব হলো গ্রামীণ এলাকাতেও ভালো স্পিড পাবেন এবং রাত ১২টা থেকে সকাল ৬টা পর্যন্ত ডেটা খরচ হবে অর্ধেক। শুধুমাত্র এই মাসের জন্য এই অফার। *১৫২*১৯৯# ডায়াল করে এখনই কিনুন।,376,0,0,0,0,0,0,0,0,0,0,0,0,0,0,0,0,0,0,0,0,0,0
promo,"“পাসপোর্ট ও ভিসা সংক্রান্ত তথ্য পেতে পাসপোর্ট বাতায়নে দেশ থেকে ১৬৪৪৫ নম্বরে ও বিদেশ থেকে ০৯৬৬৬৭১৬৪৪৫ নম্বরে ফোন করুন। 
পাসপোর্ট ও ভিসা পেতে সরকার কর্তৃক নির্ধারিত ফি ব্যতীত কোন অর্থ লেনদেন করবেন না।”",Bengali,0,1,"“পাসপোর্ট ও ভিসা সংক্রান্ত তথ্য পেতে পাসপোর্ট বাতায়নে দেশ থেকে ১৬৪৪৫ নম্বরে ও বিদেশ থেকে ০৯৬৬৬৭১৬৪৪৫ নম্বরে ফোন করুন। 
পাসপোর্ট ও ভিসা পেতে সরকার কর্তৃক নির্ধারিত ফি ব্যতীত কোন অর্থ লেনদেন করবেন না।”","""পাসপোর্ট ও ভিসা সংক্রান্ত তথ্য পেতে পাসপোর্ট বাতায়নে দেশ থেকে ১৬৪৪৫ নম্বরে ও বিদেশ থেকে ০৯৬৬৬৭১৬৪৪৫ নম্বরে ফোন করুন। পাসপোর্ট ও ভিসা পেতে সরকার কর্তৃক নির্ধারিত ফি ব্যতীত কোন অর্থ লেনদেন করবেন না।""",[],0,0,0,0,0,0,0,0,0,0,0,0,"""পাসপোর্ট ও ভিসা সংক্রান্ত তথ্য পেতে পাসপোর্ট বাতায়নে দেশ থেকে ১৬৪৪৫ নম্বরে ও বিদেশ থেকে ০৯৬৬৬৭১৬৪৪৫ নম্বরে ফোন করুন। পাসপোর্ট ও ভিসা পেতে সরকার কর্তৃক নির্ধারিত ফি ব্যতীত কোন অর্থ লেনদেন করবেন না।""",199,0,0,0,0,0,0,0,0,0,0,0,0,0,0,0,0,0,0,0,0,0,0
smish,আপনার ব্যাংক অ্যাকাউন্টে অজানা লেনদেন সনাক্ত করা হয়েছে। বিস্তারিত জানতে এখানে ক্লিক করুন: http://bit.ly/UnknownTxn,Bengali,1,2,আপনার ব্যাংক অ্যাকাউন্টে অজানা লেনদেন সনাক্ত করা হয়েছে। বিস্তারিত জানতে এখানে ক্লিক করুন: http://bit.ly/UnknownTxn,আপনার ব্যাংক অ্যাকাউন্টে অজানা লেনদেন সনাক্ত করা হয়েছে। বিস্তারিত জানতে এখানে ক্লিক করুন: http://bit.ly/UnknownTxn,['http://bit.ly/UnknownTxn'],1,1,24,24,0,1,0,3,0,0,0,1,আপনার ব্যাংক অ্যাকাউন্টে অজানা লেনদেন সনাক্ত করা হয়েছে। বিস্তারিত জানতে এখানে ক্লিক করুন:  [URL] ,98,1,24,24,0,1,0,3,0,0,0,1,1,24,24,0,1,0,3,0,0,0,1
normal,"সময় নাই, তাড়াতাড়ি টাকা পাঠাও, বিকাশ ০১৯৩৭৩৮২৮৯৩।",Bengali,0,0,"সময় নাই, তাড়াতাড়ি টাকা পাঠাও, বিকাশ ০১৯৩৭৩৮২৮৯৩।","সময় নাই, তাড়াতাড়ি টাকা পাঠাও, বিকাশ ০১৯৩৭৩৮২৮৯৩।",[],0,0,0,0,0,0,0,0,0,0,0,0,"সময় নাই, তাড়াতাড়ি টাকা পাঠাও, বিকাশ ০১৯৩৭৩৮২৮৯৩।",51,0,0,0,0,0,0,0,0,0,0,0,0,0,0,0,0,0,0,0,0,0,0
promo,নতুন গ্রাহকদের জন্য স্পেশাল অফার! আমাদের সার্ভিসে ৩০% ছাড়।,Bengali,0,1,নতুন গ্রাহকদের জন্য স্পেশাল অফার! আমাদের সার্ভিসে ৩০% ছাড়।,নতুন গ্রাহকদের জন্য স্পেশাল অফার! আমাদের সার্ভিসে ৩০% ছাড়।,[],0,0,0,0,0,0,0,0,0,0,0,0,নতুন গ্রাহকদের জন্য স্পেশাল অফার! আমাদের সার্ভিসে ৩০% ছাড়।,59,0,0,0,0,0,0,0,0,0,0,0,0,0,0,0,0,0,0,0,0,0,0
normal,আমি যে ব্যাপারটি অনেক দুঃখ পেয়েছি সেটি হল বাসায় থাকা।,Bengali,0,0,আমি যে ব্যাপারটি অনেক দুঃখ পেয়েছি সেটি হল বাসায় থাকা।,আমি যে ব্যাপারটি অনেক দুঃখ পেয়েছি সেটি হল বাসায় থাকা।,[],0,0,0,0,0,0,0,0,0,0,0,0,আমি যে ব্যাপারটি অনেক দুঃখ পেয়েছি সেটি হল বাসায় থাকা।,55,0,0,0,0,0,0,0,0,0,0,0,0,0,0,0,0,0,0,0,0,0,0
smish,আপনার গ্রামীণফোন সিম বন্ধ হয়ে যাবে যদি এখনই আপনার তথ্য আপডেট না করেন। ভিজিট করুন: www.gp-update-veri.com এবং সাথে সাথে লগইন করুন।,Bengali,1,2,আপনার গ্রামীণফোন সিম বন্ধ হয়ে যাবে যদি এখনই আপনার তথ্য আপডেট না করেন। ভিজিট করুন: www.gp-update-veri.com এবং সাথে সাথে লগইন করুন।,আপনার গ্রামীণফোন সিম বন্ধ হয়ে যাবে যদি এখনই আপনার তথ্য আপডেট না করেন। ভিজিট করুন: www.gp-update-veri.com এবং সাথে সাথে লগইন করুন।,"['www.', 'gp-update-veri.com']",2,2,22,18,0,2,2,0,0,0,0,0,আপনার গ্রামীণফোন সিম বন্ধ হয়ে যাবে যদি এখনই আপনার তথ্য আপডেট না করেন। ভিজিট করুন:  [URL]  [URL]  এবং সাথে সাথে লগইন করুন।,122,2,22,18,0,2,2,0,0,0,0,0,2,22,18,0,2,2,0,0,0,0,0
smish,ক্রিপ্টো বিনিয়োগে লাভবান হন! আজই শুরু করুন: http://bit.ly/CryptoInvest,Bengali,1,2,ক্রিপ্টো বিনিয়োগে লাভবান হন! আজই শুরু করুন: http://bit.ly/CryptoInvest,ক্রিপ্টো বিনিয়োগে লাভবান হন! আজই শুরু করুন: http://bit.ly/CryptoInvest,['http://bit.ly/CryptoInvest'],1,1,26,26,0,1,0,3,0,0,0,1,ক্রিপ্টো বিনিয়োগে লাভবান হন! আজই শুরু করুন:  [URL] ,52,1,26,26,0,1,0,3,0,0,0,1,1,26,26,0,1,0,3,0,0,0,1
smish,ক্যাসিনোতে বাজি ধরুন এবং ৭ দিনের জন্য একটি ফ্রি ট্রিপ জিতুন! এখনই শুরু করুন: ebayisapidlld.altervista.org/,Bengali,1,2,ক্যাসিনোতে বাজি ধরুন এবং ৭ দিনের জন্য একটি ফ্রি ট্রিপ জিতুন! এখনই শুরু করুন: ebayisapidlld.altervista.org/,ক্যাসিনোতে বাজি ধরুন এবং ৭ দিনের জন্য একটি ফ্রি ট্রিপ জিতুন! এখনই শুরু করুন: ebayisapidlld.altervista.org/,['ebayisapidlld.altervista.org/'],1,1,29,29,0,2,0,1,0,0,0,0,ক্যাসিনোতে বাজি ধরুন এবং ৭ দিনের জন্য একটি ফ্রি ট্রিপ জিতুন! এখনই শুরু করুন:  [URL] ,84,1,29,29,0,2,0,1,0,0,0,0,1,29,29,0,2,0,1,0,0,0,0
promo,ফার্নিচারে মেগা সেল! সব পণ্যে ১৫-৩০% ছাড়। আজই ভিজিট করুন।,Bengali,0,1,ফার্নিচারে মেগা সেল! সব পণ্যে ১৫-৩০% ছাড়। আজই ভিজিট করুন।,ফার্নিচারে মেগা সেল! সব পণ্যে ১৫-৩০% ছাড়। আজই ভিজিট করুন।,[],0,0,0,0,0,0,0,0,0,0,0,0,ফার্নিচারে মেগা সেল! সব পণ্যে ১৫-৩০% ছাড়। আজই ভিজিট করুন।,58,0,0,0,0,0,0,0,0,0,0,0,0,0,0,0,0,0,0,0,0,0,0
normal,আমি কাল রাতের খেলা দেখিনি। তুমি কি বলতে পারো কারা জিতেছে?,Bengali,0,0,আমি কাল রাতের খেলা দেখিনি। তুমি কি বলতে পারো কারা জিতেছে?,আমি কাল রাতের খেলা দেখিনি। তুমি কি বলতে পারো কারা জিতেছে?,[],0,0,0,0,0,0,0,0,0,0,0,0,আমি কাল রাতের খেলা দেখিনি। তুমি কি বলতে পারো কারা জিতেছে?,57,0,0,0,0,0,0,0,0,0,0,0,0,0,0,0,0,0,0,0,0,0,0
smish,আপনার অ্যাকাউন্টে সন্দেহজনক কার্যকলাপ হয়েছে। লগইন করে যাচাই করুন: [secureverify.com/VerifyBD],Bengali,1,2,আপনার অ্যাকাউন্টে সন্দেহজনক কার্যকলাপ হয়েছে। লগইন করে যাচাই করুন: [secureverify.com/VerifyBD],আপনার অ্যাকাউন্টে সন্দেহজনক কার্যকলাপ হয়েছে। লগইন করে যাচাই করুন: [secureverify.com/VerifyBD],['secureverify.com/VerifyBD'],1,1,25,25,0,1,0,1,0,0,0,0,আপনার অ্যাকাউন্টে সন্দেহজনক কার্যকলাপ হয়েছে। লগইন করে যাচাই করুন: [ [URL] ],76,1,25,25,0,1,0,1,0,0,0,0,1,25,25,0,1,0,1,0,0,0,0
smish,bKash অ্যাকাউন্ট পুনরায় চালু করতে কল করুন: +8801714344356,Bengali,0,2,bKash অ্যাকাউন্ট পুনরায় চালু করতে কল করুন: +8801714344356,bKash অ্যাকাউন্ট পুনরায় চালু করতে কল করুন: +8801714344356,[],0,0,0,0,0,0,0,0,0,0,0,0,bKash অ্যাকাউন্ট পুনরায় চালু করতে কল করুন: +8801714344356,58,0,0,0,0,0,0,0,0,0,0,0,0,0,0,0,0,0,0,0,0,0,0
normal,আমার কাছে কোনো নতুন খবর আছে?,Bengali,0,0,আমার কাছে কোনো নতুন খবর আছে?,আমার কাছে কোনো নতুন খবর আছে?,[],0,0,0,0,0,0,0,0,0,0,0,0,আমার কাছে কোনো নতুন খবর আছে?,28,0,0,0,0,0,0,0,0,0,0,0,0,0,0,0,0,0,0,0,0,0,0
promo,Shohoz Food App-এ আজ সব অর্ডারে ১৫% ছাড়। কোড: SHOHOZ15 ব্যবহার করুন। বন্ধুদের সাথে খাবার হোক আরও সাশ্রয়ী।,Bengali,0,1,Shohoz Food App-এ আজ সব অর্ডারে ১৫% ছাড়। কোড: SHOHOZ15 ব্যবহার করুন। বন্ধুদের সাথে খাবার হোক আরও সাশ্রয়ী।,Shohoz Food App-এ আজ সব অর্ডারে ১৫% ছাড়। কোড: SHOHOZ15 ব্যবহার করুন। বন্ধুদের সাথে খাবার হোক আরও সাশ্রয়ী।,[],0,0,0,0,0,0,0,0,0,0,0,0,Shohoz Food App-এ আজ সব অর্ডারে ১৫% ছাড়। কোড: SHOHOZ15 ব্যবহার করুন। বন্ধুদের সাথে খাবার হোক আরও সাশ্রয়ী।,107,0,0,0,0,0,0,0,0,0,0,0,0,0,0,0,0,0,0,0,0,0,0
promo,"Grameenphone FlexiPlan ব্যবহারকারীদের জন্য সুপার অফার: আজ সব বান্ডেল প্যাকে ২৫% ছাড়। মিনিট, এসএমএস আর ডেটা নিজের মত তৈরি করুন। এখনই অ্যাপ চালু করুন।",Bengali,0,1,"Grameenphone FlexiPlan ব্যবহারকারীদের জন্য সুপার অফার: আজ সব বান্ডেল প্যাকে ২৫% ছাড়। মিনিট, এসএমএস আর ডেটা নিজের মত তৈরি করুন। এখনই অ্যাপ চালু করুন।","Grameenphone FlexiPlan ব্যবহারকারীদের জন্য সুপার অফার: আজ সব বান্ডেল প্যাকে ২৫% ছাড়। মিনিট, এসএমএস আর ডেটা নিজের মত তৈরি করুন। এখনই অ্যাপ চালু করুন।",[],0,0,0,0,0,0,0,0,0,0,0,0,"Grameenphone FlexiPlan ব্যবহারকারীদের জন্য সুপার অফার: আজ সব বান্ডেল প্যাকে ২৫% ছাড়। মিনিট, এসএমএস আর ডেটা নিজের মত তৈরি করুন। এখনই অ্যাপ চালু করুন।",149,0,0,0,0,0,0,0,0,0,0,0,0,0,0,0,0,0,0,0,0,0,0
normal,সকাল সকাল ঘুম ভাঙলো। জানালার বাইরে প্রচুর বৃষ্টি হচ্ছে। মনে হচ্ছে আজকে বাইরে যাওয়া ঠিক হবে না।,Bengali,0,0,সকাল সকাল ঘুম ভাঙলো। জানালার বাইরে প্রচুর বৃষ্টি হচ্ছে। মনে হচ্ছে আজকে বাইরে যাওয়া ঠিক হবে না।,সকাল সকাল ঘুম ভাঙলো। জানালার বাইরে প্রচুর বৃষ্টি হচ্ছে। মনে হচ্ছে আজকে বাইরে যাওয়া ঠিক হবে না।,[],0,0,0,0,0,0,0,0,0,0,0,0,সকাল সকাল ঘুম ভাঙলো। জানালার বাইরে প্রচুর বৃষ্টি হচ্ছে। মনে হচ্ছে আজকে বাইরে যাওয়া ঠিক হবে না।,95,0,0,0,0,0,0,0,0,0,0,0,0,0,0,0,0,0,0,0,0,0,0
promo,"৫জিবি+১৫০মিনিট ১৩০টাকা (৩০দিন),ডায়াল *১২১*৫২০৫# বা https://mygp.li/a0",Bengali,1,1,"৫জিবি+১৫০মিনিট ১৩০টাকা (৩০দিন),ডায়াল *১২১*৫২০৫# বা https://mygp.li/a0","৫জিবি+১৫০মিনিট ১৩০টাকা (৩০দিন),ডায়াল *১২১*৫২০৫# বা https://mygp.li/a0",['https://mygp.li/a0'],1,1,18,18,1,1,0,3,1,0,0,0,"৫জিবি+১৫০মিনিট ১৩০টাকা (৩০দিন),ডায়াল *১২১*৫২০৫# বা  [URL] ",59,1,18,18,1,1,0,3,1,0,0,0,1,18,18,1,1,0,3,1,0,0,0
smish,"DBBL কার্ড ব্যবহারকারী, আপনার ৭০,০০০ টাকা পেমেন্ট অস্বাভাবিক মনে হচ্ছে। যাচাই করতে cancel-dbbltxn.org এ প্রবেশ করুন। ৩০ মিনিটের মধ্যে তথ্য না দিলে কার্ড ব্লক হবে।",Bengali,1,2,"DBBL কার্ড ব্যবহারকারী, আপনার ৭০,০০০ টাকা পেমেন্ট অস্বাভাবিক মনে হচ্ছে। যাচাই করতে cancel-dbbltxn.org এ প্রবেশ করুন। ৩০ মিনিটের মধ্যে তথ্য না দিলে কার্ড ব্লক হবে।","DBBL কার্ড ব্যবহারকারী, আপনার ৭০,০০০ টাকা পেমেন্ট অস্বাভাবিক মনে হচ্ছে। যাচাই করতে cancel-dbbltxn.org এ প্রবেশ করুন। ৩০ মিনিটের মধ্যে তথ্য না দিলে কার্ড ব্লক হবে।",['cancel-dbbltxn.org'],1,1,18,18,0,1,1,0,0,0,0,0,"DBBL কার্ড ব্যবহারকারী, আপনার ৭০,০০০ টাকা পেমেন্ট অস্বাভাবিক মনে হচ্ছে। যাচাই করতে  [URL]  এ প্রবেশ করুন। ৩০ মিনিটের মধ্যে তথ্য না দিলে কার্ড ব্লক হবে।",151,1,18,18,0,1,1,0,0,0,0,0,1,18,18,0,1,1,0,0,0,0,0
normal,আজকে বাজারে গিয়ে দেখলাম সবজির দাম অনেক বেড়ে গেছে। কচুপাতা পর্যন্ত ৫০ টাকা কেজি।,Bengali,0,0,আজকে বাজারে গিয়ে দেখলাম সবজির দাম অনেক বেড়ে গেছে। কচুপাতা পর্যন্ত ৫০ টাকা কেজি।,আজকে বাজারে গিয়ে দেখলাম সবজির দাম অনেক বেড়ে গেছে। কচুপাতা পর্যন্ত ৫০ টাকা কেজি।,[],0,0,0,0,0,0,0,0,0,0,0,0,আজকে বাজারে গিয়ে দেখলাম সবজির দাম অনেক বেড়ে গেছে। কচুপাতা পর্যন্ত ৫০ টাকা কেজি।,81,0,0,0,0,0,0,0,0,0,0,0,0,0,0,0,0,0,0,0,0,0,0
smish,"""মেঘের রঙের জন্য স্বাগতম! আসুন আপনার ঘরবসতি সাজিয়ে নেই সহজ কিস্তিতে। অনলাইন অর্ডার দিন এবং সম্ভবত এই মাসের মধ্যে পাওয়ার সুযোগ নিন - ০১৭৪৬৬৩৫৭২৫""",Bengali,0,2,"""মেঘের রঙের জন্য স্বাগতম! আসুন আপনার ঘরবসতি সাজিয়ে নেই সহজ কিস্তিতে। অনলাইন অর্ডার দিন এবং সম্ভবত এই মাসের মধ্যে পাওয়ার সুযোগ নিন - ০১৭৪৬৬৩৫৭২৫""","""মেঘের রঙের জন্য স্বাগতম! আসুন আপনার ঘরবসতি সাজিয়ে নেই সহজ কিস্তিতে। অনলাইন অর্ডার দিন এবং সম্ভবত এই মাসের মধ্যে পাওয়ার সুযোগ নিন - ০১৭৪৬৬৩৫৭২৫""",[],0,0,0,0,0,0,0,0,0,0,0,0,"""মেঘের রঙের জন্য স্বাগতম! আসুন আপনার ঘরবসতি সাজিয়ে নেই সহজ কিস্তিতে। অনলাইন অর্ডার দিন এবং সম্ভবত এই মাসের মধ্যে পাওয়ার সুযোগ নিন - ০১৭৪৬৬৩৫৭২৫""",146,0,0,0,0,0,0,0,0,0,0,0,0,0,0,0,0,0,0,0,0,0,0
smish,"ফ্রিতে মাইনিং করে ইনকাম
https://t.me/hamster_koMbat_bot/start?startapp=kentId6816861581",Bengali,1,2,"ফ্রিতে মাইনিং করে ইনকাম
https://t.me/hamster_koMbat_bot/start?startapp=kentId6816861581",ফ্রিতে মাইনিং করে ইনকাম https://t.me/hamster_koMbat_bot/start?startapp=kentId6816861581,['https://t.me/hamster_koMbat_bot/start?startapp=kentId6816861581'],1,1,63,63,10,1,0,4,1,0,0,0,ফ্রিতে মাইনিং করে ইনকাম  [URL] ,31,1,63,63,10,1,0,4,1,0,0,0,1,63,63,10,1,0,4,1,0,0,0
normal,"আজ দুপুরে বাজারে গিয়ে মাছ কিনলাম। ইলিশ অনেক দামি, তবে ছোট মাছের দাম ঠিক আছে।",Bengali,0,0,"আজ দুপুরে বাজারে গিয়ে মাছ কিনলাম। ইলিশ অনেক দামি, তবে ছোট মাছের দাম ঠিক আছে।","আজ দুপুরে বাজারে গিয়ে মাছ কিনলাম। ইলিশ অনেক দামি, তবে ছোট মাছের দাম ঠিক আছে।",[],0,0,0,0,0,0,0,0,0,0,0,0,"আজ দুপুরে বাজারে গিয়ে মাছ কিনলাম। ইলিশ অনেক দামি, তবে ছোট মাছের দাম ঠিক আছে।",77,0,0,0,0,0,0,0,0,0,0,0,0,0,0,0,0,0,0,0,0,0,0
promo,"এপ্রিল-২৪
রিচার্জ:0৳
খরচ:
ডেটা:19৳
ভয়েস:66৳
অন্যান্য:0৳",Bengali,0,1,"এপ্রিল-২৪
রিচার্জ:0৳
খরচ:
ডেটা:19৳
ভয়েস:66৳
অন্যান্য:0৳",এপ্রিল-২৪ রিচার্জ:0৳ খরচ: ডেটা:19৳ ভয়েস:66৳ অন্যান্য:0৳,[],0,0,0,0,0,0,0,0,0,0,0,0,এপ্রিল-২৪ রিচার্জ:0৳ খরচ: ডেটা:19৳ ভয়েস:66৳ অন্যান্য:0৳,56,0,0,0,0,0,0,0,0,0,0,0,0,0,0,0,0,0,0,0,0,0,0
normal,সেই ব্যক্তিই অভিশপ্ত যে মরে যায় অথচ তার খারাপ কাজগুলো পৃথিবীতে রয়ে যায়। — [আবু বকর (রাদিয়াল্লাহু আনহু)],Bengali,0,0,সেই ব্যক্তিই অভিশপ্ত যে মরে যায় অথচ তার খারাপ কাজগুলো পৃথিবীতে রয়ে যায়। — [আবু বকর (রাদিয়াল্লাহু আনহু)],সেই ব্যক্তিই অভিশপ্ত যে মরে যায় অথচ তার খারাপ কাজগুলো পৃথিবীতে রয়ে যায়। - [আবু বকর (রাদিয়াল্লাহু আনহু)],[],0,0,0,0,0,0,0,0,0,0,0,0,সেই ব্যক্তিই অভিশপ্ত যে মরে যায় অথচ তার খারাপ কাজগুলো পৃথিবীতে রয়ে যায়। - [আবু বকর (রাদিয়াল্লাহু আনহু)],107,0,0,0,0,0,0,0,0,0,0,0,0,0,0,0,0,0,0,0,0,0,0
normal,"সব কিছু ঠিক হয়ে যাবে, ধৈর্য ধরো।",Bengali,0,0,"সব কিছু ঠিক হয়ে যাবে, ধৈর্য ধরো।","সব কিছু ঠিক হয়ে যাবে, ধৈর্য ধরো।",[],0,0,0,0,0,0,0,0,0,0,0,0,"সব কিছু ঠিক হয়ে যাবে, ধৈর্য ধরো।",33,0,0,0,0,0,0,0,0,0,0,0,0,0,0,0,0,0,0,0,0,0,0
normal,"সব ঠিক হয়ে যাবে, চিন্তা কোরো না।",Bengali,0,0,"সব ঠিক হয়ে যাবে, চিন্তা কোরো না।","সব ঠিক হয়ে যাবে, চিন্তা কোরো না।",[],0,0,0,0,0,0,0,0,0,0,0,0,"সব ঠিক হয়ে যাবে, চিন্তা কোরো না।",33,0,0,0,0,0,0,0,0,0,0,0,0,0,0,0,0,0,0,0,0,0,0
smish,"সুবর্ণ সুযোগ! ঘরে বসে ডাটা এন্ট্রি করে প্রতিদিন ১০০০-২০০০ টাকা আয় করুন। রেজিস্ট্রেশন ফি মাত্র ১০০ টাকা। নাম,বয়স,শহর, জাতীয় পরিচয়পত্র নম্বর সহ যোগাযোগ  whatsapp ৭৬০২২৩৬৩১৭",Bengali,0,2,"সুবর্ণ সুযোগ! ঘরে বসে ডাটা এন্ট্রি করে প্রতিদিন ১০০০-২০০০ টাকা আয় করুন। রেজিস্ট্রেশন ফি মাত্র ১০০ টাকা। নাম,বয়স,শহর, জাতীয় পরিচয়পত্র নম্বর সহ যোগাযোগ  whatsapp ৭৬০২২৩৬৩১৭","সুবর্ণ সুযোগ! ঘরে বসে ডাটা এন্ট্রি করে প্রতিদিন ১০০০-২০০০ টাকা আয় করুন। রেজিস্ট্রেশন ফি মাত্র ১০০ টাকা। নাম,বয়স,শহর, জাতীয় পরিচয়পত্র নম্বর সহ যোগাযোগ whatsapp ৭৬০২২৩৬৩১৭",[],0,0,0,0,0,0,0,0,0,0,0,0,"সুবর্ণ সুযোগ! ঘরে বসে ডাটা এন্ট্রি করে প্রতিদিন ১০০০-২০০০ টাকা আয় করুন। রেজিস্ট্রেশন ফি মাত্র ১০০ টাকা। নাম,বয়স,শহর, জাতীয় পরিচয়পত্র নম্বর সহ যোগাযোগ whatsapp ৭৬০২২৩৬৩১৭",173,0,0,0,0,0,0,0,0,0,0,0,0,0,0,0,0,0,0,0,0,0,0
normal,কি করবে তুমি?,Bengali,0,0,কি করবে তুমি?,কি করবে তুমি?,[],0,0,0,0,0,0,0,0,0,0,0,0,কি করবে তুমি?,13,0,0,0,0,0,0,0,0,0,0,0,0,0,0,0,0,0,0,0,0,0,0
smish,"আপনার হাতে থাকা ফোন টি দিয়ে
কাজ টি করতে পারবেন আমার টিমে 
।২০ জন বিশ্বস্ত লোক চাই। যারা পড়াশোনা কিংবা চাকরির পাশাপাশি হালাল ভাবে দৈনিক ৫০০/১০০০টাকা ইনকাম করতে পারবেন যারা৷আগ্ররহী  তারা ইনবক্সে আসুন
সব কিছুই শিখিয়ে দেবো কোন সমস্যা নেই ইনশাআল্লাহ",Bengali,0,2,"আপনার হাতে থাকা ফোন টি দিয়ে
কাজ টি করতে পারবেন আমার টিমে 
।২০ জন বিশ্বস্ত লোক চাই। যারা পড়াশোনা কিংবা চাকরির পাশাপাশি হালাল ভাবে দৈনিক ৫০০/১০০০টাকা ইনকাম করতে পারবেন যারা৷আগ্ররহী  তারা ইনবক্সে আসুন
সব কিছুই শিখিয়ে দেবো কোন সমস্যা নেই ইনশাআল্লাহ",আপনার হাতে থাকা ফোন টি দিয়ে কাজ টি করতে পারবেন আমার টিমে ।২০ জন বিশ্বস্ত লোক চাই। যারা পড়াশোনা কিংবা চাকরির পাশাপাশি হালাল ভাবে দৈনিক ৫০০/১০০০টাকা ইনকাম করতে পারবেন যারা।আগ্ররহী তারা ইনবক্সে আসুন সব কিছুই শিখিয়ে দেবো কোন সমস্যা নেই ইনশাআল্লাহ,[],0,0,0,0,0,0,0,0,0,0,0,0,আপনার হাতে থাকা ফোন টি দিয়ে কাজ টি করতে পারবেন আমার টিমে ।২০ জন বিশ্বস্ত লোক চাই। যারা পড়াশোনা কিংবা চাকরির পাশাপাশি হালাল ভাবে দৈনিক ৫০০/১০০০টাকা ইনকাম করতে পারবেন যারা।আগ্ররহী তারা ইনবক্সে আসুন সব কিছুই শিখিয়ে দেবো কোন সমস্যা নেই ইনশাআল্লাহ,245,0,0,0,0,0,0,0,0,0,0,0,0,0,0,0,0,0,0,0,0,0,0
normal,আমার প্রিয় মানুষ যারা জীবন নিয়ে আমার পরিবারে সমস্যা আছে সেগুলোকে আমি সমাধান করতে চাই।,Bengali,0,0,আমার প্রিয় মানুষ যারা জীবন নিয়ে আমার পরিবারে সমস্যা আছে সেগুলোকে আমি সমাধান করতে চাই।,আমার প্রিয় মানুষ যারা জীবন নিয়ে আমার পরিবারে সমস্যা আছে সেগুলোকে আমি সমাধান করতে চাই।,[],0,0,0,0,0,0,0,0,0,0,0,0,আমার প্রিয় মানুষ যারা জীবন নিয়ে আমার পরিবারে সমস্যা আছে সেগুলোকে আমি সমাধান করতে চাই।,87,0,0,0,0,0,0,0,0,0,0,0,0,0,0,0,0,0,0,0,0,0,0
normal,অনলাইনে নির্বাচন কিভাবে করা যাবে,Bengali,0,0,অনলাইনে নির্বাচন কিভাবে করা যাবে,অনলাইনে নির্বাচন কিভাবে করা যাবে,[],0,0,0,0,0,0,0,0,0,0,0,0,অনলাইনে নির্বাচন কিভাবে করা যাবে,32,0,0,0,0,0,0,0,0,0,0,0,0,0,0,0,0,0,0,0,0,0,0
promo,"শেখ হাসিনা সরকারের সাফল্য: 
২০০৬ সালে সামাজিক নিরাপত্তা খাতে বরাদ্দ ছিল মাত্র ২ হাজার ৫০৫ কোটি টাকা। ২০২৩ সালে বেড়ে দাঁড়িয়েছে ১ লক্ষ ২৬ হাজার ২৭২ কোটি টাকা।",Bengali,0,1,"শেখ হাসিনা সরকারের সাফল্য: 
২০০৬ সালে সামাজিক নিরাপত্তা খাতে বরাদ্দ ছিল মাত্র ২ হাজার ৫০৫ কোটি টাকা। ২০২৩ সালে বেড়ে দাঁড়িয়েছে ১ লক্ষ ২৬ হাজার ২৭২ কোটি টাকা।",শেখ হাসিনা সরকারের সাফল্য: ২০০৬ সালে সামাজিক নিরাপত্তা খাতে বরাদ্দ ছিল মাত্র ২ হাজার ৫০৫ কোটি টাকা। ২০২৩ সালে বেড়ে দাঁড়িয়েছে ১ লক্ষ ২৬ হাজার ২৭২ কোটি টাকা।,[],0,0,0,0,0,0,0,0,0,0,0,0,শেখ হাসিনা সরকারের সাফল্য: ২০০৬ সালে সামাজিক নিরাপত্তা খাতে বরাদ্দ ছিল মাত্র ২ হাজার ৫০৫ কোটি টাকা। ২০২৩ সালে বেড়ে দাঁড়িয়েছে ১ লক্ষ ২৬ হাজার ২৭২ কোটি টাকা।,158,0,0,0,0,0,0,0,0,0,0,0,0,0,0,0,0,0,0,0,0,0,0
smish,আপনার মোবাইল নম্বর লটারিতে জিতেছে! ৮ লক্ষ টাকা নিতে কল: 01999888777,Bengali,0,2,আপনার মোবাইল নম্বর লটারিতে জিতেছে! ৮ লক্ষ টাকা নিতে কল: 01999888777,আপনার মোবাইল নম্বর লটারিতে জিতেছে! ৮ লক্ষ টাকা নিতে কল: 01999888777,[],0,0,0,0,0,0,0,0,0,0,0,0,আপনার মোবাইল নম্বর লটারিতে জিতেছে! ৮ লক্ষ টাকা নিতে কল: 01999888777,67,0,0,0,0,0,0,0,0,0,0,0,0,0,0,0,0,0,0,0,0,0,0
normal,"০১৮২৭২৮৩৮৯২ এই নাম্বারে কল করুন, জরুরি।",Bengali,0,0,"০১৮২৭২৮৩৮৯২ এই নাম্বারে কল করুন, জরুরি।","০১৮২৭২৮৩৮৯২ এই নাম্বারে কল করুন, জরুরি।",[],0,0,0,0,0,0,0,0,0,0,0,0,"০১৮২৭২৮৩৮৯২ এই নাম্বারে কল করুন, জরুরি।",39,0,0,0,0,0,0,0,0,0,0,0,0,0,0,0,0,0,0,0,0,0,0
normal,"দুঃখিত, আমার রুমমেটরা অনেক সময় নিল, এখন যেতে পারি?",Bengali,0,0,"দুঃখিত, আমার রুমমেটরা অনেক সময় নিল, এখন যেতে পারি?","দুঃখিত, আমার রুমমেটরা অনেক সময় নিল, এখন যেতে পারি?",[],0,0,0,0,0,0,0,0,0,0,0,0,"দুঃখিত, আমার রুমমেটরা অনেক সময় নিল, এখন যেতে পারি?",51,0,0,0,0,0,0,0,0,0,0,0,0,0,0,0,0,0,0,0,0,0,0
smish,আপনার লেনদেনটি সম্পূর্ণ করতে এখানে ক্লিক করুন: [transactionverify.com/CompleteBD],Bengali,1,2,আপনার লেনদেনটি সম্পূর্ণ করতে এখানে ক্লিক করুন: [transactionverify.com/CompleteBD],আপনার লেনদেনটি সম্পূর্ণ করতে এখানে ক্লিক করুন: [transactionverify.com/CompleteBD],['transactionverify.com/CompleteBD'],1,1,32,32,0,1,0,1,0,0,0,0,আপনার লেনদেনটি সম্পূর্ণ করতে এখানে ক্লিক করুন: [ [URL] ],56,1,32,32,0,1,0,1,0,0,0,0,1,32,32,0,1,0,1,0,0,0,0
promo,"১৭ মে বিশ্ব টেলিযোগাযোগ ও তথ্য সংঘ দিবস, ২০২৩ এর প্রতিপাদ্য বিষয়
“তথ্য ও যোগাযোগ প্রযুক্তির উন্নয়ন
স্বল্পোন্নত দেশসমূহের ক্ষমতায়ন”-ডাক ও টেলিযোগাযোগ বিভাগ।",Bengali,0,1,"১৭ মে বিশ্ব টেলিযোগাযোগ ও তথ্য সংঘ দিবস, ২০২৩ এর প্রতিপাদ্য বিষয়
“তথ্য ও যোগাযোগ প্রযুক্তির উন্নয়ন
স্বল্পোন্নত দেশসমূহের ক্ষমতায়ন”-ডাক ও টেলিযোগাযোগ বিভাগ।","১৭ মে বিশ্ব টেলিযোগাযোগ ও তথ্য সংঘ দিবস, ২০২৩ এর প্রতিপাদ্য বিষয় ""তথ্য ও যোগাযোগ প্রযুক্তির উন্নয়ন স্বল্পোন্নত দেশসমূহের ক্ষমতায়ন""-ডাক ও টেলিযোগাযোগ বিভাগ।",[],0,0,0,0,0,0,0,0,0,0,0,0,"১৭ মে বিশ্ব টেলিযোগাযোগ ও তথ্য সংঘ দিবস, ২০২৩ এর প্রতিপাদ্য বিষয় ""তথ্য ও যোগাযোগ প্রযুক্তির উন্নয়ন স্বল্পোন্নত দেশসমূহের ক্ষমতায়ন""-ডাক ও টেলিযোগাযোগ বিভাগ।",158,0,0,0,0,0,0,0,0,0,0,0,0,0,0,0,0,0,0,0,0,0,0
smish,"bKash অ্যাকাউন্টে ৫,০০০ টাকা জমা হয়েছে। বিস্তারিত জানতে এখানে ক্লিক করুন: https://wa.me/8801713233245",Bengali,1,2,"bKash অ্যাকাউন্টে ৫,০০০ টাকা জমা হয়েছে। বিস্তারিত জানতে এখানে ক্লিক করুন: https://wa.me/8801713233245","bKash অ্যাকাউন্টে ৫,০০০ টাকা জমা হয়েছে। বিস্তারিত জানতে এখানে ক্লিক করুন: https://wa.me/8801713233245",['https://wa.me/8801713233245'],1,1,27,27,13,1,0,3,1,0,0,0,"bKash অ্যাকাউন্টে ৫,০০০ টাকা জমা হয়েছে। বিস্তারিত জানতে এখানে ক্লিক করুন:  [URL] ",82,1,27,27,13,1,0,3,1,0,0,0,1,27,27,13,1,0,3,1,0,0,0
normal,তোমার প্রিয় খাবার কি?,Bengali,0,0,তোমার প্রিয় খাবার কি?,তোমার প্রিয় খাবার কি?,[],0,0,0,0,0,0,0,0,0,0,0,0,তোমার প্রিয় খাবার কি?,22,0,0,0,0,0,0,0,0,0,0,0,0,0,0,0,0,0,0,0,0,0,0
smish,"❤️কেউ যদি অনলাইনে কাজ করতে চান এড ফি ছাড়া তাহলে ইনবক্স করুন যতটুকু পাড়ি সাহায্য করমু ইনশাআল্লাহ 🫶🫶🫶

📣💁‍♂️ দিন বদলাচ্ছে নেটওয়ার্ক মার্কেটারদের। 🧑‍💻

❤️‍🔥 এখন বিশ্বে প্রায় ৩২ লক্ষ তরুণ তরুণী   নেটওয়ার্ক মার্কেটিং নিয়ে কাজ করছেন। ঘরে বসেই আয় করেন ডলার। অন্যদেরও সুযোগ করে দিচ্ছেন। 🥀  ইনশাল্লাহ আপনারাও ইনকাম পাবেন  🥀 😊
Free income site link- 
https://www.highcpmgate.com/muigh4ey03?key=beb861fae1d527a916402431ed1e7eb8",Bengali,1,2,"❤️কেউ যদি অনলাইনে কাজ করতে চান এড ফি ছাড়া তাহলে ইনবক্স করুন যতটুকু পাড়ি সাহায্য করমু ইনশাআল্লাহ 🫶🫶🫶

📣💁‍♂️ দিন বদলাচ্ছে নেটওয়ার্ক মার্কেটারদের। 🧑‍💻

❤️‍🔥 এখন বিশ্বে প্রায় ৩২ লক্ষ তরুণ তরুণী   নেটওয়ার্ক মার্কেটিং নিয়ে কাজ করছেন। ঘরে বসেই আয় করেন ডলার। অন্যদেরও সুযোগ করে দিচ্ছেন। 🥀  ইনশাল্লাহ আপনারাও ইনকাম পাবেন  🥀 😊
Free income site link- 
https://www.highcpmgate.com/muigh4ey03?key=beb861fae1d527a916402431ed1e7eb8",❤️কেউ যদি অনলাইনে কাজ করতে চান এড ফি ছাড়া তাহলে ইনবক্স করুন যতটুকু পাড়ি সাহায্য করমু ইনশাআল্লাহ 🫶🫶🫶 📣💁‍♂️ দিন বদলাচ্ছে নেটওয়ার্ক মার্কেটারদের। 🧑‍💻 ❤️‍🔥 এখন বিশ্বে প্রায় ৩২ লক্ষ তরুণ তরুণী নেটওয়ার্ক মার্কেটিং নিয়ে কাজ করছেন। ঘরে বসেই আয় করেন ডলার। অন্যদেরও সুযোগ করে দিচ্ছেন। 🥀 ইনশাল্লাহ আপনারাও ইনকাম পাবেন 🥀 😊 Free income site link- https://www.highcpmgate.com/muigh4ey03?key=beb861fae1d527a916402431ed1e7eb8,"['https://www.', 'highcpmgate.com/muigh4ey03?key=beb861fae1d527a916402431ed1e7eb8']",2,2,75,63,22,2,0,3,1,0,0,0,❤️কেউ যদি অনলাইনে কাজ করতে চান এড ফি ছাড়া তাহলে ইনবক্স করুন যতটুকু পাড়ি সাহায্য করমু ইনশাআল্লাহ 🫶🫶🫶 📣💁‍♂️ দিন বদলাচ্ছে নেটওয়ার্ক মার্কেটারদের। 🧑‍💻 ❤️‍🔥 এখন বিশ্বে প্রায় ৩২ লক্ষ তরুণ তরুণী নেটওয়ার্ক মার্কেটিং নিয়ে কাজ করছেন। ঘরে বসেই আয় করেন ডলার। অন্যদেরও সুযোগ করে দিচ্ছেন। 🥀 ইনশাল্লাহ আপনারাও ইনকাম পাবেন 🥀 😊 Free income site link-  [URL]  [URL] ,355,2,75,63,22,2,0,3,1,0,0,0,2,75,63,22,2,0,3,1,0,0,0
smish,"GP App লগইন ব্যর্থ হয়েছে। আপনার একাউন্ট ব্লক হতে চলেছে। অবিলম্বে gp-update24.org এ লগইন করে আপনার নাম্বার, OTP এবং পিন যাচাই করুন।",Bengali,1,2,"GP App লগইন ব্যর্থ হয়েছে। আপনার একাউন্ট ব্লক হতে চলেছে। অবিলম্বে gp-update24.org এ লগইন করে আপনার নাম্বার, OTP এবং পিন যাচাই করুন।","GP App লগইন ব্যর্থ হয়েছে। আপনার একাউন্ট ব্লক হতে চলেছে। অবিলম্বে gp-update24.org এ লগইন করে আপনার নাম্বার, OTP এবং পিন যাচাই করুন।",['gp-update24.org'],1,1,15,15,2,1,1,0,0,0,0,0,"GP App লগইন ব্যর্থ হয়েছে। আপনার একাউন্ট ব্লক হতে চলেছে। অবিলম্বে  [URL]  এ লগইন করে আপনার নাম্বার, OTP এবং পিন যাচাই করুন।",123,1,15,15,2,1,1,0,0,0,0,0,1,15,15,2,1,1,0,0,0,0,0
normal,আমার নতুন ল্যাপটপটা সত্যিই অসাধারণ। গতকাল সেটআপ করে কাজ শুরু করেছি। এখন প্রোগ্রামিং করা অনেক সহজ লাগছে। তুমি চাইলে একদিন দেখে যেতে পারো।,Bengali,0,0,আমার নতুন ল্যাপটপটা সত্যিই অসাধারণ। গতকাল সেটআপ করে কাজ শুরু করেছি। এখন প্রোগ্রামিং করা অনেক সহজ লাগছে। তুমি চাইলে একদিন দেখে যেতে পারো।,আমার নতুন ল্যাপটপটা সত্যিই অসাধারণ। গতকাল সেটআপ করে কাজ শুরু করেছি। এখন প্রোগ্রামিং করা অনেক সহজ লাগছে। তুমি চাইলে একদিন দেখে যেতে পারো।,[],0,0,0,0,0,0,0,0,0,0,0,0,আমার নতুন ল্যাপটপটা সত্যিই অসাধারণ। গতকাল সেটআপ করে কাজ শুরু করেছি। এখন প্রোগ্রামিং করা অনেক সহজ লাগছে। তুমি চাইলে একদিন দেখে যেতে পারো।,136,0,0,0,0,0,0,0,0,0,0,0,0,0,0,0,0,0,0,0,0,0,0
normal,"আমি ভালো আছি, আপনি কেমন আছেন?",Bengali,0,0,"আমি ভালো আছি, আপনি কেমন আছেন?","আমি ভালো আছি, আপনি কেমন আছেন?",[],0,0,0,0,0,0,0,0,0,0,0,0,"আমি ভালো আছি, আপনি কেমন আছেন?",29,0,0,0,0,0,0,0,0,0,0,0,0,0,0,0,0,0,0,0,0,0,0
promo,বিকাশ অ্যাপ এ ২ জুন থেকে 'মাই চ্যালেঞ্জ' আইকন দেখতে না পেলেও বিকাশ এর অফার উপভোগ করে ক্যাশব্যাক পাবেন। বিকাশ অ্যাপ এর সাথেই থাকুন।,Bengali,0,1,বিকাশ অ্যাপ এ ২ জুন থেকে 'মাই চ্যালেঞ্জ' আইকন দেখতে না পেলেও বিকাশ এর অফার উপভোগ করে ক্যাশব্যাক পাবেন। বিকাশ অ্যাপ এর সাথেই থাকুন।,বিকাশ অ্যাপ এ ২ জুন থেকে 'মাই চ্যালেঞ্জ' আইকন দেখতে না পেলেও বিকাশ এর অফার উপভোগ করে ক্যাশব্যাক পাবেন। বিকাশ অ্যাপ এর সাথেই থাকুন।,[],0,0,0,0,0,0,0,0,0,0,0,0,বিকাশ অ্যাপ এ ২ জুন থেকে 'মাই চ্যালেঞ্জ' আইকন দেখতে না পেলেও বিকাশ এর অফার উপভোগ করে ক্যাশব্যাক পাবেন। বিকাশ অ্যাপ এর সাথেই থাকুন।,130,0,0,0,0,0,0,0,0,0,0,0,0,0,0,0,0,0,0,0,0,0,0
promo,“০৫ মে আন্তর্জাতিক মিডওয়াইফ দিবস। এবারের প্রতিপাদ্য-তথ্য থেকে বাস্তবেঃ সকল মিডওয়াইফ এক সাথে।”,Bengali,0,1,“০৫ মে আন্তর্জাতিক মিডওয়াইফ দিবস। এবারের প্রতিপাদ্য-তথ্য থেকে বাস্তবেঃ সকল মিডওয়াইফ এক সাথে।”,"""০৫ মে আন্তর্জাতিক মিডওয়াইফ দিবস। এবারের প্রতিপাদ্য-তথ্য থেকে বাস্তবেঃ সকল মিডওয়াইফ এক সাথে।""",[],0,0,0,0,0,0,0,0,0,0,0,0,"""০৫ মে আন্তর্জাতিক মিডওয়াইফ দিবস। এবারের প্রতিপাদ্য-তথ্য থেকে বাস্তবেঃ সকল মিডওয়াইফ এক সাথে।""",95,0,0,0,0,0,0,0,0,0,0,0,0,0,0,0,0,0,0,0,0,0,0
smish,আসসালামুয়ালাইকুম! আপনি কি বারিতে বসে কোন টাকা ইনভেস্ট না কোরে টাকা ইনকাম করতে পারেন? Tahole Amader Bot E Kaj korun. Amader Bot E Apni Kono Investment Chara Income Corte Parben . বট লিঙ্ক:- https://t.me/free_online_income_24bot,Bengali,1,2,আসসালামুয়ালাইকুম! আপনি কি বারিতে বসে কোন টাকা ইনভেস্ট না কোরে টাকা ইনকাম করতে পারেন? Tahole Amader Bot E Kaj korun. Amader Bot E Apni Kono Investment Chara Income Corte Parben . বট লিঙ্ক:- https://t.me/free_online_income_24bot,আসসালামুয়ালাইকুম! আপনি কি বারিতে বসে কোন টাকা ইনভেস্ট না কোরে টাকা ইনকাম করতে পারেন? Tahole Amader Bot E Kaj korun. Amader Bot E Apni Kono Investment Chara Income Corte Parben . বট লিঙ্ক:- https://t.me/free_online_income_24bot,['https://t.me/free_online_income_24bot'],1,1,37,37,2,1,0,3,1,0,0,0,আসসালামুয়ালাইকুম! আপনি কি বারিতে বসে কোন টাকা ইনভেস্ট না কোরে টাকা ইনকাম করতে পারেন? Tahole Amader Bot E Kaj korun. Amader Bot E Apni Kono Investment Chara Income Corte Parben . বট লিঙ্ক:-  [URL] ,197,1,37,37,2,1,0,3,1,0,0,0,1,37,37,2,1,0,3,1,0,0,0
smish,আপনার গ্রামীণফোন ইন্টারনেট প্যাক বাতিল হবে যদি ৩০ মিনিটের মধ্যে পুনরায় রিচার্জ না করেন। তৎক্ষণাৎ রিচার্জ করুন recharge-gp24.com এ।,Bengali,1,2,আপনার গ্রামীণফোন ইন্টারনেট প্যাক বাতিল হবে যদি ৩০ মিনিটের মধ্যে পুনরায় রিচার্জ না করেন। তৎক্ষণাৎ রিচার্জ করুন recharge-gp24.com এ।,আপনার গ্রামীণফোন ইন্টারনেট প্যাক বাতিল হবে যদি ৩০ মিনিটের মধ্যে পুনরায় রিচার্জ না করেন। তৎক্ষণাৎ রিচার্জ করুন recharge-gp24.com এ।,['recharge-gp24.com'],1,1,17,17,2,1,1,0,0,0,0,0,আপনার গ্রামীণফোন ইন্টারনেট প্যাক বাতিল হবে যদি ৩০ মিনিটের মধ্যে পুনরায় রিচার্জ না করেন। তৎক্ষণাৎ রিচার্জ করুন  [URL]  এ।,121,1,17,17,2,1,1,0,0,0,0,0,1,17,17,2,1,1,0,0,0,0,0
normal,"দোস্ত, আজ বিকেলে ফুটবল খেলা দেখবো। তোমার বাসায় আসবো।",Bengali,0,0,"দোস্ত, আজ বিকেলে ফুটবল খেলা দেখবো। তোমার বাসায় আসবো।","দোস্ত, আজ বিকেলে ফুটবল খেলা দেখবো। তোমার বাসায় আসবো।",[],0,0,0,0,0,0,0,0,0,0,0,0,"দোস্ত, আজ বিকেলে ফুটবল খেলা দেখবো। তোমার বাসায় আসবো।",53,0,0,0,0,0,0,0,0,0,0,0,0,0,0,0,0,0,0,0,0,0,0
normal,"আসসালামু আলাইকুম মামা, আশা করি আপনি ভালো আছেন। আমি গতকাল ঢাকা থেকে কুমিল্লা এসেছি এবং আজ সকাল থেকেই আপনাদের সাথে দেখা করার জন্য অপেক্ষা করছি। আম্মু বলেছেন আপনার স্বাস্থ্যের অবস্থা ভালো নেই এবং ডাক্তার নিয়মিত ওষুধ খেতে বলেছেন। আজ বিকেলে যদি সুবিধা হয় তাহলে আমি আপনার বাসায় আসবো এবং প্রয়োজনীয় ওষুধপত্র নিয়ে আসবো।",Bengali,0,0,"আসসালামু আলাইকুম মামা, আশা করি আপনি ভালো আছেন। আমি গতকাল ঢাকা থেকে কুমিল্লা এসেছি এবং আজ সকাল থেকেই আপনাদের সাথে দেখা করার জন্য অপেক্ষা করছি। আম্মু বলেছেন আপনার স্বাস্থ্যের অবস্থা ভালো নেই এবং ডাক্তার নিয়মিত ওষুধ খেতে বলেছেন। আজ বিকেলে যদি সুবিধা হয় তাহলে আমি আপনার বাসায় আসবো এবং প্রয়োজনীয় ওষুধপত্র নিয়ে আসবো।","আসসালামু আলাইকুম মামা, আশা করি আপনি ভালো আছেন। আমি গতকাল ঢাকা থেকে কুমিল্লা এসেছি এবং আজ সকাল থেকেই আপনাদের সাথে দেখা করার জন্য অপেক্ষা করছি। আম্মু বলেছেন আপনার স্বাস্থ্যের অবস্থা ভালো নেই এবং ডাক্তার নিয়মিত ওষুধ খেতে বলেছেন। আজ বিকেলে যদি সুবিধা হয় তাহলে আমি আপনার বাসায় আসবো এবং প্রয়োজনীয় ওষুধপত্র নিয়ে আসবো।",[],0,0,0,0,0,0,0,0,0,0,0,0,"আসসালামু আলাইকুম মামা, আশা করি আপনি ভালো আছেন। আমি গতকাল ঢাকা থেকে কুমিল্লা এসেছি এবং আজ সকাল থেকেই আপনাদের সাথে দেখা করার জন্য অপেক্ষা করছি। আম্মু বলেছেন আপনার স্বাস্থ্যের অবস্থা ভালো নেই এবং ডাক্তার নিয়মিত ওষুধ খেতে বলেছেন। আজ বিকেলে যদি সুবিধা হয় তাহলে আমি আপনার বাসায় আসবো এবং প্রয়োজনীয় ওষুধপত্র নিয়ে আসবো।",316,0,0,0,0,0,0,0,0,0,0,0,0,0,0,0,0,0,0,0,0,0,0
promo,এয়ারটেল বিশেষ অফার! ১জিবি ডেটা মাত্র ১২ টাকা। ৭ দিনের মেয়াদ। *৫৫৫# ডায়াল করুন।,Bengali,0,1,এয়ারটেল বিশেষ অফার! ১জিবি ডেটা মাত্র ১২ টাকা। ৭ দিনের মেয়াদ। *৫৫৫# ডায়াল করুন।,এয়ারটেল বিশেষ অফার! ১জিবি ডেটা মাত্র ১২ টাকা। ৭ দিনের মেয়াদ। *৫৫৫# ডায়াল করুন।,[],0,0,0,0,0,0,0,0,0,0,0,0,এয়ারটেল বিশেষ অফার! ১জিবি ডেটা মাত্র ১২ টাকা। ৭ দিনের মেয়াদ। *৫৫৫# ডায়াল করুন।,81,0,0,0,0,0,0,0,0,0,0,0,0,0,0,0,0,0,0,0,0,0,0
normal,কবে তোমাকে দেখা হবে? আমি এখানে আসতে চেষ্টা করবো। তুমি?,Bengali,0,0,কবে তোমাকে দেখা হবে? আমি এখানে আসতে চেষ্টা করবো। তুমি?,কবে তোমাকে দেখা হবে? আমি এখানে আসতে চেষ্টা করবো। তুমি?,[],0,0,0,0,0,0,0,0,0,0,0,0,কবে তোমাকে দেখা হবে? আমি এখানে আসতে চেষ্টা করবো। তুমি?,54,0,0,0,0,0,0,0,0,0,0,0,0,0,0,0,0,0,0,0,0,0,0
normal,বই পড়ার পরিবার নির্মাণের জন্য সময় দিতে চাই।,Bengali,0,0,বই পড়ার পরিবার নির্মাণের জন্য সময় দিতে চাই।,বই পড়ার পরিবার নির্মাণের জন্য সময় দিতে চাই।,[],0,0,0,0,0,0,0,0,0,0,0,0,বই পড়ার পরিবার নির্মাণের জন্য সময় দিতে চাই।,45,0,0,0,0,0,0,0,0,0,0,0,0,0,0,0,0,0,0,0,0,0,0
smish,"আপনার DBBL কার্ড লেনদেন প্রত্যাখ্যাত হয়েছে। পুনরায় অ্যাক্টিভ করতে dbbl-cardupdate.org এ গিয়ে কার্ডের নাম্বার, CVV এবং OTP দিন। না করলে কার্ড বন্ধ হয়ে যাবে।",Bengali,1,2,"আপনার DBBL কার্ড লেনদেন প্রত্যাখ্যাত হয়েছে। পুনরায় অ্যাক্টিভ করতে dbbl-cardupdate.org এ গিয়ে কার্ডের নাম্বার, CVV এবং OTP দিন। না করলে কার্ড বন্ধ হয়ে যাবে।","আপনার DBBL কার্ড লেনদেন প্রত্যাখ্যাত হয়েছে। পুনরায় অ্যাক্টিভ করতে dbbl-cardupdate.org এ গিয়ে কার্ডের নাম্বার, CVV এবং OTP দিন। না করলে কার্ড বন্ধ হয়ে যাবে।",['dbbl-cardupdate.org'],1,1,19,19,0,1,1,0,0,0,0,0,"আপনার DBBL কার্ড লেনদেন প্রত্যাখ্যাত হয়েছে। পুনরায় অ্যাক্টিভ করতে  [URL]  এ গিয়ে কার্ডের নাম্বার, CVV এবং OTP দিন। না করলে কার্ড বন্ধ হয়ে যাবে।",147,1,19,19,0,1,1,0,0,0,0,0,1,19,19,0,1,1,0,0,0,0,0
normal,তোমার দিন কেমন কাটছে?,Bengali,0,0,তোমার দিন কেমন কাটছে?,তোমার দিন কেমন কাটছে?,[],0,0,0,0,0,0,0,0,0,0,0,0,তোমার দিন কেমন কাটছে?,21,0,0,0,0,0,0,0,0,0,0,0,0,0,0,0,0,0,0,0,0,0,0
promo,বিকাশে ৫০০০ টাকা ডিপোজিট করলে ১০০০ টাকা বোনাস! আজই সুযোগ নিন।,Bengali,0,1,বিকাশে ৫০০০ টাকা ডিপোজিট করলে ১০০০ টাকা বোনাস! আজই সুযোগ নিন।,বিকাশে ৫০০০ টাকা ডিপোজিট করলে ১০০০ টাকা বোনাস! আজই সুযোগ নিন।,[],0,0,0,0,0,0,0,0,0,0,0,0,বিকাশে ৫০০০ টাকা ডিপোজিট করলে ১০০০ টাকা বোনাস! আজই সুযোগ নিন।,61,0,0,0,0,0,0,0,0,0,0,0,0,0,0,0,0,0,0,0,0,0,0
normal,আজ দুপুরে হঠাৎ বন্ধুর ফোন পেলাম। অনেকদিন পর কথা হলো। জীবনের অনেক নতুন খবর শেয়ার করলো।,Bengali,0,0,আজ দুপুরে হঠাৎ বন্ধুর ফোন পেলাম। অনেকদিন পর কথা হলো। জীবনের অনেক নতুন খবর শেয়ার করলো।,আজ দুপুরে হঠাৎ বন্ধুর ফোন পেলাম। অনেকদিন পর কথা হলো। জীবনের অনেক নতুন খবর শেয়ার করলো।,[],0,0,0,0,0,0,0,0,0,0,0,0,আজ দুপুরে হঠাৎ বন্ধুর ফোন পেলাম। অনেকদিন পর কথা হলো। জীবনের অনেক নতুন খবর শেয়ার করলো।,86,0,0,0,0,0,0,0,0,0,0,0,0,0,0,0,0,0,0,0,0,0,0
promo,"২০০৳ ক্যাশব্যাক!৬০জিবি+১০০০মিনিট @৬৯৯৳ ৩০দিন,নিয়ে নাও- cutt.ly/aAhiAsI",Bengali,1,1,"২০০৳ ক্যাশব্যাক!৬০জিবি+১০০০মিনিট @৬৯৯৳ ৩০দিন,নিয়ে নাও- cutt.ly/aAhiAsI","২০০৳ ক্যাশব্যাক!৬০জিবি+১০০০মিনিট @৬৯৯৳ ৩০দিন,নিয়ে নাও- cutt.ly/aAhiAsI",['cutt.ly/aAhiAsI'],1,1,15,15,0,1,0,1,0,0,0,1,"২০০৳ ক্যাশব্যাক!৬০জিবি+১০০০মিনিট @৬৯৯৳ ৩০দিন,নিয়ে নাও-  [URL] ",63,1,15,15,0,1,0,1,0,0,0,1,1,15,15,0,1,0,1,0,0,0,1
smish,শুধুমাত্র আপুদের জন্যে😍😍 ঘরে বসেই ফোন এর মাধ্যমে কাজটি করতে পারবেন☺ অযথা fb তে সময় না কাটিয়ে সেই সময়টুকু ব্যবহার করে দৈনিক ২০০ -৪০০ টাকা এবং মাসে ৬০০০-১২০০০ টাকা ইনকাম করতে পারবেন In sha Allah😍,Bengali,0,2,শুধুমাত্র আপুদের জন্যে😍😍 ঘরে বসেই ফোন এর মাধ্যমে কাজটি করতে পারবেন☺ অযথা fb তে সময় না কাটিয়ে সেই সময়টুকু ব্যবহার করে দৈনিক ২০০ -৪০০ টাকা এবং মাসে ৬০০০-১২০০০ টাকা ইনকাম করতে পারবেন In sha Allah😍,শুধুমাত্র আপুদের জন্যে😍😍 ঘরে বসেই ফোন এর মাধ্যমে কাজটি করতে পারবেন☺ অযথা fb তে সময় না কাটিয়ে সেই সময়টুকু ব্যবহার করে দৈনিক ২০০ -৪০০ টাকা এবং মাসে ৬০০০-১২০০০ টাকা ইনকাম করতে পারবেন In sha Allah😍,[],0,0,0,0,0,0,0,0,0,0,0,0,শুধুমাত্র আপুদের জন্যে😍😍 ঘরে বসেই ফোন এর মাধ্যমে কাজটি করতে পারবেন☺ অযথা fb তে সময় না কাটিয়ে সেই সময়টুকু ব্যবহার করে দৈনিক ২০০ -৪০০ টাকা এবং মাসে ৬০০০-১২০০০ টাকা ইনকাম করতে পারবেন In sha Allah😍,196,0,0,0,0,0,0,0,0,0,0,0,0,0,0,0,0,0,0,0,0,0,0
smish,সোনালী ব্যাংক অ্যাকাউন্ট ব্লক হয়েছে। পুনরায় চালু করতে এখানে ক্লিক করুন: https://wa.me/8801818899001,Bengali,1,2,সোনালী ব্যাংক অ্যাকাউন্ট ব্লক হয়েছে। পুনরায় চালু করতে এখানে ক্লিক করুন: https://wa.me/8801818899001,সোনালী ব্যাংক অ্যাকাউন্ট ব্লক হয়েছে। পুনরায় চালু করতে এখানে ক্লিক করুন: https://wa.me/8801818899001,['https://wa.me/8801818899001'],1,1,27,27,13,1,0,3,1,0,0,0,সোনালী ব্যাংক অ্যাকাউন্ট ব্লক হয়েছে। পুনরায় চালু করতে এখানে ক্লিক করুন:  [URL] ,81,1,27,27,13,1,0,3,1,0,0,0,1,27,27,13,1,0,3,1,0,0,0
normal,"আপা, আজ রান্না কি? আমি একটু দেরি করে আসবো।",Bengali,0,0,"আপা, আজ রান্না কি? আমি একটু দেরি করে আসবো।","আপা, আজ রান্না কি? আমি একটু দেরি করে আসবো।",[],0,0,0,0,0,0,0,0,0,0,0,0,"আপা, আজ রান্না কি? আমি একটু দেরি করে আসবো।",42,0,0,0,0,0,0,0,0,0,0,0,0,0,0,0,0,0,0,0,0,0,0
normal,"০১৬৭২৫৯২৮৭১ এই নাম্বারে কল করুন, আমার টাকা দরকার।",Bengali,0,0,"০১৬৭২৫৯২৮৭১ এই নাম্বারে কল করুন, আমার টাকা দরকার।","০১৬৭২৫৯২৮৭১ এই নাম্বারে কল করুন, আমার টাকা দরকার।",[],0,0,0,0,0,0,0,0,0,0,0,0,"০১৬৭২৫৯২৮৭১ এই নাম্বারে কল করুন, আমার টাকা দরকার।",49,0,0,0,0,0,0,0,0,0,0,0,0,0,0,0,0,0,0,0,0,0,0
smish,অনলাইনে সার্চ দিন  প্রিয় কেসিনো এবং জিতে নিন হাজার হাজার বোনাস মাত্র কয়েক ঘন্টায়।,Bengali,0,2,অনলাইনে সার্চ দিন  প্রিয় কেসিনো এবং জিতে নিন হাজার হাজার বোনাস মাত্র কয়েক ঘন্টায়।,অনলাইনে সার্চ দিন প্রিয় কেসিনো এবং জিতে নিন হাজার হাজার বোনাস মাত্র কয়েক ঘন্টায়।,[],0,0,0,0,0,0,0,0,0,0,0,0,অনলাইনে সার্চ দিন প্রিয় কেসিনো এবং জিতে নিন হাজার হাজার বোনাস মাত্র কয়েক ঘন্টায়।,83,0,0,0,0,0,0,0,0,0,0,0,0,0,0,0,0,0,0,0,0,0,0
smish,"আপনার জমি বিক্রির টাকা জমা হয়েছে, কল করুন: +8801816677889",Bengali,0,2,"আপনার জমি বিক্রির টাকা জমা হয়েছে, কল করুন: +8801816677889","আপনার জমি বিক্রির টাকা জমা হয়েছে, কল করুন: +8801816677889",[],0,0,0,0,0,0,0,0,0,0,0,0,"আপনার জমি বিক্রির টাকা জমা হয়েছে, কল করুন: +8801816677889",58,0,0,0,0,0,0,0,0,0,0,0,0,0,0,0,0,0,0,0,0,0,0
smish,"ফ্রি ইনকাম ।কাজ করতে চাইলে লিংক ক্লিক করে  একাউন্ট করেন ।

https://online-earn.beauty/371606448961",Bengali,1,2,"ফ্রি ইনকাম ।কাজ করতে চাইলে লিংক ক্লিক করে  একাউন্ট করেন ।

https://online-earn.beauty/371606448961",ফ্রি ইনকাম ।কাজ করতে চাইলে লিংক ক্লিক করে একাউন্ট করেন । https://online-earn.beauty/371606448961,['https://online-earn.beauty/371606448961'],1,1,39,39,12,1,1,3,1,0,0,0,ফ্রি ইনকাম ।কাজ করতে চাইলে লিংক ক্লিক করে একাউন্ট করেন ।  [URL] ,64,1,39,39,12,1,1,3,1,0,0,0,1,39,39,12,1,1,3,1,0,0,0
normal,সব কিছু ঠিক হয়ে যাবে।,Bengali,0,0,সব কিছু ঠিক হয়ে যাবে।,সব কিছু ঠিক হয়ে যাবে।,[],0,0,0,0,0,0,0,0,0,0,0,0,সব কিছু ঠিক হয়ে যাবে।,22,0,0,0,0,0,0,0,0,0,0,0,0,0,0,0,0,0,0,0,0,0,0
promo,নতুন লাইফস্টাইল প্রোডাক্টে ২৫% ছাড়! স্টক শেষ হওয়ার আগে সুযোগ নিন।,Bengali,0,1,নতুন লাইফস্টাইল প্রোডাক্টে ২৫% ছাড়! স্টক শেষ হওয়ার আগে সুযোগ নিন।,নতুন লাইফস্টাইল প্রোডাক্টে ২৫% ছাড়! স্টক শেষ হওয়ার আগে সুযোগ নিন।,[],0,0,0,0,0,0,0,0,0,0,0,0,নতুন লাইফস্টাইল প্রোডাক্টে ২৫% ছাড়! স্টক শেষ হওয়ার আগে সুযোগ নিন।,67,0,0,0,0,0,0,0,0,0,0,0,0,0,0,0,0,0,0,0,0,0,0
normal,"দাদু, আপনার ওষুধ খাওয়ার সময় হয়েছে। ভুলে যাবেন না।",Bengali,0,0,"দাদু, আপনার ওষুধ খাওয়ার সময় হয়েছে। ভুলে যাবেন না।","দাদু, আপনার ওষুধ খাওয়ার সময় হয়েছে। ভুলে যাবেন না।",[],0,0,0,0,0,0,0,0,0,0,0,0,"দাদু, আপনার ওষুধ খাওয়ার সময় হয়েছে। ভুলে যাবেন না।",52,0,0,0,0,0,0,0,0,0,0,0,0,0,0,0,0,0,0,0,0,0,0
smish,মাশরাফির সাথে ফ্রি হোটেল বুকিং জিততে বিপিএলে বাজি ধরুন। যোগ দিন: promusic.co/components/interbank.com/,Bengali,1,2,মাশরাফির সাথে ফ্রি হোটেল বুকিং জিততে বিপিএলে বাজি ধরুন। যোগ দিন: promusic.co/components/interbank.com/,মাশরাফির সাথে ফ্রি হোটেল বুকিং জিততে বিপিএলে বাজি ধরুন। যোগ দিন: promusic.co/components/interbank.com/,['promusic.co/components/interbank.com/'],1,1,37,37,0,2,0,3,0,0,0,0,মাশরাফির সাথে ফ্রি হোটেল বুকিং জিততে বিপিএলে বাজি ধরুন। যোগ দিন:  [URL] ,72,1,37,37,0,2,0,3,0,0,0,0,1,37,37,0,2,0,3,0,0,0,0
smish,আপনার ক্রেডিট কার্ড অ্যাকাউন্ট আপডেট করুন। দয়া করে এখানে ক্লিক করুন: http://bit.ly/CardUpdate,Bengali,1,2,আপনার ক্রেডিট কার্ড অ্যাকাউন্ট আপডেট করুন। দয়া করে এখানে ক্লিক করুন: http://bit.ly/CardUpdate,আপনার ক্রেডিট কার্ড অ্যাকাউন্ট আপডেট করুন। দয়া করে এখানে ক্লিক করুন: http://bit.ly/CardUpdate,['http://bit.ly/CardUpdate'],1,1,24,24,0,1,0,3,0,0,0,1,আপনার ক্রেডিট কার্ড অ্যাকাউন্ট আপডেট করুন। দয়া করে এখানে ক্লিক করুন:  [URL] ,77,1,24,24,0,1,0,3,0,0,0,1,1,24,24,0,1,0,3,0,0,0,1
smish,আপনার ব্যাংক অ্যাকাউন্টে লগইন সমস্যা হচ্ছে? এখানে ক্লিক করুন: http://bit.ly/LoginHelp,Bengali,1,2,আপনার ব্যাংক অ্যাকাউন্টে লগইন সমস্যা হচ্ছে? এখানে ক্লিক করুন: http://bit.ly/LoginHelp,আপনার ব্যাংক অ্যাকাউন্টে লগইন সমস্যা হচ্ছে? এখানে ক্লিক করুন: http://bit.ly/LoginHelp,['http://bit.ly/LoginHelp'],1,1,23,23,0,1,0,3,0,0,0,1,আপনার ব্যাংক অ্যাকাউন্টে লগইন সমস্যা হচ্ছে? এখানে ক্লিক করুন:  [URL] ,69,1,23,23,0,1,0,3,0,0,0,1,1,23,23,0,1,0,3,0,0,0,1
smish,"আপনার বিকাশ নম্বরে ৯,০০০ টাকা পাঠানো হয়েছে। এটি বাতিল করতে এখনই refund-bkash24.com ব্যবহার করুন।",Bengali,1,2,"আপনার বিকাশ নম্বরে ৯,০০০ টাকা পাঠানো হয়েছে। এটি বাতিল করতে এখনই refund-bkash24.com ব্যবহার করুন।","আপনার বিকাশ নম্বরে ৯,০০০ টাকা পাঠানো হয়েছে। এটি বাতিল করতে এখনই refund-bkash24.com ব্যবহার করুন।",['refund-bkash24.com'],1,1,18,18,2,1,1,0,0,0,0,0,"আপনার বিকাশ নম্বরে ৯,০০০ টাকা পাঠানো হয়েছে। এটি বাতিল করতে এখনই  [URL]  ব্যবহার করুন।",86,1,18,18,2,1,1,0,0,0,0,0,1,18,18,2,1,1,0,0,0,0,0
smish,"Robi গ্রাহক, আপনার সিম যাচাই করা প্রয়োজন। robicare-verify24.org এ লগইন করে নাম, জন্মতারিখ ও OTP দিন। না হলে সিম বন্ধ হবে।",Bengali,1,2,"Robi গ্রাহক, আপনার সিম যাচাই করা প্রয়োজন। robicare-verify24.org এ লগইন করে নাম, জন্মতারিখ ও OTP দিন। না হলে সিম বন্ধ হবে।","Robi গ্রাহক, আপনার সিম যাচাই করা প্রয়োজন। robicare-verify24.org এ লগইন করে নাম, জন্মতারিখ ও OTP দিন। না হলে সিম বন্ধ হবে।",['robicare-verify24.org'],1,1,21,21,2,1,1,0,0,0,0,0,"Robi গ্রাহক, আপনার সিম যাচাই করা প্রয়োজন।  [URL]  এ লগইন করে নাম, জন্মতারিখ ও OTP দিন। না হলে সিম বন্ধ হবে।",108,1,21,21,2,1,1,0,0,0,0,0,1,21,21,2,1,1,0,0,0,0,0
smish,সোনালী ব্যাংক থেকে আপনার জন্য জরুরি বার্তা। কল করুন: +8801716677889,Bengali,0,2,সোনালী ব্যাংক থেকে আপনার জন্য জরুরি বার্তা। কল করুন: +8801716677889,সোনালী ব্যাংক থেকে আপনার জন্য জরুরি বার্তা। কল করুন: +8801716677889,[],0,0,0,0,0,0,0,0,0,0,0,0,সোনালী ব্যাংক থেকে আপনার জন্য জরুরি বার্তা। কল করুন: +8801716677889,67,0,0,0,0,0,0,0,0,0,0,0,0,0,0,0,0,0,0,0,0,0,0
smish,আপনি ৩ ভরি সোনা জিতেছেন! বিস্তারিত জানতে কল করুন: +8801716677889,Bengali,0,2,আপনি ৩ ভরি সোনা জিতেছেন! বিস্তারিত জানতে কল করুন: +8801716677889,আপনি ৩ ভরি সোনা জিতেছেন! বিস্তারিত জানতে কল করুন: +8801716677889,[],0,0,0,0,0,0,0,0,0,0,0,0,আপনি ৩ ভরি সোনা জিতেছেন! বিস্তারিত জানতে কল করুন: +8801716677889,64,0,0,0,0,0,0,0,0,0,0,0,0,0,0,0,0,0,0,0,0,0,0
normal,"নানি, আপনার জন্য ওষুধ এনেছি। নিয়মিত খাবেন।",Bengali,0,0,"নানি, আপনার জন্য ওষুধ এনেছি। নিয়মিত খাবেন।","নানি, আপনার জন্য ওষুধ এনেছি। নিয়মিত খাবেন।",[],0,0,0,0,0,0,0,0,0,0,0,0,"নানি, আপনার জন্য ওষুধ এনেছি। নিয়মিত খাবেন।",43,0,0,0,0,0,0,0,0,0,0,0,0,0,0,0,0,0,0,0,0,0,0
smish,সতর্কবার্তা: আপনার ইনকাম ট্যাক্স রিটার্ন পেন্ডিং। জমা দিন: file-tax.cf,Bengali,1,2,সতর্কবার্তা: আপনার ইনকাম ট্যাক্স রিটার্ন পেন্ডিং। জমা দিন: file-tax.cf,সতর্কবার্তা: আপনার ইনকাম ট্যাক্স রিটার্ন পেন্ডিং। জমা দিন: file-tax.cf,['file-tax.cf'],1,1,11,11,0,1,1,0,0,0,0,0,সতর্কবার্তা: আপনার ইনকাম ট্যাক্স রিটার্ন পেন্ডিং। জমা দিন:  [URL] ,66,1,11,11,0,1,1,0,0,0,0,0,1,11,11,0,1,1,0,0,0,0,0
promo,"ডাবলসেঞ্চুরি ক্যাশব্যাক ৳২০০!৬১জিবি+১০০০মি@৳৬৯৯,৩০দিন cutt.ly/FwQhpKHc",Bengali,1,1,"ডাবলসেঞ্চুরি ক্যাশব্যাক ৳২০০!৬১জিবি+১০০০মি@৳৬৯৯,৩০দিন cutt.ly/FwQhpKHc","ডাবলসেঞ্চুরি ক্যাশব্যাক ৳২০০!৬১জিবি+১০০০মি@৳৬৯৯,৩০দিন cutt.ly/FwQhpKHc",['cutt.ly/FwQhpKHc'],1,1,16,16,0,1,0,1,0,0,0,1,"ডাবলসেঞ্চুরি ক্যাশব্যাক ৳২০০!৬১জিবি+১০০০মি@৳৬৯৯,৩০দিন  [URL] ",61,1,16,16,0,1,0,1,0,0,0,1,1,16,16,0,1,0,1,0,0,0,1
promo,"৫০৳ চিল ক্যাশব্যাকে ৩১জিবি+৪৫০মি.@৪৪৯৳ ৩০দিন, নাও: cutt.ly/KwMwLOgt",Bengali,1,1,"৫০৳ চিল ক্যাশব্যাকে ৩১জিবি+৪৫০মি.@৪৪৯৳ ৩০দিন, নাও: cutt.ly/KwMwLOgt","৫০৳ চিল ক্যাশব্যাকে ৩১জিবি+৪৫০মি.@৪৪৯৳ ৩০দিন, নাও: cutt.ly/KwMwLOgt",['cutt.ly/KwMwLOgt'],1,1,16,16,0,1,0,1,0,0,0,1,"৫০৳ চিল ক্যাশব্যাকে ৩১জিবি+৪৫০মি.@৪৪৯৳ ৩০দিন, নাও:  [URL] ",58,1,16,16,0,1,0,1,0,0,0,1,1,16,16,0,1,0,1,0,0,0,1
normal,আজকে কি প্ল্যান?,Bengali,0,0,আজকে কি প্ল্যান?,আজকে কি প্ল্যান?,[],0,0,0,0,0,0,0,0,0,0,0,0,আজকে কি প্ল্যান?,16,0,0,0,0,0,0,0,0,0,0,0,0,0,0,0,0,0,0,0,0,0,0
promo,10 বছর আগে আজকের দিনেই শুরু হয়েছিল গ্রামীণফোনের সাথে আপনার পথচলা। আশা করি আগামী দিনগুলো হবে আরো সুন্দর ও সম্ভাবনাময়।,Bengali,0,1,10 বছর আগে আজকের দিনেই শুরু হয়েছিল গ্রামীণফোনের সাথে আপনার পথচলা। আশা করি আগামী দিনগুলো হবে আরো সুন্দর ও সম্ভাবনাময়।,10 বছর আগে আজকের দিনেই শুরু হয়েছিল গ্রামীণফোনের সাথে আপনার পথচলা। আশা করি আগামী দিনগুলো হবে আরো সুন্দর ও সম্ভাবনাময়।,[],0,0,0,0,0,0,0,0,0,0,0,0,10 বছর আগে আজকের দিনেই শুরু হয়েছিল গ্রামীণফোনের সাথে আপনার পথচলা। আশা করি আগামী দিনগুলো হবে আরো সুন্দর ও সম্ভাবনাময়।,118,0,0,0,0,0,0,0,0,0,0,0,0,0,0,0,0,0,0,0,0,0,0
smish,"ফ্রি ইনকাম daily ১৫০০/-
https://t.me/DailyEarn_Money_bot?start=r09374471604",Bengali,1,2,"ফ্রি ইনকাম daily ১৫০০/-
https://t.me/DailyEarn_Money_bot?start=r09374471604",ফ্রি ইনকাম daily ১৫০০/- https://t.me/DailyEarn_Money_bot?start=r09374471604,['https://t.me/DailyEarn_Money_bot?start=r09374471604'],1,1,51,51,11,1,0,3,1,0,0,0,ফ্রি ইনকাম daily ১৫০০/-  [URL] ,31,1,51,51,11,1,0,3,1,0,0,0,1,51,51,11,1,0,3,1,0,0,0
smish,ইংলিশ প্রিমিয়ার লিগে বাজি ধরুন এবং একটি ফ্রি হোটেল বুকিং জিতুন। এখানে ক্লিক করুন: xini.eu/00Qe,Bengali,1,2,ইংলিশ প্রিমিয়ার লিগে বাজি ধরুন এবং একটি ফ্রি হোটেল বুকিং জিতুন। এখানে ক্লিক করুন: xini.eu/00Qe,ইংলিশ প্রিমিয়ার লিগে বাজি ধরুন এবং একটি ফ্রি হোটেল বুকিং জিতুন। এখানে ক্লিক করুন: xini.eu/00Qe,['xini.eu/00Qe'],1,1,12,12,2,1,0,1,0,0,0,0,ইংলিশ প্রিমিয়ার লিগে বাজি ধরুন এবং একটি ফ্রি হোটেল বুকিং জিতুন। এখানে ক্লিক করুন:  [URL] ,90,1,12,12,2,1,0,1,0,0,0,0,1,12,12,2,1,0,1,0,0,0,0
normal,ঈদের পরিবর্তে শুভ নববর্ষ!,Bengali,0,0,ঈদের পরিবর্তে শুভ নববর্ষ!,ঈদের পরিবর্তে শুভ নববর্ষ!,[],0,0,0,0,0,0,0,0,0,0,0,0,ঈদের পরিবর্তে শুভ নববর্ষ!,25,0,0,0,0,0,0,0,0,0,0,0,0,0,0,0,0,0,0,0,0,0,0
promo,"রবির মেগা ইন্টারনেট প্যাক – ২০জিবি মাত্র ১৯৯ টাকা, ৩০ দিনের জন্য। মিস করবেন না! *123*0199# ডায়াল করুন।",Bengali,0,1,"রবির মেগা ইন্টারনেট প্যাক – ২০জিবি মাত্র ১৯৯ টাকা, ৩০ দিনের জন্য। মিস করবেন না! *123*0199# ডায়াল করুন।","রবির মেগা ইন্টারনেট প্যাক - ২০জিবি মাত্র ১৯৯ টাকা, ৩০ দিনের জন্য। মিস করবেন না! *123*0199# ডায়াল করুন।",[],0,0,0,0,0,0,0,0,0,0,0,0,"রবির মেগা ইন্টারনেট প্যাক - ২০জিবি মাত্র ১৯৯ টাকা, ৩০ দিনের জন্য। মিস করবেন না! *123*0199# ডায়াল করুন।",103,0,0,0,0,0,0,0,0,0,0,0,0,0,0,0,0,0,0,0,0,0,0
normal,নমস্কার!,Bengali,0,0,নমস্কার!,নমস্কার!,[],0,0,0,0,0,0,0,0,0,0,0,0,নমস্কার!,8,0,0,0,0,0,0,0,0,0,0,0,0,0,0,0,0,0,0,0,0,0,0
smish,আপনি ৪ ভরি সোনা জিতেছেন! বিস্তারিত জানতে কল করুন: +8801719900112,Bengali,0,2,আপনি ৪ ভরি সোনা জিতেছেন! বিস্তারিত জানতে কল করুন: +8801719900112,আপনি ৪ ভরি সোনা জিতেছেন! বিস্তারিত জানতে কল করুন: +8801719900112,[],0,0,0,0,0,0,0,0,0,0,0,0,আপনি ৪ ভরি সোনা জিতেছেন! বিস্তারিত জানতে কল করুন: +8801719900112,64,0,0,0,0,0,0,0,0,0,0,0,0,0,0,0,0,0,0,0,0,0,0
smish,আইপিএল স্পেশাল অফার! বেটিং শুরু করুন এবং একটি ফ্রি ল্যাপটপ জিতুন। ক্লিক করুন: super1000.info/docs,Bengali,1,2,আইপিএল স্পেশাল অফার! বেটিং শুরু করুন এবং একটি ফ্রি ল্যাপটপ জিতুন। ক্লিক করুন: super1000.info/docs,আইপিএল স্পেশাল অফার! বেটিং শুরু করুন এবং একটি ফ্রি ল্যাপটপ জিতুন। ক্লিক করুন: super1000.info/docs,['super1000.info/docs'],1,1,19,19,4,1,0,1,0,0,0,0,আইপিএল স্পেশাল অফার! বেটিং শুরু করুন এবং একটি ফ্রি ল্যাপটপ জিতুন। ক্লিক করুন:  [URL] ,85,1,19,19,4,1,0,1,0,0,0,0,1,19,19,4,1,0,1,0,0,0,0
smish,আপনার ড্রাইভিং লাইসেন্স রিনিউ করার সময়। অনলাইনে করুন: renew-license.cf,Bengali,1,2,আপনার ড্রাইভিং লাইসেন্স রিনিউ করার সময়। অনলাইনে করুন: renew-license.cf,আপনার ড্রাইভিং লাইসেন্স রিনিউ করার সময়। অনলাইনে করুন: renew-license.cf,['renew-license.cf'],1,1,16,16,0,1,1,0,0,0,0,0,আপনার ড্রাইভিং লাইসেন্স রিনিউ করার সময়। অনলাইনে করুন:  [URL] ,62,1,16,16,0,1,1,0,0,0,0,0,1,16,16,0,1,1,0,0,0,0,0
normal,তুমি সাফল্যের জন্য তৈরি।,Bengali,0,0,তুমি সাফল্যের জন্য তৈরি।,তুমি সাফল্যের জন্য তৈরি।,[],0,0,0,0,0,0,0,0,0,0,0,0,তুমি সাফল্যের জন্য তৈরি।,24,0,0,0,0,0,0,0,0,0,0,0,0,0,0,0,0,0,0,0,0,0,0
normal,তুমি কি খেলছো?,Bengali,0,0,তুমি কি খেলছো?,তুমি কি খেলছো?,[],0,0,0,0,0,0,0,0,0,0,0,0,তুমি কি খেলছো?,14,0,0,0,0,0,0,0,0,0,0,0,0,0,0,0,0,0,0,0,0,0,0
normal,আজকে সিনেমা দেখবে?,Bengali,0,0,আজকে সিনেমা দেখবে?,আজকে সিনেমা দেখবে?,[],0,0,0,0,0,0,0,0,0,0,0,0,আজকে সিনেমা দেখবে?,18,0,0,0,0,0,0,0,0,0,0,0,0,0,0,0,0,0,0,0,0,0,0
promo,"বাউন্ডারিকৃত রেডি প্লট এখনই বাড়ি করে আয় করুন, কাঠা ৪.৫লক্ষ
01894841736",Bengali,0,1,"বাউন্ডারিকৃত রেডি প্লট এখনই বাড়ি করে আয় করুন, কাঠা ৪.৫লক্ষ
01894841736","বাউন্ডারিকৃত রেডি প্লট এখনই বাড়ি করে আয় করুন, কাঠা ৪.৫লক্ষ 01894841736",[],0,0,0,0,0,0,0,0,0,0,0,0,"বাউন্ডারিকৃত রেডি প্লট এখনই বাড়ি করে আয় করুন, কাঠা ৪.৫লক্ষ 01894841736",72,0,0,0,0,0,0,0,0,0,0,0,0,0,0,0,0,0,0,0,0,0,0
normal,তুমি কি রবিবারে ফ্রি আছো? কফিশপে বসে কিছু সময় কাটাতে চাই।,Bengali,0,0,তুমি কি রবিবারে ফ্রি আছো? কফিশপে বসে কিছু সময় কাটাতে চাই।,তুমি কি রবিবারে ফ্রি আছো? কফিশপে বসে কিছু সময় কাটাতে চাই।,[],0,0,0,0,0,0,0,0,0,0,0,0,তুমি কি রবিবারে ফ্রি আছো? কফিশপে বসে কিছু সময় কাটাতে চাই।,58,0,0,0,0,0,0,0,0,0,0,0,0,0,0,0,0,0,0,0,0,0,0
normal,কেমন আছো তুমি? আমি ঠিক আছি। তুমি কি নতুন করে?,Bengali,0,0,কেমন আছো তুমি? আমি ঠিক আছি। তুমি কি নতুন করে?,কেমন আছো তুমি? আমি ঠিক আছি। তুমি কি নতুন করে?,[],0,0,0,0,0,0,0,0,0,0,0,0,কেমন আছো তুমি? আমি ঠিক আছি। তুমি কি নতুন করে?,45,0,0,0,0,0,0,0,0,0,0,0,0,0,0,0,0,0,0,0,0,0,0
normal,আজকের ক্লাস কেমন হলো?,Bengali,0,0,আজকের ক্লাস কেমন হলো?,আজকের ক্লাস কেমন হলো?,[],0,0,0,0,0,0,0,0,0,0,0,0,আজকের ক্লাস কেমন হলো?,21,0,0,0,0,0,0,0,0,0,0,0,0,0,0,0,0,0,0,0,0,0,0
normal,এটা সালিমের নাম্বার ওকে কল দিস আসার সময় ০১৭৩৮৮৩৮৮৩৮,Bengali,0,0,এটা সালিমের নাম্বার ওকে কল দিস আসার সময় ০১৭৩৮৮৩৮৮৩৮,এটা সালিমের নাম্বার ওকে কল দিস আসার সময় ০১৭৩৮৮৩৮৮৩৮,[],0,0,0,0,0,0,0,0,0,0,0,0,এটা সালিমের নাম্বার ওকে কল দিস আসার সময় ০১৭৩৮৮৩৮৮৩৮,52,0,0,0,0,0,0,0,0,0,0,0,0,0,0,0,0,0,0,0,0,0,0
normal,আজ রাতে বন্ধুর সঙ্গে সিনেমা দেখলাম। গল্প দারুণ ছিল।,Bengali,0,0,আজ রাতে বন্ধুর সঙ্গে সিনেমা দেখলাম। গল্প দারুণ ছিল।,আজ রাতে বন্ধুর সঙ্গে সিনেমা দেখলাম। গল্প দারুণ ছিল।,[],0,0,0,0,0,0,0,0,0,0,0,0,আজ রাতে বন্ধুর সঙ্গে সিনেমা দেখলাম। গল্প দারুণ ছিল।,51,0,0,0,0,0,0,0,0,0,0,0,0,0,0,0,0,0,0,0,0,0,0
normal,"দিদি, তোমার পড়াশুনা কেমন চলছে? কোন সমস্যা হচ্ছে?",Bengali,0,0,"দিদি, তোমার পড়াশুনা কেমন চলছে? কোন সমস্যা হচ্ছে?","দিদি, তোমার পড়াশুনা কেমন চলছে? কোন সমস্যা হচ্ছে?",[],0,0,0,0,0,0,0,0,0,0,0,0,"দিদি, তোমার পড়াশুনা কেমন চলছে? কোন সমস্যা হচ্ছে?",49,0,0,0,0,0,0,0,0,0,0,0,0,0,0,0,0,0,0,0,0,0,0
normal,"সাফল্য তোমার দিকে আসবে, ধৈর্য ধরো।",Bengali,0,0,"সাফল্য তোমার দিকে আসবে, ধৈর্য ধরো।","সাফল্য তোমার দিকে আসবে, ধৈর্য ধরো।",[],0,0,0,0,0,0,0,0,0,0,0,0,"সাফল্য তোমার দিকে আসবে, ধৈর্য ধরো।",34,0,0,0,0,0,0,0,0,0,0,0,0,0,0,0,0,0,0,0,0,0,0
normal,কেমন আছেন?,Bengali,0,0,কেমন আছেন?,কেমন আছেন?,[],0,0,0,0,0,0,0,0,0,0,0,0,কেমন আছেন?,10,0,0,0,0,0,0,0,0,0,0,0,0,0,0,0,0,0,0,0,0,0,0
smish,ডাচ্-বাংলা ব্যাংক থেকে জানানো হচ্ছে যে আপনার কার্ড ব্লক করা হয়েছে। পুনরায় চালু করতে আপনার পিন ও কার্ড নম্বর SMS করুন +8801944456789 নাম্বারে।,Bengali,0,2,ডাচ্-বাংলা ব্যাংক থেকে জানানো হচ্ছে যে আপনার কার্ড ব্লক করা হয়েছে। পুনরায় চালু করতে আপনার পিন ও কার্ড নম্বর SMS করুন +8801944456789 নাম্বারে।,ডাচ্-বাংলা ব্যাংক থেকে জানানো হচ্ছে যে আপনার কার্ড ব্লক করা হয়েছে। পুনরায় চালু করতে আপনার পিন ও কার্ড নম্বর SMS করুন +8801944456789 নাম্বারে।,[],0,0,0,0,0,0,0,0,0,0,0,0,ডাচ্-বাংলা ব্যাংক থেকে জানানো হচ্ছে যে আপনার কার্ড ব্লক করা হয়েছে। পুনরায় চালু করতে আপনার পিন ও কার্ড নম্বর SMS করুন +8801944456789 নাম্বারে।,143,0,0,0,0,0,0,0,0,0,0,0,0,0,0,0,0,0,0,0,0,0,0
promo,Sundarban Courier এখন অনলাইন বুকিং এ ১০% ছাড় দিচ্ছে। আজই চেষ্টা করুন।,Bengali,0,1,Sundarban Courier এখন অনলাইন বুকিং এ ১০% ছাড় দিচ্ছে। আজই চেষ্টা করুন।,Sundarban Courier এখন অনলাইন বুকিং এ ১০% ছাড় দিচ্ছে। আজই চেষ্টা করুন।,[],0,0,0,0,0,0,0,0,0,0,0,0,Sundarban Courier এখন অনলাইন বুকিং এ ১০% ছাড় দিচ্ছে। আজই চেষ্টা করুন।,70,0,0,0,0,0,0,0,0,0,0,0,0,0,0,0,0,0,0,0,0,0,0
normal,"তোমার পাশে আছি, কোনো চিন্তা কোরো না।",Bengali,0,0,"তোমার পাশে আছি, কোনো চিন্তা কোরো না।","তোমার পাশে আছি, কোনো চিন্তা কোরো না।",[],0,0,0,0,0,0,0,0,0,0,0,0,"তোমার পাশে আছি, কোনো চিন্তা কোরো না।",36,0,0,0,0,0,0,0,0,0,0,0,0,0,0,0,0,0,0,0,0,0,0
normal,"দুঃখিত, আমি মিটিংয়ে পরে ফোন করবো।",Bengali,0,0,"দুঃখিত, আমি মিটিংয়ে পরে ফোন করবো।","দুঃখিত, আমি মিটিংয়ে পরে ফোন করবো।",[],0,0,0,0,0,0,0,0,0,0,0,0,"দুঃখিত, আমি মিটিংয়ে পরে ফোন করবো।",34,0,0,0,0,0,0,0,0,0,0,0,0,0,0,0,0,0,0,0,0,0,0
normal,শুভ আশুরা!,Bengali,0,0,শুভ আশুরা!,শুভ আশুরা!,[],0,0,0,0,0,0,0,0,0,0,0,0,শুভ আশুরা!,10,0,0,0,0,0,0,0,0,0,0,0,0,0,0,0,0,0,0,0,0,0,0
promo,"৪০৳ ক্যাশব্যাক! ৩১জিবি+৪৫০মি.@৪৫৯৳ ৩০দিন, নিয়ে নাও: cutt.ly/0wO6Jggn",Bengali,1,1,"৪০৳ ক্যাশব্যাক! ৩১জিবি+৪৫০মি.@৪৫৯৳ ৩০দিন, নিয়ে নাও: cutt.ly/0wO6Jggn","৪০৳ ক্যাশব্যাক! ৩১জিবি+৪৫০মি.@৪৫৯৳ ৩০দিন, নিয়ে নাও: cutt.ly/0wO6Jggn",['cutt.ly/0wO6Jggn'],1,1,16,16,2,1,0,1,0,0,0,1,"৪০৳ ক্যাশব্যাক! ৩১জিবি+৪৫০মি.@৪৫৯৳ ৩০দিন, নিয়ে নাও:  [URL] ",60,1,16,16,2,1,0,1,0,0,0,1,1,16,16,2,1,0,1,0,0,0,1
normal,"আজ বিশেষ দিন, আমি বাড়িতে বসে আছি।",Bengali,0,0,"আজ বিশেষ দিন, আমি বাড়িতে বসে আছি।","আজ বিশেষ দিন, আমি বাড়িতে বসে আছি।",[],0,0,0,0,0,0,0,0,0,0,0,0,"আজ বিশেষ দিন, আমি বাড়িতে বসে আছি।",34,0,0,0,0,0,0,0,0,0,0,0,0,0,0,0,0,0,0,0,0,0,0
promo,হোম অ্যাপ্লায়েন্সে বোনাস অফার! ওয়াশিং মেশিনে EMI সুবিধা।,Bengali,0,1,হোম অ্যাপ্লায়েন্সে বোনাস অফার! ওয়াশিং মেশিনে EMI সুবিধা।,হোম অ্যাপ্লায়েন্সে বোনাস অফার! ওয়াশিং মেশিনে EMI সুবিধা।,[],0,0,0,0,0,0,0,0,0,0,0,0,হোম অ্যাপ্লায়েন্সে বোনাস অফার! ওয়াশিং মেশিনে EMI সুবিধা।,58,0,0,0,0,0,0,0,0,0,0,0,0,0,0,0,0,0,0,0,0,0,0
smish,শাকিবের সাথে লাঞ্চ করার সুযোগ পেতে ক্রিকেটে বাজি ধরুন! শুরু করুন: ebayisapidlld.altervista.org/,Bengali,1,2,শাকিবের সাথে লাঞ্চ করার সুযোগ পেতে ক্রিকেটে বাজি ধরুন! শুরু করুন: ebayisapidlld.altervista.org/,শাকিবের সাথে লাঞ্চ করার সুযোগ পেতে ক্রিকেটে বাজি ধরুন! শুরু করুন: ebayisapidlld.altervista.org/,['ebayisapidlld.altervista.org/'],1,1,29,29,0,2,0,1,0,0,0,0,শাকিবের সাথে লাঞ্চ করার সুযোগ পেতে ক্রিকেটে বাজি ধরুন! শুরু করুন:  [URL] ,73,1,29,29,0,2,0,1,0,0,0,0,1,29,29,0,2,0,1,0,0,0,0
smish,"নগদ অ্যাকাউন্টে ১০,০০০ টাকা জমা হয়েছে। বিস্তারিত জানতে এখানে ক্লিক করুন: https://t.me/NagadDepositBot",Bengali,1,2,"নগদ অ্যাকাউন্টে ১০,০০০ টাকা জমা হয়েছে। বিস্তারিত জানতে এখানে ক্লিক করুন: https://t.me/NagadDepositBot","নগদ অ্যাকাউন্টে ১০,০০০ টাকা জমা হয়েছে। বিস্তারিত জানতে এখানে ক্লিক করুন: https://t.me/NagadDepositBot",['https://t.me/NagadDepositBot'],1,1,28,28,0,1,0,3,1,0,0,0,"নগদ অ্যাকাউন্টে ১০,০০০ টাকা জমা হয়েছে। বিস্তারিত জানতে এখানে ক্লিক করুন:  [URL] ",81,1,28,28,0,1,0,3,1,0,0,0,1,28,28,0,1,0,3,1,0,0,0
promo,Daraz Mall থেকে আসল প্রোডাক্টে ১৫% ডিসকাউন্ট। অফার চলবে ৩ দিন।,Bengali,0,1,Daraz Mall থেকে আসল প্রোডাক্টে ১৫% ডিসকাউন্ট। অফার চলবে ৩ দিন।,Daraz Mall থেকে আসল প্রোডাক্টে ১৫% ডিসকাউন্ট। অফার চলবে ৩ দিন।,[],0,0,0,0,0,0,0,0,0,0,0,0,Daraz Mall থেকে আসল প্রোডাক্টে ১৫% ডিসকাউন্ট। অফার চলবে ৩ দিন।,62,0,0,0,0,0,0,0,0,0,0,0,0,0,0,0,0,0,0,0,0,0,0
smish,"জরুরি নিয়োগ,  থাকা খাওয়ার সুবিধাসহ ৩০,০০০ টাকার বেতন/ সেলারি  যোগাযোগ ০১৭২৭৮২৭৮২৬",Bengali,0,2,"জরুরি নিয়োগ,  থাকা খাওয়ার সুবিধাসহ ৩০,০০০ টাকার বেতন/ সেলারি  যোগাযোগ ০১৭২৭৮২৭৮২৬","জরুরি নিয়োগ, থাকা খাওয়ার সুবিধাসহ ৩০,০০০ টাকার বেতন/ সেলারি যোগাযোগ ০১৭২৭৮২৭৮২৬",[],0,0,0,0,0,0,0,0,0,0,0,0,"জরুরি নিয়োগ, থাকা খাওয়ার সুবিধাসহ ৩০,০০০ টাকার বেতন/ সেলারি যোগাযোগ ০১৭২৭৮২৭৮২৬",81,0,0,0,0,0,0,0,0,0,0,0,0,0,0,0,0,0,0,0,0,0,0
promo,বাংলাদেশ বিমান বাহিনীতে ৮৯ বাফা কোর্সে অফিসার ক্যাডেট নিয়োগ চলছে। বিস্তারিতঃ https://joinairforce.baf.mil.bd,Bengali,1,1,বাংলাদেশ বিমান বাহিনীতে ৮৯ বাফা কোর্সে অফিসার ক্যাডেট নিয়োগ চলছে। বিস্তারিতঃ https://joinairforce.baf.mil.bd,বাংলাদেশ বিমান বাহিনীতে ৮৯ বাফা কোর্সে অফিসার ক্যাডেট নিয়োগ চলছে। বিস্তারিতঃ https://joinairforce.baf.mil.bd,['https://joinairforce.baf.mil.bd'],1,1,31,31,0,3,0,2,1,0,0,0,বাংলাদেশ বিমান বাহিনীতে ৮৯ বাফা কোর্সে অফিসার ক্যাডেট নিয়োগ চলছে। বিস্তারিতঃ  [URL] ,85,1,31,31,0,3,0,2,1,0,0,0,1,31,31,0,3,0,2,1,0,0,0
smish,💖 আপনি কি ফ্রি কাজ শিখতে চান। কাজের পাশাপাশি কি ইনকাম করতে চান?প্রতি দিন ৪০০থেকে৫০০ টাকা ইনকাম করতে পারবেন? তাহলে আর দেরি কেনো? এখনি যোগাযোগ করুন : ০১৭২২৬৭২৩৯১,Bengali,0,2,💖 আপনি কি ফ্রি কাজ শিখতে চান। কাজের পাশাপাশি কি ইনকাম করতে চান?প্রতি দিন ৪০০থেকে৫০০ টাকা ইনকাম করতে পারবেন? তাহলে আর দেরি কেনো? এখনি যোগাযোগ করুন : ০১৭২২৬৭২৩৯১,💖 আপনি কি ফ্রি কাজ শিখতে চান। কাজের পাশাপাশি কি ইনকাম করতে চান?প্রতি দিন ৪০০থেকে৫০০ টাকা ইনকাম করতে পারবেন? তাহলে আর দেরি কেনো? এখনি যোগাযোগ করুন : ০১৭২২৬৭২৩৯১,[],0,0,0,0,0,0,0,0,0,0,0,0,💖 আপনি কি ফ্রি কাজ শিখতে চান। কাজের পাশাপাশি কি ইনকাম করতে চান?প্রতি দিন ৪০০থেকে৫০০ টাকা ইনকাম করতে পারবেন? তাহলে আর দেরি কেনো? এখনি যোগাযোগ করুন : ০১৭২২৬৭২৩৯১,159,0,0,0,0,0,0,0,0,0,0,0,0,0,0,0,0,0,0,0,0,0,0
normal,"আপা, রাতের খাবারে কি রান্না করবেন? আমি মাছ কিনে এনেছি।",Bengali,0,0,"আপা, রাতের খাবারে কি রান্না করবেন? আমি মাছ কিনে এনেছি।","আপা, রাতের খাবারে কি রান্না করবেন? আমি মাছ কিনে এনেছি।",[],0,0,0,0,0,0,0,0,0,0,0,0,"আপা, রাতের খাবারে কি রান্না করবেন? আমি মাছ কিনে এনেছি।",54,0,0,0,0,0,0,0,0,0,0,0,0,0,0,0,0,0,0,0,0,0,0
smish,স্থিতিশীল কাজ। বেতন 1500 BDT/দিন। ঘরে বসে কাজ: cutt.ly/U6zMFGQ,Bengali,1,2,স্থিতিশীল কাজ। বেতন 1500 BDT/দিন। ঘরে বসে কাজ: cutt.ly/U6zMFGQ,স্থিতিশীল কাজ। বেতন 1500 BDT/দিন। ঘরে বসে কাজ: cutt.ly/U6zMFGQ,['cutt.ly/U6zMFGQ'],1,1,15,15,1,1,0,1,0,0,0,1,স্থিতিশীল কাজ। বেতন 1500 BDT/দিন। ঘরে বসে কাজ:  [URL] ,54,1,15,15,1,1,0,1,0,0,0,1,1,15,15,1,1,0,1,0,0,0,1
smish,"⏩নতুন ওয়েবসাইট [PROFITSHOP24]
▶️রেজিষ্ট্রেশন ফি 15 টাকা
▶️ রেজিস্ট্রেশন লিং: ইনবক্স।
🌟 কাজ হলোঃ
ইউটিউবে ভিডিও দেখা,,অথবা ফেসবুকে একটা Page ফলো দিয়ে আপনি 1-3 টাকা ইনকাম করতে পারবেন ।🔥😱
👉মাত্র ৩৫ টাকা হলেই উইথড্র দিতে পারবেন 👈",Bengali,0,2,"⏩নতুন ওয়েবসাইট [PROFITSHOP24]
▶️রেজিষ্ট্রেশন ফি 15 টাকা
▶️ রেজিস্ট্রেশন লিং: ইনবক্স।
🌟 কাজ হলোঃ
ইউটিউবে ভিডিও দেখা,,অথবা ফেসবুকে একটা Page ফলো দিয়ে আপনি 1-3 টাকা ইনকাম করতে পারবেন ।🔥😱
👉মাত্র ৩৫ টাকা হলেই উইথড্র দিতে পারবেন 👈","⏩নতুন ওয়েবসাইট [PROFITSHOP24] ▶️রেজিষ্ট্রেশন ফি 15 টাকা ▶️ রেজিস্ট্রেশন লিং: ইনবক্স। 🌟 কাজ হলোঃ ইউটিউবে ভিডিও দেখা,,অথবা ফেসবুকে একটা Page ফলো দিয়ে আপনি 1-3 টাকা ইনকাম করতে পারবেন ।🔥😱 👉মাত্র ৩৫ টাকা হলেই উইথড্র দিতে পারবেন 👈",[],0,0,0,0,0,0,0,0,0,0,0,0,"⏩নতুন ওয়েবসাইট [PROFITSHOP24] ▶️রেজিষ্ট্রেশন ফি 15 টাকা ▶️ রেজিস্ট্রেশন লিং: ইনবক্স। 🌟 কাজ হলোঃ ইউটিউবে ভিডিও দেখা,,অথবা ফেসবুকে একটা Page ফলো দিয়ে আপনি 1-3 টাকা ইনকাম করতে পারবেন ।🔥😱 👉মাত্র ৩৫ টাকা হলেই উইথড্র দিতে পারবেন 👈",226,0,0,0,0,0,0,0,0,0,0,0,0,0,0,0,0,0,0,0,0,0,0
smish,"বিকাশ একাউন্টে ১০,০০০ টাকা ভুলবশত পাঠানো হয়েছে। রিফান্ড পেতে bkash-secureverify24.org এ গিয়ে পিন দিন। না হলে একাউন্ট স্থগিত হবে।",Bengali,1,2,"বিকাশ একাউন্টে ১০,০০০ টাকা ভুলবশত পাঠানো হয়েছে। রিফান্ড পেতে bkash-secureverify24.org এ গিয়ে পিন দিন। না হলে একাউন্ট স্থগিত হবে।","বিকাশ একাউন্টে ১০,০০০ টাকা ভুলবশত পাঠানো হয়েছে। রিফান্ড পেতে bkash-secureverify24.org এ গিয়ে পিন দিন। না হলে একাউন্ট স্থগিত হবে।",['bkash-secureverify24.org'],1,1,24,24,2,1,1,0,0,0,0,0,"বিকাশ একাউন্টে ১০,০০০ টাকা ভুলবশত পাঠানো হয়েছে। রিফান্ড পেতে  [URL]  এ গিয়ে পিন দিন। না হলে একাউন্ট স্থগিত হবে।",113,1,24,24,2,1,1,0,0,0,0,0,1,24,24,2,1,1,0,0,0,0,0
promo,"হটশট ক্যাশব্যাক ৳১৮! হটস্পট ডিলে ২২জিবি@৳১৭৯, ৭দিন: cutt.ly/fwLo4TBP",Bengali,1,1,"হটশট ক্যাশব্যাক ৳১৮! হটস্পট ডিলে ২২জিবি@৳১৭৯, ৭দিন: cutt.ly/fwLo4TBP","হটশট ক্যাশব্যাক ৳১৮! হটস্পট ডিলে ২২জিবি@৳১৭৯, ৭দিন: cutt.ly/fwLo4TBP",['cutt.ly/fwLo4TBP'],1,1,16,16,1,1,0,1,0,0,0,1,"হটশট ক্যাশব্যাক ৳১৮! হটস্পট ডিলে ২২জিবি@৳১৭৯, ৭দিন:  [URL] ",59,1,16,16,1,1,0,1,0,0,0,1,1,16,16,1,1,0,1,0,0,0,1
smish,জরুরি! আপনার ব্র্যাক ব্যাংক অ্যাকাউন্ট হ্যাক হয়েছে। OTP: 2346 দিয়ে সুরক্ষিত করুন।,Bengali,0,2,জরুরি! আপনার ব্র্যাক ব্যাংক অ্যাকাউন্ট হ্যাক হয়েছে। OTP: 2346 দিয়ে সুরক্ষিত করুন।,জরুরি! আপনার ব্র্যাক ব্যাংক অ্যাকাউন্ট হ্যাক হয়েছে। OTP: 2346 দিয়ে সুরক্ষিত করুন।,[],0,0,0,0,0,0,0,0,0,0,0,0,জরুরি! আপনার ব্র্যাক ব্যাংক অ্যাকাউন্ট হ্যাক হয়েছে। OTP: 2346 দিয়ে সুরক্ষিত করুন।,83,0,0,0,0,0,0,0,0,0,0,0,0,0,0,0,0,0,0,0,0,0,0
smish,আপনার গ্যাস বিল বকেয়া রয়েছে। অবিলম্বে পেমেন্ট করুন। কল করুন +8801814455667,Bengali,0,2,আপনার গ্যাস বিল বকেয়া রয়েছে। অবিলম্বে পেমেন্ট করুন। কল করুন +8801814455667,আপনার গ্যাস বিল বকেয়া রয়েছে। অবিলম্বে পেমেন্ট করুন। কল করুন +8801814455667,[],0,0,0,0,0,0,0,0,0,0,0,0,আপনার গ্যাস বিল বকেয়া রয়েছে। অবিলম্বে পেমেন্ট করুন। কল করুন +8801814455667,76,0,0,0,0,0,0,0,0,0,0,0,0,0,0,0,0,0,0,0,0,0,0
promo,বোনাস সহ ২জিবি-৪৫টাকা-৩দিন। ডায়াল *১২১*৫৫৩৪# বা mygp.li/my,Bengali,1,1,বোনাস সহ ২জিবি-৪৫টাকা-৩দিন। ডায়াল *১২১*৫৫৩৪# বা mygp.li/my,বোনাস সহ ২জিবি-৪৫টাকা-৩দিন। ডায়াল *১২১*৫৫৩৪# বা mygp.li/my,['mygp.li/my'],1,1,10,10,0,1,0,1,0,0,0,0,বোনাস সহ ২জিবি-৪৫টাকা-৩দিন। ডায়াল *১২১*৫৫৩৪# বা  [URL] ,56,1,10,10,0,1,0,1,0,0,0,0,1,10,10,0,1,0,1,0,0,0,0
smish,২৪ ঘণ্টার মধ্যে ৫ লক্ষ টাকা লোন নিশ্চিত। কোন জমা বা দালালি নেই। আজই আবেদন করুন। যোগাযোগ: ০১৮৬৭৫৪৬৩৮৯,Bengali,0,2,২৪ ঘণ্টার মধ্যে ৫ লক্ষ টাকা লোন নিশ্চিত। কোন জমা বা দালালি নেই। আজই আবেদন করুন। যোগাযোগ: ০১৮৬৭৫৪৬৩৮৯,২৪ ঘণ্টার মধ্যে ৫ লক্ষ টাকা লোন নিশ্চিত। কোন জমা বা দালালি নেই। আজই আবেদন করুন। যোগাযোগ: ০১৮৬৭৫৪৬৩৮৯,[],0,0,0,0,0,0,0,0,0,0,0,0,২৪ ঘণ্টার মধ্যে ৫ লক্ষ টাকা লোন নিশ্চিত। কোন জমা বা দালালি নেই। আজই আবেদন করুন। যোগাযোগ: ০১৮৬৭৫৪৬৩৮৯,100,0,0,0,0,0,0,0,0,0,0,0,0,0,0,0,0,0,0,0,0,0,0
normal,কি খবর?,Bengali,0,0,কি খবর?,কি খবর?,[],0,0,0,0,0,0,0,0,0,0,0,0,কি খবর?,7,0,0,0,0,0,0,0,0,0,0,0,0,0,0,0,0,0,0,0,0,0,0
normal,"মামি, আপনার রেসিপি অনুযায়ী রান্না করেছি। খুব ভালো হয়েছে।",Bengali,0,0,"মামি, আপনার রেসিপি অনুযায়ী রান্না করেছি। খুব ভালো হয়েছে।","মামি, আপনার রেসিপি অনুযায়ী রান্না করেছি। খুব ভালো হয়েছে।",[],0,0,0,0,0,0,0,0,0,0,0,0,"মামি, আপনার রেসিপি অনুযায়ী রান্না করেছি। খুব ভালো হয়েছে।",58,0,0,0,0,0,0,0,0,0,0,0,0,0,0,0,0,0,0,0,0,0,0
smish,"উপবৃত্তির 4200 টাকার জন্য
যোগাযোগ করুন: 01320660547
শিক্ষা বোর্ড",Bengali,0,2,"উপবৃত্তির 4200 টাকার জন্য
যোগাযোগ করুন: 01320660547
শিক্ষা বোর্ড",উপবৃত্তির 4200 টাকার জন্য যোগাযোগ করুন: 01320660547 শিক্ষা বোর্ড,[],0,0,0,0,0,0,0,0,0,0,0,0,উপবৃত্তির 4200 টাকার জন্য যোগাযোগ করুন: 01320660547 শিক্ষা বোর্ড,64,0,0,0,0,0,0,0,0,0,0,0,0,0,0,0,0,0,0,0,0,0,0
normal,আজ সকালে ঘুম থেকে উঠে দেখি বৃষ্টি হচ্ছে। চা বানিয়ে বারান্দায় বসে গান শুনছিলাম। মনে হচ্ছিলো সারাদিন এভাবেই কেটে যাক।,Bengali,0,0,আজ সকালে ঘুম থেকে উঠে দেখি বৃষ্টি হচ্ছে। চা বানিয়ে বারান্দায় বসে গান শুনছিলাম। মনে হচ্ছিলো সারাদিন এভাবেই কেটে যাক।,আজ সকালে ঘুম থেকে উঠে দেখি বৃষ্টি হচ্ছে। চা বানিয়ে বারান্দায় বসে গান শুনছিলাম। মনে হচ্ছিলো সারাদিন এভাবেই কেটে যাক।,[],0,0,0,0,0,0,0,0,0,0,0,0,আজ সকালে ঘুম থেকে উঠে দেখি বৃষ্টি হচ্ছে। চা বানিয়ে বারান্দায় বসে গান শুনছিলাম। মনে হচ্ছিলো সারাদিন এভাবেই কেটে যাক।,117,0,0,0,0,0,0,0,0,0,0,0,0,0,0,0,0,0,0,0,0,0,0
promo,"৪০৳ ক্যাশব্যাক! ৪৬জিবি@৪৫৮৳, ৩০দিন, নিয়ে নাও এখনই: cutt.ly/GwWYCCfJ",Bengali,1,1,"৪০৳ ক্যাশব্যাক! ৪৬জিবি@৪৫৮৳, ৩০দিন, নিয়ে নাও এখনই: cutt.ly/GwWYCCfJ","৪০৳ ক্যাশব্যাক! ৪৬জিবি@৪৫৮৳, ৩০দিন, নিয়ে নাও এখনই: cutt.ly/GwWYCCfJ",['cutt.ly/GwWYCCfJ'],1,1,16,16,0,1,0,1,0,0,0,1,"৪০৳ ক্যাশব্যাক! ৪৬জিবি@৪৫৮৳, ৩০দিন, নিয়ে নাও এখনই:  [URL] ",59,1,16,16,0,1,0,1,0,0,0,1,1,16,16,0,1,0,1,0,0,0,1
smish,100+ মোবাইল গেম খেলতে এবং প্রতিদিন 25 কোটি টাকা পর্যন্ত নগদ পুরস্কার জিততে  বৃহত্তম সামাজিক গেমিং অ্যাপ ডাউনলোড করুন।,Bengali,0,2,100+ মোবাইল গেম খেলতে এবং প্রতিদিন 25 কোটি টাকা পর্যন্ত নগদ পুরস্কার জিততে  বৃহত্তম সামাজিক গেমিং অ্যাপ ডাউনলোড করুন।,100+ মোবাইল গেম খেলতে এবং প্রতিদিন 25 কোটি টাকা পর্যন্ত নগদ পুরস্কার জিততে বৃহত্তম সামাজিক গেমিং অ্যাপ ডাউনলোড করুন।,[],0,0,0,0,0,0,0,0,0,0,0,0,100+ মোবাইল গেম খেলতে এবং প্রতিদিন 25 কোটি টাকা পর্যন্ত নগদ পুরস্কার জিততে বৃহত্তম সামাজিক গেমিং অ্যাপ ডাউনলোড করুন।,116,0,0,0,0,0,0,0,0,0,0,0,0,0,0,0,0,0,0,0,0,0,0
smish,বিশেষ জরুরি ঘোষণা! আপনার নামে একটি বড় আর্থিক প্রতারণার মামলা দায়ের হয়েছে যেখানে অভিযোগ করা হয়েছে যে আপনি অনলাইনে জুয়া খেলে এবং হাওলা ব্যবসার সাথে জড়িত আছেন। এই মিথ্যা অভিযোগ থেকে নিজেকে রক্ষা করার জন্য আপনাকে একটি আইনি সার্টিফিকেট সংগ্রহ করতে হবে যার জন্য ৩০০০ টাকা ফি দিতে হবে। ২৪ ঘন্টার মধ্যে legal-clear-bd.tk লিংকে গিয়ে আপনার সমস্ত তথ্য দিয়ে এই ফি পরিশোধ করুন নতুবা আপনার বিরুদ্ধে গ্রেফতারি পরোয়ানা জারি হতে পারে।,Bengali,1,2,বিশেষ জরুরি ঘোষণা! আপনার নামে একটি বড় আর্থিক প্রতারণার মামলা দায়ের হয়েছে যেখানে অভিযোগ করা হয়েছে যে আপনি অনলাইনে জুয়া খেলে এবং হাওলা ব্যবসার সাথে জড়িত আছেন। এই মিথ্যা অভিযোগ থেকে নিজেকে রক্ষা করার জন্য আপনাকে একটি আইনি সার্টিফিকেট সংগ্রহ করতে হবে যার জন্য ৩০০০ টাকা ফি দিতে হবে। ২৪ ঘন্টার মধ্যে legal-clear-bd.tk লিংকে গিয়ে আপনার সমস্ত তথ্য দিয়ে এই ফি পরিশোধ করুন নতুবা আপনার বিরুদ্ধে গ্রেফতারি পরোয়ানা জারি হতে পারে।,বিশেষ জরুরি ঘোষণা! আপনার নামে একটি বড় আর্থিক প্রতারণার মামলা দায়ের হয়েছে যেখানে অভিযোগ করা হয়েছে যে আপনি অনলাইনে জুয়া খেলে এবং হাওলা ব্যবসার সাথে জড়িত আছেন। এই মিথ্যা অভিযোগ থেকে নিজেকে রক্ষা করার জন্য আপনাকে একটি আইনি সার্টিফিকেট সংগ্রহ করতে হবে যার জন্য ৩০০০ টাকা ফি দিতে হবে। ২৪ ঘন্টার মধ্যে legal-clear-bd.tk লিংকে গিয়ে আপনার সমস্ত তথ্য দিয়ে এই ফি পরিশোধ করুন নতুবা আপনার বিরুদ্ধে গ্রেফতারি পরোয়ানা জারি হতে পারে।,['legal-clear-bd.tk'],1,1,17,17,0,1,2,0,0,0,0,0,বিশেষ জরুরি ঘোষণা! আপনার নামে একটি বড় আর্থিক প্রতারণার মামলা দায়ের হয়েছে যেখানে অভিযোগ করা হয়েছে যে আপনি অনলাইনে জুয়া খেলে এবং হাওলা ব্যবসার সাথে জড়িত আছেন। এই মিথ্যা অভিযোগ থেকে নিজেকে রক্ষা করার জন্য আপনাকে একটি আইনি সার্টিফিকেট সংগ্রহ করতে হবে যার জন্য ৩০০০ টাকা ফি দিতে হবে। ২৪ ঘন্টার মধ্যে  [URL]  লিংকে গিয়ে আপনার সমস্ত তথ্য দিয়ে এই ফি পরিশোধ করুন নতুবা আপনার বিরুদ্ধে গ্রেফতারি পরোয়ানা জারি হতে পারে।,416,1,17,17,0,1,2,0,0,0,0,0,1,17,17,0,1,2,0,0,0,0,0
normal,"আপনার পাওনা ৮০০/- টাকা, দ্রুত পরিশোধ করুন।",Bengali,0,0,"আপনার পাওনা ৮০০/- টাকা, দ্রুত পরিশোধ করুন।","আপনার পাওনা ৮০০/- টাকা, দ্রুত পরিশোধ করুন।",[],0,0,0,0,0,0,0,0,0,0,0,0,"আপনার পাওনা ৮০০/- টাকা, দ্রুত পরিশোধ করুন।",42,0,0,0,0,0,0,0,0,0,0,0,0,0,0,0,0,0,0,0,0,0,0
promo,১০০৳ ক্যাশব্যাক শেষ দিন! ৩১জিবি+৪৫০মি.@৩৯৯৳ ৩০দিন: cutt.ly/2wQlYv6U,Bengali,1,1,১০০৳ ক্যাশব্যাক শেষ দিন! ৩১জিবি+৪৫০মি.@৩৯৯৳ ৩০দিন: cutt.ly/2wQlYv6U,১০০৳ ক্যাশব্যাক শেষ দিন! ৩১জিবি+৪৫০মি.@৩৯৯৳ ৩০দিন: cutt.ly/2wQlYv6U,['cutt.ly/2wQlYv6U'],1,1,16,16,2,1,0,1,0,0,0,1,১০০৳ ক্যাশব্যাক শেষ দিন! ৩১জিবি+৪৫০মি.@৩৯৯৳ ৩০দিন:  [URL] ,58,1,16,16,2,1,0,1,0,0,0,1,1,16,16,2,1,0,1,0,0,0,1
promo,Daraz Electronics Fair-এ ল্যাপটপে ৩০% পর্যন্ত ডিসকাউন্ট।,Bengali,0,1,Daraz Electronics Fair-এ ল্যাপটপে ৩০% পর্যন্ত ডিসকাউন্ট।,Daraz Electronics Fair-এ ল্যাপটপে ৩০% পর্যন্ত ডিসকাউন্ট।,[],0,0,0,0,0,0,0,0,0,0,0,0,Daraz Electronics Fair-এ ল্যাপটপে ৩০% পর্যন্ত ডিসকাউন্ট।,56,0,0,0,0,0,0,0,0,0,0,0,0,0,0,0,0,0,0,0,0,0,0
normal,আজ বৃষ্টি হচ্ছে। ক্লাস বাতিল হয়েছে কিনা জানো?,Bengali,0,0,আজ বৃষ্টি হচ্ছে। ক্লাস বাতিল হয়েছে কিনা জানো?,আজ বৃষ্টি হচ্ছে। ক্লাস বাতিল হয়েছে কিনা জানো?,[],0,0,0,0,0,0,0,0,0,0,0,0,আজ বৃষ্টি হচ্ছে। ক্লাস বাতিল হয়েছে কিনা জানো?,46,0,0,0,0,0,0,0,0,0,0,0,0,0,0,0,0,0,0,0,0,0,0
smish,জনতা ব্যাংক অ্যাকাউন্টে সমস্যা হয়েছে। কল করুন: +8801816566678,Bengali,0,2,জনতা ব্যাংক অ্যাকাউন্টে সমস্যা হয়েছে। কল করুন: +8801816566678,জনতা ব্যাংক অ্যাকাউন্টে সমস্যা হয়েছে। কল করুন: +8801816566678,[],0,0,0,0,0,0,0,0,0,0,0,0,জনতা ব্যাংক অ্যাকাউন্টে সমস্যা হয়েছে। কল করুন: +8801816566678,62,0,0,0,0,0,0,0,0,0,0,0,0,0,0,0,0,0,0,0,0,0,0
normal,আমাকে জরুরি কল দিন ০১৭২৪৮৩৯৮৫৬ এই নাম্বারে।,Bengali,0,0,আমাকে জরুরি কল দিন ০১৭২৪৮৩৯৮৫৬ এই নাম্বারে।,আমাকে জরুরি কল দিন ০১৭২৪৮৩৯৮৫৬ এই নাম্বারে।,[],0,0,0,0,0,0,0,0,0,0,0,0,আমাকে জরুরি কল দিন ০১৭২৪৮৩৯৮৫৬ এই নাম্বারে।,43,0,0,0,0,0,0,0,0,0,0,0,0,0,0,0,0,0,0,0,0,0,0
normal,"ভাইয়া, আমার কম্পিউটার ঠিক আছে এখন। আপনার সাহায্যের জন্য ধন্যবাদ।",Bengali,0,0,"ভাইয়া, আমার কম্পিউটার ঠিক আছে এখন। আপনার সাহায্যের জন্য ধন্যবাদ।","ভাইয়া, আমার কম্পিউটার ঠিক আছে এখন। আপনার সাহায্যের জন্য ধন্যবাদ।",[],0,0,0,0,0,0,0,0,0,0,0,0,"ভাইয়া, আমার কম্পিউটার ঠিক আছে এখন। আপনার সাহায্যের জন্য ধন্যবাদ।",65,0,0,0,0,0,0,0,0,0,0,0,0,0,0,0,0,0,0,0,0,0,0
smish,"ইমার্জেন্সি নোটিশ! আপনার মোবাইল নম্বর ০১৭১১২২৩৩৪৪ টি একটি আন্তর্জাতিক প্রতারণামূলক চক্রের তালিকায় অন্তর্ভুক্ত হয়েছে। এই নম্বর ব্যবহার করে বিভিন্ন অবৈধ কার্যকলাপের অভিযোগ এসেছে যার মধ্যে রয়েছে অনলাইন জুয়া, সাইবার বুলিং এবং ফ্রড। আপনার নাম পরিষ্কার রাখতে এবং আইনি ঝামেলা এড়াতে পরবর্তী ২৪ ঘন্টার মধ্যে আপনার পরিচয় যাচাই করতে হবে। clear-name-urgent.ga লিংকে গিয়ে সম্পূর্ণ তথ্য দিন।",Bengali,1,2,"ইমার্জেন্সি নোটিশ! আপনার মোবাইল নম্বর ০১৭১১২২৩৩৪৪ টি একটি আন্তর্জাতিক প্রতারণামূলক চক্রের তালিকায় অন্তর্ভুক্ত হয়েছে। এই নম্বর ব্যবহার করে বিভিন্ন অবৈধ কার্যকলাপের অভিযোগ এসেছে যার মধ্যে রয়েছে অনলাইন জুয়া, সাইবার বুলিং এবং ফ্রড। আপনার নাম পরিষ্কার রাখতে এবং আইনি ঝামেলা এড়াতে পরবর্তী ২৪ ঘন্টার মধ্যে আপনার পরিচয় যাচাই করতে হবে। clear-name-urgent.ga লিংকে গিয়ে সম্পূর্ণ তথ্য দিন।","ইমার্জেন্সি নোটিশ! আপনার মোবাইল নম্বর ০১৭১১২২৩৩৪৪ টি একটি আন্তর্জাতিক প্রতারণামূলক চক্রের তালিকায় অন্তর্ভুক্ত হয়েছে। এই নম্বর ব্যবহার করে বিভিন্ন অবৈধ কার্যকলাপের অভিযোগ এসেছে যার মধ্যে রয়েছে অনলাইন জুয়া, সাইবার বুলিং এবং ফ্রড। আপনার নাম পরিষ্কার রাখতে এবং আইনি ঝামেলা এড়াতে পরবর্তী ২৪ ঘন্টার মধ্যে আপনার পরিচয় যাচাই করতে হবে। clear-name-urgent.ga লিংকে গিয়ে সম্পূর্ণ তথ্য দিন।",['clear-name-urgent.ga'],1,1,20,20,0,1,2,0,0,0,0,0,"ইমার্জেন্সি নোটিশ! আপনার মোবাইল নম্বর ০১৭১১২২৩৩৪৪ টি একটি আন্তর্জাতিক প্রতারণামূলক চক্রের তালিকায় অন্তর্ভুক্ত হয়েছে। এই নম্বর ব্যবহার করে বিভিন্ন অবৈধ কার্যকলাপের অভিযোগ এসেছে যার মধ্যে রয়েছে অনলাইন জুয়া, সাইবার বুলিং এবং ফ্রড। আপনার নাম পরিষ্কার রাখতে এবং আইনি ঝামেলা এড়াতে পরবর্তী ২৪ ঘন্টার মধ্যে আপনার পরিচয় যাচাই করতে হবে।  [URL]  লিংকে গিয়ে সম্পূর্ণ তথ্য দিন।",371,1,20,20,0,1,2,0,0,0,0,0,1,20,20,0,1,2,0,0,0,0,0
smish,"আপনার সিভি পাস হয়েছে এবং আপনি বাড়ি থেকে আপনার মোবাইল ফোনের মাধ্যমে কাজ করতে পারবেন এবং প্রতিদিন ২,০০০ টাকা পাবেন। এখনই যোগ দিন: wa.me/8801865655560",Bengali,1,2,"আপনার সিভি পাস হয়েছে এবং আপনি বাড়ি থেকে আপনার মোবাইল ফোনের মাধ্যমে কাজ করতে পারবেন এবং প্রতিদিন ২,০০০ টাকা পাবেন। এখনই যোগ দিন: wa.me/8801865655560","আপনার সিভি পাস হয়েছে এবং আপনি বাড়ি থেকে আপনার মোবাইল ফোনের মাধ্যমে কাজ করতে পারবেন এবং প্রতিদিন ২,০০০ টাকা পাবেন। এখনই যোগ দিন: wa.me/8801865655560",['wa.me/8801865655560'],1,1,19,19,13,1,0,1,0,0,0,0,"আপনার সিভি পাস হয়েছে এবং আপনি বাড়ি থেকে আপনার মোবাইল ফোনের মাধ্যমে কাজ করতে পারবেন এবং প্রতিদিন ২,০০০ টাকা পাবেন। এখনই যোগ দিন:  [URL] ",137,1,19,19,13,1,0,1,0,0,0,0,1,19,19,13,1,0,1,0,0,0,0
promo,"১২৫৳ ক্যাশব্যাকে সেরা অফার ৬১জিবি+১০০০মি@৳৭৭৪, ৩০দিন: cutt.ly/8wBQC0MC",Bengali,1,1,"১২৫৳ ক্যাশব্যাকে সেরা অফার ৬১জিবি+১০০০মি@৳৭৭৪, ৩০দিন: cutt.ly/8wBQC0MC","১২৫৳ ক্যাশব্যাকে সেরা অফার ৬১জিবি+১০০০মি@৳৭৭৪, ৩০দিন: cutt.ly/8wBQC0MC",['cutt.ly/8wBQC0MC'],1,1,16,16,2,1,0,1,0,0,0,1,"১২৫৳ ক্যাশব্যাকে সেরা অফার ৬১জিবি+১০০০মি@৳৭৭৪, ৩০দিন:  [URL] ",61,1,16,16,2,1,0,1,0,0,0,1,1,16,16,2,1,0,1,0,0,0,1
smish,বিনামূল্যে ক্রিপ্টো পাওয়ার সুযোগ! এখানে ক্লিক করুন: http://bit.ly/FreeCrypto,Bengali,1,2,বিনামূল্যে ক্রিপ্টো পাওয়ার সুযোগ! এখানে ক্লিক করুন: http://bit.ly/FreeCrypto,বিনামূল্যে ক্রিপ্টো পাওয়ার সুযোগ! এখানে ক্লিক করুন: http://bit.ly/FreeCrypto,['http://bit.ly/FreeCrypto'],1,1,24,24,0,1,0,3,0,0,0,1,বিনামূল্যে ক্রিপ্টো পাওয়ার সুযোগ! এখানে ক্লিক করুন:  [URL] ,60,1,24,24,0,1,0,3,0,0,0,1,1,24,24,0,1,0,3,0,0,0,1
smish,"সোনালী ব্যাংক জানাচ্ছে, আপনার কার্ড ব্লক হয়ে যাবে যদি ১২ ঘণ্টার মধ্যে তথ্য আপডেট না করেন। ভিজিট করুন: sonali-update.net।",Bengali,1,2,"সোনালী ব্যাংক জানাচ্ছে, আপনার কার্ড ব্লক হয়ে যাবে যদি ১২ ঘণ্টার মধ্যে তথ্য আপডেট না করেন। ভিজিট করুন: sonali-update.net।","সোনালী ব্যাংক জানাচ্ছে, আপনার কার্ড ব্লক হয়ে যাবে যদি ১২ ঘণ্টার মধ্যে তথ্য আপডেট না করেন। ভিজিট করুন: sonali-update.net।",['sonali-update.net'],1,1,17,17,0,1,1,0,0,0,0,0,"সোনালী ব্যাংক জানাচ্ছে, আপনার কার্ড ব্লক হয়ে যাবে যদি ১২ ঘণ্টার মধ্যে তথ্য আপডেট না করেন। ভিজিট করুন:  [URL] ।",111,1,17,17,0,1,1,0,0,0,0,0,1,17,17,0,1,1,0,0,0,0,0
normal,আজকে কি করছো?,Bengali,0,0,আজকে কি করছো?,আজকে কি করছো?,[],0,0,0,0,0,0,0,0,0,0,0,0,আজকে কি করছো?,13,0,0,0,0,0,0,0,0,0,0,0,0,0,0,0,0,0,0,0,0,0,0
smish,"৮,০০০ টাকা বিনিয়োগে ২৪,০০০ টাকা পান! কল করুন: +8801919900112",Bengali,0,2,"৮,০০০ টাকা বিনিয়োগে ২৪,০০০ টাকা পান! কল করুন: +8801919900112","৮,০০০ টাকা বিনিয়োগে ২৪,০০০ টাকা পান! কল করুন: +8801919900112",[],0,0,0,0,0,0,0,0,0,0,0,0,"৮,০০০ টাকা বিনিয়োগে ২৪,০০০ টাকা পান! কল করুন: +8801919900112",61,0,0,0,0,0,0,0,0,0,0,0,0,0,0,0,0,0,0,0,0,0,0
normal,শুভ হোলি!,Bengali,0,0,শুভ হোলি!,শুভ হোলি!,[],0,0,0,0,0,0,0,0,0,0,0,0,শুভ হোলি!,9,0,0,0,0,0,0,0,0,0,0,0,0,0,0,0,0,0,0,0,0,0,0
normal,আজ খুব ঠাণ্ডা হচ্ছে।,Bengali,0,0,আজ খুব ঠাণ্ডা হচ্ছে।,আজ খুব ঠাণ্ডা হচ্ছে।,[],0,0,0,0,0,0,0,0,0,0,0,0,আজ খুব ঠাণ্ডা হচ্ছে।,20,0,0,0,0,0,0,0,0,0,0,0,0,0,0,0,0,0,0,0,0,0,0
normal,শুভ সকাল!,Bengali,0,0,শুভ সকাল!,শুভ সকাল!,[],0,0,0,0,0,0,0,0,0,0,0,0,শুভ সকাল!,9,0,0,0,0,0,0,0,0,0,0,0,0,0,0,0,0,0,0,0,0,0,0
promo,সবার পছন্দের বার্গার নিয়ে বার্গার কিং এখন ধানমন্ডি ২৭ এ। দেরি না করে আকর্ষনীয় সব অফার উপভোগ করতে চলে আসুন বার্গার কিং এ। হোম ডেলিভারি পেতে কল করুন ১৬৬০৬,Bengali,0,1,সবার পছন্দের বার্গার নিয়ে বার্গার কিং এখন ধানমন্ডি ২৭ এ। দেরি না করে আকর্ষনীয় সব অফার উপভোগ করতে চলে আসুন বার্গার কিং এ। হোম ডেলিভারি পেতে কল করুন ১৬৬০৬,সবার পছন্দের বার্গার নিয়ে বার্গার কিং এখন ধানমন্ডি ২৭ এ। দেরি না করে আকর্ষনীয় সব অফার উপভোগ করতে চলে আসুন বার্গার কিং এ। হোম ডেলিভারি পেতে কল করুন ১৬৬০৬,[],0,0,0,0,0,0,0,0,0,0,0,0,সবার পছন্দের বার্গার নিয়ে বার্গার কিং এখন ধানমন্ডি ২৭ এ। দেরি না করে আকর্ষনীয় সব অফার উপভোগ করতে চলে আসুন বার্গার কিং এ। হোম ডেলিভারি পেতে কল করুন ১৬৬০৬,154,0,0,0,0,0,0,0,0,0,0,0,0,0,0,0,0,0,0,0,0,0,0
normal,০১৬৭২৫৮২৯৭৮ এই নাম্বারে রকেটে ২০০ টাকা পাঠান।,Bengali,0,0,০১৬৭২৫৮২৯৭৮ এই নাম্বারে রকেটে ২০০ টাকা পাঠান।,০১৬৭২৫৮২৯৭৮ এই নাম্বারে রকেটে ২০০ টাকা পাঠান।,[],0,0,0,0,0,0,0,0,0,0,0,0,০১৬৭২৫৮২৯৭৮ এই নাম্বারে রকেটে ২০০ টাকা পাঠান।,45,0,0,0,0,0,0,0,0,0,0,0,0,0,0,0,0,0,0,0,0,0,0
normal,আজ বিকেলে জ্যামে এক ঘণ্টা বসে ছিলাম। ঢাকার রাস্তার অবস্থা আরও খারাপ হচ্ছে।,Bengali,0,0,আজ বিকেলে জ্যামে এক ঘণ্টা বসে ছিলাম। ঢাকার রাস্তার অবস্থা আরও খারাপ হচ্ছে।,আজ বিকেলে জ্যামে এক ঘণ্টা বসে ছিলাম। ঢাকার রাস্তার অবস্থা আরও খারাপ হচ্ছে।,[],0,0,0,0,0,0,0,0,0,0,0,0,আজ বিকেলে জ্যামে এক ঘণ্টা বসে ছিলাম। ঢাকার রাস্তার অবস্থা আরও খারাপ হচ্ছে।,74,0,0,0,0,0,0,0,0,0,0,0,0,0,0,0,0,0,0,0,0,0,0
normal,এই যাত্রার জন্য বাড়িতে আসতে চাই।,Bengali,0,0,এই যাত্রার জন্য বাড়িতে আসতে চাই।,এই যাত্রার জন্য বাড়িতে আসতে চাই।,[],0,0,0,0,0,0,0,0,0,0,0,0,এই যাত্রার জন্য বাড়িতে আসতে চাই।,33,0,0,0,0,0,0,0,0,0,0,0,0,0,0,0,0,0,0,0,0,0,0
promo,"সিস্টেম আপগ্রেডেশনের জন্য ৩ অক্টোবর রাত ১২:০১মিনিট থেকে সকাল ৮টা পর্যন্ত,স্কিটো সিমের সকল সেবা বন্ধ থাকবে। বিস্তারিত: cutt.ly/TwvBT4wH",Bengali,1,1,"সিস্টেম আপগ্রেডেশনের জন্য ৩ অক্টোবর রাত ১২:০১মিনিট থেকে সকাল ৮টা পর্যন্ত,স্কিটো সিমের সকল সেবা বন্ধ থাকবে। বিস্তারিত: cutt.ly/TwvBT4wH","সিস্টেম আপগ্রেডেশনের জন্য ৩ অক্টোবর রাত ১২:০১মিনিট থেকে সকাল ৮টা পর্যন্ত,স্কিটো সিমের সকল সেবা বন্ধ থাকবে। বিস্তারিত: cutt.ly/TwvBT4wH",['cutt.ly/TwvBT4wH'],1,1,16,16,1,1,0,1,0,0,0,1,"সিস্টেম আপগ্রেডেশনের জন্য ৩ অক্টোবর রাত ১২:০১মিনিট থেকে সকাল ৮টা পর্যন্ত,স্কিটো সিমের সকল সেবা বন্ধ থাকবে। বিস্তারিত:  [URL] ",125,1,16,16,1,1,0,1,0,0,0,1,1,16,16,1,1,0,1,0,0,0,1
promo,"Robi App দিয়ে বিল পরিশোধে ৫% ক্যাশব্যাক, সর্বোচ্চ ১০০ টাকা।",Bengali,0,1,"Robi App দিয়ে বিল পরিশোধে ৫% ক্যাশব্যাক, সর্বোচ্চ ১০০ টাকা।","Robi App দিয়ে বিল পরিশোধে ৫% ক্যাশব্যাক, সর্বোচ্চ ১০০ টাকা।",[],0,0,0,0,0,0,0,0,0,0,0,0,"Robi App দিয়ে বিল পরিশোধে ৫% ক্যাশব্যাক, সর্বোচ্চ ১০০ টাকা।",60,0,0,0,0,0,0,0,0,0,0,0,0,0,0,0,0,0,0,0,0,0,0
promo,"Robi গ্রাহকগণ, মাসিক প্যাক ৬০জিবি মাত্র ৫৯৯ টাকা। ডায়াল করুন *123*599#।",Bengali,0,1,"Robi গ্রাহকগণ, মাসিক প্যাক ৬০জিবি মাত্র ৫৯৯ টাকা। ডায়াল করুন *123*599#।","Robi গ্রাহকগণ, মাসিক প্যাক ৬০জিবি মাত্র ৫৯৯ টাকা। ডায়াল করুন *123*599#।",[],0,0,0,0,0,0,0,0,0,0,0,0,"Robi গ্রাহকগণ, মাসিক প্যাক ৬০জিবি মাত্র ৫৯৯ টাকা। ডায়াল করুন *123*599#।",72,0,0,0,0,0,0,0,0,0,0,0,0,0,0,0,0,0,0,0,0,0,0
smish,সোনালী ব্যাংক অ্যাকাউন্টে ত্রুটি দেখা দিয়েছে। জরুরি ভিত্তিতে কল করুন: +8801711234567,Bengali,0,2,সোনালী ব্যাংক অ্যাকাউন্টে ত্রুটি দেখা দিয়েছে। জরুরি ভিত্তিতে কল করুন: +8801711234567,সোনালী ব্যাংক অ্যাকাউন্টে ত্রুটি দেখা দিয়েছে। জরুরি ভিত্তিতে কল করুন: +8801711234567,[],0,0,0,0,0,0,0,0,0,0,0,0,সোনালী ব্যাংক অ্যাকাউন্টে ত্রুটি দেখা দিয়েছে। জরুরি ভিত্তিতে কল করুন: +8801711234567,85,0,0,0,0,0,0,0,0,0,0,0,0,0,0,0,0,0,0,0,0,0,0
normal,"আপনার প্যাকেজের ডেলিভারি আজ হবে, ০১৯৮৭৬৫৪৩২১ এই নাম্বারে কল করুন আরও তথ্যের জন্য।",Bengali,0,0,"আপনার প্যাকেজের ডেলিভারি আজ হবে, ০১৯৮৭৬৫৪৩২১ এই নাম্বারে কল করুন আরও তথ্যের জন্য।","আপনার প্যাকেজের ডেলিভারি আজ হবে, ০১৯৮৭৬৫৪৩২১ এই নাম্বারে কল করুন আরও তথ্যের জন্য।",[],0,0,0,0,0,0,0,0,0,0,0,0,"আপনার প্যাকেজের ডেলিভারি আজ হবে, ০১৯৮৭৬৫৪৩২১ এই নাম্বারে কল করুন আরও তথ্যের জন্য।",81,0,0,0,0,0,0,0,0,0,0,0,0,0,0,0,0,0,0,0,0,0,0
smish,"জনতা ব্যাংক থেকে ২,০০০ টাকা পুরস্কার জিতেছেন! কল করুন: +8801714455667",Bengali,0,2,"জনতা ব্যাংক থেকে ২,০০০ টাকা পুরস্কার জিতেছেন! কল করুন: +8801714455667","জনতা ব্যাংক থেকে ২,০০০ টাকা পুরস্কার জিতেছেন! কল করুন: +8801714455667",[],0,0,0,0,0,0,0,0,0,0,0,0,"জনতা ব্যাংক থেকে ২,০০০ টাকা পুরস্কার জিতেছেন! কল করুন: +8801714455667",69,0,0,0,0,0,0,0,0,0,0,0,0,0,0,0,0,0,0,0,0,0,0
smish,Facebook নিরাপত্তা টিম থেকে বার্তা: আপনার একাউন্টে অস্বাভাবিক লগইন শনাক্ত হয়েছে। অ্যাকাউন্ট রক্ষা করতে এখনই fb-safeverify-bd.org এ যান এবং মোবাইল নাম্বার যাচাই করুন।,Bengali,1,2,Facebook নিরাপত্তা টিম থেকে বার্তা: আপনার একাউন্টে অস্বাভাবিক লগইন শনাক্ত হয়েছে। অ্যাকাউন্ট রক্ষা করতে এখনই fb-safeverify-bd.org এ যান এবং মোবাইল নাম্বার যাচাই করুন।,Facebook নিরাপত্তা টিম থেকে বার্তা: আপনার একাউন্টে অস্বাভাবিক লগইন শনাক্ত হয়েছে। অ্যাকাউন্ট রক্ষা করতে এখনই fb-safeverify-bd.org এ যান এবং মোবাইল নাম্বার যাচাই করুন।,['fb-safeverify-bd.org'],1,1,20,20,0,1,2,0,0,0,0,0,Facebook নিরাপত্তা টিম থেকে বার্তা: আপনার একাউন্টে অস্বাভাবিক লগইন শনাক্ত হয়েছে। অ্যাকাউন্ট রক্ষা করতে এখনই  [URL]  এ যান এবং মোবাইল নাম্বার যাচাই করুন।,153,1,20,20,0,1,2,0,0,0,0,0,1,20,20,0,1,2,0,0,0,0,0
promo,ভ্রমণ প্যাকেজে ২০% ছাড়! বুকিং করতে আজই যোগাযোগ করুন।,Bengali,0,1,ভ্রমণ প্যাকেজে ২০% ছাড়! বুকিং করতে আজই যোগাযোগ করুন।,ভ্রমণ প্যাকেজে ২০% ছাড়! বুকিং করতে আজই যোগাযোগ করুন।,[],0,0,0,0,0,0,0,0,0,0,0,0,ভ্রমণ প্যাকেজে ২০% ছাড়! বুকিং করতে আজই যোগাযোগ করুন।,53,0,0,0,0,0,0,0,0,0,0,0,0,0,0,0,0,0,0,0,0,0,0
normal,ভালো সময় আবার আসবে।,Bengali,0,0,ভালো সময় আবার আসবে।,ভালো সময় আবার আসবে।,[],0,0,0,0,0,0,0,0,0,0,0,0,ভালো সময় আবার আসবে।,20,0,0,0,0,0,0,0,0,0,0,0,0,0,0,0,0,0,0,0,0,0,0
smish,"জনতা ব্যাংক থেকে ২,০০০ টাকা পুরস্কার জিতেছেন! বিস্তারিত জানতে এখানে ক্লিক করুন: https://t.me/JanataPrizeBot",Bengali,1,2,"জনতা ব্যাংক থেকে ২,০০০ টাকা পুরস্কার জিতেছেন! বিস্তারিত জানতে এখানে ক্লিক করুন: https://t.me/JanataPrizeBot","জনতা ব্যাংক থেকে ২,০০০ টাকা পুরস্কার জিতেছেন! বিস্তারিত জানতে এখানে ক্লিক করুন: https://t.me/JanataPrizeBot",['https://t.me/JanataPrizeBot'],1,1,27,27,0,1,0,3,1,0,0,0,"জনতা ব্যাংক থেকে ২,০০০ টাকা পুরস্কার জিতেছেন! বিস্তারিত জানতে এখানে ক্লিক করুন:  [URL] ",87,1,27,27,0,1,0,3,1,0,0,0,1,27,27,0,1,0,3,1,0,0,0
promo,"ক্যাশব্যাকে সেঞ্চুরি ৳১০০! ৫৫জিবি @৳৩৯৮,৩০দিন: cutt.ly/hwltB5hC",Bengali,1,1,"ক্যাশব্যাকে সেঞ্চুরি ৳১০০! ৫৫জিবি @৳৩৯৮,৩০দিন: cutt.ly/hwltB5hC","ক্যাশব্যাকে সেঞ্চুরি ৳১০০! ৫৫জিবি @৳৩৯৮,৩০দিন: cutt.ly/hwltB5hC",['cutt.ly/hwltB5hC'],1,1,16,16,1,1,0,1,0,0,0,1,"ক্যাশব্যাকে সেঞ্চুরি ৳১০০! ৫৫জিবি @৳৩৯৮,৩০দিন:  [URL] ",54,1,16,16,1,1,0,1,0,0,0,1,1,16,16,1,1,0,1,0,0,0,1
normal,তুমি আমাকে কি বলতে চাও?,Bengali,0,0,তুমি আমাকে কি বলতে চাও?,তুমি আমাকে কি বলতে চাও?,[],0,0,0,0,0,0,0,0,0,0,0,0,তুমি আমাকে কি বলতে চাও?,23,0,0,0,0,0,0,0,0,0,0,0,0,0,0,0,0,0,0,0,0,0,0
promo,"৳৫০ ক্যাশব্যাকে প্রো-লেভেল ডাটা ডিল ৫০জিবি@৳৪৪৮,৩০দিন cutt.ly/nwMwL8Y1",Bengali,1,1,"৳৫০ ক্যাশব্যাকে প্রো-লেভেল ডাটা ডিল ৫০জিবি@৳৪৪৮,৩০দিন cutt.ly/nwMwL8Y1","৳৫০ ক্যাশব্যাকে প্রো-লেভেল ডাটা ডিল ৫০জিবি@৳৪৪৮,৩০দিন cutt.ly/nwMwL8Y1",['cutt.ly/nwMwL8Y1'],1,1,16,16,2,1,0,1,0,0,0,1,"৳৫০ ক্যাশব্যাকে প্রো-লেভেল ডাটা ডিল ৫০জিবি@৳৪৪৮,৩০দিন  [URL] ",61,1,16,16,2,1,0,1,0,0,0,1,1,16,16,2,1,0,1,0,0,0,1
promo,এক্সক্লুসিভ অফার! আইফোনে ২০০০০ টাকা ক্যাশব্যাক। EMI তে কিনুন।,Bengali,0,1,এক্সক্লুসিভ অফার! আইফোনে ২০০০০ টাকা ক্যাশব্যাক। EMI তে কিনুন।,এক্সক্লুসিভ অফার! আইফোনে ২০০০০ টাকা ক্যাশব্যাক। EMI তে কিনুন।,[],0,0,0,0,0,0,0,0,0,0,0,0,এক্সক্লুসিভ অফার! আইফোনে ২০০০০ টাকা ক্যাশব্যাক। EMI তে কিনুন।,61,0,0,0,0,0,0,0,0,0,0,0,0,0,0,0,0,0,0,0,0,0,0
normal,আশা করি তোমার সমস্ত ইচ্ছা পূরণ হোক!,Bengali,0,0,আশা করি তোমার সমস্ত ইচ্ছা পূরণ হোক!,আশা করি তোমার সমস্ত ইচ্ছা পূরণ হোক!,[],0,0,0,0,0,0,0,0,0,0,0,0,আশা করি তোমার সমস্ত ইচ্ছা পূরণ হোক!,35,0,0,0,0,0,0,0,0,0,0,0,0,0,0,0,0,0,0,0,0,0,0
smish,জনতা ব্যাংক থেকে জরুরি বার্তা। বিস্তারিত জানতে এখানে ক্লিক করুন: https://t.me/JanataUrgentBot,Bengali,1,2,জনতা ব্যাংক থেকে জরুরি বার্তা। বিস্তারিত জানতে এখানে ক্লিক করুন: https://t.me/JanataUrgentBot,জনতা ব্যাংক থেকে জরুরি বার্তা। বিস্তারিত জানতে এখানে ক্লিক করুন: https://t.me/JanataUrgentBot,['https://t.me/JanataUrgentBot'],1,1,28,28,0,1,0,3,1,0,0,0,জনতা ব্যাংক থেকে জরুরি বার্তা। বিস্তারিত জানতে এখানে ক্লিক করুন:  [URL] ,72,1,28,28,0,1,0,3,1,0,0,0,1,28,28,0,1,0,3,1,0,0,0
smish,আপনার ইমেল অ্যাকাউন্টে সমস্যা হয়েছে। সুরক্ষার জন্য এখানে ক্লিক করুন: [emailsecure.org/FixBD],Bengali,1,2,আপনার ইমেল অ্যাকাউন্টে সমস্যা হয়েছে। সুরক্ষার জন্য এখানে ক্লিক করুন: [emailsecure.org/FixBD],আপনার ইমেল অ্যাকাউন্টে সমস্যা হয়েছে। সুরক্ষার জন্য এখানে ক্লিক করুন: [emailsecure.org/FixBD],['emailsecure.org/FixBD'],1,1,21,21,0,1,0,1,0,0,0,0,আপনার ইমেল অ্যাকাউন্টে সমস্যা হয়েছে। সুরক্ষার জন্য এখানে ক্লিক করুন: [ [URL] ],79,1,21,21,0,1,0,1,0,0,0,0,1,21,21,0,1,0,1,0,0,0,0
normal,আজ দুপুরে বাজারে গেলাম। সবজির দাম অনেক বেড়ে গেছে।,Bengali,0,0,আজ দুপুরে বাজারে গেলাম। সবজির দাম অনেক বেড়ে গেছে।,আজ দুপুরে বাজারে গেলাম। সবজির দাম অনেক বেড়ে গেছে।,[],0,0,0,0,0,0,0,0,0,0,0,0,আজ দুপুরে বাজারে গেলাম। সবজির দাম অনেক বেড়ে গেছে।,50,0,0,0,0,0,0,0,0,0,0,0,0,0,0,0,0,0,0,0,0,0,0
smish,"ভালোভাবে চেষ্টা করলে মাসে ৩০-৬০ হাজার টাকা ইনকাম করতে পারবেন ...!🥰কাজ করতে না চাইলে ও একবার আমাদের online class টা করুন, আসা করি ভালো লাগবে।
শুধু telegram id লাগবে।",Bengali,0,2,"ভালোভাবে চেষ্টা করলে মাসে ৩০-৬০ হাজার টাকা ইনকাম করতে পারবেন ...!🥰কাজ করতে না চাইলে ও একবার আমাদের online class টা করুন, আসা করি ভালো লাগবে।
শুধু telegram id লাগবে।","ভালোভাবে চেষ্টা করলে মাসে ৩০-৬০ হাজার টাকা ইনকাম করতে পারবেন ...!🥰কাজ করতে না চাইলে ও একবার আমাদের online class টা করুন, আসা করি ভালো লাগবে। শুধু telegram id লাগবে।",[],0,0,0,0,0,0,0,0,0,0,0,0,"ভালোভাবে চেষ্টা করলে মাসে ৩০-৬০ হাজার টাকা ইনকাম করতে পারবেন ...!🥰কাজ করতে না চাইলে ও একবার আমাদের online class টা করুন, আসা করি ভালো লাগবে। শুধু telegram id লাগবে।",164,0,0,0,0,0,0,0,0,0,0,0,0,0,0,0,0,0,0,0,0,0,0
promo,"Banglalink গ্রাহকদের জন্য ফ্ল্যাশ অফার: ১ জিবি মাত্র ১১ টাকা, বৈধতা ২৪ ঘণ্টা। সক্রিয় করতে *5000*11#।",Bengali,0,1,"Banglalink গ্রাহকদের জন্য ফ্ল্যাশ অফার: ১ জিবি মাত্র ১১ টাকা, বৈধতা ২৪ ঘণ্টা। সক্রিয় করতে *5000*11#।","Banglalink গ্রাহকদের জন্য ফ্ল্যাশ অফার: ১ জিবি মাত্র ১১ টাকা, বৈধতা ২৪ ঘণ্টা। সক্রিয় করতে *5000*11#।",[],0,0,0,0,0,0,0,0,0,0,0,0,"Banglalink গ্রাহকদের জন্য ফ্ল্যাশ অফার: ১ জিবি মাত্র ১১ টাকা, বৈধতা ২৪ ঘণ্টা। সক্রিয় করতে *5000*11#।",101,0,0,0,0,0,0,0,0,0,0,0,0,0,0,0,0,0,0,0,0,0,0
smish,আপনার Facebook ID যাচাই না হলে বন্ধ হয়ে যাবে। এখনই login করুন: fb-bdcheck.com এবং OTP নিশ্চিত করুন।,Bengali,1,2,আপনার Facebook ID যাচাই না হলে বন্ধ হয়ে যাবে। এখনই login করুন: fb-bdcheck.com এবং OTP নিশ্চিত করুন।,আপনার Facebook ID যাচাই না হলে বন্ধ হয়ে যাবে। এখনই login করুন: fb-bdcheck.com এবং OTP নিশ্চিত করুন।,['fb-bdcheck.com'],1,1,14,14,0,1,1,0,0,0,0,0,আপনার Facebook ID যাচাই না হলে বন্ধ হয়ে যাবে। এখনই login করুন:  [URL]  এবং OTP নিশ্চিত করুন।,93,1,14,14,0,1,1,0,0,0,0,0,1,14,14,0,1,1,0,0,0,0,0
normal,মেজবান পাখি পক্ষে প্রিয় প্রেমের একটি দৃশ্য বিশ্বাস করা হয়।,Bengali,0,0,মেজবান পাখি পক্ষে প্রিয় প্রেমের একটি দৃশ্য বিশ্বাস করা হয়।,মেজবান পাখি পক্ষে প্রিয় প্রেমের একটি দৃশ্য বিশ্বাস করা হয়।,[],0,0,0,0,0,0,0,0,0,0,0,0,মেজবান পাখি পক্ষে প্রিয় প্রেমের একটি দৃশ্য বিশ্বাস করা হয়।,60,0,0,0,0,0,0,0,0,0,0,0,0,0,0,0,0,0,0,0,0,0,0
smish,"https://t.me/Referincomebd4536_bot?start=r00798685036
দিনে 200 থেকে 300 টাকা ইনকাম করতে চাইলে এই লিংকে ক্লিক করুন",Bengali,1,2,"https://t.me/Referincomebd4536_bot?start=r00798685036
দিনে 200 থেকে 300 টাকা ইনকাম করতে চাইলে এই লিংকে ক্লিক করুন",https://t.me/Referincomebd4536_bot?start=r00798685036 দিনে 200 থেকে 300 টাকা ইনকাম করতে চাইলে এই লিংকে ক্লিক করুন,['https://t.me/Referincomebd4536_bot?start=r00798685036'],1,1,53,53,15,1,0,3,1,0,0,0, [URL]  দিনে 200 থেকে 300 টাকা ইনকাম করতে চাইলে এই লিংকে ক্লিক করুন,67,1,53,53,15,1,0,3,1,0,0,0,1,53,53,15,1,0,3,1,0,0,0
normal,যে বিষয়ে মনে খটকা লাগে সে বিষয়টা যতোটা সম্ভব এড়িয়ে চলুন। – [ড. বিলাল ফিলিপ্স],Bengali,0,0,যে বিষয়ে মনে খটকা লাগে সে বিষয়টা যতোটা সম্ভব এড়িয়ে চলুন। – [ড. বিলাল ফিলিপ্স],যে বিষয়ে মনে খটকা লাগে সে বিষয়টা যতোটা সম্ভব এড়িয়ে চলুন। - [ড. বিলাল ফিলিপ্স],[],0,0,0,0,0,0,0,0,0,0,0,0,যে বিষয়ে মনে খটকা লাগে সে বিষয়টা যতোটা সম্ভব এড়িয়ে চলুন। - [ড. বিলাল ফিলিপ্স],81,0,0,0,0,0,0,0,0,0,0,0,0,0,0,0,0,0,0,0,0,0,0
smish,আপনি ৭ ভরি সোনা জিতেছেন! বিস্তারিত জানতে কল করুন: +8801719899901,Bengali,0,2,আপনি ৭ ভরি সোনা জিতেছেন! বিস্তারিত জানতে কল করুন: +8801719899901,আপনি ৭ ভরি সোনা জিতেছেন! বিস্তারিত জানতে কল করুন: +8801719899901,[],0,0,0,0,0,0,0,0,0,0,0,0,আপনি ৭ ভরি সোনা জিতেছেন! বিস্তারিত জানতে কল করুন: +8801719899901,64,0,0,0,0,0,0,0,0,0,0,0,0,0,0,0,0,0,0,0,0,0,0
smish,রমজানের উপহার  https://bjmltcyj.prescriptiondome.top/12acdFRHQ1QBeQYFaFMrInxbWQlvWCRyW0ZWbzEUBAIkCAAZVDkbGyVcLDFLVF8NGyc1cUwTTQVBXhUndyBoPDwVJFI-Kw&p=uexjms&_mi1710919302243,Bengali,1,2,রমজানের উপহার  https://bjmltcyj.prescriptiondome.top/12acdFRHQ1QBeQYFaFMrInxbWQlvWCRyW0ZWbzEUBAIkCAAZVDkbGyVcLDFLVF8NGyc1cUwTTQVBXhUndyBoPDwVJFI-Kw&p=uexjms&_mi1710919302243,রমজানের উপহার https://bjmltcyj.prescriptiondome.top/12acdFRHQ1QBeQYFaFMrInxbWQlvWCRyW0ZWbzEUBAIkCAAZVDkbGyVcLDFLVF8NGyc1cUwTTQVBXhUndyBoPDwVJFI-Kw&p=uexjms&_mi1710919302243,['https://bjmltcyj.prescriptiondome.top/12acdFRHQ1QBeQYFaFMrInxbWQlvWCRyW0ZWbzEUBAIkCAAZVDkbGyVcLDFLVF8NGyc1cUwTTQVBXhUndyBoPDwVJFI-Kw&p=uexjms&_mi1710919302243'],1,1,158,158,19,2,1,3,1,0,0,0,রমজানের উপহার  [URL] ,21,1,158,158,19,2,1,3,1,0,0,0,1,158,158,19,2,1,3,1,0,0,0
promo,"২০০৳ ক্যাশব্যাকে সেরা অফার ৬১জিবি+১০০০মি@৳৬৯৯, ৩০দিন: cutt.ly/FwQhpKHc",Bengali,1,1,"২০০৳ ক্যাশব্যাকে সেরা অফার ৬১জিবি+১০০০মি@৳৬৯৯, ৩০দিন: cutt.ly/FwQhpKHc","২০০৳ ক্যাশব্যাকে সেরা অফার ৬১জিবি+১০০০মি@৳৬৯৯, ৩০দিন: cutt.ly/FwQhpKHc",['cutt.ly/FwQhpKHc'],1,1,16,16,0,1,0,1,0,0,0,1,"২০০৳ ক্যাশব্যাকে সেরা অফার ৬১জিবি+১০০০মি@৳৬৯৯, ৩০দিন:  [URL] ",61,1,16,16,0,1,0,1,0,0,0,1,1,16,16,0,1,0,1,0,0,0,1
smish,"সাইপ্রাস/ইউরোপে স্পট ভর্তি প্রতিনিধির উপস্থিতিতে (মিঃ পাম্বোস) 10-11 অক্টোবর, 100% ভিসার নিশ্চয়তা, ক্রেডিট ট্রান্সফার, টিউশন ফি 5000 ইউরো শুধুমাত্র, বিএসবি, ঢাকা যোগাযোগের নম্বর: 01720577099",Bengali,0,2,"সাইপ্রাস/ইউরোপে স্পট ভর্তি প্রতিনিধির উপস্থিতিতে (মিঃ পাম্বোস) 10-11 অক্টোবর, 100% ভিসার নিশ্চয়তা, ক্রেডিট ট্রান্সফার, টিউশন ফি 5000 ইউরো শুধুমাত্র, বিএসবি, ঢাকা যোগাযোগের নম্বর: 01720577099","সাইপ্রাস/ইউরোপে স্পট ভর্তি প্রতিনিধির উপস্থিতিতে (মিঃ পাম্বোস) 10-11 অক্টোবর, 100% ভিসার নিশ্চয়তা, ক্রেডিট ট্রান্সফার, টিউশন ফি 5000 ইউরো শুধুমাত্র, বিএসবি, ঢাকা যোগাযোগের নম্বর: 01720577099",[],0,0,0,0,0,0,0,0,0,0,0,0,"সাইপ্রাস/ইউরোপে স্পট ভর্তি প্রতিনিধির উপস্থিতিতে (মিঃ পাম্বোস) 10-11 অক্টোবর, 100% ভিসার নিশ্চয়তা, ক্রেডিট ট্রান্সফার, টিউশন ফি 5000 ইউরো শুধুমাত্র, বিএসবি, ঢাকা যোগাযোগের নম্বর: 01720577099",191,0,0,0,0,0,0,0,0,0,0,0,0,0,0,0,0,0,0,0,0,0,0
smish,"যদি আপনার হাতে দিনের ১/২ ঘন্টা ফ্রি সময় থাকে তাহলে জানাবেন।আপনাকে কিছু প্রসেস দেখিয়ে দিবো আপনি সেখান থেকে ইনকাম করতে পারবেন।
তাহলে এখনি Hi বলুন।.",Bengali,0,2,"যদি আপনার হাতে দিনের ১/২ ঘন্টা ফ্রি সময় থাকে তাহলে জানাবেন।আপনাকে কিছু প্রসেস দেখিয়ে দিবো আপনি সেখান থেকে ইনকাম করতে পারবেন।
তাহলে এখনি Hi বলুন।.",যদি আপনার হাতে দিনের ১/২ ঘন্টা ফ্রি সময় থাকে তাহলে জানাবেন।আপনাকে কিছু প্রসেস দেখিয়ে দিবো আপনি সেখান থেকে ইনকাম করতে পারবেন। তাহলে এখনি Hi বলুন।.,[],0,0,0,0,0,0,0,0,0,0,0,0,যদি আপনার হাতে দিনের ১/২ ঘন্টা ফ্রি সময় থাকে তাহলে জানাবেন।আপনাকে কিছু প্রসেস দেখিয়ে দিবো আপনি সেখান থেকে ইনকাম করতে পারবেন। তাহলে এখনি Hi বলুন।.,147,0,0,0,0,0,0,0,0,0,0,0,0,0,0,0,0,0,0,0,0,0,0
promo,আজকের স্পেশাল: সব বইয়ে ১৫% ছাড়। দেরি না করে এখনই অর্ডার করুন।,Bengali,0,1,আজকের স্পেশাল: সব বইয়ে ১৫% ছাড়। দেরি না করে এখনই অর্ডার করুন।,আজকের স্পেশাল: সব বইয়ে ১৫% ছাড়। দেরি না করে এখনই অর্ডার করুন।,[],0,0,0,0,0,0,0,0,0,0,0,0,আজকের স্পেশাল: সব বইয়ে ১৫% ছাড়। দেরি না করে এখনই অর্ডার করুন।,63,0,0,0,0,0,0,0,0,0,0,0,0,0,0,0,0,0,0,0,0,0,0
normal,কাল রাতে নতুন সিনেমা দেখলাম। গল্পটা দারুণ ছিল। আবার দেখতে ইচ্ছে করছে।,Bengali,0,0,কাল রাতে নতুন সিনেমা দেখলাম। গল্পটা দারুণ ছিল। আবার দেখতে ইচ্ছে করছে।,কাল রাতে নতুন সিনেমা দেখলাম। গল্পটা দারুণ ছিল। আবার দেখতে ইচ্ছে করছে।,[],0,0,0,0,0,0,0,0,0,0,0,0,কাল রাতে নতুন সিনেমা দেখলাম। গল্পটা দারুণ ছিল। আবার দেখতে ইচ্ছে করছে।,69,0,0,0,0,0,0,0,0,0,0,0,0,0,0,0,0,0,0,0,0,0,0
smish,বাংলাদেশ ব্যাংক থেকে আপনার জন্য জরুরি বার্তা। কল করুন: +8801911011123,Bengali,0,2,বাংলাদেশ ব্যাংক থেকে আপনার জন্য জরুরি বার্তা। কল করুন: +8801911011123,বাংলাদেশ ব্যাংক থেকে আপনার জন্য জরুরি বার্তা। কল করুন: +8801911011123,[],0,0,0,0,0,0,0,0,0,0,0,0,বাংলাদেশ ব্যাংক থেকে আপনার জন্য জরুরি বার্তা। কল করুন: +8801911011123,69,0,0,0,0,0,0,0,0,0,0,0,0,0,0,0,0,0,0,0,0,0,0
normal,তুমি কি বাসে যাচ্ছো?,Bengali,0,0,তুমি কি বাসে যাচ্ছো?,তুমি কি বাসে যাচ্ছো?,[],0,0,0,0,0,0,0,0,0,0,0,0,তুমি কি বাসে যাচ্ছো?,20,0,0,0,0,0,0,0,0,0,0,0,0,0,0,0,0,0,0,0,0,0,0
promo,"৫ জুন বিশ্ব পরিবেশ দিবস ২০২৩
এ বছরের প্রতিপাদ্য: প্লাস্টিক দূষণ সমাধানে সামিল হই সকলে
এ বছরের স্লোগান: সবাই মিলে করি পণ, বন্ধ হবে প্লাস্টিক দূষণ
-পরিবেশ, বন ও জলবায়ু পরিবর্তন মন্ত্রণালয়।",Bengali,0,1,"৫ জুন বিশ্ব পরিবেশ দিবস ২০২৩
এ বছরের প্রতিপাদ্য: প্লাস্টিক দূষণ সমাধানে সামিল হই সকলে
এ বছরের স্লোগান: সবাই মিলে করি পণ, বন্ধ হবে প্লাস্টিক দূষণ
-পরিবেশ, বন ও জলবায়ু পরিবর্তন মন্ত্রণালয়।","৫ জুন বিশ্ব পরিবেশ দিবস ২০২৩ এ বছরের প্রতিপাদ্য: প্লাস্টিক দূষণ সমাধানে সামিল হই সকলে এ বছরের স্লোগান: সবাই মিলে করি পণ, বন্ধ হবে প্লাস্টিক দূষণ -পরিবেশ, বন ও জলবায়ু পরিবর্তন মন্ত্রণালয়।",[],0,0,0,0,0,0,0,0,0,0,0,0,"৫ জুন বিশ্ব পরিবেশ দিবস ২০২৩ এ বছরের প্রতিপাদ্য: প্লাস্টিক দূষণ সমাধানে সামিল হই সকলে এ বছরের স্লোগান: সবাই মিলে করি পণ, বন্ধ হবে প্লাস্টিক দূষণ -পরিবেশ, বন ও জলবায়ু পরিবর্তন মন্ত্রণালয়।",188,0,0,0,0,0,0,0,0,0,0,0,0,0,0,0,0,0,0,0,0,0,0
smish,আপনার টিএন্টি মোবাইল ব্যাংকিং একাউন্ট হ্যাক! তাড়াতাড়ি সুরক্ষিত করুন: secure-tnt.cf,Bengali,1,2,আপনার টিএন্টি মোবাইল ব্যাংকিং একাউন্ট হ্যাক! তাড়াতাড়ি সুরক্ষিত করুন: secure-tnt.cf,আপনার টিএন্টি মোবাইল ব্যাংকিং একাউন্ট হ্যাক! তাড়াতাড়ি সুরক্ষিত করুন: secure-tnt.cf,['secure-tnt.cf'],1,1,13,13,0,1,1,0,0,0,0,0,আপনার টিএন্টি মোবাইল ব্যাংকিং একাউন্ট হ্যাক! তাড়াতাড়ি সুরক্ষিত করুন:  [URL] ,78,1,13,13,0,1,1,0,0,0,0,0,1,13,13,0,1,1,0,0,0,0,0
smish,"প্রিয় গ্রাহক, আপনার মোবাইল ব্যাংকিং তথ্য যাচাই করতে হবে। অন্যথায় একাউন্ট বন্ধ হবে। এখনই login-bkashsafe.net ভিজিট করুন।",Bengali,1,2,"প্রিয় গ্রাহক, আপনার মোবাইল ব্যাংকিং তথ্য যাচাই করতে হবে। অন্যথায় একাউন্ট বন্ধ হবে। এখনই login-bkashsafe.net ভিজিট করুন।","প্রিয় গ্রাহক, আপনার মোবাইল ব্যাংকিং তথ্য যাচাই করতে হবে। অন্যথায় একাউন্ট বন্ধ হবে। এখনই login-bkashsafe.net ভিজিট করুন।",['login-bkashsafe.net'],1,1,19,19,0,1,1,0,0,0,0,0,"প্রিয় গ্রাহক, আপনার মোবাইল ব্যাংকিং তথ্য যাচাই করতে হবে। অন্যথায় একাউন্ট বন্ধ হবে। এখনই  [URL]  ভিজিট করুন।",109,1,19,19,0,1,1,0,0,0,0,0,1,19,19,0,1,1,0,0,0,0,0
smish,"DBBL কার্ড লেনদেন ব্যর্থ হয়েছে। পুনরায় সক্রিয় করতে dbbl-cardsecure.org এ লগইন করুন এবং কার্ড নম্বর, CVV ও OTP দিন। না করলে কার্ড ব্লক হবে।",Bengali,1,2,"DBBL কার্ড লেনদেন ব্যর্থ হয়েছে। পুনরায় সক্রিয় করতে dbbl-cardsecure.org এ লগইন করুন এবং কার্ড নম্বর, CVV ও OTP দিন। না করলে কার্ড ব্লক হবে।","DBBL কার্ড লেনদেন ব্যর্থ হয়েছে। পুনরায় সক্রিয় করতে dbbl-cardsecure.org এ লগইন করুন এবং কার্ড নম্বর, CVV ও OTP দিন। না করলে কার্ড ব্লক হবে।",['dbbl-cardsecure.org'],1,1,19,19,0,1,1,0,0,0,0,0,"DBBL কার্ড লেনদেন ব্যর্থ হয়েছে। পুনরায় সক্রিয় করতে  [URL]  এ লগইন করুন এবং কার্ড নম্বর, CVV ও OTP দিন। না করলে কার্ড ব্লক হবে।",129,1,19,19,0,1,1,0,0,0,0,0,1,19,19,0,1,1,0,0,0,0,0
smish,"আপনার বিকাশে ৭,৫০০ টাকা কেটে নেওয়া হয়েছে। যদি ভুল হয় তবে claim-bkash.net ভিজিট করুন।",Bengali,1,2,"আপনার বিকাশে ৭,৫০০ টাকা কেটে নেওয়া হয়েছে। যদি ভুল হয় তবে claim-bkash.net ভিজিট করুন।","আপনার বিকাশে ৭,৫০০ টাকা কেটে নেওয়া হয়েছে। যদি ভুল হয় তবে claim-bkash.net ভিজিট করুন।",['claim-bkash.net'],1,1,15,15,0,1,1,0,0,0,0,0,"আপনার বিকাশে ৭,৫০০ টাকা কেটে নেওয়া হয়েছে। যদি ভুল হয় তবে  [URL]  ভিজিট করুন।",79,1,15,15,0,1,1,0,0,0,0,0,1,15,15,0,1,1,0,0,0,0,0
normal,তুমি কি গতকাল নতুন সিনেমাটা দেখেছো? সবাই বলছে খুব ভালো হয়েছে।,Bengali,0,0,তুমি কি গতকাল নতুন সিনেমাটা দেখেছো? সবাই বলছে খুব ভালো হয়েছে।,তুমি কি গতকাল নতুন সিনেমাটা দেখেছো? সবাই বলছে খুব ভালো হয়েছে।,[],0,0,0,0,0,0,0,0,0,0,0,0,তুমি কি গতকাল নতুন সিনেমাটা দেখেছো? সবাই বলছে খুব ভালো হয়েছে।,62,0,0,0,0,0,0,0,0,0,0,0,0,0,0,0,0,0,0,0,0,0,0
normal,"আজ দুপুরে বাজারে গিয়েছিলাম। সবজির দাম একেবারে আকাশছোঁয়া। টমেটো ৯০ টাকা কেজি, পেঁয়াজ ৮০ টাকা। বুঝতে পারছি না এভাবে কতদিন চলবে।",Bengali,0,0,"আজ দুপুরে বাজারে গিয়েছিলাম। সবজির দাম একেবারে আকাশছোঁয়া। টমেটো ৯০ টাকা কেজি, পেঁয়াজ ৮০ টাকা। বুঝতে পারছি না এভাবে কতদিন চলবে।","আজ দুপুরে বাজারে গিয়েছিলাম। সবজির দাম একেবারে আকাশছোঁয়া। টমেটো ৯০ টাকা কেজি, পেঁয়াজ ৮০ টাকা। বুঝতে পারছি না এভাবে কতদিন চলবে।",[],0,0,0,0,0,0,0,0,0,0,0,0,"আজ দুপুরে বাজারে গিয়েছিলাম। সবজির দাম একেবারে আকাশছোঁয়া। টমেটো ৯০ টাকা কেজি, পেঁয়াজ ৮০ টাকা। বুঝতে পারছি না এভাবে কতদিন চলবে।",128,0,0,0,0,0,0,0,0,0,0,0,0,0,0,0,0,0,0,0,0,0,0
promo,"Robi গ্রাহকদের জন্য রবিবার স্পেশাল অফার: ৬ জিবি মাত্র ৯৯ টাকা, বৈধতা ৭ দিন। ডায়াল করুন *123*99#। অফার সীমিত সময়ের জন্য।",Bengali,0,1,"Robi গ্রাহকদের জন্য রবিবার স্পেশাল অফার: ৬ জিবি মাত্র ৯৯ টাকা, বৈধতা ৭ দিন। ডায়াল করুন *123*99#। অফার সীমিত সময়ের জন্য।","Robi গ্রাহকদের জন্য রবিবার স্পেশাল অফার: ৬ জিবি মাত্র ৯৯ টাকা, বৈধতা ৭ দিন। ডায়াল করুন *123*99#। অফার সীমিত সময়ের জন্য।",[],0,0,0,0,0,0,0,0,0,0,0,0,"Robi গ্রাহকদের জন্য রবিবার স্পেশাল অফার: ৬ জিবি মাত্র ৯৯ টাকা, বৈধতা ৭ দিন। ডায়াল করুন *123*99#। অফার সীমিত সময়ের জন্য।",121,0,0,0,0,0,0,0,0,0,0,0,0,0,0,0,0,0,0,0,0,0,0
normal,"হাই, কি তুমি?",Bengali,0,0,"হাই, কি তুমি?","হাই, কি তুমি?",[],0,0,0,0,0,0,0,0,0,0,0,0,"হাই, কি তুমি?",13,0,0,0,0,0,0,0,0,0,0,0,0,0,0,0,0,0,0,0,0,0,0
promo,"৩৫জিবি+৮০০মিনিট-৬০০টাকা-৩০দিন(বোনাসসহ), নিতে *১২১*৫২৬২# বা mygp.li/a8",Bengali,1,1,"৩৫জিবি+৮০০মিনিট-৬০০টাকা-৩০দিন(বোনাসসহ), নিতে *১২১*৫২৬২# বা mygp.li/a8","৩৫জিবি+৮০০মিনিট-৬০০টাকা-৩০দিন(বোনাসসহ), নিতে *১২১*৫২৬২# বা mygp.li/a8",['mygp.li/a8'],1,1,10,10,1,1,0,1,0,0,0,0,"৩৫জিবি+৮০০মিনিট-৬০০টাকা-৩০দিন(বোনাসসহ), নিতে *১২১*৫২৬২# বা  [URL] ",66,1,10,10,1,1,0,1,0,0,0,0,1,10,10,1,1,0,1,0,0,0,0
normal,আমি আমার পারের জন্য না।,Bengali,0,0,আমি আমার পারের জন্য না।,আমি আমার পারের জন্য না।,[],0,0,0,0,0,0,0,0,0,0,0,0,আমি আমার পারের জন্য না।,23,0,0,0,0,0,0,0,0,0,0,0,0,0,0,0,0,0,0,0,0,0,0
smish,"বিপিএল বাজি ধরুন এবং ১০,০০০ টাকা ক্যাশব্যাক জিতুন। শুরু করুন: phlebolog.com.ua/libraries/joomla/results.php",Bengali,1,2,"বিপিএল বাজি ধরুন এবং ১০,০০০ টাকা ক্যাশব্যাক জিতুন। শুরু করুন: phlebolog.com.ua/libraries/joomla/results.php","বিপিএল বাজি ধরুন এবং ১০,০০০ টাকা ক্যাশব্যাক জিতুন। শুরু করুন: phlebolog.com.ua/libraries/joomla/results.php",['phlebolog.com.ua/libraries/joomla/results.php'],1,1,45,45,0,3,0,3,0,0,0,0,"বিপিএল বাজি ধরুন এবং ১০,০০০ টাকা ক্যাশব্যাক জিতুন। শুরু করুন:  [URL] ",69,1,45,45,0,3,0,3,0,0,0,0,1,45,45,0,3,0,3,0,0,0,0
smish,আপনার সোনালী ব্যাংক অ্যাকাউন্ট ব্লক হওয়ার পথে। এটি চালু রাখতে সাথে সাথে +8801844456788 নম্বরে কল দিন এবং OTP নিশ্চিত করুন।,Bengali,0,2,আপনার সোনালী ব্যাংক অ্যাকাউন্ট ব্লক হওয়ার পথে। এটি চালু রাখতে সাথে সাথে +8801844456788 নম্বরে কল দিন এবং OTP নিশ্চিত করুন।,আপনার সোনালী ব্যাংক অ্যাকাউন্ট ব্লক হওয়ার পথে। এটি চালু রাখতে সাথে সাথে +8801844456788 নম্বরে কল দিন এবং OTP নিশ্চিত করুন।,[],0,0,0,0,0,0,0,0,0,0,0,0,আপনার সোনালী ব্যাংক অ্যাকাউন্ট ব্লক হওয়ার পথে। এটি চালু রাখতে সাথে সাথে +8801844456788 নম্বরে কল দিন এবং OTP নিশ্চিত করুন।,123,0,0,0,0,0,0,0,0,0,0,0,0,0,0,0,0,0,0,0,0,0,0
smish,ভয়ংকর সংবাদ! আপনার জাতীয় পরিচয়পত্র (NID) ব্যবহার করে কেউ আপনার নামে একটি ক্রেডিট কার্ডের জন্য আবেদন করেছে এবং ইতিমধ্যে ৩ লক্ষ টাকার লিমিট অনুমোদিত হয়ে গেছে। এই জালিয়াতি প্রতিরোধ করার জন্য আপনাকে অবিলম্বে আপনার NID তথ্য যাচাই করতে হবে। জরুরি ভিত্তিতে verify-nid-emergency.ml লিংকে গিয়ে আপনার সম্পূর্ণ তথ্য দিন নতুবা আইনগত জটিলতায় পড়তে পারেন।,Bengali,1,2,ভয়ংকর সংবাদ! আপনার জাতীয় পরিচয়পত্র (NID) ব্যবহার করে কেউ আপনার নামে একটি ক্রেডিট কার্ডের জন্য আবেদন করেছে এবং ইতিমধ্যে ৩ লক্ষ টাকার লিমিট অনুমোদিত হয়ে গেছে। এই জালিয়াতি প্রতিরোধ করার জন্য আপনাকে অবিলম্বে আপনার NID তথ্য যাচাই করতে হবে। জরুরি ভিত্তিতে verify-nid-emergency.ml লিংকে গিয়ে আপনার সম্পূর্ণ তথ্য দিন নতুবা আইনগত জটিলতায় পড়তে পারেন।,ভয়ংকর সংবাদ! আপনার জাতীয় পরিচয়পত্র (NID) ব্যবহার করে কেউ আপনার নামে একটি ক্রেডিট কার্ডের জন্য আবেদন করেছে এবং ইতিমধ্যে ৩ লক্ষ টাকার লিমিট অনুমোদিত হয়ে গেছে। এই জালিয়াতি প্রতিরোধ করার জন্য আপনাকে অবিলম্বে আপনার NID তথ্য যাচাই করতে হবে। জরুরি ভিত্তিতে verify-nid-emergency.ml লিংকে গিয়ে আপনার সম্পূর্ণ তথ্য দিন নতুবা আইনগত জটিলতায় পড়তে পারেন।,['verify-nid-emergency.ml'],1,1,23,23,0,1,2,0,0,0,0,0,ভয়ংকর সংবাদ! আপনার জাতীয় পরিচয়পত্র (NID) ব্যবহার করে কেউ আপনার নামে একটি ক্রেডিট কার্ডের জন্য আবেদন করেছে এবং ইতিমধ্যে ৩ লক্ষ টাকার লিমিট অনুমোদিত হয়ে গেছে। এই জালিয়াতি প্রতিরোধ করার জন্য আপনাকে অবিলম্বে আপনার NID তথ্য যাচাই করতে হবে। জরুরি ভিত্তিতে  [URL]  লিংকে গিয়ে আপনার সম্পূর্ণ তথ্য দিন নতুবা আইনগত জটিলতায় পড়তে পারেন।,332,1,23,23,0,1,2,0,0,0,0,0,1,23,23,0,1,2,0,0,0,0,0
promo,ঈদ কেনাকাটায় ডায়মন্ড গহনায় ২৫% ছাড় চাঁদরাত পর্যন্ত। ফোন: ০১৭১৩১৯৯২৭০,Bengali,0,1,ঈদ কেনাকাটায় ডায়মন্ড গহনায় ২৫% ছাড় চাঁদরাত পর্যন্ত। ফোন: ০১৭১৩১৯৯২৭০,ঈদ কেনাকাটায় ডায়মন্ড গহনায় ২৫% ছাড় চাঁদরাত পর্যন্ত। ফোন: ০১৭১৩১৯৯২৭০,[],0,0,0,0,0,0,0,0,0,0,0,0,ঈদ কেনাকাটায় ডায়মন্ড গহনায় ২৫% ছাড় চাঁদরাত পর্যন্ত। ফোন: ০১৭১৩১৯৯২৭০,72,0,0,0,0,0,0,0,0,0,0,0,0,0,0,0,0,0,0,0,0,0,0
normal,"বন্ধু, পরীক্ষার প্রস্তুতি কেমন? গণিতের কোন টপিক কঠিন লাগছে?",Bengali,0,0,"বন্ধু, পরীক্ষার প্রস্তুতি কেমন? গণিতের কোন টপিক কঠিন লাগছে?","বন্ধু, পরীক্ষার প্রস্তুতি কেমন? গণিতের কোন টপিক কঠিন লাগছে?",[],0,0,0,0,0,0,0,0,0,0,0,0,"বন্ধু, পরীক্ষার প্রস্তুতি কেমন? গণিতের কোন টপিক কঠিন লাগছে?",59,0,0,0,0,0,0,0,0,0,0,0,0,0,0,0,0,0,0,0,0,0,0
smish,"১,০০,০০০ টাকা বিনিয়োগে ২,০০,০০০ টাকা পান! কল করুন: +8801919899901",Bengali,0,2,"১,০০,০০০ টাকা বিনিয়োগে ২,০০,০০০ টাকা পান! কল করুন: +8801919899901","১,০০,০০০ টাকা বিনিয়োগে ২,০০,০০০ টাকা পান! কল করুন: +8801919899901",[],0,0,0,0,0,0,0,0,0,0,0,0,"১,০০,০০০ টাকা বিনিয়োগে ২,০০,০০০ টাকা পান! কল করুন: +8801919899901",66,0,0,0,0,0,0,0,0,0,0,0,0,0,0,0,0,0,0,0,0,0,0
promo,"ডাটা মিক্সারে করো পকেট সেভিং, নাও ১০জিবি@৳২৪৯,৩০দিন: cutt.ly/owARsARN",Bengali,1,1,"ডাটা মিক্সারে করো পকেট সেভিং, নাও ১০জিবি@৳২৪৯,৩০দিন: cutt.ly/owARsARN","ডাটা মিক্সারে করো পকেট সেভিং, নাও ১০জিবি@৳২৪৯,৩০দিন: cutt.ly/owARsARN",['cutt.ly/owARsARN'],1,1,16,16,0,1,0,1,0,0,0,1,"ডাটা মিক্সারে করো পকেট সেভিং, নাও ১০জিবি@৳২৪৯,৩০দিন:  [URL] ",60,1,16,16,0,1,0,1,0,0,0,1,1,16,16,0,1,0,1,0,0,0,1
normal,"বাবা, আমি নতুন জায়গায় ভালো আছি। চিন্তা করবেন না।",Bengali,0,0,"বাবা, আমি নতুন জায়গায় ভালো আছি। চিন্তা করবেন না।","বাবা, আমি নতুন জায়গায় ভালো আছি। চিন্তা করবেন না।",[],0,0,0,0,0,0,0,0,0,0,0,0,"বাবা, আমি নতুন জায়গায় ভালো আছি। চিন্তা করবেন না।",50,0,0,0,0,0,0,0,0,0,0,0,0,0,0,0,0,0,0,0,0,0,0
smish,"সোনালী ব্যাংক থেকে ১,০০০ টাকা পুরস্কার জিতেছেন! বিস্তারিত জানতে কল করুন: +8801712122134",Bengali,0,2,"সোনালী ব্যাংক থেকে ১,০০০ টাকা পুরস্কার জিতেছেন! বিস্তারিত জানতে কল করুন: +8801712122134","সোনালী ব্যাংক থেকে ১,০০০ টাকা পুরস্কার জিতেছেন! বিস্তারিত জানতে কল করুন: +8801712122134",[],0,0,0,0,0,0,0,0,0,0,0,0,"সোনালী ব্যাংক থেকে ১,০০০ টাকা পুরস্কার জিতেছেন! বিস্তারিত জানতে কল করুন: +8801712122134",87,0,0,0,0,0,0,0,0,0,0,0,0,0,0,0,0,0,0,0,0,0,0
normal,আমাকে কল দিন ০১৭২৪৩৮৩৯৮৭ এই নাম্বারে,Bengali,0,0,আমাকে কল দিন ০১৭২৪৩৮৩৯৮৭ এই নাম্বারে,আমাকে কল দিন ০১৭২৪৩৮৩৯৮৭ এই নাম্বারে,[],0,0,0,0,0,0,0,0,0,0,0,0,আমাকে কল দিন ০১৭২৪৩৮৩৯৮৭ এই নাম্বারে,36,0,0,0,0,0,0,0,0,0,0,0,0,0,0,0,0,0,0,0,0,0,0
normal,তোমার প্রিয় রঙ কি?,Bengali,0,0,তোমার প্রিয় রঙ কি?,তোমার প্রিয় রঙ কি?,[],0,0,0,0,0,0,0,0,0,0,0,0,তোমার প্রিয় রঙ কি?,19,0,0,0,0,0,0,0,0,0,0,0,0,0,0,0,0,0,0,0,0,0,0
smish,মাশরাফির সাথে একান্ত সাক্ষাতের সুযোগ পেতে বিপিএলে বাজি ধরুন। এখনই শুরু করুন: ebayisapidlld.altervista.org/,Bengali,1,2,মাশরাফির সাথে একান্ত সাক্ষাতের সুযোগ পেতে বিপিএলে বাজি ধরুন। এখনই শুরু করুন: ebayisapidlld.altervista.org/,মাশরাফির সাথে একান্ত সাক্ষাতের সুযোগ পেতে বিপিএলে বাজি ধরুন। এখনই শুরু করুন: ebayisapidlld.altervista.org/,['ebayisapidlld.altervista.org/'],1,1,29,29,0,2,0,1,0,0,0,0,মাশরাফির সাথে একান্ত সাক্ষাতের সুযোগ পেতে বিপিএলে বাজি ধরুন। এখনই শুরু করুন:  [URL] ,84,1,29,29,0,2,0,1,0,0,0,0,1,29,29,0,2,0,1,0,0,0,0
smish,অভিনন্দন! আপনি লটারিতে ৫ লক্ষ টাকা জিতেছেন। পুরস্কার নিতে এখনই কল করুন: +8801555666777,Bengali,0,2,অভিনন্দন! আপনি লটারিতে ৫ লক্ষ টাকা জিতেছেন। পুরস্কার নিতে এখনই কল করুন: +8801555666777,অভিনন্দন! আপনি লটারিতে ৫ লক্ষ টাকা জিতেছেন। পুরস্কার নিতে এখনই কল করুন: +8801555666777,[],0,0,0,0,0,0,0,0,0,0,0,0,অভিনন্দন! আপনি লটারিতে ৫ লক্ষ টাকা জিতেছেন। পুরস্কার নিতে এখনই কল করুন: +8801555666777,86,0,0,0,0,0,0,0,0,0,0,0,0,0,0,0,0,0,0,0,0,0,0
promo,"সপ্তাহজুড়ে প্রো-লেভেল ইন্টারনেটিং,নাও ২৫জিবি@২১৯৳: cutt.ly/2wEyml8b",Bengali,1,1,"সপ্তাহজুড়ে প্রো-লেভেল ইন্টারনেটিং,নাও ২৫জিবি@২১৯৳: cutt.ly/2wEyml8b","সপ্তাহজুড়ে প্রো-লেভেল ইন্টারনেটিং,নাও ২৫জিবি@২১৯৳: cutt.ly/2wEyml8b",['cutt.ly/2wEyml8b'],1,1,16,16,2,1,0,1,0,0,0,1,"সপ্তাহজুড়ে প্রো-লেভেল ইন্টারনেটিং,নাও ২৫জিবি@২১৯৳:  [URL] ",59,1,16,16,2,1,0,1,0,0,0,1,1,16,16,2,1,0,1,0,0,0,1
promo,অনলাইন গেমিংয়ে বোনাস! প্রথম ডিপোজিটে ১০০% এক্সট্রা।,Bengali,0,1,অনলাইন গেমিংয়ে বোনাস! প্রথম ডিপোজিটে ১০০% এক্সট্রা।,অনলাইন গেমিংয়ে বোনাস! প্রথম ডিপোজিটে ১০০% এক্সট্রা।,[],0,0,0,0,0,0,0,0,0,0,0,0,অনলাইন গেমিংয়ে বোনাস! প্রথম ডিপোজিটে ১০০% এক্সট্রা।,52,0,0,0,0,0,0,0,0,0,0,0,0,0,0,0,0,0,0,0,0,0,0
normal,আপনি কি করছেন?,Bengali,0,0,আপনি কি করছেন?,আপনি কি করছেন?,[],0,0,0,0,0,0,0,0,0,0,0,0,আপনি কি করছেন?,14,0,0,0,0,0,0,0,0,0,0,0,0,0,0,0,0,0,0,0,0,0,0
smish,বিপিএল বাজি ধরুন এবং একটি ফ্রি ঘড়ি জিতুন। এখনই ক্লিক করুন: smilesvoegol.servebbs.org/voegol.php,Bengali,1,2,বিপিএল বাজি ধরুন এবং একটি ফ্রি ঘড়ি জিতুন। এখনই ক্লিক করুন: smilesvoegol.servebbs.org/voegol.php,বিপিএল বাজি ধরুন এবং একটি ফ্রি ঘড়ি জিতুন। এখনই ক্লিক করুন: smilesvoegol.servebbs.org/voegol.php,['smilesvoegol.servebbs.org/voegol.php'],1,1,36,36,0,3,0,1,0,0,0,0,বিপিএল বাজি ধরুন এবং একটি ফ্রি ঘড়ি জিতুন। এখনই ক্লিক করুন:  [URL] ,67,1,36,36,0,3,0,1,0,0,0,0,1,36,36,0,3,0,1,0,0,0,0
normal,আজ সকালে ঘুম থেকে উঠে দেখি বৃষ্টি হচ্ছে। চা বানিয়ে বারান্দায় বসে গান শুনছিলাম। সারাদিন এভাবেই কাটতে ইচ্ছে করছিল।,Bengali,0,0,আজ সকালে ঘুম থেকে উঠে দেখি বৃষ্টি হচ্ছে। চা বানিয়ে বারান্দায় বসে গান শুনছিলাম। সারাদিন এভাবেই কাটতে ইচ্ছে করছিল।,আজ সকালে ঘুম থেকে উঠে দেখি বৃষ্টি হচ্ছে। চা বানিয়ে বারান্দায় বসে গান শুনছিলাম। সারাদিন এভাবেই কাটতে ইচ্ছে করছিল।,[],0,0,0,0,0,0,0,0,0,0,0,0,আজ সকালে ঘুম থেকে উঠে দেখি বৃষ্টি হচ্ছে। চা বানিয়ে বারান্দায় বসে গান শুনছিলাম। সারাদিন এভাবেই কাটতে ইচ্ছে করছিল।,114,0,0,0,0,0,0,0,0,0,0,0,0,0,0,0,0,0,0,0,0,0,0
normal,"হাই, কেমন আছো?",Bengali,0,0,"হাই, কেমন আছো?","হাই, কেমন আছো?",[],0,0,0,0,0,0,0,0,0,0,0,0,"হাই, কেমন আছো?",14,0,0,0,0,0,0,0,0,0,0,0,0,0,0,0,0,0,0,0,0,0,0
smish,মাশরাফির সাথে একান্ত সাক্ষাতের সুযোগ পেতে বিপিএলে বাজি ধরুন। এখনই ক্লিক করুন: promusic.co/components/interbank.com/,Bengali,1,2,মাশরাফির সাথে একান্ত সাক্ষাতের সুযোগ পেতে বিপিএলে বাজি ধরুন। এখনই ক্লিক করুন: promusic.co/components/interbank.com/,মাশরাফির সাথে একান্ত সাক্ষাতের সুযোগ পেতে বিপিএলে বাজি ধরুন। এখনই ক্লিক করুন: promusic.co/components/interbank.com/,['promusic.co/components/interbank.com/'],1,1,37,37,0,2,0,3,0,0,0,0,মাশরাফির সাথে একান্ত সাক্ষাতের সুযোগ পেতে বিপিএলে বাজি ধরুন। এখনই ক্লিক করুন:  [URL] ,85,1,37,37,0,2,0,3,0,0,0,0,1,37,37,0,2,0,3,0,0,0,0
smish,"আয় করুন 
https://midgerelativelyhoax.com/wukj2e6w?key=c365cd811b55b1d2a541dfadf1d4f7de",Bengali,1,2,"আয় করুন 
https://midgerelativelyhoax.com/wukj2e6w?key=c365cd811b55b1d2a541dfadf1d4f7de",আয় করুন https://midgerelativelyhoax.com/wukj2e6w?key=c365cd811b55b1d2a541dfadf1d4f7de,['https://midgerelativelyhoax.com/wukj2e6w?key=c365cd811b55b1d2a541dfadf1d4f7de'],1,1,77,77,18,1,0,3,1,0,0,0,আয় করুন  [URL] ,16,1,77,77,18,1,0,3,1,0,0,0,1,77,77,18,1,0,3,1,0,0,0
smish,"1 টা স্টরি লিখে দিলে 40 টাকা
2 টা স্টরি 80 টাকা
5 টা লিখলে 200 টাকা
ডেইলি ৬-৭ টা পিক দেওয়া হবে সেটা দেখে দেখে লিখতে হবে শুধু।
😊 কাজ করার সাথে সাথেই পেমেন্ট পাবেন ইনশাআল্লাহ
এড ফি ৫০ টাকা ✅",Bengali,0,2,"1 টা স্টরি লিখে দিলে 40 টাকা
2 টা স্টরি 80 টাকা
5 টা লিখলে 200 টাকা
ডেইলি ৬-৭ টা পিক দেওয়া হবে সেটা দেখে দেখে লিখতে হবে শুধু।
😊 কাজ করার সাথে সাথেই পেমেন্ট পাবেন ইনশাআল্লাহ
এড ফি ৫০ টাকা ✅",1 টা স্টরি লিখে দিলে 40 টাকা 2 টা স্টরি 80 টাকা 5 টা লিখলে 200 টাকা ডেইলি ৬-৭ টা পিক দেওয়া হবে সেটা দেখে দেখে লিখতে হবে শুধু। 😊 কাজ করার সাথে সাথেই পেমেন্ট পাবেন ইনশাআল্লাহ এড ফি ৫০ টাকা ✅,[],0,0,0,0,0,0,0,0,0,0,0,0,1 টা স্টরি লিখে দিলে 40 টাকা 2 টা স্টরি 80 টাকা 5 টা লিখলে 200 টাকা ডেইলি ৬-৭ টা পিক দেওয়া হবে সেটা দেখে দেখে লিখতে হবে শুধু। 😊 কাজ করার সাথে সাথেই পেমেন্ট পাবেন ইনশাআল্লাহ এড ফি ৫০ টাকা ✅,189,0,0,0,0,0,0,0,0,0,0,0,0,0,0,0,0,0,0,0,0,0,0
normal,আমি সব সময় আমার সমস্যার জন্য সমাধান দিতে চাই।,Bengali,0,0,আমি সব সময় আমার সমস্যার জন্য সমাধান দিতে চাই।,আমি সব সময় আমার সমস্যার জন্য সমাধান দিতে চাই।,[],0,0,0,0,0,0,0,0,0,0,0,0,আমি সব সময় আমার সমস্যার জন্য সমাধান দিতে চাই।,46,0,0,0,0,0,0,0,0,0,0,0,0,0,0,0,0,0,0,0,0,0,0
normal,আপনার গাড়ির সার্ভিসিং-এর সময়সীমা শেষ হয়ে গেছে। দ্রুত যোগাযোগ করুন ০১৮৭৬৫৪৩২১।,Bengali,0,0,আপনার গাড়ির সার্ভিসিং-এর সময়সীমা শেষ হয়ে গেছে। দ্রুত যোগাযোগ করুন ০১৮৭৬৫৪৩২১।,আপনার গাড়ির সার্ভিসিং-এর সময়সীমা শেষ হয়ে গেছে। দ্রুত যোগাযোগ করুন ০১৮৭৬৫৪৩২১।,[],0,0,0,0,0,0,0,0,0,0,0,0,আপনার গাড়ির সার্ভিসিং-এর সময়সীমা শেষ হয়ে গেছে। দ্রুত যোগাযোগ করুন ০১৮৭৬৫৪৩২১।,80,0,0,0,0,0,0,0,0,0,0,0,0,0,0,0,0,0,0,0,0,0,0
promo,"নির্বাচনি আচরণবিধি মেনে চলুন, 
সুষ্ঠু ও অবাধ নির্বাচনে সহায়তা করুন
- বাংলাদেশ নির্বাচন কমিশন",Bengali,0,1,"নির্বাচনি আচরণবিধি মেনে চলুন, 
সুষ্ঠু ও অবাধ নির্বাচনে সহায়তা করুন
- বাংলাদেশ নির্বাচন কমিশন","নির্বাচনি আচরণবিধি মেনে চলুন, সুষ্ঠু ও অবাধ নির্বাচনে সহায়তা করুন - বাংলাদেশ নির্বাচন কমিশন",[],0,0,0,0,0,0,0,0,0,0,0,0,"নির্বাচনি আচরণবিধি মেনে চলুন, সুষ্ঠু ও অবাধ নির্বাচনে সহায়তা করুন - বাংলাদেশ নির্বাচন কমিশন",92,0,0,0,0,0,0,0,0,0,0,0,0,0,0,0,0,0,0,0,0,0,0
promo,"Call duration 00:02:51, charged 3.6 Taka, remaining balance is   10.94  Taka",Bengali,0,1,"Call duration 00:02:51, charged 3.6 Taka, remaining balance is   10.94  Taka","Call duration 00:02:51, charged 3.6 Taka, remaining balance is 10.94 Taka",[],0,0,0,0,0,0,0,0,0,0,0,0,"Call duration 00:02:51, charged 3.6 Taka, remaining balance is 10.94 Taka",73,0,0,0,0,0,0,0,0,0,0,0,0,0,0,0,0,0,0,0,0,0,0
normal,আজ রাতে ক্রিকেট ম্যাচ আছে বাংলাদেশ বনাম ভারত। সবাই একসাথে ক্যাফেতে বসে দেখব কেমন হয়?,Bengali,0,0,আজ রাতে ক্রিকেট ম্যাচ আছে বাংলাদেশ বনাম ভারত। সবাই একসাথে ক্যাফেতে বসে দেখব কেমন হয়?,আজ রাতে ক্রিকেট ম্যাচ আছে বাংলাদেশ বনাম ভারত। সবাই একসাথে ক্যাফেতে বসে দেখব কেমন হয়?,[],0,0,0,0,0,0,0,0,0,0,0,0,আজ রাতে ক্রিকেট ম্যাচ আছে বাংলাদেশ বনাম ভারত। সবাই একসাথে ক্যাফেতে বসে দেখব কেমন হয়?,85,0,0,0,0,0,0,0,0,0,0,0,0,0,0,0,0,0,0,0,0,0,0
normal,"খালু, আপনার ছেলে কেমন আছে? পড়াশুনা ভালো চলছে?",Bengali,0,0,"খালু, আপনার ছেলে কেমন আছে? পড়াশুনা ভালো চলছে?","খালু, আপনার ছেলে কেমন আছে? পড়াশুনা ভালো চলছে?",[],0,0,0,0,0,0,0,0,0,0,0,0,"খালু, আপনার ছেলে কেমন আছে? পড়াশুনা ভালো চলছে?",46,0,0,0,0,0,0,0,0,0,0,0,0,0,0,0,0,0,0,0,0,0,0
smish,ক্যাসিনোতে বাজি ধরুন এবং একটি ফ্রি আইফোন জিতুন! শুরু করুন: phlebolog.com.ua/libraries/joomla/results.php,Bengali,1,2,ক্যাসিনোতে বাজি ধরুন এবং একটি ফ্রি আইফোন জিতুন! শুরু করুন: phlebolog.com.ua/libraries/joomla/results.php,ক্যাসিনোতে বাজি ধরুন এবং একটি ফ্রি আইফোন জিতুন! শুরু করুন: phlebolog.com.ua/libraries/joomla/results.php,['phlebolog.com.ua/libraries/joomla/results.php'],1,1,45,45,0,3,0,3,0,0,0,0,ক্যাসিনোতে বাজি ধরুন এবং একটি ফ্রি আইফোন জিতুন! শুরু করুন:  [URL] ,66,1,45,45,0,3,0,3,0,0,0,0,1,45,45,0,3,0,3,0,0,0,0
promo,Bkash দিয়ে Daraz-এ পেমেন্ট করলে ১৫% ইনস্ট্যান্ট ক্যাশব্যাক। সর্বোচ্চ ২০০ টাকা।,Bengali,0,1,Bkash দিয়ে Daraz-এ পেমেন্ট করলে ১৫% ইনস্ট্যান্ট ক্যাশব্যাক। সর্বোচ্চ ২০০ টাকা।,Bkash দিয়ে Daraz-এ পেমেন্ট করলে ১৫% ইনস্ট্যান্ট ক্যাশব্যাক। সর্বোচ্চ ২০০ টাকা।,[],0,0,0,0,0,0,0,0,0,0,0,0,Bkash দিয়ে Daraz-এ পেমেন্ট করলে ১৫% ইনস্ট্যান্ট ক্যাশব্যাক। সর্বোচ্চ ২০০ টাকা।,79,0,0,0,0,0,0,0,0,0,0,0,0,0,0,0,0,0,0,0,0,0,0
promo,"করো ফুলঅন ইন্টারনেটিং! নাও ১০জিবি@২০০৳, ৩০দিন: cutt.ly/GwYJBDuV",Bengali,1,1,"করো ফুলঅন ইন্টারনেটিং! নাও ১০জিবি@২০০৳, ৩০দিন: cutt.ly/GwYJBDuV","করো ফুলঅন ইন্টারনেটিং! নাও ১০জিবি@২০০৳, ৩০দিন: cutt.ly/GwYJBDuV",['cutt.ly/GwYJBDuV'],1,1,16,16,0,1,0,1,0,0,0,1,"করো ফুলঅন ইন্টারনেটিং! নাও ১০জিবি@২০০৳, ৩০দিন:  [URL] ",54,1,16,16,0,1,0,1,0,0,0,1,1,16,16,0,1,0,1,0,0,0,1
normal,আশা করি তোমার দিনটি ভালো কাটুক!,Bengali,0,0,আশা করি তোমার দিনটি ভালো কাটুক!,আশা করি তোমার দিনটি ভালো কাটুক!,[],0,0,0,0,0,0,0,0,0,0,0,0,আশা করি তোমার দিনটি ভালো কাটুক!,31,0,0,0,0,0,0,0,0,0,0,0,0,0,0,0,0,0,0,0,0,0,0
normal,"খালা, আজ সন্ধ্যায় আপনার বাসায় যাবো। চা-নাশতা রেডি রাখবেন।",Bengali,0,0,"খালা, আজ সন্ধ্যায় আপনার বাসায় যাবো। চা-নাশতা রেডি রাখবেন।","খালা, আজ সন্ধ্যায় আপনার বাসায় যাবো। চা-নাশতা রেডি রাখবেন।",[],0,0,0,0,0,0,0,0,0,0,0,0,"খালা, আজ সন্ধ্যায় আপনার বাসায় যাবো। চা-নাশতা রেডি রাখবেন।",59,0,0,0,0,0,0,0,0,0,0,0,0,0,0,0,0,0,0,0,0,0,0
smish,"প্রিয় প্রার্থী,
আপনি বাছাই করা হয়েছে
ব্র্যাক ব্যাংক পিএলসি-এর জন্য রিলেশনশিপ এক্সিকিউটিভ"" পদের জন্য প্রাথমিক সাক্ষাৎকার। Mhadi সাপোর্ট সার্ভিসেস লিমিটেডের চাকরির অধীনে। তারিখ-২৯ এপ্রিল (সোমবার), 2024। সময়-2.00 PM। বেতন-24000/- আপনাকে অবশ্যই একটি আপডেট করা CV এবং SSC সার্টিফিকেটের ফটোকপি আনতে হবে। ঠিকানা: গুলশান গ্রেস, 8 সাউথ গুলশান এভিনিউ, লেভেল-5, ২য় বিল্ডিং। গুলশান-১, ঢাকা। (প্রকার: অবস্থান পেতে গুগল ম্যাপে ""মাহাদি কর্পোরেট অফিস"") শুভেচ্ছা,
মাহাদি সাপোর্ট সার্ভিসেস লিমিটেড।",Bengali,0,2,"প্রিয় প্রার্থী,
আপনি বাছাই করা হয়েছে
ব্র্যাক ব্যাংক পিএলসি-এর জন্য রিলেশনশিপ এক্সিকিউটিভ"" পদের জন্য প্রাথমিক সাক্ষাৎকার। Mhadi সাপোর্ট সার্ভিসেস লিমিটেডের চাকরির অধীনে। তারিখ-২৯ এপ্রিল (সোমবার), 2024। সময়-2.00 PM। বেতন-24000/- আপনাকে অবশ্যই একটি আপডেট করা CV এবং SSC সার্টিফিকেটের ফটোকপি আনতে হবে। ঠিকানা: গুলশান গ্রেস, 8 সাউথ গুলশান এভিনিউ, লেভেল-5, ২য় বিল্ডিং। গুলশান-১, ঢাকা। (প্রকার: অবস্থান পেতে গুগল ম্যাপে ""মাহাদি কর্পোরেট অফিস"") শুভেচ্ছা,
মাহাদি সাপোর্ট সার্ভিসেস লিমিটেড।","প্রিয় প্রার্থী, আপনি বাছাই করা হয়েছে ব্র্যাক ব্যাংক পিএলসি-এর জন্য রিলেশনশিপ এক্সিকিউটিভ"" পদের জন্য প্রাথমিক সাক্ষাৎকার। Mhadi সাপোর্ট সার্ভিসেস লিমিটেডের চাকরির অধীনে। তারিখ-২৯ এপ্রিল (সোমবার), 2024। সময়-2.00 PM। বেতন-24000/- আপনাকে অবশ্যই একটি আপডেট করা CV এবং SSC সার্টিফিকেটের ফটোকপি আনতে হবে। ঠিকানা: গুলশান গ্রেস, 8 সাউথ গুলশান এভিনিউ, লেভেল-5, ২য় বিল্ডিং। গুলশান-১, ঢাকা। (প্রকার: অবস্থান পেতে গুগল ম্যাপে ""মাহাদি কর্পোরেট অফিস"") শুভেচ্ছা, মাহাদি সাপোর্ট সার্ভিসেস লিমিটেড।",[],0,0,0,0,0,0,0,0,0,0,0,0,"প্রিয় প্রার্থী, আপনি বাছাই করা হয়েছে ব্র্যাক ব্যাংক পিএলসি-এর জন্য রিলেশনশিপ এক্সিকিউটিভ"" পদের জন্য প্রাথমিক সাক্ষাৎকার। Mhadi সাপোর্ট সার্ভিসেস লিমিটেডের চাকরির অধীনে। তারিখ-২৯ এপ্রিল (সোমবার), 2024। সময়-2.00 PM। বেতন-24000/- আপনাকে অবশ্যই একটি আপডেট করা CV এবং SSC সার্টিফিকেটের ফটোকপি আনতে হবে। ঠিকানা: গুলশান গ্রেস, 8 সাউথ গুলশান এভিনিউ, লেভেল-5, ২য় বিল্ডিং। গুলশান-১, ঢাকা। (প্রকার: অবস্থান পেতে গুগল ম্যাপে ""মাহাদি কর্পোরেট অফিস"") শুভেচ্ছা, মাহাদি সাপোর্ট সার্ভিসেস লিমিটেড।",484,0,0,0,0,0,0,0,0,0,0,0,0,0,0,0,0,0,0,0,0,0,0
promo,"পূর্বাচল ৩০নং সেক্টর সংলগ্ন ভরাট চলমান প্লট! কাঠা ১.৬লক্ষ
01894841736",Bengali,0,1,"পূর্বাচল ৩০নং সেক্টর সংলগ্ন ভরাট চলমান প্লট! কাঠা ১.৬লক্ষ
01894841736",পূর্বাচল ৩০নং সেক্টর সংলগ্ন ভরাট চলমান প্লট! কাঠা ১.৬লক্ষ 01894841736,[],0,0,0,0,0,0,0,0,0,0,0,0,পূর্বাচল ৩০নং সেক্টর সংলগ্ন ভরাট চলমান প্লট! কাঠা ১.৬লক্ষ 01894841736,69,0,0,0,0,0,0,0,0,0,0,0,0,0,0,0,0,0,0,0,0,0,0
smish,আপনার পাসওয়ার্ডটি অবিলম্বে রিসেট করুন। এখানে ক্লিক করুন: [passwordreset.org/ResetBD],Bengali,1,2,আপনার পাসওয়ার্ডটি অবিলম্বে রিসেট করুন। এখানে ক্লিক করুন: [passwordreset.org/ResetBD],আপনার পাসওয়ার্ডটি অবিলম্বে রিসেট করুন। এখানে ক্লিক করুন: [passwordreset.org/ResetBD],['passwordreset.org/ResetBD'],1,1,25,25,0,1,0,1,0,0,0,0,আপনার পাসওয়ার্ডটি অবিলম্বে রিসেট করুন। এখানে ক্লিক করুন: [ [URL] ],67,1,25,25,0,1,0,1,0,0,0,0,1,25,25,0,1,0,1,0,0,0,0
normal,পৃথিবীর জীবনটা তিনটি দিনের– গতকালের দিনটিতে যা করা হয়েছে সেগুলো নিয়ে সেটি চলে গেছে; আগামীকালের দিনটিতে হয়ত আপনি না-ও পৌছতে পারেন; কিন্তু আজকের দিনটি আপনার জন্য সুতরাং যা করার আজই করে নিন। -[ইমাম আল-হাসান আল-বাসরী (রহ)],Bengali,0,0,পৃথিবীর জীবনটা তিনটি দিনের– গতকালের দিনটিতে যা করা হয়েছে সেগুলো নিয়ে সেটি চলে গেছে; আগামীকালের দিনটিতে হয়ত আপনি না-ও পৌছতে পারেন; কিন্তু আজকের দিনটি আপনার জন্য সুতরাং যা করার আজই করে নিন। -[ইমাম আল-হাসান আল-বাসরী (রহ)],পৃথিবীর জীবনটা তিনটি দিনের- গতকালের দিনটিতে যা করা হয়েছে সেগুলো নিয়ে সেটি চলে গেছে; আগামীকালের দিনটিতে হয়ত আপনি না-ও পৌছতে পারেন; কিন্তু আজকের দিনটি আপনার জন্য সুতরাং যা করার আজই করে নিন। -[ইমাম আল-হাসান আল-বাসরী (রহ)],[],0,0,0,0,0,0,0,0,0,0,0,0,পৃথিবীর জীবনটা তিনটি দিনের- গতকালের দিনটিতে যা করা হয়েছে সেগুলো নিয়ে সেটি চলে গেছে; আগামীকালের দিনটিতে হয়ত আপনি না-ও পৌছতে পারেন; কিন্তু আজকের দিনটি আপনার জন্য সুতরাং যা করার আজই করে নিন। -[ইমাম আল-হাসান আল-বাসরী (রহ)],221,0,0,0,0,0,0,0,0,0,0,0,0,0,0,0,0,0,0,0,0,0,0
smish,ইংলিশ প্রিমিয়ার লিগে বাজি ধরুন এবং ১ কোটি টাকা জিতুন। শুরু করুন: smilesvoegol.servebbs.org/voegol.php,Bengali,1,2,ইংলিশ প্রিমিয়ার লিগে বাজি ধরুন এবং ১ কোটি টাকা জিতুন। শুরু করুন: smilesvoegol.servebbs.org/voegol.php,ইংলিশ প্রিমিয়ার লিগে বাজি ধরুন এবং ১ কোটি টাকা জিতুন। শুরু করুন: smilesvoegol.servebbs.org/voegol.php,['smilesvoegol.servebbs.org/voegol.php'],1,1,36,36,0,3,0,1,0,0,0,0,ইংলিশ প্রিমিয়ার লিগে বাজি ধরুন এবং ১ কোটি টাকা জিতুন। শুরু করুন:  [URL] ,73,1,36,36,0,3,0,1,0,0,0,0,1,36,36,0,3,0,1,0,0,0,0
smish,সোনালী ব্যাংক অ্যাকাউন্টে সমস্যা হয়েছে। কল করুন: +8801818788890,Bengali,0,2,সোনালী ব্যাংক অ্যাকাউন্টে সমস্যা হয়েছে। কল করুন: +8801818788890,সোনালী ব্যাংক অ্যাকাউন্টে সমস্যা হয়েছে। কল করুন: +8801818788890,[],0,0,0,0,0,0,0,0,0,0,0,0,সোনালী ব্যাংক অ্যাকাউন্টে সমস্যা হয়েছে। কল করুন: +8801818788890,64,0,0,0,0,0,0,0,0,0,0,0,0,0,0,0,0,0,0,0,0,0,0
normal,"আজ দুপুরে বাজারে গিয়ে মাছ কিনলাম। ইলিশ অনেক দামি হয়ে গেছে, তবে ছোট মাছগুলোর দাম মোটামুটি। রান্না করে সবাই মিলে খাওয়ার প্ল্যান করছি।",Bengali,0,0,"আজ দুপুরে বাজারে গিয়ে মাছ কিনলাম। ইলিশ অনেক দামি হয়ে গেছে, তবে ছোট মাছগুলোর দাম মোটামুটি। রান্না করে সবাই মিলে খাওয়ার প্ল্যান করছি।","আজ দুপুরে বাজারে গিয়ে মাছ কিনলাম। ইলিশ অনেক দামি হয়ে গেছে, তবে ছোট মাছগুলোর দাম মোটামুটি। রান্না করে সবাই মিলে খাওয়ার প্ল্যান করছি।",[],0,0,0,0,0,0,0,0,0,0,0,0,"আজ দুপুরে বাজারে গিয়ে মাছ কিনলাম। ইলিশ অনেক দামি হয়ে গেছে, তবে ছোট মাছগুলোর দাম মোটামুটি। রান্না করে সবাই মিলে খাওয়ার প্ল্যান করছি।",134,0,0,0,0,0,0,0,0,0,0,0,0,0,0,0,0,0,0,0,0,0,0
normal,মেসেঞ্জার গ্রুপে পোল দিলে তো হয়। সবাই কি নেই ওই গ্রুপে?,Bengali,0,0,মেসেঞ্জার গ্রুপে পোল দিলে তো হয়। সবাই কি নেই ওই গ্রুপে?,মেসেঞ্জার গ্রুপে পোল দিলে তো হয়। সবাই কি নেই ওই গ্রুপে?,[],0,0,0,0,0,0,0,0,0,0,0,0,মেসেঞ্জার গ্রুপে পোল দিলে তো হয়। সবাই কি নেই ওই গ্রুপে?,56,0,0,0,0,0,0,0,0,0,0,0,0,0,0,0,0,0,0,0,0,0,0
normal,দুপুরে একটি ব্রাউন করতে গিয়েছি।,Bengali,0,0,দুপুরে একটি ব্রাউন করতে গিয়েছি।,দুপুরে একটি ব্রাউন করতে গিয়েছি।,[],0,0,0,0,0,0,0,0,0,0,0,0,দুপুরে একটি ব্রাউন করতে গিয়েছি।,32,0,0,0,0,0,0,0,0,0,0,0,0,0,0,0,0,0,0,0,0,0,0
normal,গতকাল রাতে সবাই মিলে ফুটবল খেলতে গিয়েছিলাম। অনেকদিন পর খেলাটা দারুণ উপভোগ করেছি। শরীরটা ভালোভাবে ঝালিয়ে নেওয়া হলো।,Bengali,0,0,গতকাল রাতে সবাই মিলে ফুটবল খেলতে গিয়েছিলাম। অনেকদিন পর খেলাটা দারুণ উপভোগ করেছি। শরীরটা ভালোভাবে ঝালিয়ে নেওয়া হলো।,গতকাল রাতে সবাই মিলে ফুটবল খেলতে গিয়েছিলাম। অনেকদিন পর খেলাটা দারুণ উপভোগ করেছি। শরীরটা ভালোভাবে ঝালিয়ে নেওয়া হলো।,[],0,0,0,0,0,0,0,0,0,0,0,0,গতকাল রাতে সবাই মিলে ফুটবল খেলতে গিয়েছিলাম। অনেকদিন পর খেলাটা দারুণ উপভোগ করেছি। শরীরটা ভালোভাবে ঝালিয়ে নেওয়া হলো।,117,0,0,0,0,0,0,0,0,0,0,0,0,0,0,0,0,0,0,0,0,0,0
normal,বাসায় খুব শান্তি আছে।,Bengali,0,0,বাসায় খুব শান্তি আছে।,বাসায় খুব শান্তি আছে।,[],0,0,0,0,0,0,0,0,0,0,0,0,বাসায় খুব শান্তি আছে।,22,0,0,0,0,0,0,0,0,0,0,0,0,0,0,0,0,0,0,0,0,0,0
smish,"https://t.me/Referincomebd4536_bot?start=r05228152535
যারা ফ্রি ইনকাম করতে চান তাড়া এই রেফার এর মাধ্যমে করতে পারেন✅",Bengali,1,2,"https://t.me/Referincomebd4536_bot?start=r05228152535
যারা ফ্রি ইনকাম করতে চান তাড়া এই রেফার এর মাধ্যমে করতে পারেন✅",https://t.me/Referincomebd4536_bot?start=r05228152535 যারা ফ্রি ইনকাম করতে চান তাড়া এই রেফার এর মাধ্যমে করতে পারেন✅,['https://t.me/Referincomebd4536_bot?start=r05228152535'],1,1,53,53,15,1,0,3,1,0,0,0, [URL]  যারা ফ্রি ইনকাম করতে চান তাড়া এই রেফার এর মাধ্যমে করতে পারেন✅,70,1,53,53,15,1,0,3,1,0,0,0,1,53,53,15,1,0,3,1,0,0,0
normal,"বন্ধু, আজ সন্ধ্যায় ক্রিকেট খেলতে মাঠে আসবে?",Bengali,0,0,"বন্ধু, আজ সন্ধ্যায় ক্রিকেট খেলতে মাঠে আসবে?","বন্ধু, আজ সন্ধ্যায় ক্রিকেট খেলতে মাঠে আসবে?",[],0,0,0,0,0,0,0,0,0,0,0,0,"বন্ধু, আজ সন্ধ্যায় ক্রিকেট খেলতে মাঠে আসবে?",44,0,0,0,0,0,0,0,0,0,0,0,0,0,0,0,0,0,0,0,0,0,0
promo,"এক্সক্লুসিভ ফ্যাশন সেল! জিন্স, টিশার্টে ৫০% পর্যন্ত ছাড়।",Bengali,0,1,"এক্সক্লুসিভ ফ্যাশন সেল! জিন্স, টিশার্টে ৫০% পর্যন্ত ছাড়।","এক্সক্লুসিভ ফ্যাশন সেল! জিন্স, টিশার্টে ৫০% পর্যন্ত ছাড়।",[],0,0,0,0,0,0,0,0,0,0,0,0,"এক্সক্লুসিভ ফ্যাশন সেল! জিন্স, টিশার্টে ৫০% পর্যন্ত ছাড়।",57,0,0,0,0,0,0,0,0,0,0,0,0,0,0,0,0,0,0,0,0,0,0
smish,https://t.me/darazbotpay_bot?start=r05257773745 একটা রেফার করলে 200 টাকা 25 টা রেফার করলেই টাকা তুলতে পারবেন তো আর দেরি না করে এখনি টেলিগ্রাম  এ গিয়ে start কইরা দেন সবাই😊🫶,Bengali,1,2,https://t.me/darazbotpay_bot?start=r05257773745 একটা রেফার করলে 200 টাকা 25 টা রেফার করলেই টাকা তুলতে পারবেন তো আর দেরি না করে এখনি টেলিগ্রাম  এ গিয়ে start কইরা দেন সবাই😊🫶,https://t.me/darazbotpay_bot?start=r05257773745 একটা রেফার করলে 200 টাকা 25 টা রেফার করলেই টাকা তুলতে পারবেন তো আর দেরি না করে এখনি টেলিগ্রাম এ গিয়ে start কইরা দেন সবাই😊🫶,['https://t.me/darazbotpay_bot?start=r05257773745'],1,1,47,47,11,1,0,3,1,0,0,0, [URL]  একটা রেফার করলে 200 টাকা 25 টা রেফার করলেই টাকা তুলতে পারবেন তো আর দেরি না করে এখনি টেলিগ্রাম এ গিয়ে start কইরা দেন সবাই😊🫶,131,1,47,47,11,1,0,3,1,0,0,0,1,47,47,11,1,0,3,1,0,0,0
smish,লটারি বিজয়ী! আপনি ১৫ লক্ষ টাকা জিতেছেন। কালেক্ট: collect-prize.ga,Bengali,1,2,লটারি বিজয়ী! আপনি ১৫ লক্ষ টাকা জিতেছেন। কালেক্ট: collect-prize.ga,লটারি বিজয়ী! আপনি ১৫ লক্ষ টাকা জিতেছেন। কালেক্ট: collect-prize.ga,['collect-prize.ga'],1,1,16,16,0,1,1,0,0,0,0,0,লটারি বিজয়ী! আপনি ১৫ লক্ষ টাকা জিতেছেন। কালেক্ট:  [URL] ,57,1,16,16,0,1,1,0,0,0,0,0,1,16,16,0,1,1,0,0,0,0,0
smish,আপনার সোনালী ব্যাংক কার্ডের তথ্য যাচাই না করলে ব্লক হবে। যাচাই করতে www.sonali-verify24.com ভিজিট করুন।,Bengali,1,2,আপনার সোনালী ব্যাংক কার্ডের তথ্য যাচাই না করলে ব্লক হবে। যাচাই করতে www.sonali-verify24.com ভিজিট করুন।,আপনার সোনালী ব্যাংক কার্ডের তথ্য যাচাই না করলে ব্লক হবে। যাচাই করতে www.sonali-verify24.com ভিজিট করুন।,"['www.', 'sonali-verify24.com']",2,2,23,19,2,2,1,0,0,0,0,0,আপনার সোনালী ব্যাংক কার্ডের তথ্য যাচাই না করলে ব্লক হবে। যাচাই করতে  [URL]  [URL]  ভিজিট করুন।,94,2,23,19,2,2,1,0,0,0,0,0,2,23,19,2,2,1,0,0,0,0,0
normal,আমি কি করতে পারি?,Bengali,0,0,আমি কি করতে পারি?,আমি কি করতে পারি?,[],0,0,0,0,0,0,0,0,0,0,0,0,আমি কি করতে পারি?,17,0,0,0,0,0,0,0,0,0,0,0,0,0,0,0,0,0,0,0,0,0,0
promo,"কিচেন অ্যাপ্লায়েন্সে ছাড়! প্রেসার কুকার, ব্লেন্ডারে ৪০% কম দাম।",Bengali,0,1,"কিচেন অ্যাপ্লায়েন্সে ছাড়! প্রেসার কুকার, ব্লেন্ডারে ৪০% কম দাম।","কিচেন অ্যাপ্লায়েন্সে ছাড়! প্রেসার কুকার, ব্লেন্ডারে ৪০% কম দাম।",[],0,0,0,0,0,0,0,0,0,0,0,0,"কিচেন অ্যাপ্লায়েন্সে ছাড়! প্রেসার কুকার, ব্লেন্ডারে ৪০% কম দাম।",65,0,0,0,0,0,0,0,0,0,0,0,0,0,0,0,0,0,0,0,0,0,0
smish,আপনার ক্রেডিট কার্ড সাময়িকভাবে লক করা হয়েছে। কার্ড সার্ভিস লাইন কল করুন. (786) 319- 4482,Bengali,0,2,আপনার ক্রেডিট কার্ড সাময়িকভাবে লক করা হয়েছে। কার্ড সার্ভিস লাইন কল করুন. (786) 319- 4482,আপনার ক্রেডিট কার্ড সাময়িকভাবে লক করা হয়েছে। কার্ড সার্ভিস লাইন কল করুন. (786) 319- 4482,[],0,0,0,0,0,0,0,0,0,0,0,0,আপনার ক্রেডিট কার্ড সাময়িকভাবে লক করা হয়েছে। কার্ড সার্ভিস লাইন কল করুন. (786) 319- 4482,90,0,0,0,0,0,0,0,0,0,0,0,0,0,0,0,0,0,0,0,0,0,0
normal,"বোন, আগামীকাল তোমার সাথে শপিং করতে যাবো। তৈরি থেকো।",Bengali,0,0,"বোন, আগামীকাল তোমার সাথে শপিং করতে যাবো। তৈরি থেকো।","বোন, আগামীকাল তোমার সাথে শপিং করতে যাবো। তৈরি থেকো।",[],0,0,0,0,0,0,0,0,0,0,0,0,"বোন, আগামীকাল তোমার সাথে শপিং করতে যাবো। তৈরি থেকো।",51,0,0,0,0,0,0,0,0,0,0,0,0,0,0,0,0,0,0,0,0,0,0
normal,তুমি কি কাল সকালে ফ্রি আছো? হাঁটতে যেতে চাই।,Bengali,0,0,তুমি কি কাল সকালে ফ্রি আছো? হাঁটতে যেতে চাই।,তুমি কি কাল সকালে ফ্রি আছো? হাঁটতে যেতে চাই।,[],0,0,0,0,0,0,0,0,0,0,0,0,তুমি কি কাল সকালে ফ্রি আছো? হাঁটতে যেতে চাই।,44,0,0,0,0,0,0,0,0,0,0,0,0,0,0,0,0,0,0,0,0,0,0
promo,"আজকের অফার: সব জুয়েলারিতে ১৫% ছাড়। স্টক সীমিত, এখনই কিনুন!",Bengali,0,1,"আজকের অফার: সব জুয়েলারিতে ১৫% ছাড়। স্টক সীমিত, এখনই কিনুন!","আজকের অফার: সব জুয়েলারিতে ১৫% ছাড়। স্টক সীমিত, এখনই কিনুন!",[],0,0,0,0,0,0,0,0,0,0,0,0,"আজকের অফার: সব জুয়েলারিতে ১৫% ছাড়। স্টক সীমিত, এখনই কিনুন!",60,0,0,0,0,0,0,0,0,0,0,0,0,0,0,0,0,0,0,0,0,0,0
smish,"bKash অ্যাকাউন্টে ৫,০০০ টাকা জমা হয়েছে। বিস্তারিত জানতে কল করুন: +8801810900912",Bengali,0,2,"bKash অ্যাকাউন্টে ৫,০০০ টাকা জমা হয়েছে। বিস্তারিত জানতে কল করুন: +8801810900912","bKash অ্যাকাউন্টে ৫,০০০ টাকা জমা হয়েছে। বিস্তারিত জানতে কল করুন: +8801810900912",[],0,0,0,0,0,0,0,0,0,0,0,0,"bKash অ্যাকাউন্টে ৫,০০০ টাকা জমা হয়েছে। বিস্তারিত জানতে কল করুন: +8801810900912",80,0,0,0,0,0,0,0,0,0,0,0,0,0,0,0,0,0,0,0,0,0,0
promo,GP-তে রবিবার স্পেশাল অফার: ৫ জিবি মাত্র ১০০ টাকা। ডায়াল করুন *121*100#।,Bengali,0,1,GP-তে রবিবার স্পেশাল অফার: ৫ জিবি মাত্র ১০০ টাকা। ডায়াল করুন *121*100#।,GP-তে রবিবার স্পেশাল অফার: ৫ জিবি মাত্র ১০০ টাকা। ডায়াল করুন *121*100#।,[],0,0,0,0,0,0,0,0,0,0,0,0,GP-তে রবিবার স্পেশাল অফার: ৫ জিবি মাত্র ১০০ টাকা। ডায়াল করুন *121*100#।,72,0,0,0,0,0,0,0,0,0,0,0,0,0,0,0,0,0,0,0,0,0,0
normal,"হ্যাঁ, বসে থাকলে সময় কাটানো কঠিন হয়। আমি ইউটিউবেও দেখেছি, আবার ডার্ক সিরিজেও ছিল।",Bengali,0,0,"হ্যাঁ, বসে থাকলে সময় কাটানো কঠিন হয়। আমি ইউটিউবেও দেখেছি, আবার ডার্ক সিরিজেও ছিল।","হ্যাঁ, বসে থাকলে সময় কাটানো কঠিন হয়। আমি ইউটিউবেও দেখেছি, আবার ডার্ক সিরিজেও ছিল।",[],0,0,0,0,0,0,0,0,0,0,0,0,"হ্যাঁ, বসে থাকলে সময় কাটানো কঠিন হয়। আমি ইউটিউবেও দেখেছি, আবার ডার্ক সিরিজেও ছিল।",83,0,0,0,0,0,0,0,0,0,0,0,0,0,0,0,0,0,0,0,0,0,0
normal,তোমার পাশে একটি পাথুরি আছে। ধন্যবাদ।,Bengali,0,0,তোমার পাশে একটি পাথুরি আছে। ধন্যবাদ।,তোমার পাশে একটি পাথুরি আছে। ধন্যবাদ।,[],0,0,0,0,0,0,0,0,0,0,0,0,তোমার পাশে একটি পাথুরি আছে। ধন্যবাদ।,36,0,0,0,0,0,0,0,0,0,0,0,0,0,0,0,0,0,0,0,0,0,0
normal,আমার শরীরটা আজকে খুব খারাপ লাগছে। মাথা ব্যথা আর জ্বর এসেছে। মনে হচ্ছে কাল অফিসে যেতে পারবো না।,Bengali,0,0,আমার শরীরটা আজকে খুব খারাপ লাগছে। মাথা ব্যথা আর জ্বর এসেছে। মনে হচ্ছে কাল অফিসে যেতে পারবো না।,আমার শরীরটা আজকে খুব খারাপ লাগছে। মাথা ব্যথা আর জ্বর এসেছে। মনে হচ্ছে কাল অফিসে যেতে পারবো না।,[],0,0,0,0,0,0,0,0,0,0,0,0,আমার শরীরটা আজকে খুব খারাপ লাগছে। মাথা ব্যথা আর জ্বর এসেছে। মনে হচ্ছে কাল অফিসে যেতে পারবো না।,94,0,0,0,0,0,0,0,0,0,0,0,0,0,0,0,0,0,0,0,0,0,0
promo,রকমারিতে বই মেলা! সকল বইয়ে ২৫% ছাড়। ফ্রি হোম ডেলিভারি।,Bengali,0,1,রকমারিতে বই মেলা! সকল বইয়ে ২৫% ছাড়। ফ্রি হোম ডেলিভারি।,রকমারিতে বই মেলা! সকল বইয়ে ২৫% ছাড়। ফ্রি হোম ডেলিভারি।,[],0,0,0,0,0,0,0,0,0,0,0,0,রকমারিতে বই মেলা! সকল বইয়ে ২৫% ছাড়। ফ্রি হোম ডেলিভারি।,56,0,0,0,0,0,0,0,0,0,0,0,0,0,0,0,0,0,0,0,0,0,0
normal,তুমি কি খেলা দেখছো?,Bengali,0,0,তুমি কি খেলা দেখছো?,তুমি কি খেলা দেখছো?,[],0,0,0,0,0,0,0,0,0,0,0,0,তুমি কি খেলা দেখছো?,19,0,0,0,0,0,0,0,0,0,0,0,0,0,0,0,0,0,0,0,0,0,0
normal,সবচেয়ে সুন্দর পারবারিক কাজের জন্য আমি সময় দিতে চাই।,Bengali,0,0,সবচেয়ে সুন্দর পারবারিক কাজের জন্য আমি সময় দিতে চাই।,সবচেয়ে সুন্দর পারবারিক কাজের জন্য আমি সময় দিতে চাই।,[],0,0,0,0,0,0,0,0,0,0,0,0,সবচেয়ে সুন্দর পারবারিক কাজের জন্য আমি সময় দিতে চাই।,53,0,0,0,0,0,0,0,0,0,0,0,0,0,0,0,0,0,0,0,0,0,0
smish,"প্রিয় ব্যবহারকারী, আপনি কি বাস ভাড়া নিয়ে চিন্তিত, এই ঈদে সস্তায় বাসের টিকেট পেতে এখনই নিচের লিঙ্কে ক্লিক করুন।",Bengali,0,2,"প্রিয় ব্যবহারকারী, আপনি কি বাস ভাড়া নিয়ে চিন্তিত, এই ঈদে সস্তায় বাসের টিকেট পেতে এখনই নিচের লিঙ্কে ক্লিক করুন।","প্রিয় ব্যবহারকারী, আপনি কি বাস ভাড়া নিয়ে চিন্তিত, এই ঈদে সস্তায় বাসের টিকেট পেতে এখনই নিচের লিঙ্কে ক্লিক করুন।",[],0,0,0,0,0,0,0,0,0,0,0,0,"প্রিয় ব্যবহারকারী, আপনি কি বাস ভাড়া নিয়ে চিন্তিত, এই ঈদে সস্তায় বাসের টিকেট পেতে এখনই নিচের লিঙ্কে ক্লিক করুন।",114,0,0,0,0,0,0,0,0,0,0,0,0,0,0,0,0,0,0,0,0,0,0
smish,গুরুত্বপূর্ণ: আপনার হেলথ কার্ড এক্সপায়ার। নবায়ন করুন: health-card.ga,Bengali,1,2,গুরুত্বপূর্ণ: আপনার হেলথ কার্ড এক্সপায়ার। নবায়ন করুন: health-card.ga,গুরুত্বপূর্ণ: আপনার হেলথ কার্ড এক্সপায়ার। নবায়ন করুন: health-card.ga,['health-card.ga'],1,1,14,14,0,1,1,0,0,0,0,0,গুরুত্বপূর্ণ: আপনার হেলথ কার্ড এক্সপায়ার। নবায়ন করুন:  [URL] ,63,1,14,14,0,1,1,0,0,0,0,0,1,14,14,0,1,1,0,0,0,0,0
normal,এই যা আমি যে অনেক সময় পেলাম সেটি হল সমাধান এবং মূল্য হল একটি মহান এবং একটি জনপ্রি,Bengali,0,0,এই যা আমি যে অনেক সময় পেলাম সেটি হল সমাধান এবং মূল্য হল একটি মহান এবং একটি জনপ্রি,এই যা আমি যে অনেক সময় পেলাম সেটি হল সমাধান এবং মূল্য হল একটি মহান এবং একটি জনপ্রি,[],0,0,0,0,0,0,0,0,0,0,0,0,এই যা আমি যে অনেক সময় পেলাম সেটি হল সমাধান এবং মূল্য হল একটি মহান এবং একটি জনপ্রি,82,0,0,0,0,0,0,0,0,0,0,0,0,0,0,0,0,0,0,0,0,0,0
normal,শুভ বিবাহ বার্ষিকী!,Bengali,0,0,শুভ বিবাহ বার্ষিকী!,শুভ বিবাহ বার্ষিকী!,[],0,0,0,0,0,0,0,0,0,0,0,0,শুভ বিবাহ বার্ষিকী!,19,0,0,0,0,0,0,0,0,0,0,0,0,0,0,0,0,0,0,0,0,0,0
normal,তুমি কি রবিবার সকালে সময় পাবে? আমরা সবাই ঠিক করেছি মিরপুর বোটানিক্যাল গার্ডেনে ঘুরতে যাবো। চাইলে তুমি আমাদের সাথে যোগ দিতে পারো।,Bengali,0,0,তুমি কি রবিবার সকালে সময় পাবে? আমরা সবাই ঠিক করেছি মিরপুর বোটানিক্যাল গার্ডেনে ঘুরতে যাবো। চাইলে তুমি আমাদের সাথে যোগ দিতে পারো।,তুমি কি রবিবার সকালে সময় পাবে? আমরা সবাই ঠিক করেছি মিরপুর বোটানিক্যাল গার্ডেনে ঘুরতে যাবো। চাইলে তুমি আমাদের সাথে যোগ দিতে পারো।,[],0,0,0,0,0,0,0,0,0,0,0,0,তুমি কি রবিবার সকালে সময় পাবে? আমরা সবাই ঠিক করেছি মিরপুর বোটানিক্যাল গার্ডেনে ঘুরতে যাবো। চাইলে তুমি আমাদের সাথে যোগ দিতে পারো।,129,0,0,0,0,0,0,0,0,0,0,0,0,0,0,0,0,0,0,0,0,0,0
promo,"৫০৳ ক্যাশব্যাকে নাও ডাটা মিক্সার ৪০জিবি@৳২৪৮, ৭দিন: 
 cutt.ly/WwZsAgMK",Bengali,1,1,"৫০৳ ক্যাশব্যাকে নাও ডাটা মিক্সার ৪০জিবি@৳২৪৮, ৭দিন: 
 cutt.ly/WwZsAgMK","৫০৳ ক্যাশব্যাকে নাও ডাটা মিক্সার ৪০জিবি@৳২৪৮, ৭দিন: cutt.ly/WwZsAgMK",['cutt.ly/WwZsAgMK'],1,1,16,16,0,1,0,1,0,0,0,1,"৫০৳ ক্যাশব্যাকে নাও ডাটা মিক্সার ৪০জিবি@৳২৪৮, ৭দিন:  [URL] ",59,1,16,16,0,1,0,1,0,0,0,1,1,16,16,0,1,0,1,0,0,0,1
promo,Pathao Rides-এ আজ সব রাইডে ১৫% ছাড়। কোড: PATHAO15।,Bengali,0,1,Pathao Rides-এ আজ সব রাইডে ১৫% ছাড়। কোড: PATHAO15।,Pathao Rides-এ আজ সব রাইডে ১৫% ছাড়। কোড: PATHAO15।,[],0,0,0,0,0,0,0,0,0,0,0,0,Pathao Rides-এ আজ সব রাইডে ১৫% ছাড়। কোড: PATHAO15।,51,0,0,0,0,0,0,0,0,0,0,0,0,0,0,0,0,0,0,0,0,0,0
normal,"তুমি কি প্রিয় বই পড়ছো? হ্যাঁ, বিখ্যাত বই পড়ি।",Bengali,0,0,"তুমি কি প্রিয় বই পড়ছো? হ্যাঁ, বিখ্যাত বই পড়ি।","তুমি কি প্রিয় বই পড়ছো? হ্যাঁ, বিখ্যাত বই পড়ি।",[],0,0,0,0,0,0,0,0,0,0,0,0,"তুমি কি প্রিয় বই পড়ছো? হ্যাঁ, বিখ্যাত বই পড়ি।",48,0,0,0,0,0,0,0,0,0,0,0,0,0,0,0,0,0,0,0,0,0,0
normal,"আমার প্রিয় বন্ধু রাকিব, তোমার বিয়ের দাওয়াত পেয়ে আমি অত্যন্ত আনন্দিত। এতদিন পর তোমার জীবনে এই সুখের দিন আসার জন্য আমি সত্যিই খুশি। কাল রাতে তোমার মা'র সাথে ফোনে কথা হলো, তিনি অনেক উত্সাহিত এবং ব্যস্ত। বিয়ের সব প্রস্তুতি ঠিকঠাক চলছে তো? আমি আগামী বৃহস্পতিবার রাতেই চট্টগ্রাম থেকে চলে যাবো যাতে শুক্রবার সকালে গায়ে হলুদের অনুষ্ঠানে যোগ দিতে পারি। তোমার জন্য বিশেষ গিফট নিয়ে আসছি, খুশি হবে।",Bengali,0,0,"আমার প্রিয় বন্ধু রাকিব, তোমার বিয়ের দাওয়াত পেয়ে আমি অত্যন্ত আনন্দিত। এতদিন পর তোমার জীবনে এই সুখের দিন আসার জন্য আমি সত্যিই খুশি। কাল রাতে তোমার মা'র সাথে ফোনে কথা হলো, তিনি অনেক উত্সাহিত এবং ব্যস্ত। বিয়ের সব প্রস্তুতি ঠিকঠাক চলছে তো? আমি আগামী বৃহস্পতিবার রাতেই চট্টগ্রাম থেকে চলে যাবো যাতে শুক্রবার সকালে গায়ে হলুদের অনুষ্ঠানে যোগ দিতে পারি। তোমার জন্য বিশেষ গিফট নিয়ে আসছি, খুশি হবে।","আমার প্রিয় বন্ধু রাকিব, তোমার বিয়ের দাওয়াত পেয়ে আমি অত্যন্ত আনন্দিত। এতদিন পর তোমার জীবনে এই সুখের দিন আসার জন্য আমি সত্যিই খুশি। কাল রাতে তোমার মা'র সাথে ফোনে কথা হলো, তিনি অনেক উত্সাহিত এবং ব্যস্ত। বিয়ের সব প্রস্তুতি ঠিকঠাক চলছে তো? আমি আগামী বৃহস্পতিবার রাতেই চট্টগ্রাম থেকে চলে যাবো যাতে শুক্রবার সকালে গায়ে হলুদের অনুষ্ঠানে যোগ দিতে পারি। তোমার জন্য বিশেষ গিফট নিয়ে আসছি, খুশি হবে।",[],0,0,0,0,0,0,0,0,0,0,0,0,"আমার প্রিয় বন্ধু রাকিব, তোমার বিয়ের দাওয়াত পেয়ে আমি অত্যন্ত আনন্দিত। এতদিন পর তোমার জীবনে এই সুখের দিন আসার জন্য আমি সত্যিই খুশি। কাল রাতে তোমার মা'র সাথে ফোনে কথা হলো, তিনি অনেক উত্সাহিত এবং ব্যস্ত। বিয়ের সব প্রস্তুতি ঠিকঠাক চলছে তো? আমি আগামী বৃহস্পতিবার রাতেই চট্টগ্রাম থেকে চলে যাবো যাতে শুক্রবার সকালে গায়ে হলুদের অনুষ্ঠানে যোগ দিতে পারি। তোমার জন্য বিশেষ গিফট নিয়ে আসছি, খুশি হবে।",393,0,0,0,0,0,0,0,0,0,0,0,0,0,0,0,0,0,0,0,0,0,0
normal,০১৬৭২৫৭৩৮৪৮ নাম্বারে কল করুন।,Bengali,0,0,০১৬৭২৫৭৩৮৪৮ নাম্বারে কল করুন।,০১৬৭২৫৭৩৮৪৮ নাম্বারে কল করুন।,[],0,0,0,0,0,0,0,0,0,0,0,0,০১৬৭২৫৭৩৮৪৮ নাম্বারে কল করুন।,29,0,0,0,0,0,0,0,0,0,0,0,0,0,0,0,0,0,0,0,0,0,0
smish,"আপনার জমি বিক্রির টাকা জমা হয়েছে, কল করুন: +8801819899901",Bengali,0,2,"আপনার জমি বিক্রির টাকা জমা হয়েছে, কল করুন: +8801819899901","আপনার জমি বিক্রির টাকা জমা হয়েছে, কল করুন: +8801819899901",[],0,0,0,0,0,0,0,0,0,0,0,0,"আপনার জমি বিক্রির টাকা জমা হয়েছে, কল করুন: +8801819899901",58,0,0,0,0,0,0,0,0,0,0,0,0,0,0,0,0,0,0,0,0,0,0
smish,বাংলাদেশ ব্যাংক অ্যাকাউন্টে ত্রুটি দেখা দিয়েছে। কল করুন: +8801819899901,Bengali,0,2,বাংলাদেশ ব্যাংক অ্যাকাউন্টে ত্রুটি দেখা দিয়েছে। কল করুন: +8801819899901,বাংলাদেশ ব্যাংক অ্যাকাউন্টে ত্রুটি দেখা দিয়েছে। কল করুন: +8801819899901,[],0,0,0,0,0,0,0,0,0,0,0,0,বাংলাদেশ ব্যাংক অ্যাকাউন্টে ত্রুটি দেখা দিয়েছে। কল করুন: +8801819899901,72,0,0,0,0,0,0,0,0,0,0,0,0,0,0,0,0,0,0,0,0,0,0
smish,নেটওয়ার্ক মার্কেটিং করে প্রতিদিন ৫০০ থেকে ৫০০০ টাকা 💸 ইনকাম করতে চান? কিভাবে মার্কেটিং করবেন আমি শিখিয়ে দিব ফ্রিতে কোন টাকা লাগবে না আগে কাজ দেখবেন প্রমাণ দেখবেন ভালো লাগলে কাজ করবেন কেউ কাজ করতে চাইলে ইনবক্স করুন ❤️‍🩹,Bengali,0,2,নেটওয়ার্ক মার্কেটিং করে প্রতিদিন ৫০০ থেকে ৫০০০ টাকা 💸 ইনকাম করতে চান? কিভাবে মার্কেটিং করবেন আমি শিখিয়ে দিব ফ্রিতে কোন টাকা লাগবে না আগে কাজ দেখবেন প্রমাণ দেখবেন ভালো লাগলে কাজ করবেন কেউ কাজ করতে চাইলে ইনবক্স করুন ❤️‍🩹,নেটওয়ার্ক মার্কেটিং করে প্রতিদিন ৫০০ থেকে ৫০০০ টাকা 💸 ইনকাম করতে চান? কিভাবে মার্কেটিং করবেন আমি শিখিয়ে দিব ফ্রিতে কোন টাকা লাগবে না আগে কাজ দেখবেন প্রমাণ দেখবেন ভালো লাগলে কাজ করবেন কেউ কাজ করতে চাইলে ইনবক্স করুন ❤️‍🩹,[],0,0,0,0,0,0,0,0,0,0,0,0,নেটওয়ার্ক মার্কেটিং করে প্রতিদিন ৫০০ থেকে ৫০০০ টাকা 💸 ইনকাম করতে চান? কিভাবে মার্কেটিং করবেন আমি শিখিয়ে দিব ফ্রিতে কোন টাকা লাগবে না আগে কাজ দেখবেন প্রমাণ দেখবেন ভালো লাগলে কাজ করবেন কেউ কাজ করতে চাইলে ইনবক্স করুন ❤️‍🩹,220,0,0,0,0,0,0,0,0,0,0,0,0,0,0,0,0,0,0,0,0,0,0
smish,আপনার ব্যাংক অ্যাকাউন্টের নিরাপত্তার জন্য লগইন করুন: [bankverify.net/LoginBD],Bengali,1,2,আপনার ব্যাংক অ্যাকাউন্টের নিরাপত্তার জন্য লগইন করুন: [bankverify.net/LoginBD],আপনার ব্যাংক অ্যাকাউন্টের নিরাপত্তার জন্য লগইন করুন: [bankverify.net/LoginBD],['bankverify.net/LoginBD'],1,1,22,22,0,1,0,1,0,0,0,0,আপনার ব্যাংক অ্যাকাউন্টের নিরাপত্তার জন্য লগইন করুন: [ [URL] ],62,1,22,22,0,1,0,1,0,0,0,0,1,22,22,0,1,0,1,0,0,0,0
smish,"প্রিয় গ্রাহক, আপনার ক্রেডিট কার্ডে ১,২০,০০০ টাকা চার্জ হয়েছে। বাতিল করতে এখনই 01888822991 নাম্বারে কল দিন এবং OTP নিশ্চিত করুন।",Bengali,0,2,"প্রিয় গ্রাহক, আপনার ক্রেডিট কার্ডে ১,২০,০০০ টাকা চার্জ হয়েছে। বাতিল করতে এখনই 01888822991 নাম্বারে কল দিন এবং OTP নিশ্চিত করুন।","প্রিয় গ্রাহক, আপনার ক্রেডিট কার্ডে ১,২০,০০০ টাকা চার্জ হয়েছে। বাতিল করতে এখনই 01888822991 নাম্বারে কল দিন এবং OTP নিশ্চিত করুন।",[],0,0,0,0,0,0,0,0,0,0,0,0,"প্রিয় গ্রাহক, আপনার ক্রেডিট কার্ডে ১,২০,০০০ টাকা চার্জ হয়েছে। বাতিল করতে এখনই 01888822991 নাম্বারে কল দিন এবং OTP নিশ্চিত করুন।",129,0,0,0,0,0,0,0,0,0,0,0,0,0,0,0,0,0,0,0,0,0,0
smish,"মাসে ২০ থেকে ৩০ হাজার ইনকাম করতে পারবেন 🌺
যোগাযোগ নাম্বার 01761693374 💢",Bengali,0,2,"মাসে ২০ থেকে ৩০ হাজার ইনকাম করতে পারবেন 🌺
যোগাযোগ নাম্বার 01761693374 💢",মাসে ২০ থেকে ৩০ হাজার ইনকাম করতে পারবেন 🌺 যোগাযোগ নাম্বার 01761693374 💢,[],0,0,0,0,0,0,0,0,0,0,0,0,মাসে ২০ থেকে ৩০ হাজার ইনকাম করতে পারবেন 🌺 যোগাযোগ নাম্বার 01761693374 💢,71,0,0,0,0,0,0,0,0,0,0,0,0,0,0,0,0,0,0,0,0,0,0
normal,তুমি কোথায় আছো?,Bengali,0,0,তুমি কোথায় আছো?,তুমি কোথায় আছো?,[],0,0,0,0,0,0,0,0,0,0,0,0,তুমি কোথায় আছো?,16,0,0,0,0,0,0,0,0,0,0,0,0,0,0,0,0,0,0,0,0,0,0
normal,"প্রিয় শিক্ষার্থী, আপনার টিউশন ফি আজ পর্যন্ত ২৭,৯৫০.০০ টাকা বকেয়া আছে। (পূর্বের লেট ফাইন ও বকেয়াসহ) চলতি মাসের টিউশন ফি (জরিমানা ছাড়া) ২২ই সেপ্টেম্বর, ২০২৪ মধ্যে পরিশোধ করুন। বিস্তারিত https://student.northsouth.edu.bd/ লগইন করুন। (North South)",Bengali,1,0,"প্রিয় শিক্ষার্থী, আপনার টিউশন ফি আজ পর্যন্ত ২৭,৯৫০.০০ টাকা বকেয়া আছে। (পূর্বের লেট ফাইন ও বকেয়াসহ) চলতি মাসের টিউশন ফি (জরিমানা ছাড়া) ২২ই সেপ্টেম্বর, ২০২৪ মধ্যে পরিশোধ করুন। বিস্তারিত https://student.northsouth.edu.bd/ লগইন করুন। (North South)","প্রিয় শিক্ষার্থী, আপনার টিউশন ফি আজ পর্যন্ত ২৭,৯৫০.০০ টাকা বকেয়া আছে। (পূর্বের লেট ফাইন ও বকেয়াসহ) চলতি মাসের টিউশন ফি (জরিমানা ছাড়া) ২২ই সেপ্টেম্বর, ২০২৪ মধ্যে পরিশোধ করুন। বিস্তারিত https://student.northsouth.edu.bd/ লগইন করুন। (North South)",['https://student.northsouth.edu.bd/'],1,1,34,34,0,3,0,3,1,0,0,0,"প্রিয় শিক্ষার্থী, আপনার টিউশন ফি আজ পর্যন্ত ২৭,৯৫০.০০ টাকা বকেয়া আছে। (পূর্বের লেট ফাইন ও বকেয়াসহ) চলতি মাসের টিউশন ফি (জরিমানা ছাড়া) ২২ই সেপ্টেম্বর, ২০২৪ মধ্যে পরিশোধ করুন। বিস্তারিত  [URL]  লগইন করুন। (North South)",220,1,34,34,0,3,0,3,1,0,0,0,1,34,34,0,3,0,3,1,0,0,0
promo,Banglalink গ্রাহকদের জন্য ২ জিবি মাত্র ২৯ টাকা। অফার সীমিত সময়ের জন্য।,Bengali,0,1,Banglalink গ্রাহকদের জন্য ২ জিবি মাত্র ২৯ টাকা। অফার সীমিত সময়ের জন্য।,Banglalink গ্রাহকদের জন্য ২ জিবি মাত্র ২৯ টাকা। অফার সীমিত সময়ের জন্য।,[],0,0,0,0,0,0,0,0,0,0,0,0,Banglalink গ্রাহকদের জন্য ২ জিবি মাত্র ২৯ টাকা। অফার সীমিত সময়ের জন্য।,71,0,0,0,0,0,0,0,0,0,0,0,0,0,0,0,0,0,0,0,0,0,0
smish,নগদ অ্যাকাউন্টে ত্রুটি দেখা দিয়েছে। কল করুন: +8801812122234,Bengali,0,2,নগদ অ্যাকাউন্টে ত্রুটি দেখা দিয়েছে। কল করুন: +8801812122234,নগদ অ্যাকাউন্টে ত্রুটি দেখা দিয়েছে। কল করুন: +8801812122234,[],0,0,0,0,0,0,0,0,0,0,0,0,নগদ অ্যাকাউন্টে ত্রুটি দেখা দিয়েছে। কল করুন: +8801812122234,60,0,0,0,0,0,0,0,0,0,0,0,0,0,0,0,0,0,0,0,0,0,0
smish,ইমার্জেন্সি: আপনার DBBL মোবাইল ব্যাংকিং একাউন্ট সাসপেন্ড। PIN রিসেট করুন: bit.ly/reset-pin,Bengali,1,2,ইমার্জেন্সি: আপনার DBBL মোবাইল ব্যাংকিং একাউন্ট সাসপেন্ড। PIN রিসেট করুন: bit.ly/reset-pin,ইমার্জেন্সি: আপনার DBBL মোবাইল ব্যাংকিং একাউন্ট সাসপেন্ড। PIN রিসেট করুন: bit.ly/reset-pin,['bit.ly/reset-pin'],1,1,16,16,0,1,1,1,0,0,0,1,ইমার্জেন্সি: আপনার DBBL মোবাইল ব্যাংকিং একাউন্ট সাসপেন্ড। PIN রিসেট করুন:  [URL] ,81,1,16,16,0,1,1,1,0,0,0,1,1,16,16,0,1,1,1,0,0,0,1
smish,বাংলাদেশ ব্যাংক থেকে জরুরি বার্তা। কল করুন: +8801911011023,Bengali,0,2,বাংলাদেশ ব্যাংক থেকে জরুরি বার্তা। কল করুন: +8801911011023,বাংলাদেশ ব্যাংক থেকে জরুরি বার্তা। কল করুন: +8801911011023,[],0,0,0,0,0,0,0,0,0,0,0,0,বাংলাদেশ ব্যাংক থেকে জরুরি বার্তা। কল করুন: +8801911011023,58,0,0,0,0,0,0,0,0,0,0,0,0,0,0,0,0,0,0,0,0,0,0
normal,বৃষ্টি না থাকলে খুব গরম হয়।,Bengali,0,0,বৃষ্টি না থাকলে খুব গরম হয়।,বৃষ্টি না থাকলে খুব গরম হয়।,[],0,0,0,0,0,0,0,0,0,0,0,0,বৃষ্টি না থাকলে খুব গরম হয়।,28,0,0,0,0,0,0,0,0,0,0,0,0,0,0,0,0,0,0,0,0,0,0
normal,"চাচা, আজ ইফতারে আমাদের বাসায় আসবেন। আম্মু খুশি হবেন।",Bengali,0,0,"চাচা, আজ ইফতারে আমাদের বাসায় আসবেন। আম্মু খুশি হবেন।","চাচা, আজ ইফতারে আমাদের বাসায় আসবেন। আম্মু খুশি হবেন।",[],0,0,0,0,0,0,0,0,0,0,0,0,"চাচা, আজ ইফতারে আমাদের বাসায় আসবেন। আম্মু খুশি হবেন।",53,0,0,0,0,0,0,0,0,0,0,0,0,0,0,0,0,0,0,0,0,0,0
normal,"হ্যাঁ, আমাদের সময় লাগছিল",Bengali,0,0,"হ্যাঁ, আমাদের সময় লাগছিল","হ্যাঁ, আমাদের সময় লাগছিল",[],0,0,0,0,0,0,0,0,0,0,0,0,"হ্যাঁ, আমাদের সময় লাগছিল",25,0,0,0,0,0,0,0,0,0,0,0,0,0,0,0,0,0,0,0,0,0,0
normal,আমি আমার জীবনের প্রধান আমাদের সঙ্গে সময় কাটাতে চাই।,Bengali,0,0,আমি আমার জীবনের প্রধান আমাদের সঙ্গে সময় কাটাতে চাই।,আমি আমার জীবনের প্রধান আমাদের সঙ্গে সময় কাটাতে চাই।,[],0,0,0,0,0,0,0,0,0,0,0,0,আমি আমার জীবনের প্রধান আমাদের সঙ্গে সময় কাটাতে চাই।,52,0,0,0,0,0,0,0,0,0,0,0,0,0,0,0,0,0,0,0,0,0,0
normal,আজকে কি পড়ছো?,Bengali,0,0,আজকে কি পড়ছো?,আজকে কি পড়ছো?,[],0,0,0,0,0,0,0,0,0,0,0,0,আজকে কি পড়ছো?,14,0,0,0,0,0,0,0,0,0,0,0,0,0,0,0,0,0,0,0,0,0,0
promo,"১৮০৳ ক্যাশব্যাকে সেরা অফার ৬১জিবি+১০০০মি@৳৭১৯, ৩০দিন: cutt.ly/wwE5YMXC",Bengali,1,1,"১৮০৳ ক্যাশব্যাকে সেরা অফার ৬১জিবি+১০০০মি@৳৭১৯, ৩০দিন: cutt.ly/wwE5YMXC","১৮০৳ ক্যাশব্যাকে সেরা অফার ৬১জিবি+১০০০মি@৳৭১৯, ৩০দিন: cutt.ly/wwE5YMXC",['cutt.ly/wwE5YMXC'],1,1,16,16,1,1,0,1,0,0,0,1,"১৮০৳ ক্যাশব্যাকে সেরা অফার ৬১জিবি+১০০০মি@৳৭১৯, ৩০দিন:  [URL] ",61,1,16,16,1,1,0,1,0,0,0,1,1,16,16,1,1,0,1,0,0,0,1
normal,"তুমি পারবে, শুধু লেগে থাকো।",Bengali,0,0,"তুমি পারবে, শুধু লেগে থাকো।","তুমি পারবে, শুধু লেগে থাকো।",[],0,0,0,0,0,0,0,0,0,0,0,0,"তুমি পারবে, শুধু লেগে থাকো।",27,0,0,0,0,0,0,0,0,0,0,0,0,0,0,0,0,0,0,0,0,0,0
normal,আজকে অফিসে এত কাজ ছিল যে দুপুরে খাওয়ার সময়ই পাইনি। সারাদিন রিপোর্ট বানাতে গিয়ে মাথা ঘুরে যাচ্ছিলো। কালকে একটু আগে থেকেই কাজ শেষ করার চেষ্টা করবো।,Bengali,0,0,আজকে অফিসে এত কাজ ছিল যে দুপুরে খাওয়ার সময়ই পাইনি। সারাদিন রিপোর্ট বানাতে গিয়ে মাথা ঘুরে যাচ্ছিলো। কালকে একটু আগে থেকেই কাজ শেষ করার চেষ্টা করবো।,আজকে অফিসে এত কাজ ছিল যে দুপুরে খাওয়ার সময়ই পাইনি। সারাদিন রিপোর্ট বানাতে গিয়ে মাথা ঘুরে যাচ্ছিলো। কালকে একটু আগে থেকেই কাজ শেষ করার চেষ্টা করবো।,[],0,0,0,0,0,0,0,0,0,0,0,0,আজকে অফিসে এত কাজ ছিল যে দুপুরে খাওয়ার সময়ই পাইনি। সারাদিন রিপোর্ট বানাতে গিয়ে মাথা ঘুরে যাচ্ছিলো। কালকে একটু আগে থেকেই কাজ শেষ করার চেষ্টা করবো।,148,0,0,0,0,0,0,0,0,0,0,0,0,0,0,0,0,0,0,0,0,0,0
normal,"হাই, কেমন কাটছে দিনটি?",Bengali,0,0,"হাই, কেমন কাটছে দিনটি?","হাই, কেমন কাটছে দিনটি?",[],0,0,0,0,0,0,0,0,0,0,0,0,"হাই, কেমন কাটছে দিনটি?",22,0,0,0,0,0,0,0,0,0,0,0,0,0,0,0,0,0,0,0,0,0,0
promo,"৳৩৫ ক্যাশব্যাকে এবার আরো বেশি ডাটা ৫০জিবি@৳৪৬৩, ৩০দিন cutt.ly/HwOETkke",Bengali,1,1,"৳৩৫ ক্যাশব্যাকে এবার আরো বেশি ডাটা ৫০জিবি@৳৪৬৩, ৩০দিন cutt.ly/HwOETkke","৳৩৫ ক্যাশব্যাকে এবার আরো বেশি ডাটা ৫০জিবি@৳৪৬৩, ৩০দিন cutt.ly/HwOETkke",['cutt.ly/HwOETkke'],1,1,16,16,0,1,0,1,0,0,0,1,"৳৩৫ ক্যাশব্যাকে এবার আরো বেশি ডাটা ৫০জিবি@৳৪৬৩, ৩০দিন  [URL] ",61,1,16,16,0,1,0,1,0,0,0,1,1,16,16,0,1,0,1,0,0,0,1
smish,"https://t.me/Perfect_Money_Wallet_Pro_bot?start=r03883431946
দিনে ২০০-৩০০ টাকা ইনকাম করা খুবই সহজ",Bengali,1,2,"https://t.me/Perfect_Money_Wallet_Pro_bot?start=r03883431946
দিনে ২০০-৩০০ টাকা ইনকাম করা খুবই সহজ",https://t.me/Perfect_Money_Wallet_Pro_bot?start=r03883431946 দিনে ২০০-৩০০ টাকা ইনকাম করা খুবই সহজ,['https://t.me/Perfect_Money_Wallet_Pro_bot?start=r03883431946'],1,1,60,60,11,1,0,3,1,0,0,0, [URL]  দিনে ২০০-৩০০ টাকা ইনকাম করা খুবই সহজ,44,1,60,60,11,1,0,3,1,0,0,0,1,60,60,11,1,0,3,1,0,0,0
smish,গ্রামীণফোন অ্যাপ লগইন ব্যর্থ হয়েছে। এখনই gp-appreset.net এ লগইন করে আপনার পাসওয়ার্ড রিসেট করুন। অন্যথায় ২৪ ঘণ্টার মধ্যে অ্যাকাউন্ট সাসপেন্ড হবে।,Bengali,1,2,গ্রামীণফোন অ্যাপ লগইন ব্যর্থ হয়েছে। এখনই gp-appreset.net এ লগইন করে আপনার পাসওয়ার্ড রিসেট করুন। অন্যথায় ২৪ ঘণ্টার মধ্যে অ্যাকাউন্ট সাসপেন্ড হবে।,গ্রামীণফোন অ্যাপ লগইন ব্যর্থ হয়েছে। এখনই gp-appreset.net এ লগইন করে আপনার পাসওয়ার্ড রিসেট করুন। অন্যথায় ২৪ ঘণ্টার মধ্যে অ্যাকাউন্ট সাসপেন্ড হবে।,['gp-appreset.net'],1,1,15,15,0,1,1,0,0,0,0,0,গ্রামীণফোন অ্যাপ লগইন ব্যর্থ হয়েছে। এখনই  [URL]  এ লগইন করে আপনার পাসওয়ার্ড রিসেট করুন। অন্যথায় ২৪ ঘণ্টার মধ্যে অ্যাকাউন্ট সাসপেন্ড হবে।,139,1,15,15,0,1,1,0,0,0,0,0,1,15,15,0,1,1,0,0,0,0,0
smish,ফুটবলে বাজি ধরুন এবং একটি বিলাসবহুল গাড়ি জিতুন! শুরু করুন: xini.eu/00Qe,Bengali,1,2,ফুটবলে বাজি ধরুন এবং একটি বিলাসবহুল গাড়ি জিতুন! শুরু করুন: xini.eu/00Qe,ফুটবলে বাজি ধরুন এবং একটি বিলাসবহুল গাড়ি জিতুন! শুরু করুন: xini.eu/00Qe,['xini.eu/00Qe'],1,1,12,12,2,1,0,1,0,0,0,0,ফুটবলে বাজি ধরুন এবং একটি বিলাসবহুল গাড়ি জিতুন! শুরু করুন:  [URL] ,67,1,12,12,2,1,0,1,0,0,0,0,1,12,12,2,1,0,1,0,0,0,0
smish,আপনার ব্যাংক অ্যাকাউন্টে ১০ কোটি টাকা জমা হয়েছে! নিশ্চিত করতে কল করুন: +8801913233245,Bengali,0,2,আপনার ব্যাংক অ্যাকাউন্টে ১০ কোটি টাকা জমা হয়েছে! নিশ্চিত করতে কল করুন: +8801913233245,আপনার ব্যাংক অ্যাকাউন্টে ১০ কোটি টাকা জমা হয়েছে! নিশ্চিত করতে কল করুন: +8801913233245,[],0,0,0,0,0,0,0,0,0,0,0,0,আপনার ব্যাংক অ্যাকাউন্টে ১০ কোটি টাকা জমা হয়েছে! নিশ্চিত করতে কল করুন: +8801913233245,86,0,0,0,0,0,0,0,0,0,0,0,0,0,0,0,0,0,0,0,0,0,0
normal,"আম্মু, আমি বাসে উঠেছি। রাত ১০টার মধ্যে পৌঁছাবো।",Bengali,0,0,"আম্মু, আমি বাসে উঠেছি। রাত ১০টার মধ্যে পৌঁছাবো।","আম্মু, আমি বাসে উঠেছি। রাত ১০টার মধ্যে পৌঁছাবো।",[],0,0,0,0,0,0,0,0,0,0,0,0,"আম্মু, আমি বাসে উঠেছি। রাত ১০টার মধ্যে পৌঁছাবো।",47,0,0,0,0,0,0,0,0,0,0,0,0,0,0,0,0,0,0,0,0,0,0
smish,সর্তকতা! আপনার চাকরির সার্টিফিকেট ভেরিফাই করুন: verify-job.ml,Bengali,1,2,সর্তকতা! আপনার চাকরির সার্টিফিকেট ভেরিফাই করুন: verify-job.ml,সর্তকতা! আপনার চাকরির সার্টিফিকেট ভেরিফাই করুন: verify-job.ml,['verify-job.ml'],1,1,13,13,0,1,1,0,0,0,0,0,সর্তকতা! আপনার চাকরির সার্টিফিকেট ভেরিফাই করুন:  [URL] ,55,1,13,13,0,1,1,0,0,0,0,0,1,13,13,0,1,1,0,0,0,0,0
promo,"দৃষ্টিনন্দন স্থাপত্যকলায় অনন্য, ডায়মন্ড ওয়ার্ল্ডের ""দ্য সিগনেচার"" শোরুমের উদ্বোধন হচ্ছে আজ বিকেল ৪টায়। আপনার সপরিবারে উপস্থিতি ও দোয়া আমাদের একান্ত কাম্য। প্রয়োজনে: ০১৭১৩১৯৯২৭০",Bengali,0,1,"দৃষ্টিনন্দন স্থাপত্যকলায় অনন্য, ডায়মন্ড ওয়ার্ল্ডের ""দ্য সিগনেচার"" শোরুমের উদ্বোধন হচ্ছে আজ বিকেল ৪টায়। আপনার সপরিবারে উপস্থিতি ও দোয়া আমাদের একান্ত কাম্য। প্রয়োজনে: ০১৭১৩১৯৯২৭০","দৃষ্টিনন্দন স্থাপত্যকলায় অনন্য, ডায়মন্ড ওয়ার্ল্ডের ""দ্য সিগনেচার"" শোরুমের উদ্বোধন হচ্ছে আজ বিকেল ৪টায়। আপনার সপরিবারে উপস্থিতি ও দোয়া আমাদের একান্ত কাম্য। প্রয়োজনে: ০১৭১৩১৯৯২৭০",[],0,0,0,0,0,0,0,0,0,0,0,0,"দৃষ্টিনন্দন স্থাপত্যকলায় অনন্য, ডায়মন্ড ওয়ার্ল্ডের ""দ্য সিগনেচার"" শোরুমের উদ্বোধন হচ্ছে আজ বিকেল ৪টায়। আপনার সপরিবারে উপস্থিতি ও দোয়া আমাদের একান্ত কাম্য। প্রয়োজনে: ০১৭১৩১৯৯২৭০",182,0,0,0,0,0,0,0,0,0,0,0,0,0,0,0,0,0,0,0,0,0,0
smish,"বাড়িতে বসে অনলাইনে কেউ ইনকাম করতে চাইলে আমাকে ইনবক্স করুন।
প্রতিদিন ২০০ থেকে ৫০০ টাকা।",Bengali,0,2,"বাড়িতে বসে অনলাইনে কেউ ইনকাম করতে চাইলে আমাকে ইনবক্স করুন।
প্রতিদিন ২০০ থেকে ৫০০ টাকা।",বাড়িতে বসে অনলাইনে কেউ ইনকাম করতে চাইলে আমাকে ইনবক্স করুন। প্রতিদিন ২০০ থেকে ৫০০ টাকা।,[],0,0,0,0,0,0,0,0,0,0,0,0,বাড়িতে বসে অনলাইনে কেউ ইনকাম করতে চাইলে আমাকে ইনবক্স করুন। প্রতিদিন ২০০ থেকে ৫০০ টাকা।,87,0,0,0,0,0,0,0,0,0,0,0,0,0,0,0,0,0,0,0,0,0,0
smish,জরুরি সতর্কতা! আপনার ইউটিলিটি বিল অপরিশোধিত। কানেকশন বিচ্ছিন্ন হবে: pay-utility.ml,Bengali,1,2,জরুরি সতর্কতা! আপনার ইউটিলিটি বিল অপরিশোধিত। কানেকশন বিচ্ছিন্ন হবে: pay-utility.ml,জরুরি সতর্কতা! আপনার ইউটিলিটি বিল অপরিশোধিত। কানেকশন বিচ্ছিন্ন হবে: pay-utility.ml,['pay-utility.ml'],1,1,14,14,0,1,1,0,0,0,0,0,জরুরি সতর্কতা! আপনার ইউটিলিটি বিল অপরিশোধিত। কানেকশন বিচ্ছিন্ন হবে:  [URL] ,75,1,14,14,0,1,1,0,0,0,0,0,1,14,14,0,1,1,0,0,0,0,0
promo,Pathao Food থেকে অর্ডার করলে কোড FOOD30 ব্যবহার করে ৩০% ছাড় পান। অফার আজ পর্যন্ত।,Bengali,0,1,Pathao Food থেকে অর্ডার করলে কোড FOOD30 ব্যবহার করে ৩০% ছাড় পান। অফার আজ পর্যন্ত।,Pathao Food থেকে অর্ডার করলে কোড FOOD30 ব্যবহার করে ৩০% ছাড় পান। অফার আজ পর্যন্ত।,[],0,0,0,0,0,0,0,0,0,0,0,0,Pathao Food থেকে অর্ডার করলে কোড FOOD30 ব্যবহার করে ৩০% ছাড় পান। অফার আজ পর্যন্ত।,82,0,0,0,0,0,0,0,0,0,0,0,0,0,0,0,0,0,0,0,0,0,0
smish,bKash অ্যাকাউন্টে ত্রুটি দেখা দিয়েছে। দ্রুত সমাধানের জন্য এখানে ক্লিক করুন: https://wa.me/8801715566778,Bengali,1,2,bKash অ্যাকাউন্টে ত্রুটি দেখা দিয়েছে। দ্রুত সমাধানের জন্য এখানে ক্লিক করুন: https://wa.me/8801715566778,bKash অ্যাকাউন্টে ত্রুটি দেখা দিয়েছে। দ্রুত সমাধানের জন্য এখানে ক্লিক করুন: https://wa.me/8801715566778,['https://wa.me/8801715566778'],1,1,27,27,13,1,0,3,1,0,0,0,bKash অ্যাকাউন্টে ত্রুটি দেখা দিয়েছে। দ্রুত সমাধানের জন্য এখানে ক্লিক করুন:  [URL] ,84,1,27,27,13,1,0,3,1,0,0,0,1,27,27,13,1,0,3,1,0,0,0
smish,"সোনালী ব্যাংক থেকে বার্তা: আপনার অ্যাকাউন্টে ১,০০,০০০ টাকার লেনদেন চেষ্টা ব্যর্থ হয়েছে। নিরাপত্তার জন্য এখনই sonali-secure24.com এ গিয়ে আপনার পাসওয়ার্ড আপডেট করুন। দেরি করবেন না।",Bengali,1,2,"সোনালী ব্যাংক থেকে বার্তা: আপনার অ্যাকাউন্টে ১,০০,০০০ টাকার লেনদেন চেষ্টা ব্যর্থ হয়েছে। নিরাপত্তার জন্য এখনই sonali-secure24.com এ গিয়ে আপনার পাসওয়ার্ড আপডেট করুন। দেরি করবেন না।","সোনালী ব্যাংক থেকে বার্তা: আপনার অ্যাকাউন্টে ১,০০,০০০ টাকার লেনদেন চেষ্টা ব্যর্থ হয়েছে। নিরাপত্তার জন্য এখনই sonali-secure24.com এ গিয়ে আপনার পাসওয়ার্ড আপডেট করুন। দেরি করবেন না।",['sonali-secure24.com'],1,1,19,19,2,1,1,0,0,0,0,0,"সোনালী ব্যাংক থেকে বার্তা: আপনার অ্যাকাউন্টে ১,০০,০০০ টাকার লেনদেন চেষ্টা ব্যর্থ হয়েছে। নিরাপত্তার জন্য এখনই  [URL]  এ গিয়ে আপনার পাসওয়ার্ড আপডেট করুন। দেরি করবেন না।",169,1,19,19,2,1,1,0,0,0,0,0,1,19,19,2,1,1,0,0,0,0,0
promo,টেলিটকে নতুন অফার! ৭দিনে ২জিবি ডেটা মাত্র ৪৯ টাকা। *১১৪*৬# ডায়াল করুন।,Bengali,0,1,টেলিটকে নতুন অফার! ৭দিনে ২জিবি ডেটা মাত্র ৪৯ টাকা। *১১৪*৬# ডায়াল করুন।,টেলিটকে নতুন অফার! ৭দিনে ২জিবি ডেটা মাত্র ৪৯ টাকা। *১১৪*৬# ডায়াল করুন।,[],0,0,0,0,0,0,0,0,0,0,0,0,টেলিটকে নতুন অফার! ৭দিনে ২জিবি ডেটা মাত্র ৪৯ টাকা। *১১৪*৬# ডায়াল করুন।,71,0,0,0,0,0,0,0,0,0,0,0,0,0,0,0,0,0,0,0,0,0,0
promo,বিকাশ আ্যপ থেকে নাও তোমার পছন্দের স্কিটো প্যাকস এখনই: cutt.ly/Zwcqh6YQ,Bengali,1,1,বিকাশ আ্যপ থেকে নাও তোমার পছন্দের স্কিটো প্যাকস এখনই: cutt.ly/Zwcqh6YQ,বিকাশ আ্যপ থেকে নাও তোমার পছন্দের স্কিটো প্যাকস এখনই: cutt.ly/Zwcqh6YQ,['cutt.ly/Zwcqh6YQ'],1,1,16,16,1,1,0,1,0,0,0,1,বিকাশ আ্যপ থেকে নাও তোমার পছন্দের স্কিটো প্যাকস এখনই:  [URL] ,61,1,16,16,1,1,0,1,0,0,0,1,1,16,16,1,1,0,1,0,0,0,1
promo,"আজই শেষ দিন! ৪০জিবি(বোনাসসহ)৫০০টাকা ৩০দিন।ডায়াল *১২১*৫০৪৯#, mygp.li/mo",Bengali,1,1,"আজই শেষ দিন! ৪০জিবি(বোনাসসহ)৫০০টাকা ৩০দিন।ডায়াল *১২১*৫০৪৯#, mygp.li/mo","আজই শেষ দিন! ৪০জিবি(বোনাসসহ)৫০০টাকা ৩০দিন।ডায়াল *১২১*৫০৪৯#, mygp.li/mo",['mygp.li/mo'],1,1,10,10,0,1,0,1,0,0,0,0,"আজই শেষ দিন! ৪০জিবি(বোনাসসহ)৫০০টাকা ৩০দিন।ডায়াল *১২১*৫০৪৯#,  [URL] ",68,1,10,10,0,1,0,1,0,0,0,0,1,10,10,0,1,0,1,0,0,0,0
normal,"খালু, আপনার স্বাস্থ্য কেমন? নিয়মিত চেকআপ করাচ্ছেন তো?",Bengali,0,0,"খালু, আপনার স্বাস্থ্য কেমন? নিয়মিত চেকআপ করাচ্ছেন তো?","খালু, আপনার স্বাস্থ্য কেমন? নিয়মিত চেকআপ করাচ্ছেন তো?",[],0,0,0,0,0,0,0,0,0,0,0,0,"খালু, আপনার স্বাস্থ্য কেমন? নিয়মিত চেকআপ করাচ্ছেন তো?",54,0,0,0,0,0,0,0,0,0,0,0,0,0,0,0,0,0,0,0,0,0,0
normal,"০১৮২৭২৮৩৮৭৩ এই নাম্বারে কল করুন, জরুরি।",Bengali,0,0,"০১৮২৭২৮৩৮৭৩ এই নাম্বারে কল করুন, জরুরি।","০১৮২৭২৮৩৮৭৩ এই নাম্বারে কল করুন, জরুরি।",[],0,0,0,0,0,0,0,0,0,0,0,0,"০১৮২৭২৮৩৮৭৩ এই নাম্বারে কল করুন, জরুরি।",39,0,0,0,0,0,0,0,0,0,0,0,0,0,0,0,0,0,0,0,0,0,0
normal,আপনি কেমন আছেন?,Bengali,0,0,আপনি কেমন আছেন?,আপনি কেমন আছেন?,[],0,0,0,0,0,0,0,0,0,0,0,0,আপনি কেমন আছেন?,15,0,0,0,0,0,0,0,0,0,0,0,0,0,0,0,0,0,0,0,0,0,0
smish,আইপিএল স্পেশাল অফার! আজই বেটিং শুরু করুন এবং একটি ফ্রি স্মার্টফোন জিতুন: phlebolog.com.ua/libraries/joomla/results.php,Bengali,1,2,আইপিএল স্পেশাল অফার! আজই বেটিং শুরু করুন এবং একটি ফ্রি স্মার্টফোন জিতুন: phlebolog.com.ua/libraries/joomla/results.php,আইপিএল স্পেশাল অফার! আজই বেটিং শুরু করুন এবং একটি ফ্রি স্মার্টফোন জিতুন: phlebolog.com.ua/libraries/joomla/results.php,['phlebolog.com.ua/libraries/joomla/results.php'],1,1,45,45,0,3,0,3,0,0,0,0,আইপিএল স্পেশাল অফার! আজই বেটিং শুরু করুন এবং একটি ফ্রি স্মার্টফোন জিতুন:  [URL] ,80,1,45,45,0,3,0,3,0,0,0,0,1,45,45,0,3,0,3,0,0,0,0
smish,"ইউরোপীয় চ্যাম্পিয়নশিপে বাজি ধরুন এবং ৫,০০০ টাকা ক্যাশব্যাক জিতুন। শুরু করুন: super1000.info/docs",Bengali,1,2,"ইউরোপীয় চ্যাম্পিয়নশিপে বাজি ধরুন এবং ৫,০০০ টাকা ক্যাশব্যাক জিতুন। শুরু করুন: super1000.info/docs","ইউরোপীয় চ্যাম্পিয়নশিপে বাজি ধরুন এবং ৫,০০০ টাকা ক্যাশব্যাক জিতুন। শুরু করুন: super1000.info/docs",['super1000.info/docs'],1,1,19,19,4,1,0,1,0,0,0,0,"ইউরোপীয় চ্যাম্পিয়নশিপে বাজি ধরুন এবং ৫,০০০ টাকা ক্যাশব্যাক জিতুন। শুরু করুন:  [URL] ",86,1,19,19,4,1,0,1,0,0,0,0,1,19,19,4,1,0,1,0,0,0,0
normal,"ওহ, আমি সিরিজগুলো দেখতে শুরু করেছি, কিন্তু এখন খেলাধুলা আর ঘুরাঘুরি ছাড়া সময় পাচ্ছি না। মি. রোবট সিজন ২ শুরু করেছি, হ্যাকিং নিয়ে, বেশ রিয়েলিস্টিক। তবে কাজের মধ্যে বিরতি দেওয়া কঠিন।",Bengali,0,0,"ওহ, আমি সিরিজগুলো দেখতে শুরু করেছি, কিন্তু এখন খেলাধুলা আর ঘুরাঘুরি ছাড়া সময় পাচ্ছি না। মি. রোবট সিজন ২ শুরু করেছি, হ্যাকিং নিয়ে, বেশ রিয়েলিস্টিক। তবে কাজের মধ্যে বিরতি দেওয়া কঠিন।","ওহ, আমি সিরিজগুলো দেখতে শুরু করেছি, কিন্তু এখন খেলাধুলা আর ঘুরাঘুরি ছাড়া সময় পাচ্ছি না। মি. রোবট সিজন ২ শুরু করেছি, হ্যাকিং নিয়ে, বেশ রিয়েলিস্টিক। তবে কাজের মধ্যে বিরতি দেওয়া কঠিন।",[],0,0,0,0,0,0,0,0,0,0,0,0,"ওহ, আমি সিরিজগুলো দেখতে শুরু করেছি, কিন্তু এখন খেলাধুলা আর ঘুরাঘুরি ছাড়া সময় পাচ্ছি না। মি. রোবট সিজন ২ শুরু করেছি, হ্যাকিং নিয়ে, বেশ রিয়েলিস্টিক। তবে কাজের মধ্যে বিরতি দেওয়া কঠিন।",185,0,0,0,0,0,0,0,0,0,0,0,0,0,0,0,0,0,0,0,0,0,0
smish,আপনার একাউন্টের তথ্য আপডেট করতে কল করুন +8801712233445,Bengali,0,2,আপনার একাউন্টের তথ্য আপডেট করতে কল করুন +8801712233445,আপনার একাউন্টের তথ্য আপডেট করতে কল করুন +8801712233445,[],0,0,0,0,0,0,0,0,0,0,0,0,আপনার একাউন্টের তথ্য আপডেট করতে কল করুন +8801712233445,54,0,0,0,0,0,0,0,0,0,0,0,0,0,0,0,0,0,0,0,0,0,0
promo,"প্রো-লেভেল ইন্টারনেটিংয়ে পকেট সেভিং- ৩জিবি@৳৯৮,৭ দিন cutt.ly/9wEyjoLc",Bengali,1,1,"প্রো-লেভেল ইন্টারনেটিংয়ে পকেট সেভিং- ৩জিবি@৳৯৮,৭ দিন cutt.ly/9wEyjoLc","প্রো-লেভেল ইন্টারনেটিংয়ে পকেট সেভিং- ৩জিবি@৳৯৮,৭ দিন cutt.ly/9wEyjoLc",['cutt.ly/9wEyjoLc'],1,1,16,16,1,1,0,1,0,0,0,1,"প্রো-লেভেল ইন্টারনেটিংয়ে পকেট সেভিং- ৩জিবি@৳৯৮,৭ দিন  [URL] ",61,1,16,16,1,1,0,1,0,0,0,1,1,16,16,1,1,0,1,0,0,0,1
promo,Banglalink Music App সাবস্ক্রিপশন এখন মাত্র ১৫ টাকা প্রতি সপ্তাহে। সক্রিয় করতে *5000# ডায়াল করুন।,Bengali,0,1,Banglalink Music App সাবস্ক্রিপশন এখন মাত্র ১৫ টাকা প্রতি সপ্তাহে। সক্রিয় করতে *5000# ডায়াল করুন।,Banglalink Music App সাবস্ক্রিপশন এখন মাত্র ১৫ টাকা প্রতি সপ্তাহে। সক্রিয় করতে *5000# ডায়াল করুন।,[],0,0,0,0,0,0,0,0,0,0,0,0,Banglalink Music App সাবস্ক্রিপশন এখন মাত্র ১৫ টাকা প্রতি সপ্তাহে। সক্রিয় করতে *5000# ডায়াল করুন।,99,0,0,0,0,0,0,0,0,0,0,0,0,0,0,0,0,0,0,0,0,0,0
smish,"আজই ফুটবলে বাজি ধরুন এবং ৫,০০০ টাকা জিতুন! এখনই ক্লিক করুন: xini.eu/00Qe",Bengali,1,2,"আজই ফুটবলে বাজি ধরুন এবং ৫,০০০ টাকা জিতুন! এখনই ক্লিক করুন: xini.eu/00Qe","আজই ফুটবলে বাজি ধরুন এবং ৫,০০০ টাকা জিতুন! এখনই ক্লিক করুন: xini.eu/00Qe",['xini.eu/00Qe'],1,1,12,12,2,1,0,1,0,0,0,0,"আজই ফুটবলে বাজি ধরুন এবং ৫,০০০ টাকা জিতুন! এখনই ক্লিক করুন:  [URL] ",67,1,12,12,2,1,0,1,0,0,0,0,1,12,12,2,1,0,1,0,0,0,0
promo,দারাজ ১১.১১-তে নগদে ১৫% পর্যন্ত ক্যাশব্যাক + ফ্রি ডেলিভারি। https://click.daraz.com.bd/e/_CUeCuf শর্ত প্রযোজ্য,Bengali,1,1,দারাজ ১১.১১-তে নগদে ১৫% পর্যন্ত ক্যাশব্যাক + ফ্রি ডেলিভারি। https://click.daraz.com.bd/e/_CUeCuf শর্ত প্রযোজ্য,দারাজ ১১.১১-তে নগদে ১৫% পর্যন্ত ক্যাশব্যাক + ফ্রি ডেলিভারি। https://click.daraz.com.bd/e/_CUeCuf শর্ত প্রযোজ্য,['https://click.daraz.com.bd/e/_CUeCuf'],1,1,36,36,0,3,0,4,1,0,0,0,দারাজ ১১.১১-তে নগদে ১৫% পর্যন্ত ক্যাশব্যাক + ফ্রি ডেলিভারি।  [URL]  শর্ত প্রযোজ্য,81,1,36,36,0,3,0,4,1,0,0,0,1,36,36,0,3,0,4,1,0,0,0
promo,বাংলালিংক স্পেশাল: ২৪ ঘন্টা ইন্টারনেট মাত্র ৯ টাকা। *৫০০০# ডায়াল করুন।,Bengali,0,1,বাংলালিংক স্পেশাল: ২৪ ঘন্টা ইন্টারনেট মাত্র ৯ টাকা। *৫০০০# ডায়াল করুন।,বাংলালিংক স্পেশাল: ২৪ ঘন্টা ইন্টারনেট মাত্র ৯ টাকা। *৫০০০# ডায়াল করুন।,[],0,0,0,0,0,0,0,0,0,0,0,0,বাংলালিংক স্পেশাল: ২৪ ঘন্টা ইন্টারনেট মাত্র ৯ টাকা। *৫০০০# ডায়াল করুন।,71,0,0,0,0,0,0,0,0,0,0,0,0,0,0,0,0,0,0,0,0,0,0
smish,ক্যাসিনোতে বেট করুন এবং একটি ফ্রি হোটেল বুকিং জিতুন! আজই ক্লিক করুন: phlebolog.com.ua/libraries/joomla/results.php,Bengali,1,2,ক্যাসিনোতে বেট করুন এবং একটি ফ্রি হোটেল বুকিং জিতুন! আজই ক্লিক করুন: phlebolog.com.ua/libraries/joomla/results.php,ক্যাসিনোতে বেট করুন এবং একটি ফ্রি হোটেল বুকিং জিতুন! আজই ক্লিক করুন: phlebolog.com.ua/libraries/joomla/results.php,['phlebolog.com.ua/libraries/joomla/results.php'],1,1,45,45,0,3,0,3,0,0,0,0,ক্যাসিনোতে বেট করুন এবং একটি ফ্রি হোটেল বুকিং জিতুন! আজই ক্লিক করুন:  [URL] ,76,1,45,45,0,3,0,3,0,0,0,0,1,45,45,0,3,0,3,0,0,0,0
promo,ইলেকট্রনিক্স পণ্য কিনলেই ফ্রি শিপিং! অফার শেষ হওয়ার আগে কেনাকাটা করুন।,Bengali,0,1,ইলেকট্রনিক্স পণ্য কিনলেই ফ্রি শিপিং! অফার শেষ হওয়ার আগে কেনাকাটা করুন।,ইলেকট্রনিক্স পণ্য কিনলেই ফ্রি শিপিং! অফার শেষ হওয়ার আগে কেনাকাটা করুন।,[],0,0,0,0,0,0,0,0,0,0,0,0,ইলেকট্রনিক্স পণ্য কিনলেই ফ্রি শিপিং! অফার শেষ হওয়ার আগে কেনাকাটা করুন।,71,0,0,0,0,0,0,0,0,0,0,0,0,0,0,0,0,0,0,0,0,0,0
smish,"বেকার যুবক, যুবতী, গৃহিণী, রিটায়ার্ড ব্যক্তিদের জন্য ঘরে বসে অনলাইনে স্বল্প সময়ে প্রচুর টাকা উপার্জন করার সুবর্ণ সুযোগ",Bengali,0,2,"বেকার যুবক, যুবতী, গৃহিণী, রিটায়ার্ড ব্যক্তিদের জন্য ঘরে বসে অনলাইনে স্বল্প সময়ে প্রচুর টাকা উপার্জন করার সুবর্ণ সুযোগ","বেকার যুবক, যুবতী, গৃহিণী, রিটায়ার্ড ব্যক্তিদের জন্য ঘরে বসে অনলাইনে স্বল্প সময়ে প্রচুর টাকা উপার্জন করার সুবর্ণ সুযোগ",[],0,0,0,0,0,0,0,0,0,0,0,0,"বেকার যুবক, যুবতী, গৃহিণী, রিটায়ার্ড ব্যক্তিদের জন্য ঘরে বসে অনলাইনে স্বল্প সময়ে প্রচুর টাকা উপার্জন করার সুবর্ণ সুযোগ",120,0,0,0,0,0,0,0,0,0,0,0,0,0,0,0,0,0,0,0,0,0,0
smish,আপনার বিকাশ অ্যাকাউন্ট থেকে টাকা উত্তোলনের অনুরোধ এসেছে। যদি আপনি না করেন তবে সাথে সাথে cancel করুন: bkash-alerts.com।,Bengali,1,2,আপনার বিকাশ অ্যাকাউন্ট থেকে টাকা উত্তোলনের অনুরোধ এসেছে। যদি আপনি না করেন তবে সাথে সাথে cancel করুন: bkash-alerts.com।,আপনার বিকাশ অ্যাকাউন্ট থেকে টাকা উত্তোলনের অনুরোধ এসেছে। যদি আপনি না করেন তবে সাথে সাথে cancel করুন: bkash-alerts.com।,['bkash-alerts.com'],1,1,16,16,0,1,1,0,0,0,0,0,আপনার বিকাশ অ্যাকাউন্ট থেকে টাকা উত্তোলনের অনুরোধ এসেছে। যদি আপনি না করেন তবে সাথে সাথে cancel করুন:  [URL] ।,109,1,16,16,0,1,1,0,0,0,0,0,1,16,16,0,1,1,0,0,0,0,0
normal,"কি খবর, কেমন আছো?",Bengali,0,0,"কি খবর, কেমন আছো?","কি খবর, কেমন আছো?",[],0,0,0,0,0,0,0,0,0,0,0,0,"কি খবর, কেমন আছো?",17,0,0,0,0,0,0,0,0,0,0,0,0,0,0,0,0,0,0,0,0,0,0
normal,তুমি কি শহরে যাচ্ছো?,Bengali,0,0,তুমি কি শহরে যাচ্ছো?,তুমি কি শহরে যাচ্ছো?,[],0,0,0,0,0,0,0,0,0,0,0,0,তুমি কি শহরে যাচ্ছো?,20,0,0,0,0,0,0,0,0,0,0,0,0,0,0,0,0,0,0,0,0,0,0
smish,"ইংলিশ প্রিমিয়ার লিগে বাজি ধরুন এবং ৫০,০০০ টাকা জিতুন। শুরু করুন: phlebolog.com.ua/libraries/joomla/results.php",Bengali,1,2,"ইংলিশ প্রিমিয়ার লিগে বাজি ধরুন এবং ৫০,০০০ টাকা জিতুন। শুরু করুন: phlebolog.com.ua/libraries/joomla/results.php","ইংলিশ প্রিমিয়ার লিগে বাজি ধরুন এবং ৫০,০০০ টাকা জিতুন। শুরু করুন: phlebolog.com.ua/libraries/joomla/results.php",['phlebolog.com.ua/libraries/joomla/results.php'],1,1,45,45,0,3,0,3,0,0,0,0,"ইংলিশ প্রিমিয়ার লিগে বাজি ধরুন এবং ৫০,০০০ টাকা জিতুন। শুরু করুন:  [URL] ",73,1,45,45,0,3,0,3,0,0,0,0,1,45,45,0,3,0,3,0,0,0,0
smish,"আজই ক্যাসিনোতে বাজি ধরুন এবং ১০,০০০ টাকা জেতার সুযোগ পান! এখনই যোগ দিন: smilesvoegol.servebbs.org/voegol.php",Bengali,1,2,"আজই ক্যাসিনোতে বাজি ধরুন এবং ১০,০০০ টাকা জেতার সুযোগ পান! এখনই যোগ দিন: smilesvoegol.servebbs.org/voegol.php","আজই ক্যাসিনোতে বাজি ধরুন এবং ১০,০০০ টাকা জেতার সুযোগ পান! এখনই যোগ দিন: smilesvoegol.servebbs.org/voegol.php",['smilesvoegol.servebbs.org/voegol.php'],1,1,36,36,0,3,0,1,0,0,0,0,"আজই ক্যাসিনোতে বাজি ধরুন এবং ১০,০০০ টাকা জেতার সুযোগ পান! এখনই যোগ দিন:  [URL] ",79,1,36,36,0,3,0,1,0,0,0,0,1,36,36,0,3,0,1,0,0,0,0
normal,শুভ পয়লা বৈশাখ!,Bengali,0,0,শুভ পয়লা বৈশাখ!,শুভ পয়লা বৈশাখ!,[],0,0,0,0,0,0,0,0,0,0,0,0,শুভ পয়লা বৈশাখ!,16,0,0,0,0,0,0,0,0,0,0,0,0,0,0,0,0,0,0,0,0,0,0
smish,লাকি ড্র! আপনি Honda বাইক জিতেছেন। রেজিস্ট্রেশন: honda-bike.tk,Bengali,1,2,লাকি ড্র! আপনি Honda বাইক জিতেছেন। রেজিস্ট্রেশন: honda-bike.tk,লাকি ড্র! আপনি Honda বাইক জিতেছেন। রেজিস্ট্রেশন: honda-bike.tk,['honda-bike.tk'],1,1,13,13,0,1,1,0,0,0,0,0,লাকি ড্র! আপনি Honda বাইক জিতেছেন। রেজিস্ট্রেশন:  [URL] ,56,1,13,13,0,1,1,0,0,0,0,0,1,13,13,0,1,1,0,0,0,0,0
normal,বিকেলে কি করছো?,Bengali,0,0,বিকেলে কি করছো?,বিকেলে কি করছো?,[],0,0,0,0,0,0,0,0,0,0,0,0,বিকেলে কি করছো?,15,0,0,0,0,0,0,0,0,0,0,0,0,0,0,0,0,0,0,0,0,0,0
promo,আপনার ফেভারিট ব্র্যান্ডের উপর ৩০% পর্যন্ত ছাড়! অফার সীমিত সময়ের জন্য।,Bengali,0,1,আপনার ফেভারিট ব্র্যান্ডের উপর ৩০% পর্যন্ত ছাড়! অফার সীমিত সময়ের জন্য।,আপনার ফেভারিট ব্র্যান্ডের উপর ৩০% পর্যন্ত ছাড়! অফার সীমিত সময়ের জন্য।,[],0,0,0,0,0,0,0,0,0,0,0,0,আপনার ফেভারিট ব্র্যান্ডের উপর ৩০% পর্যন্ত ছাড়! অফার সীমিত সময়ের জন্য।,71,0,0,0,0,0,0,0,0,0,0,0,0,0,0,0,0,0,0,0,0,0,0
normal,আমরা শুক্রবার গ্রামের বাড়ি যাচ্ছি। মাছ ধরার প্ল্যান আছে। তুমি আসবে তো?,Bengali,0,0,আমরা শুক্রবার গ্রামের বাড়ি যাচ্ছি। মাছ ধরার প্ল্যান আছে। তুমি আসবে তো?,আমরা শুক্রবার গ্রামের বাড়ি যাচ্ছি। মাছ ধরার প্ল্যান আছে। তুমি আসবে তো?,[],0,0,0,0,0,0,0,0,0,0,0,0,আমরা শুক্রবার গ্রামের বাড়ি যাচ্ছি। মাছ ধরার প্ল্যান আছে। তুমি আসবে তো?,71,0,0,0,0,0,0,0,0,0,0,0,0,0,0,0,0,0,0,0,0,0,0
smish,আপনার কর রিটার্ন পেন্ডিং। জরিমানা এড়ান: file-return.tk,Bengali,1,2,আপনার কর রিটার্ন পেন্ডিং। জরিমানা এড়ান: file-return.tk,আপনার কর রিটার্ন পেন্ডিং। জরিমানা এড়ান: file-return.tk,['file-return.tk'],1,1,14,14,0,1,1,0,0,0,0,0,আপনার কর রিটার্ন পেন্ডিং। জরিমানা এড়ান:  [URL] ,48,1,14,14,0,1,1,0,0,0,0,0,1,14,14,0,1,1,0,0,0,0,0
normal,"ক্ষমতা হলো সূর্যের আলোর মতো, তাতে কেউ আলোকিত হয় আবার কেউ পুড়ে শেষ হয়ে যায়।",Bengali,0,0,"ক্ষমতা হলো সূর্যের আলোর মতো, তাতে কেউ আলোকিত হয় আবার কেউ পুড়ে শেষ হয়ে যায়।","ক্ষমতা হলো সূর্যের আলোর মতো, তাতে কেউ আলোকিত হয় আবার কেউ পুড়ে শেষ হয়ে যায়।",[],0,0,0,0,0,0,0,0,0,0,0,0,"ক্ষমতা হলো সূর্যের আলোর মতো, তাতে কেউ আলোকিত হয় আবার কেউ পুড়ে শেষ হয়ে যায়।",78,0,0,0,0,0,0,0,0,0,0,0,0,0,0,0,0,0,0,0,0,0,0
promo,অনলাইন শপিংয়ে ২৫% ক্যাশব্যাক! কোড: SHOP25. দেরি না করে এখনই শপিং করুন।,Bengali,0,1,অনলাইন শপিংয়ে ২৫% ক্যাশব্যাক! কোড: SHOP25. দেরি না করে এখনই শপিং করুন।,অনলাইন শপিংয়ে ২৫% ক্যাশব্যাক! কোড: SHOP25. দেরি না করে এখনই শপিং করুন।,[],0,0,0,0,0,0,0,0,0,0,0,0,অনলাইন শপিংয়ে ২৫% ক্যাশব্যাক! কোড: SHOP25. দেরি না করে এখনই শপিং করুন।,71,0,0,0,0,0,0,0,0,0,0,0,0,0,0,0,0,0,0,0,0,0,0
smish,আপনার অ্যাকাউন্ট সুরক্ষার জন্য এখানে লগইন করুন: [accountsecure.net/LoginBD],Bengali,1,2,আপনার অ্যাকাউন্ট সুরক্ষার জন্য এখানে লগইন করুন: [accountsecure.net/LoginBD],আপনার অ্যাকাউন্ট সুরক্ষার জন্য এখানে লগইন করুন: [accountsecure.net/LoginBD],['accountsecure.net/LoginBD'],1,1,25,25,0,1,0,1,0,0,0,0,আপনার অ্যাকাউন্ট সুরক্ষার জন্য এখানে লগইন করুন: [ [URL] ],57,1,25,25,0,1,0,1,0,0,0,0,1,25,25,0,1,0,1,0,0,0,0
normal,কি হচ্ছে সব আমাকে বল।,Bengali,0,0,কি হচ্ছে সব আমাকে বল।,কি হচ্ছে সব আমাকে বল।,[],0,0,0,0,0,0,0,0,0,0,0,0,কি হচ্ছে সব আমাকে বল।,21,0,0,0,0,0,0,0,0,0,0,0,0,0,0,0,0,0,0,0,0,0,0
smish,"প্রিয় গ্রাহক, আপনার সিটি ব্যাংক ক্রেডিট কার্ড আপডেট করা প্রয়োজন। দয়া করে আপনার তথ্য নিশ্চিত করতে 018XXXXXXXX নম্বরে কল করুন।",Bengali,0,2,"প্রিয় গ্রাহক, আপনার সিটি ব্যাংক ক্রেডিট কার্ড আপডেট করা প্রয়োজন। দয়া করে আপনার তথ্য নিশ্চিত করতে 018XXXXXXXX নম্বরে কল করুন।","প্রিয় গ্রাহক, আপনার সিটি ব্যাংক ক্রেডিট কার্ড আপডেট করা প্রয়োজন। দয়া করে আপনার তথ্য নিশ্চিত করতে 018XXXXXXXX নম্বরে কল করুন।",[],0,0,0,0,0,0,0,0,0,0,0,0,"প্রিয় গ্রাহক, আপনার সিটি ব্যাংক ক্রেডিট কার্ড আপডেট করা প্রয়োজন। দয়া করে আপনার তথ্য নিশ্চিত করতে 018XXXXXXXX নম্বরে কল করুন।",127,0,0,0,0,0,0,0,0,0,0,0,0,0,0,0,0,0,0,0,0,0,0
normal,তুমি কি একটা চা পাবে?,Bengali,0,0,তুমি কি একটা চা পাবে?,তুমি কি একটা চা পাবে?,[],0,0,0,0,0,0,0,0,0,0,0,0,তুমি কি একটা চা পাবে?,21,0,0,0,0,0,0,0,0,0,0,0,0,0,0,0,0,0,0,0,0,0,0
normal,"আমার একাউন্টে ৫০ হাজার টাকা আছে , এই ০১৭৩৮৮৩৮৮৪ নাম্বারে খোলা দেখো চ্যাক করে।",Bengali,0,0,"আমার একাউন্টে ৫০ হাজার টাকা আছে , এই ০১৭৩৮৮৩৮৮৪ নাম্বারে খোলা দেখো চ্যাক করে।","আমার একাউন্টে ৫০ হাজার টাকা আছে , এই ০১৭৩৮৮৩৮৮৪ নাম্বারে খোলা দেখো চ্যাক করে।",[],0,0,0,0,0,0,0,0,0,0,0,0,"আমার একাউন্টে ৫০ হাজার টাকা আছে , এই ০১৭৩৮৮৩৮৮৪ নাম্বারে খোলা দেখো চ্যাক করে।",77,0,0,0,0,0,0,0,0,0,0,0,0,0,0,0,0,0,0,0,0,0,0
normal,তুমি কি পাহাড়ে যাচ্ছো?,Bengali,0,0,তুমি কি পাহাড়ে যাচ্ছো?,তুমি কি পাহাড়ে যাচ্ছো?,[],0,0,0,0,0,0,0,0,0,0,0,0,তুমি কি পাহাড়ে যাচ্ছো?,23,0,0,0,0,0,0,0,0,0,0,0,0,0,0,0,0,0,0,0,0,0,0
promo,"ফাগুনের গুনগুন ডিল নাও- ১৩জিবি@১১৩৳, ৩দিন: cutt.ly/0wVxZ5vA",Bengali,1,1,"ফাগুনের গুনগুন ডিল নাও- ১৩জিবি@১১৩৳, ৩দিন: cutt.ly/0wVxZ5vA","ফাগুনের গুনগুন ডিল নাও- ১৩জিবি@১১৩৳, ৩দিন: cutt.ly/0wVxZ5vA",['cutt.ly/0wVxZ5vA'],1,1,16,16,2,1,0,1,0,0,0,1,"ফাগুনের গুনগুন ডিল নাও- ১৩জিবি@১১৩৳, ৩দিন:  [URL] ",50,1,16,16,2,1,0,1,0,0,0,1,1,16,16,2,1,0,1,0,0,0,1
normal,এই কষ্টটাও কেটে যাবে।,Bengali,0,0,এই কষ্টটাও কেটে যাবে।,এই কষ্টটাও কেটে যাবে।,[],0,0,0,0,0,0,0,0,0,0,0,0,এই কষ্টটাও কেটে যাবে।,21,0,0,0,0,0,0,0,0,0,0,0,0,0,0,0,0,0,0,0,0,0,0
smish,"প্রাপ্ত পরিমাণ 2.221 বিটকয়েন BTC ($18,421 USD) অনুগ্রহ করে লেনদেন নিশ্চিত করুন: http://bit.do/Coinbase432194-53242",Bengali,1,2,"প্রাপ্ত পরিমাণ 2.221 বিটকয়েন BTC ($18,421 USD) অনুগ্রহ করে লেনদেন নিশ্চিত করুন: http://bit.do/Coinbase432194-53242","প্রাপ্ত পরিমাণ 2.221 বিটকয়েন BTC ($18,421 USD) অনুগ্রহ করে লেনদেন নিশ্চিত করুন: http://bit.do/Coinbase432194-53242",['http://bit.do/Coinbase432194-53242'],1,1,34,34,11,1,1,3,0,0,0,0,"প্রাপ্ত পরিমাণ 2.221 বিটকয়েন BTC ($18,421 USD) অনুগ্রহ করে লেনদেন নিশ্চিত করুন:  [URL] ",88,1,34,34,11,1,1,3,0,0,0,0,1,34,34,11,1,1,3,0,0,0,0
smish,"Ads dekhe daily 200-300 tk income korte chaile join korun https://adswork-bd.com/register?ref=140639 
100% trusted site Free te kaj korte paben",Bengali,1,2,"Ads dekhe daily 200-300 tk income korte chaile join korun https://adswork-bd.com/register?ref=140639 
100% trusted site Free te kaj korte paben",Ads dekhe daily 200-300 tk income korte chaile join korun https://adswork-bd.com/register?ref=140639 100% trusted site Free te kaj korte paben,['https://adswork-bd.com/register?ref=140639'],1,1,42,42,6,1,1,3,1,0,0,0,Ads dekhe daily 200-300 tk income korte chaile join korun  [URL]  100% trusted site Free te kaj korte paben,107,1,42,42,6,1,1,3,1,0,0,0,1,42,42,6,1,1,3,1,0,0,0
normal,"প্রিয় বোন সুমি, তোমার পরীক্ষার ফলাফল নিয়ে আমি খুবই গর্বিত। এইচএসসিতে গোল্ডেন A+ পাওয়া সত্যিই একটা বড় ব্যাপার এবং আমি জানি তুমি কতটা কঠোর পরিশ্রম করেছো গত দুই বছর। এখন বিশ্ববিদ্যালয় ভর্তির প্রস্তুতি নেওয়ার সময় এসেছে। ঢাকা বিশ্ববিদ্যালয়ে ইংরেজি বিভাগে তোমার চান্স অনেক ভালো, তবে প্রস্তুতি নিতে হবে ভালোভাবে। আগামী সপ্তাহে ঢাকায় এলে তোমার জন্য কোচিং এর ব্যবস্থা করে দেবো।",Bengali,0,0,"প্রিয় বোন সুমি, তোমার পরীক্ষার ফলাফল নিয়ে আমি খুবই গর্বিত। এইচএসসিতে গোল্ডেন A+ পাওয়া সত্যিই একটা বড় ব্যাপার এবং আমি জানি তুমি কতটা কঠোর পরিশ্রম করেছো গত দুই বছর। এখন বিশ্ববিদ্যালয় ভর্তির প্রস্তুতি নেওয়ার সময় এসেছে। ঢাকা বিশ্ববিদ্যালয়ে ইংরেজি বিভাগে তোমার চান্স অনেক ভালো, তবে প্রস্তুতি নিতে হবে ভালোভাবে। আগামী সপ্তাহে ঢাকায় এলে তোমার জন্য কোচিং এর ব্যবস্থা করে দেবো।","প্রিয় বোন সুমি, তোমার পরীক্ষার ফলাফল নিয়ে আমি খুবই গর্বিত। এইচএসসিতে গোল্ডেন A+ পাওয়া সত্যিই একটা বড় ব্যাপার এবং আমি জানি তুমি কতটা কঠোর পরিশ্রম করেছো গত দুই বছর। এখন বিশ্ববিদ্যালয় ভর্তির প্রস্তুতি নেওয়ার সময় এসেছে। ঢাকা বিশ্ববিদ্যালয়ে ইংরেজি বিভাগে তোমার চান্স অনেক ভালো, তবে প্রস্তুতি নিতে হবে ভালোভাবে। আগামী সপ্তাহে ঢাকায় এলে তোমার জন্য কোচিং এর ব্যবস্থা করে দেবো।",[],0,0,0,0,0,0,0,0,0,0,0,0,"প্রিয় বোন সুমি, তোমার পরীক্ষার ফলাফল নিয়ে আমি খুবই গর্বিত। এইচএসসিতে গোল্ডেন A+ পাওয়া সত্যিই একটা বড় ব্যাপার এবং আমি জানি তুমি কতটা কঠোর পরিশ্রম করেছো গত দুই বছর। এখন বিশ্ববিদ্যালয় ভর্তির প্রস্তুতি নেওয়ার সময় এসেছে। ঢাকা বিশ্ববিদ্যালয়ে ইংরেজি বিভাগে তোমার চান্স অনেক ভালো, তবে প্রস্তুতি নিতে হবে ভালোভাবে। আগামী সপ্তাহে ঢাকায় এলে তোমার জন্য কোচিং এর ব্যবস্থা করে দেবো।",377,0,0,0,0,0,0,0,0,0,0,0,0,0,0,0,0,0,0,0,0,0,0
normal,সমুদ্রে ভ্রমণ করতে ভালো লাগে।,Bengali,0,0,সমুদ্রে ভ্রমণ করতে ভালো লাগে।,সমুদ্রে ভ্রমণ করতে ভালো লাগে।,[],0,0,0,0,0,0,0,0,0,0,0,0,সমুদ্রে ভ্রমণ করতে ভালো লাগে।,29,0,0,0,0,0,0,0,0,0,0,0,0,0,0,0,0,0,0,0,0,0,0
smish,বাংলাদেশ ব্যাংক অ্যাকাউন্ট আপডেট করতে কল করুন: +8801813344556,Bengali,0,2,বাংলাদেশ ব্যাংক অ্যাকাউন্ট আপডেট করতে কল করুন: +8801813344556,বাংলাদেশ ব্যাংক অ্যাকাউন্ট আপডেট করতে কল করুন: +8801813344556,[],0,0,0,0,0,0,0,0,0,0,0,0,বাংলাদেশ ব্যাংক অ্যাকাউন্ট আপডেট করতে কল করুন: +8801813344556,61,0,0,0,0,0,0,0,0,0,0,0,0,0,0,0,0,0,0,0,0,0,0
smish,"কাজ করতে চাইলে ইনবক্স
১০০ টাকা নিচে কোন প্রোডাক্ট সেল দিলে ২৫ টাকা কমিশন পাবেন ১০০ থেকে ১০০০ টাকার মধ্যে কোন প্রোডাক্ট সেল দিলে ৫০ টাকা আর ১০০০ টাকা  থেকে দুই হাজার টাকার মধ্যে দিল  ১০০ টাকা কমিশন পাবেন",Bengali,0,2,"কাজ করতে চাইলে ইনবক্স
১০০ টাকা নিচে কোন প্রোডাক্ট সেল দিলে ২৫ টাকা কমিশন পাবেন ১০০ থেকে ১০০০ টাকার মধ্যে কোন প্রোডাক্ট সেল দিলে ৫০ টাকা আর ১০০০ টাকা  থেকে দুই হাজার টাকার মধ্যে দিল  ১০০ টাকা কমিশন পাবেন",কাজ করতে চাইলে ইনবক্স ১০০ টাকা নিচে কোন প্রোডাক্ট সেল দিলে ২৫ টাকা কমিশন পাবেন ১০০ থেকে ১০০০ টাকার মধ্যে কোন প্রোডাক্ট সেল দিলে ৫০ টাকা আর ১০০০ টাকা থেকে দুই হাজার টাকার মধ্যে দিল ১০০ টাকা কমিশন পাবেন,[],0,0,0,0,0,0,0,0,0,0,0,0,কাজ করতে চাইলে ইনবক্স ১০০ টাকা নিচে কোন প্রোডাক্ট সেল দিলে ২৫ টাকা কমিশন পাবেন ১০০ থেকে ১০০০ টাকার মধ্যে কোন প্রোডাক্ট সেল দিলে ৫০ টাকা আর ১০০০ টাকা থেকে দুই হাজার টাকার মধ্যে দিল ১০০ টাকা কমিশন পাবেন,200,0,0,0,0,0,0,0,0,0,0,0,0,0,0,0,0,0,0,0,0,0,0
smish,একটি নতুন বাইক জেতার সুযোগ! আমাদের জরিপে অংশগ্রহণ করুন www.face3b00kurl.com-এ।,Bengali,1,2,একটি নতুন বাইক জেতার সুযোগ! আমাদের জরিপে অংশগ্রহণ করুন www.face3b00kurl.com-এ।,একটি নতুন বাইক জেতার সুযোগ! আমাদের জরিপে অংশগ্রহণ করুন www.face3b00kurl.com-এ।,"['www.', 'face3b00kurl.com']",2,2,20,16,3,2,0,0,0,0,0,0,একটি নতুন বাইক জেতার সুযোগ! আমাদের জরিপে অংশগ্রহণ করুন  [URL]  [URL] -এ।,72,2,20,16,3,2,0,0,0,0,0,0,2,20,16,3,2,0,0,0,0,0,0
normal,"আমি বইটি পড়তে শুরু করলাম, খুব মজার লাগছে।",Bengali,0,0,"আমি বইটি পড়তে শুরু করলাম, খুব মজার লাগছে।","আমি বইটি পড়তে শুরু করলাম, খুব মজার লাগছে।",[],0,0,0,0,0,0,0,0,0,0,0,0,"আমি বইটি পড়তে শুরু করলাম, খুব মজার লাগছে।",42,0,0,0,0,0,0,0,0,0,0,0,0,0,0,0,0,0,0,0,0,0,0
smish,ক্যাসিনোতে বাজি ধরুন এবং একটি ফ্রি আইফোন জিতুন! যোগ দিন: super1000.info/docs,Bengali,1,2,ক্যাসিনোতে বাজি ধরুন এবং একটি ফ্রি আইফোন জিতুন! যোগ দিন: super1000.info/docs,ক্যাসিনোতে বাজি ধরুন এবং একটি ফ্রি আইফোন জিতুন! যোগ দিন: super1000.info/docs,['super1000.info/docs'],1,1,19,19,4,1,0,1,0,0,0,0,ক্যাসিনোতে বাজি ধরুন এবং একটি ফ্রি আইফোন জিতুন! যোগ দিন:  [URL] ,64,1,19,19,4,1,0,1,0,0,0,0,1,19,19,4,1,0,1,0,0,0,0
smish,বাংলাদেশ ব্যাংক থেকে জরুরি বার্তা। কল করুন: +8801916566678,Bengali,0,2,বাংলাদেশ ব্যাংক থেকে জরুরি বার্তা। কল করুন: +8801916566678,বাংলাদেশ ব্যাংক থেকে জরুরি বার্তা। কল করুন: +8801916566678,[],0,0,0,0,0,0,0,0,0,0,0,0,বাংলাদেশ ব্যাংক থেকে জরুরি বার্তা। কল করুন: +8801916566678,58,0,0,0,0,0,0,0,0,0,0,0,0,0,0,0,0,0,0,0,0,0,0
normal,"দুনিয়া অর্জন নয়, দুনিয়া বিমুখীতাতেই রয়েছে দেহ ও মনের প্রশান্তি। - [উমার ইবনুল খাত্তাব (রা)]",Bengali,0,0,"দুনিয়া অর্জন নয়, দুনিয়া বিমুখীতাতেই রয়েছে দেহ ও মনের প্রশান্তি। - [উমার ইবনুল খাত্তাব (রা)]","দুনিয়া অর্জন নয়, দুনিয়া বিমুখীতাতেই রয়েছে দেহ ও মনের প্রশান্তি। - [উমার ইবনুল খাত্তাব (রা)]",[],0,0,0,0,0,0,0,0,0,0,0,0,"দুনিয়া অর্জন নয়, দুনিয়া বিমুখীতাতেই রয়েছে দেহ ও মনের প্রশান্তি। - [উমার ইবনুল খাত্তাব (রা)]",95,0,0,0,0,0,0,0,0,0,0,0,0,0,0,0,0,0,0,0,0,0,0
smish,মাশরাফির সাথে একান্ত সাক্ষাতের সুযোগ পেতে বিপিএলে বাজি ধরুন। যোগ দিন: ebayisapidlld.altervista.org/,Bengali,1,2,মাশরাফির সাথে একান্ত সাক্ষাতের সুযোগ পেতে বিপিএলে বাজি ধরুন। যোগ দিন: ebayisapidlld.altervista.org/,মাশরাফির সাথে একান্ত সাক্ষাতের সুযোগ পেতে বিপিএলে বাজি ধরুন। যোগ দিন: ebayisapidlld.altervista.org/,['ebayisapidlld.altervista.org/'],1,1,29,29,0,2,0,1,0,0,0,0,মাশরাফির সাথে একান্ত সাক্ষাতের সুযোগ পেতে বিপিএলে বাজি ধরুন। যোগ দিন:  [URL] ,77,1,29,29,0,2,0,1,0,0,0,0,1,29,29,0,2,0,1,0,0,0,0
smish,"প্রিয় গ্রাহক, আপনার ডাচ্-বাংলা ব্যাংক অ্যাকাউন্টে অস্বাভাবিক লেনদেন শনাক্ত হয়েছে। নিরাপত্তার কারণে অ্যাকাউন্ট ব্লক করা হয়েছে। এখনই www.dbbl-verification-bd.com এ লগইন করে আপনার কার্ড নম্বর ও OTP দিন, না হলে অ্যাকাউন্ট স্থায়ীভাবে বন্ধ হয়ে যাবে।",Bengali,1,2,"প্রিয় গ্রাহক, আপনার ডাচ্-বাংলা ব্যাংক অ্যাকাউন্টে অস্বাভাবিক লেনদেন শনাক্ত হয়েছে। নিরাপত্তার কারণে অ্যাকাউন্ট ব্লক করা হয়েছে। এখনই www.dbbl-verification-bd.com এ লগইন করে আপনার কার্ড নম্বর ও OTP দিন, না হলে অ্যাকাউন্ট স্থায়ীভাবে বন্ধ হয়ে যাবে।","প্রিয় গ্রাহক, আপনার ডাচ্-বাংলা ব্যাংক অ্যাকাউন্টে অস্বাভাবিক লেনদেন শনাক্ত হয়েছে। নিরাপত্তার কারণে অ্যাকাউন্ট ব্লক করা হয়েছে। এখনই www.dbbl-verification-bd.com এ লগইন করে আপনার কার্ড নম্বর ও OTP দিন, না হলে অ্যাকাউন্ট স্থায়ীভাবে বন্ধ হয়ে যাবে।","['www.', 'dbbl-verification-bd.com']",2,2,28,24,0,2,2,0,0,0,0,0,"প্রিয় গ্রাহক, আপনার ডাচ্-বাংলা ব্যাংক অ্যাকাউন্টে অস্বাভাবিক লেনদেন শনাক্ত হয়েছে। নিরাপত্তার কারণে অ্যাকাউন্ট ব্লক করা হয়েছে। এখনই  [URL]  [URL]  এ লগইন করে আপনার কার্ড নম্বর ও OTP দিন, না হলে অ্যাকাউন্ট স্থায়ীভাবে বন্ধ হয়ে যাবে।",234,2,28,24,0,2,2,0,0,0,0,0,2,28,24,0,2,2,0,0,0,0,0
promo,"“সর্বজনীন পেনশন স্কিমে নিবন্ধন করুন;
উন্নত ও কল্যাণ রাষ্ট্র গঠনে অবদান রাখুন”-জাতীয় পেনশন কর্তৃপক্ষ।",Bengali,0,1,"“সর্বজনীন পেনশন স্কিমে নিবন্ধন করুন;
উন্নত ও কল্যাণ রাষ্ট্র গঠনে অবদান রাখুন”-জাতীয় পেনশন কর্তৃপক্ষ।","""সর্বজনীন পেনশন স্কিমে নিবন্ধন করুন; উন্নত ও কল্যাণ রাষ্ট্র গঠনে অবদান রাখুন""-জাতীয় পেনশন কর্তৃপক্ষ।",[],0,0,0,0,0,0,0,0,0,0,0,0,"""সর্বজনীন পেনশন স্কিমে নিবন্ধন করুন; উন্নত ও কল্যাণ রাষ্ট্র গঠনে অবদান রাখুন""-জাতীয় পেনশন কর্তৃপক্ষ।",101,0,0,0,0,0,0,0,0,0,0,0,0,0,0,0,0,0,0,0,0,0,0
smish,আপনার রবি ইন্টারনেট সংযোগ ব্লক করা হবে। জরুরি রিচার্জ করতে এই লিঙ্ক ব্যবহার করুন: robitopup-care.online এবং কার্ড নম্বর প্রবেশ করান।,Bengali,1,2,আপনার রবি ইন্টারনেট সংযোগ ব্লক করা হবে। জরুরি রিচার্জ করতে এই লিঙ্ক ব্যবহার করুন: robitopup-care.online এবং কার্ড নম্বর প্রবেশ করান।,আপনার রবি ইন্টারনেট সংযোগ ব্লক করা হবে। জরুরি রিচার্জ করতে এই লিঙ্ক ব্যবহার করুন: robitopup-care.online এবং কার্ড নম্বর প্রবেশ করান।,['robitopup-care.online'],1,1,21,21,0,1,1,0,0,0,0,0,আপনার রবি ইন্টারনেট সংযোগ ব্লক করা হবে। জরুরি রিচার্জ করতে এই লিঙ্ক ব্যবহার করুন:  [URL]  এবং কার্ড নম্বর প্রবেশ করান।,118,1,21,21,0,1,1,0,0,0,0,0,1,21,21,0,1,1,0,0,0,0,0
normal,"তুমি অনেক শক্তিশালী, তুমি পারবে।",Bengali,0,0,"তুমি অনেক শক্তিশালী, তুমি পারবে।","তুমি অনেক শক্তিশালী, তুমি পারবে।",[],0,0,0,0,0,0,0,0,0,0,0,0,"তুমি অনেক শক্তিশালী, তুমি পারবে।",32,0,0,0,0,0,0,0,0,0,0,0,0,0,0,0,0,0,0,0,0,0,0
normal,"আজ বিকেলে শাহবাগে বইমেলায় গিয়েছিলাম। প্রচুর ভিড় ছিল কিন্তু বইয়ের কালেকশন অসাধারণ। আমি তিনটা উপন্যাস কিনেছি, চাইলে তোমাকে ধার দিতে পারি।",Bengali,0,0,"আজ বিকেলে শাহবাগে বইমেলায় গিয়েছিলাম। প্রচুর ভিড় ছিল কিন্তু বইয়ের কালেকশন অসাধারণ। আমি তিনটা উপন্যাস কিনেছি, চাইলে তোমাকে ধার দিতে পারি।","আজ বিকেলে শাহবাগে বইমেলায় গিয়েছিলাম। প্রচুর ভিড় ছিল কিন্তু বইয়ের কালেকশন অসাধারণ। আমি তিনটা উপন্যাস কিনেছি, চাইলে তোমাকে ধার দিতে পারি।",[],0,0,0,0,0,0,0,0,0,0,0,0,"আজ বিকেলে শাহবাগে বইমেলায় গিয়েছিলাম। প্রচুর ভিড় ছিল কিন্তু বইয়ের কালেকশন অসাধারণ। আমি তিনটা উপন্যাস কিনেছি, চাইলে তোমাকে ধার দিতে পারি।",139,0,0,0,0,0,0,0,0,0,0,0,0,0,0,0,0,0,0,0,0,0,0
smish,শাকিব আল হাসানের সাথে একান্ত সাক্ষাতের সুযোগ পেতে আজই আইপিএলে বাজি ধরুন। এখনই শুরু করুন: xini.eu/00Qe,Bengali,1,2,শাকিব আল হাসানের সাথে একান্ত সাক্ষাতের সুযোগ পেতে আজই আইপিএলে বাজি ধরুন। এখনই শুরু করুন: xini.eu/00Qe,শাকিব আল হাসানের সাথে একান্ত সাক্ষাতের সুযোগ পেতে আজই আইপিএলে বাজি ধরুন। এখনই শুরু করুন: xini.eu/00Qe,['xini.eu/00Qe'],1,1,12,12,2,1,0,1,0,0,0,0,শাকিব আল হাসানের সাথে একান্ত সাক্ষাতের সুযোগ পেতে আজই আইপিএলে বাজি ধরুন। এখনই শুরু করুন:  [URL] ,96,1,12,12,2,1,0,1,0,0,0,0,1,12,12,2,1,0,1,0,0,0,0
normal,"দাদা, আজ আবহাওয়া খুব খারাপ। বের হওয়ার দরকার নেই।",Bengali,0,0,"দাদা, আজ আবহাওয়া খুব খারাপ। বের হওয়ার দরকার নেই।","দাদা, আজ আবহাওয়া খুব খারাপ। বের হওয়ার দরকার নেই।",[],0,0,0,0,0,0,0,0,0,0,0,0,"দাদা, আজ আবহাওয়া খুব খারাপ। বের হওয়ার দরকার নেই।",50,0,0,0,0,0,0,0,0,0,0,0,0,0,0,0,0,0,0,0,0,0,0
smish,"ভিডিও বা কলে কথা বলতে চাইলে ক্লিক করুন
https://t.co/EbXRF7TAFA?fbclid=9hIT17itA7iWLnV5aHpMh2SKDK_FREE_TO_WATCH_MY_VIDEOS_ONLY_FOR_TODAY_AND_FREE_LIVE_CAM_DATING_PRIVATE_WITH_ME_PLEASE_JOIN_ME",Bengali,1,2,"ভিডিও বা কলে কথা বলতে চাইলে ক্লিক করুন
https://t.co/EbXRF7TAFA?fbclid=9hIT17itA7iWLnV5aHpMh2SKDK_FREE_TO_WATCH_MY_VIDEOS_ONLY_FOR_TODAY_AND_FREE_LIVE_CAM_DATING_PRIVATE_WITH_ME_PLEASE_JOIN_ME",ভিডিও বা কলে কথা বলতে চাইলে ক্লিক করুন https://t.co/EbXRF7TAFA?fbclid=9hIT17itA7iWLnV5aHpMh2SKDK_FREE_TO_WATCH_MY_VIDEOS_ONLY_FOR_TODAY_AND_FREE_LIVE_CAM_DATING_PRIVATE_WITH_ME_PLEASE_JOIN_ME,['https://t.co/EbXRF7TAFA?fbclid=9hIT17itA7iWLnV5aHpMh2SKDK_FREE_TO_WATCH_MY_VIDEOS_ONLY_FOR_TODAY_AND_FREE_LIVE_CAM_DATING_PRIVATE_WITH_ME_PLEASE_JOIN_ME'],1,1,152,152,7,1,0,3,1,0,0,1,ভিডিও বা কলে কথা বলতে চাইলে ক্লিক করুন  [URL] ,46,1,152,152,7,1,0,3,1,0,0,1,1,152,152,7,1,0,3,1,0,0,1
promo,"পূর্বাচল সংলগ্ন ভরাটকৃত রেডি প্লট, কাঠা সর্বনিম্ন ৪.৫লক্ষ
01894841736",Bengali,0,1,"পূর্বাচল সংলগ্ন ভরাটকৃত রেডি প্লট, কাঠা সর্বনিম্ন ৪.৫লক্ষ
01894841736","পূর্বাচল সংলগ্ন ভরাটকৃত রেডি প্লট, কাঠা সর্বনিম্ন ৪.৫লক্ষ 01894841736",[],0,0,0,0,0,0,0,0,0,0,0,0,"পূর্বাচল সংলগ্ন ভরাটকৃত রেডি প্লট, কাঠা সর্বনিম্ন ৪.৫লক্ষ 01894841736",69,0,0,0,0,0,0,0,0,0,0,0,0,0,0,0,0,0,0,0,0,0,0
smish,বিকাশ অ্যাপ হ্যাকের ঝুঁকিতে আছে। আপনার তথ্য রক্ষা করতে এখনই bkash-safelogin.org এ যান এবং পাসওয়ার্ড রিসেট করুন।,Bengali,1,2,বিকাশ অ্যাপ হ্যাকের ঝুঁকিতে আছে। আপনার তথ্য রক্ষা করতে এখনই bkash-safelogin.org এ যান এবং পাসওয়ার্ড রিসেট করুন।,বিকাশ অ্যাপ হ্যাকের ঝুঁকিতে আছে। আপনার তথ্য রক্ষা করতে এখনই bkash-safelogin.org এ যান এবং পাসওয়ার্ড রিসেট করুন।,['bkash-safelogin.org'],1,1,19,19,0,1,1,0,0,0,0,0,বিকাশ অ্যাপ হ্যাকের ঝুঁকিতে আছে। আপনার তথ্য রক্ষা করতে এখনই  [URL]  এ যান এবং পাসওয়ার্ড রিসেট করুন।,100,1,19,19,0,1,1,0,0,0,0,0,1,19,19,0,1,1,0,0,0,0,0
smish,"https://t.me/Referincomebd4536_bot?start=r09402022185
ঘরে বসে আয়,দিনে ৩০০থেকে ৪০০ টাকা ইনকাম করতে চাইলে
এই লিংকে ক্লিক করে startকরুন ধন্যবাদ ☺️☺️",Bengali,1,2,"https://t.me/Referincomebd4536_bot?start=r09402022185
ঘরে বসে আয়,দিনে ৩০০থেকে ৪০০ টাকা ইনকাম করতে চাইলে
এই লিংকে ক্লিক করে startকরুন ধন্যবাদ ☺️☺️","https://t.me/Referincomebd4536_bot?start=r09402022185 ঘরে বসে আয়,দিনে ৩০০থেকে ৪০০ টাকা ইনকাম করতে চাইলে এই লিংকে ক্লিক করে startকরুন ধন্যবাদ ☺️☺️",['https://t.me/Referincomebd4536_bot?start=r09402022185'],1,1,53,53,15,1,0,3,1,0,0,0," [URL]  ঘরে বসে আয়,দিনে ৩০০থেকে ৪০০ টাকা ইনকাম করতে চাইলে এই লিংকে ক্লিক করে startকরুন ধন্যবাদ ☺️☺️",100,1,53,53,15,1,0,3,1,0,0,0,1,53,53,15,1,0,3,1,0,0,0
normal,শুভ নববর্ষের অভিনন্দন!,Bengali,0,0,শুভ নববর্ষের অভিনন্দন!,শুভ নববর্ষের অভিনন্দন!,[],0,0,0,0,0,0,0,0,0,0,0,0,শুভ নববর্ষের অভিনন্দন!,22,0,0,0,0,0,0,0,0,0,0,0,0,0,0,0,0,0,0,0,0,0,0
normal,আপনার পাওনা টাকা জলদি পাঠান ০১৭২৮২৭২৯৩৮।,Bengali,0,0,আপনার পাওনা টাকা জলদি পাঠান ০১৭২৮২৭২৯৩৮।,আপনার পাওনা টাকা জলদি পাঠান ০১৭২৮২৭২৯৩৮।,[],0,0,0,0,0,0,0,0,0,0,0,0,আপনার পাওনা টাকা জলদি পাঠান ০১৭২৮২৭২৯৩৮।,40,0,0,0,0,0,0,0,0,0,0,0,0,0,0,0,0,0,0,0,0,0,0
normal,আজকে অফিসে ভীষণ ব্যস্ত ছিলাম। দুপুরে ঠিকমতো খেতেও পারিনি। তুমি কেমন আছো?,Bengali,0,0,আজকে অফিসে ভীষণ ব্যস্ত ছিলাম। দুপুরে ঠিকমতো খেতেও পারিনি। তুমি কেমন আছো?,আজকে অফিসে ভীষণ ব্যস্ত ছিলাম। দুপুরে ঠিকমতো খেতেও পারিনি। তুমি কেমন আছো?,[],0,0,0,0,0,0,0,0,0,0,0,0,আজকে অফিসে ভীষণ ব্যস্ত ছিলাম। দুপুরে ঠিকমতো খেতেও পারিনি। তুমি কেমন আছো?,72,0,0,0,0,0,0,0,0,0,0,0,0,0,0,0,0,0,0,0,0,0,0
normal,কাল বিকেলে শাহবাগে বইমেলা ঘুরতে যাবো। তুমি কি সাথে যেতে পারবে?,Bengali,0,0,কাল বিকেলে শাহবাগে বইমেলা ঘুরতে যাবো। তুমি কি সাথে যেতে পারবে?,কাল বিকেলে শাহবাগে বইমেলা ঘুরতে যাবো। তুমি কি সাথে যেতে পারবে?,[],0,0,0,0,0,0,0,0,0,0,0,0,কাল বিকেলে শাহবাগে বইমেলা ঘুরতে যাবো। তুমি কি সাথে যেতে পারবে?,62,0,0,0,0,0,0,0,0,0,0,0,0,0,0,0,0,0,0,0,0,0,0
normal,০১৮৭৩৮২৮১৭৪ এই নাম্বারে টাকা পাঠান।,Bengali,0,0,০১৮৭৩৮২৮১৭৪ এই নাম্বারে টাকা পাঠান।,০১৮৭৩৮২৮১৭৪ এই নাম্বারে টাকা পাঠান।,[],0,0,0,0,0,0,0,0,0,0,0,0,০১৮৭৩৮২৮১৭৪ এই নাম্বারে টাকা পাঠান।,35,0,0,0,0,0,0,0,0,0,0,0,0,0,0,0,0,0,0,0,0,0,0
normal,কি খবর তোমার দিন?,Bengali,0,0,কি খবর তোমার দিন?,কি খবর তোমার দিন?,[],0,0,0,0,0,0,0,0,0,0,0,0,কি খবর তোমার দিন?,17,0,0,0,0,0,0,0,0,0,0,0,0,0,0,0,0,0,0,0,0,0,0
normal,আজকে বন্ধুর সাথে নিউ মার্কেট ঘুরতে গিয়েছিলাম। অনেক বই আর জামা কিনলাম।,Bengali,0,0,আজকে বন্ধুর সাথে নিউ মার্কেট ঘুরতে গিয়েছিলাম। অনেক বই আর জামা কিনলাম।,আজকে বন্ধুর সাথে নিউ মার্কেট ঘুরতে গিয়েছিলাম। অনেক বই আর জামা কিনলাম।,[],0,0,0,0,0,0,0,0,0,0,0,0,আজকে বন্ধুর সাথে নিউ মার্কেট ঘুরতে গিয়েছিলাম। অনেক বই আর জামা কিনলাম।,70,0,0,0,0,0,0,0,0,0,0,0,0,0,0,0,0,0,0,0,0,0,0
smish,"বাংলাদেশ গ্যাস বিল বাকি রয়েছে ৫,৭০০ টাকা। অবিলম্বে gaspay-bd.net এ গিয়ে বিল পরিশোধ না করলে সেবা বন্ধ হবে।",Bengali,1,2,"বাংলাদেশ গ্যাস বিল বাকি রয়েছে ৫,৭০০ টাকা। অবিলম্বে gaspay-bd.net এ গিয়ে বিল পরিশোধ না করলে সেবা বন্ধ হবে।","বাংলাদেশ গ্যাস বিল বাকি রয়েছে ৫,৭০০ টাকা। অবিলম্বে gaspay-bd.net এ গিয়ে বিল পরিশোধ না করলে সেবা বন্ধ হবে।",['gaspay-bd.net'],1,1,13,13,0,1,1,0,0,0,0,0,"বাংলাদেশ গ্যাস বিল বাকি রয়েছে ৫,৭০০ টাকা। অবিলম্বে  [URL]  এ গিয়ে বিল পরিশোধ না করলে সেবা বন্ধ হবে।",101,1,13,13,0,1,1,0,0,0,0,0,1,13,13,0,1,1,0,0,0,0,0
normal,শুভ অসুস্থ্য দিনের শুভেচ্ছা!,Bengali,0,0,শুভ অসুস্থ্য দিনের শুভেচ্ছা!,শুভ অসুস্থ্য দিনের শুভেচ্ছা!,[],0,0,0,0,0,0,0,0,0,0,0,0,শুভ অসুস্থ্য দিনের শুভেচ্ছা!,28,0,0,0,0,0,0,0,0,0,0,0,0,0,0,0,0,0,0,0,0,0,0
normal,আমাদের কলেজে আগামী মাসে বার্ষিক অনুষ্ঠান হবে। সবাই প্রস্তুতি নিচ্ছে।,Bengali,0,0,আমাদের কলেজে আগামী মাসে বার্ষিক অনুষ্ঠান হবে। সবাই প্রস্তুতি নিচ্ছে।,আমাদের কলেজে আগামী মাসে বার্ষিক অনুষ্ঠান হবে। সবাই প্রস্তুতি নিচ্ছে।,[],0,0,0,0,0,0,0,0,0,0,0,0,আমাদের কলেজে আগামী মাসে বার্ষিক অনুষ্ঠান হবে। সবাই প্রস্তুতি নিচ্ছে।,68,0,0,0,0,0,0,0,0,0,0,0,0,0,0,0,0,0,0,0,0,0,0
normal,টাকাটা বিকাশে বা রকেটে দিবেন নাম্বার ০১৭২৯১৮২৮১৮১,Bengali,0,0,টাকাটা বিকাশে বা রকেটে দিবেন নাম্বার ০১৭২৯১৮২৮১৮১,টাকাটা বিকাশে বা রকেটে দিবেন নাম্বার ০১৭২৯১৮২৮১৮১,[],0,0,0,0,0,0,0,0,0,0,0,0,টাকাটা বিকাশে বা রকেটে দিবেন নাম্বার ০১৭২৯১৮২৮১৮১,49,0,0,0,0,0,0,0,0,0,0,0,0,0,0,0,0,0,0,0,0,0,0
normal,তুমি কি স্কুলে যাচ্ছো?,Bengali,0,0,তুমি কি স্কুলে যাচ্ছো?,তুমি কি স্কুলে যাচ্ছো?,[],0,0,0,0,0,0,0,0,0,0,0,0,তুমি কি স্কুলে যাচ্ছো?,22,0,0,0,0,0,0,0,0,0,0,0,0,0,0,0,0,0,0,0,0,0,0
normal,"আপনার ছেলে বিপদে, জলদি ০১৬৭২৫৬৩৮৯১ টাকা পাঠান।",Bengali,0,0,"আপনার ছেলে বিপদে, জলদি ০১৬৭২৫৬৩৮৯১ টাকা পাঠান।","আপনার ছেলে বিপদে, জলদি ০১৬৭২৫৬৩৮৯১ টাকা পাঠান।",[],0,0,0,0,0,0,0,0,0,0,0,0,"আপনার ছেলে বিপদে, জলদি ০১৬৭২৫৬৩৮৯১ টাকা পাঠান।",46,0,0,0,0,0,0,0,0,0,0,0,0,0,0,0,0,0,0,0,0,0,0
smish,কোন ক্রেডিট চেক ছাড়াই ১০০% ক্রেডিট কার্ড অনুমোদন। আজই আবেদন করুন। যোগাযোগ: ০১৫৬৭৫৪৬৩৯০,Bengali,0,2,কোন ক্রেডিট চেক ছাড়াই ১০০% ক্রেডিট কার্ড অনুমোদন। আজই আবেদন করুন। যোগাযোগ: ০১৫৬৭৫৪৬৩৯০,কোন ক্রেডিট চেক ছাড়াই ১০০% ক্রেডিট কার্ড অনুমোদন। আজই আবেদন করুন। যোগাযোগ: ০১৫৬৭৫৪৬৩৯০,[],0,0,0,0,0,0,0,0,0,0,0,0,কোন ক্রেডিট চেক ছাড়াই ১০০% ক্রেডিট কার্ড অনুমোদন। আজই আবেদন করুন। যোগাযোগ: ০১৫৬৭৫৪৬৩৯০,87,0,0,0,0,0,0,0,0,0,0,0,0,0,0,0,0,0,0,0,0,0,0
smish,"২,০০০ টাকা বিনিয়োগ করুন এবং ৫ মিনিটে ৪,০০০ টাকা পান! কল করুন: +8801714567890",Bengali,0,2,"২,০০০ টাকা বিনিয়োগ করুন এবং ৫ মিনিটে ৪,০০০ টাকা পান! কল করুন: +8801714567890","২,০০০ টাকা বিনিয়োগ করুন এবং ৫ মিনিটে ৪,০০০ টাকা পান! কল করুন: +8801714567890",[],0,0,0,0,0,0,0,0,0,0,0,0,"২,০০০ টাকা বিনিয়োগ করুন এবং ৫ মিনিটে ৪,০০০ টাকা পান! কল করুন: +8801714567890",77,0,0,0,0,0,0,0,0,0,0,0,0,0,0,0,0,0,0,0,0,0,0
promo,Daraz Electronics Fair চলছে! ল্যাপটপ আর গ্যাজেট কিনলে ৩০% ডিসকাউন্ট। এখনই অর্ডার করুন।,Bengali,0,1,Daraz Electronics Fair চলছে! ল্যাপটপ আর গ্যাজেট কিনলে ৩০% ডিসকাউন্ট। এখনই অর্ডার করুন।,Daraz Electronics Fair চলছে! ল্যাপটপ আর গ্যাজেট কিনলে ৩০% ডিসকাউন্ট। এখনই অর্ডার করুন।,[],0,0,0,0,0,0,0,0,0,0,0,0,Daraz Electronics Fair চলছে! ল্যাপটপ আর গ্যাজেট কিনলে ৩০% ডিসকাউন্ট। এখনই অর্ডার করুন।,86,0,0,0,0,0,0,0,0,0,0,0,0,0,0,0,0,0,0,0,0,0,0
smish,বাংলাদেশ ব্যাংক অ্যাকাউন্টে ত্রুটি দেখা দিয়েছে। কল করুন: +8801814344456,Bengali,0,2,বাংলাদেশ ব্যাংক অ্যাকাউন্টে ত্রুটি দেখা দিয়েছে। কল করুন: +8801814344456,বাংলাদেশ ব্যাংক অ্যাকাউন্টে ত্রুটি দেখা দিয়েছে। কল করুন: +8801814344456,[],0,0,0,0,0,0,0,0,0,0,0,0,বাংলাদেশ ব্যাংক অ্যাকাউন্টে ত্রুটি দেখা দিয়েছে। কল করুন: +8801814344456,72,0,0,0,0,0,0,0,0,0,0,0,0,0,0,0,0,0,0,0,0,0,0
promo,Robi গ্রাহকরা ২০০ টাকা রিচার্জ করলে ২ জিবি ফ্রি পাবেন। সীমিত সময়ের জন্য।,Bengali,0,1,Robi গ্রাহকরা ২০০ টাকা রিচার্জ করলে ২ জিবি ফ্রি পাবেন। সীমিত সময়ের জন্য।,Robi গ্রাহকরা ২০০ টাকা রিচার্জ করলে ২ জিবি ফ্রি পাবেন। সীমিত সময়ের জন্য।,[],0,0,0,0,0,0,0,0,0,0,0,0,Robi গ্রাহকরা ২০০ টাকা রিচার্জ করলে ২ জিবি ফ্রি পাবেন। সীমিত সময়ের জন্য।,73,0,0,0,0,0,0,0,0,0,0,0,0,0,0,0,0,0,0,0,0,0,0
smish,"প্রিয় গ্রাহক, আপনার ফেসবুক আইডি হ্যাক হয়েছে। পুনরুদ্ধার করতে fbsecure-bd.net এ OTP দিন।",Bengali,1,2,"প্রিয় গ্রাহক, আপনার ফেসবুক আইডি হ্যাক হয়েছে। পুনরুদ্ধার করতে fbsecure-bd.net এ OTP দিন।","প্রিয় গ্রাহক, আপনার ফেসবুক আইডি হ্যাক হয়েছে। পুনরুদ্ধার করতে fbsecure-bd.net এ OTP দিন।",['fbsecure-bd.net'],1,1,15,15,0,1,1,0,0,0,0,0,"প্রিয় গ্রাহক, আপনার ফেসবুক আইডি হ্যাক হয়েছে। পুনরুদ্ধার করতে  [URL]  এ OTP দিন।",81,1,15,15,0,1,1,0,0,0,0,0,1,15,15,0,1,1,0,0,0,0,0
normal,কেমন আছে আপনার দিনটি?,Bengali,0,0,কেমন আছে আপনার দিনটি?,কেমন আছে আপনার দিনটি?,[],0,0,0,0,0,0,0,0,0,0,0,0,কেমন আছে আপনার দিনটি?,21,0,0,0,0,0,0,0,0,0,0,0,0,0,0,0,0,0,0,0,0,0,0
normal,"টাকার কথা বললেই সে উঠে চলে যায়, আমি ওর কাছে ৩ লাখ টাকা পাই",Bengali,0,0,"টাকার কথা বললেই সে উঠে চলে যায়, আমি ওর কাছে ৩ লাখ টাকা পাই","টাকার কথা বললেই সে উঠে চলে যায়, আমি ওর কাছে ৩ লাখ টাকা পাই",[],0,0,0,0,0,0,0,0,0,0,0,0,"টাকার কথা বললেই সে উঠে চলে যায়, আমি ওর কাছে ৩ লাখ টাকা পাই",59,0,0,0,0,0,0,0,0,0,0,0,0,0,0,0,0,0,0,0,0,0,0
promo,বিশেষ অফার: সব বাচ্চাদের পোশাকে ২০% ডিসকাউন্ট।,Bengali,0,1,বিশেষ অফার: সব বাচ্চাদের পোশাকে ২০% ডিসকাউন্ট।,বিশেষ অফার: সব বাচ্চাদের পোশাকে ২০% ডিসকাউন্ট।,[],0,0,0,0,0,0,0,0,0,0,0,0,বিশেষ অফার: সব বাচ্চাদের পোশাকে ২০% ডিসকাউন্ট।,46,0,0,0,0,0,0,0,0,0,0,0,0,0,0,0,0,0,0,0,0,0,0
promo,"Call duration 00:00:44, charged 0.92 Taka, remaining balance is   0.41  Taka",Bengali,0,1,"Call duration 00:00:44, charged 0.92 Taka, remaining balance is   0.41  Taka","Call duration 00:00:44, charged 0.92 Taka, remaining balance is 0.41 Taka",[],0,0,0,0,0,0,0,0,0,0,0,0,"Call duration 00:00:44, charged 0.92 Taka, remaining balance is 0.41 Taka",73,0,0,0,0,0,0,0,0,0,0,0,0,0,0,0,0,0,0,0,0,0,0
normal,আজকে কি শপিং করতে যাবে?,Bengali,0,0,আজকে কি শপিং করতে যাবে?,আজকে কি শপিং করতে যাবে?,[],0,0,0,0,0,0,0,0,0,0,0,0,আজকে কি শপিং করতে যাবে?,23,0,0,0,0,0,0,0,0,0,0,0,0,0,0,0,0,0,0,0,0,0,0
smish,"ডাচ্-বাংলা ব্যাংক থেকে একটি জরুরি নোটিশ: আপনার কার্ড সীমা ১,৫০,০০০ টাকা ফাঁস হয়েছে। এটি বন্ধ করতে www.dbbl-safe-bd.com এ লগইন করুন।",Bengali,1,2,"ডাচ্-বাংলা ব্যাংক থেকে একটি জরুরি নোটিশ: আপনার কার্ড সীমা ১,৫০,০০০ টাকা ফাঁস হয়েছে। এটি বন্ধ করতে www.dbbl-safe-bd.com এ লগইন করুন।","ডাচ্-বাংলা ব্যাংক থেকে একটি জরুরি নোটিশ: আপনার কার্ড সীমা ১,৫০,০০০ টাকা ফাঁস হয়েছে। এটি বন্ধ করতে www.dbbl-safe-bd.com এ লগইন করুন।","['www.', 'dbbl-safe-bd.com']",2,2,20,16,0,2,2,0,0,0,0,0,"ডাচ্-বাংলা ব্যাংক থেকে একটি জরুরি নোটিশ: আপনার কার্ড সীমা ১,৫০,০০০ টাকা ফাঁস হয়েছে। এটি বন্ধ করতে  [URL]  [URL]  এ লগইন করুন।",126,2,20,16,0,2,2,0,0,0,0,0,2,20,16,0,2,2,0,0,0,0,0
normal,"কখনো অন্যায়, অত্যাচারের জন্য নিজের আওয়াজকে রুখে দিও সত্য ও ন্যায়ের কথা বলতে।",Bengali,0,0,"কখনো অন্যায়, অত্যাচারের জন্য নিজের আওয়াজকে রুখে দিও সত্য ও ন্যায়ের কথা বলতে।","কখনো অন্যায়, অত্যাচারের জন্য নিজের আওয়াজকে রুখে দিও সত্য ও ন্যায়ের কথা বলতে।",[],0,0,0,0,0,0,0,0,0,0,0,0,"কখনো অন্যায়, অত্যাচারের জন্য নিজের আওয়াজকে রুখে দিও সত্য ও ন্যায়ের কথা বলতে।",79,0,0,0,0,0,0,0,0,0,0,0,0,0,0,0,0,0,0,0,0,0,0
normal,"আজকে শরীরটা ভালো লাগছে না। মাথা ধরেছে, তাই হয়তো আজ বাসাতেই থাকবো।",Bengali,0,0,"আজকে শরীরটা ভালো লাগছে না। মাথা ধরেছে, তাই হয়তো আজ বাসাতেই থাকবো।","আজকে শরীরটা ভালো লাগছে না। মাথা ধরেছে, তাই হয়তো আজ বাসাতেই থাকবো।",[],0,0,0,0,0,0,0,0,0,0,0,0,"আজকে শরীরটা ভালো লাগছে না। মাথা ধরেছে, তাই হয়তো আজ বাসাতেই থাকবো।",66,0,0,0,0,0,0,0,0,0,0,0,0,0,0,0,0,0,0,0,0,0,0
promo,মেন্সওয়ার্ল্ড এখন নবরুপে বসুন্ধরা সিটি এপারেল জোনে।লেভেল-৮ ০১৮৯৬০০১৯০৩,Bengali,0,1,মেন্সওয়ার্ল্ড এখন নবরুপে বসুন্ধরা সিটি এপারেল জোনে।লেভেল-৮ ০১৮৯৬০০১৯০৩,মেন্সওয়ার্ল্ড এখন নবরুপে বসুন্ধরা সিটি এপারেল জোনে।লেভেল-৮ ০১৮৯৬০০১৯০৩,[],0,0,0,0,0,0,0,0,0,0,0,0,মেন্সওয়ার্ল্ড এখন নবরুপে বসুন্ধরা সিটি এপারেল জোনে।লেভেল-৮ ০১৮৯৬০০১৯০৩,71,0,0,0,0,0,0,0,0,0,0,0,0,0,0,0,0,0,0,0,0,0,0
promo,"১০০'মাদানীএভিনিউ আর্মি হাউজিং(জলসিড়ি)সংলগ্ন প্লট কাঠা৫লক্ষ
01894841729",Bengali,0,1,"১০০'মাদানীএভিনিউ আর্মি হাউজিং(জলসিড়ি)সংলগ্ন প্লট কাঠা৫লক্ষ
01894841729",১০০'মাদানীএভিনিউ আর্মি হাউজিং(জলসিড়ি)সংলগ্ন প্লট কাঠা৫লক্ষ 01894841729,[],0,0,0,0,0,0,0,0,0,0,0,0,১০০'মাদানীএভিনিউ আর্মি হাউজিং(জলসিড়ি)সংলগ্ন প্লট কাঠা৫লক্ষ 01894841729,71,0,0,0,0,0,0,0,0,0,0,0,0,0,0,0,0,0,0,0,0,0,0
smish,"আপনার ছেলে সমস্যায় আছে, তাই দ্রুত টাকা পাঠান।",Bengali,0,2,"আপনার ছেলে সমস্যায় আছে, তাই দ্রুত টাকা পাঠান।","আপনার ছেলে সমস্যায় আছে, তাই দ্রুত টাকা পাঠান।",[],0,0,0,0,0,0,0,0,0,0,0,0,"আপনার ছেলে সমস্যায় আছে, তাই দ্রুত টাকা পাঠান।",46,0,0,0,0,0,0,0,0,0,0,0,0,0,0,0,0,0,0,0,0,0,0
smish,আপনার ইন্টারনেট প্যাকেজ আপডেট করতে কল করুন +8801714455667,Bengali,0,2,আপনার ইন্টারনেট প্যাকেজ আপডেট করতে কল করুন +8801714455667,আপনার ইন্টারনেট প্যাকেজ আপডেট করতে কল করুন +8801714455667,[],0,0,0,0,0,0,0,0,0,0,0,0,আপনার ইন্টারনেট প্যাকেজ আপডেট করতে কল করুন +8801714455667,57,0,0,0,0,0,0,0,0,0,0,0,0,0,0,0,0,0,0,0,0,0,0
smish,আপনার মোবাইল নম্বর lucky draw এ নির্বাচিত হয়েছে। ১০ লক্ষ টাকা জিতেছেন! কল করুন: 01833445566,Bengali,0,2,আপনার মোবাইল নম্বর lucky draw এ নির্বাচিত হয়েছে। ১০ লক্ষ টাকা জিতেছেন! কল করুন: 01833445566,আপনার মোবাইল নম্বর lucky draw এ নির্বাচিত হয়েছে। ১০ লক্ষ টাকা জিতেছেন! কল করুন: 01833445566,[],0,0,0,0,0,0,0,0,0,0,0,0,আপনার মোবাইল নম্বর lucky draw এ নির্বাচিত হয়েছে। ১০ লক্ষ টাকা জিতেছেন! কল করুন: 01833445566,92,0,0,0,0,0,0,0,0,0,0,0,0,0,0,0,0,0,0,0,0,0,0
normal,শুভ জন্মদিন!,Bengali,0,0,শুভ জন্মদিন!,শুভ জন্মদিন!,[],0,0,0,0,0,0,0,0,0,0,0,0,শুভ জন্মদিন!,12,0,0,0,0,0,0,0,0,0,0,0,0,0,0,0,0,0,0,0,0,0,0
normal,তোমার বাসা কতটুকু দূরে?,Bengali,0,0,তোমার বাসা কতটুকু দূরে?,তোমার বাসা কতটুকু দূরে?,[],0,0,0,0,0,0,0,0,0,0,0,0,তোমার বাসা কতটুকু দূরে?,23,0,0,0,0,0,0,0,0,0,0,0,0,0,0,0,0,0,0,0,0,0,0
normal,"ভাইয়া, আপনার কম্পিউটার ঠিক করা হয়ে গেছে। নিয়ে যেতে পারেন।",Bengali,0,0,"ভাইয়া, আপনার কম্পিউটার ঠিক করা হয়ে গেছে। নিয়ে যেতে পারেন।","ভাইয়া, আপনার কম্পিউটার ঠিক করা হয়ে গেছে। নিয়ে যেতে পারেন।",[],0,0,0,0,0,0,0,0,0,0,0,0,"ভাইয়া, আপনার কম্পিউটার ঠিক করা হয়ে গেছে। নিয়ে যেতে পারেন।",60,0,0,0,0,0,0,0,0,0,0,0,0,0,0,0,0,0,0,0,0,0,0
normal,তুমি কি বাগানে যাচ্ছো?,Bengali,0,0,তুমি কি বাগানে যাচ্ছো?,তুমি কি বাগানে যাচ্ছো?,[],0,0,0,0,0,0,0,0,0,0,0,0,তুমি কি বাগানে যাচ্ছো?,22,0,0,0,0,0,0,0,0,0,0,0,0,0,0,0,0,0,0,0,0,0,0
smish,আপনার বিনামূল্যে পুরস্কার দাবি করতে এই লিঙ্কটি অনুসরণ করুন: http://bit.ly/sdfsdf678,Bengali,1,2,আপনার বিনামূল্যে পুরস্কার দাবি করতে এই লিঙ্কটি অনুসরণ করুন: http://bit.ly/sdfsdf678,আপনার বিনামূল্যে পুরস্কার দাবি করতে এই লিঙ্কটি অনুসরণ করুন: http://bit.ly/sdfsdf678,['http://bit.ly/sdfsdf678'],1,1,23,23,3,1,0,3,0,0,0,1,আপনার বিনামূল্যে পুরস্কার দাবি করতে এই লিঙ্কটি অনুসরণ করুন:  [URL] ,67,1,23,23,3,1,0,3,0,0,0,1,1,23,23,3,1,0,3,0,0,0,1
promo,"৳১০০ ক্যাশব্যাক!৩০জিবি+৬০০মি. @৳৩৯৯,৩০দিন: cutt.ly/AwkY4L2C",Bengali,1,1,"৳১০০ ক্যাশব্যাক!৩০জিবি+৬০০মি. @৳৩৯৯,৩০দিন: cutt.ly/AwkY4L2C","৳১০০ ক্যাশব্যাক!৩০জিবি+৬০০মি. @৳৩৯৯,৩০দিন: cutt.ly/AwkY4L2C",['cutt.ly/AwkY4L2C'],1,1,16,16,2,1,0,1,0,0,0,1,"৳১০০ ক্যাশব্যাক!৩০জিবি+৬০০মি. @৳৩৯৯,৩০দিন:  [URL] ",50,1,16,16,2,1,0,1,0,0,0,1,1,16,16,2,1,0,1,0,0,0,1
smish,bKash অ্যাকাউন্টে ত্রুটি দেখা দিয়েছে। দ্রুত সমাধানের জন্য কল করুন: +8801713344556,Bengali,0,2,bKash অ্যাকাউন্টে ত্রুটি দেখা দিয়েছে। দ্রুত সমাধানের জন্য কল করুন: +8801713344556,bKash অ্যাকাউন্টে ত্রুটি দেখা দিয়েছে। দ্রুত সমাধানের জন্য কল করুন: +8801713344556,[],0,0,0,0,0,0,0,0,0,0,0,0,bKash অ্যাকাউন্টে ত্রুটি দেখা দিয়েছে। দ্রুত সমাধানের জন্য কল করুন: +8801713344556,82,0,0,0,0,0,0,0,0,0,0,0,0,0,0,0,0,0,0,0,0,0,0
normal,আজকে মোবাইলের চার্জ শেষ হয়ে গিয়েছিলো। একেবারে অচল হয়ে গিয়েছিলাম। বুঝলাম চার্জারটা সবসময় সাথে রাখা কতটা জরুরি।,Bengali,0,0,আজকে মোবাইলের চার্জ শেষ হয়ে গিয়েছিলো। একেবারে অচল হয়ে গিয়েছিলাম। বুঝলাম চার্জারটা সবসময় সাথে রাখা কতটা জরুরি।,আজকে মোবাইলের চার্জ শেষ হয়ে গিয়েছিলো। একেবারে অচল হয়ে গিয়েছিলাম। বুঝলাম চার্জারটা সবসময় সাথে রাখা কতটা জরুরি।,[],0,0,0,0,0,0,0,0,0,0,0,0,আজকে মোবাইলের চার্জ শেষ হয়ে গিয়েছিলো। একেবারে অচল হয়ে গিয়েছিলাম। বুঝলাম চার্জারটা সবসময় সাথে রাখা কতটা জরুরি।,114,0,0,0,0,0,0,0,0,0,0,0,0,0,0,0,0,0,0,0,0,0,0
smish,"আপনার জমি বিক্রির টাকা জমা হয়েছে, কল করুন: +8801816566678",Bengali,0,2,"আপনার জমি বিক্রির টাকা জমা হয়েছে, কল করুন: +8801816566678","আপনার জমি বিক্রির টাকা জমা হয়েছে, কল করুন: +8801816566678",[],0,0,0,0,0,0,0,0,0,0,0,0,"আপনার জমি বিক্রির টাকা জমা হয়েছে, কল করুন: +8801816566678",58,0,0,0,0,0,0,0,0,0,0,0,0,0,0,0,0,0,0,0,0,0,0
smish,আপনার bKash অ্যাকাউন্ট ব্লক হয়েছে। পুনরায় সক্রিয় করতে কল করুন: +8801819876543,Bengali,0,2,আপনার bKash অ্যাকাউন্ট ব্লক হয়েছে। পুনরায় সক্রিয় করতে কল করুন: +8801819876543,আপনার bKash অ্যাকাউন্ট ব্লক হয়েছে। পুনরায় সক্রিয় করতে কল করুন: +8801819876543,[],0,0,0,0,0,0,0,0,0,0,0,0,আপনার bKash অ্যাকাউন্ট ব্লক হয়েছে। পুনরায় সক্রিয় করতে কল করুন: +8801819876543,80,0,0,0,0,0,0,0,0,0,0,0,0,0,0,0,0,0,0,0,0,0,0
normal,আমি আমার বাড়িতে একটি বিশেষ স্থান রেখে আসতে পারি তা হল বোতামের জন্য।,Bengali,0,0,আমি আমার বাড়িতে একটি বিশেষ স্থান রেখে আসতে পারি তা হল বোতামের জন্য।,আমি আমার বাড়িতে একটি বিশেষ স্থান রেখে আসতে পারি তা হল বোতামের জন্য।,[],0,0,0,0,0,0,0,0,0,0,0,0,আমি আমার বাড়িতে একটি বিশেষ স্থান রেখে আসতে পারি তা হল বোতামের জন্য।,68,0,0,0,0,0,0,0,0,0,0,0,0,0,0,0,0,0,0,0,0,0,0
smish,"প্রিয় দেশবাসি ! (COVID-19)
করনা ভাইরাস এর জন্য
2,500 টাকা সরকারী
শুনুদান দেওয়া হবে।
টাকা নেওয়ার জন্য নিচের নাম্বারে যোগাযোগ করুনঃ-01810559231",Bengali,0,2,"প্রিয় দেশবাসি ! (COVID-19)
করনা ভাইরাস এর জন্য
2,500 টাকা সরকারী
শুনুদান দেওয়া হবে।
টাকা নেওয়ার জন্য নিচের নাম্বারে যোগাযোগ করুনঃ-01810559231","প্রিয় দেশবাসি ! (COVID-19) করনা ভাইরাস এর জন্য 2,500 টাকা সরকারী শুনুদান দেওয়া হবে। টাকা নেওয়ার জন্য নিচের নাম্বারে যোগাযোগ করুনঃ-01810559231",[],0,0,0,0,0,0,0,0,0,0,0,0,"প্রিয় দেশবাসি ! (COVID-19) করনা ভাইরাস এর জন্য 2,500 টাকা সরকারী শুনুদান দেওয়া হবে। টাকা নেওয়ার জন্য নিচের নাম্বারে যোগাযোগ করুনঃ-01810559231",144,0,0,0,0,0,0,0,0,0,0,0,0,0,0,0,0,0,0,0,0,0,0
normal,"আপনার পেমেন্ট বাকি রয়েছে, ০১৭২৮২৭৩৮১৯ টাকা পাঠান।",Bengali,0,0,"আপনার পেমেন্ট বাকি রয়েছে, ০১৭২৮২৭৩৮১৯ টাকা পাঠান।","আপনার পেমেন্ট বাকি রয়েছে, ০১৭২৮২৭৩৮১৯ টাকা পাঠান।",[],0,0,0,0,0,0,0,0,0,0,0,0,"আপনার পেমেন্ট বাকি রয়েছে, ০১৭২৮২৭৩৮১৯ টাকা পাঠান।",50,0,0,0,0,0,0,0,0,0,0,0,0,0,0,0,0,0,0,0,0,0,0
normal,"হাই, কি হচ্ছে?",Bengali,0,0,"হাই, কি হচ্ছে?","হাই, কি হচ্ছে?",[],0,0,0,0,0,0,0,0,0,0,0,0,"হাই, কি হচ্ছে?",14,0,0,0,0,0,0,0,0,0,0,0,0,0,0,0,0,0,0,0,0,0,0
promo,"Banglalink ফ্ল্যাশ অফার: ২ জিবি মাত্র ১৯ টাকা, বৈধতা ২৪ ঘণ্টা। *5000*19# ডায়াল করুন।",Bengali,0,1,"Banglalink ফ্ল্যাশ অফার: ২ জিবি মাত্র ১৯ টাকা, বৈধতা ২৪ ঘণ্টা। *5000*19# ডায়াল করুন।","Banglalink ফ্ল্যাশ অফার: ২ জিবি মাত্র ১৯ টাকা, বৈধতা ২৪ ঘণ্টা। *5000*19# ডায়াল করুন।",[],0,0,0,0,0,0,0,0,0,0,0,0,"Banglalink ফ্ল্যাশ অফার: ২ জিবি মাত্র ১৯ টাকা, বৈধতা ২৪ ঘণ্টা। *5000*19# ডায়াল করুন।",85,0,0,0,0,0,0,0,0,0,0,0,0,0,0,0,0,0,0,0,0,0,0
promo,GP App দিয়ে প্রথমবার রিচার্জ করলে ২০ টাকা বোনাস।,Bengali,0,1,GP App দিয়ে প্রথমবার রিচার্জ করলে ২০ টাকা বোনাস।,GP App দিয়ে প্রথমবার রিচার্জ করলে ২০ টাকা বোনাস।,[],0,0,0,0,0,0,0,0,0,0,0,0,GP App দিয়ে প্রথমবার রিচার্জ করলে ২০ টাকা বোনাস।,49,0,0,0,0,0,0,0,0,0,0,0,0,0,0,0,0,0,0,0,0,0,0
smish,"ডাচ্-বাংলা ব্যাংক সতর্কতা: আপনার অ্যাকাউন্টে ২,৫০,০০০ টাকার ফান্ড হোল্ড করা হয়েছে। dbbl-fundrelease24.org এ যাচাই করুন।",Bengali,1,2,"ডাচ্-বাংলা ব্যাংক সতর্কতা: আপনার অ্যাকাউন্টে ২,৫০,০০০ টাকার ফান্ড হোল্ড করা হয়েছে। dbbl-fundrelease24.org এ যাচাই করুন।","ডাচ্-বাংলা ব্যাংক সতর্কতা: আপনার অ্যাকাউন্টে ২,৫০,০০০ টাকার ফান্ড হোল্ড করা হয়েছে। dbbl-fundrelease24.org এ যাচাই করুন।",['dbbl-fundrelease24.org'],1,1,22,22,2,1,1,0,0,0,0,0,"ডাচ্-বাংলা ব্যাংক সতর্কতা: আপনার অ্যাকাউন্টে ২,৫০,০০০ টাকার ফান্ড হোল্ড করা হয়েছে।  [URL]  এ যাচাই করুন।",105,1,22,22,2,1,1,0,0,0,0,0,1,22,22,2,1,1,0,0,0,0,0
smish,"বাংলাদেশ জাতীয় লটারি থেকে অভিনন্দন! আপনি ১,০০,০০০ টাকার পুরস্কার জিতেছেন। দাবি করতে bdlottery-prizeclaim.org এ NID কপি এবং বিকাশ নাম্বার পাঠান।",Bengali,1,2,"বাংলাদেশ জাতীয় লটারি থেকে অভিনন্দন! আপনি ১,০০,০০০ টাকার পুরস্কার জিতেছেন। দাবি করতে bdlottery-prizeclaim.org এ NID কপি এবং বিকাশ নাম্বার পাঠান।","বাংলাদেশ জাতীয় লটারি থেকে অভিনন্দন! আপনি ১,০০,০০০ টাকার পুরস্কার জিতেছেন। দাবি করতে bdlottery-prizeclaim.org এ NID কপি এবং বিকাশ নাম্বার পাঠান।",['bdlottery-prizeclaim.org'],1,1,24,24,0,1,1,0,0,0,0,0,"বাংলাদেশ জাতীয় লটারি থেকে অভিনন্দন! আপনি ১,০০,০০০ টাকার পুরস্কার জিতেছেন। দাবি করতে  [URL]  এ NID কপি এবং বিকাশ নাম্বার পাঠান।",127,1,24,24,0,1,1,0,0,0,0,0,1,24,24,0,1,1,0,0,0,0,0
normal,"আপু, বাজার থেকে দুধ আনতে ভুলো না। রাতে পায়েস বানাবো।",Bengali,0,0,"আপু, বাজার থেকে দুধ আনতে ভুলো না। রাতে পায়েস বানাবো।","আপু, বাজার থেকে দুধ আনতে ভুলো না। রাতে পায়েস বানাবো।",[],0,0,0,0,0,0,0,0,0,0,0,0,"আপু, বাজার থেকে দুধ আনতে ভুলো না। রাতে পায়েস বানাবো।",53,0,0,0,0,0,0,0,0,0,0,0,0,0,0,0,0,0,0,0,0,0,0
normal,আমার এই নাম্বারে কল করুন ০১৭২৯১৮২৮৯৩।,Bengali,0,0,আমার এই নাম্বারে কল করুন ০১৭২৯১৮২৮৯৩।,আমার এই নাম্বারে কল করুন ০১৭২৯১৮২৮৯৩।,[],0,0,0,0,0,0,0,0,0,0,0,0,আমার এই নাম্বারে কল করুন ০১৭২৯১৮২৮৯৩।,37,0,0,0,0,0,0,0,0,0,0,0,0,0,0,0,0,0,0,0,0,0,0
normal,আশা করি তোমার সফল হোক!,Bengali,0,0,আশা করি তোমার সফল হোক!,আশা করি তোমার সফল হোক!,[],0,0,0,0,0,0,0,0,0,0,0,0,আশা করি তোমার সফল হোক!,22,0,0,0,0,0,0,0,0,0,0,0,0,0,0,0,0,0,0,0,0,0,0
smish,সতর্ক হন! আপনার ভোটার আইডি ডুপ্লিকেট হয়েছে। ভেরিফাই: verify-voter.ga,Bengali,1,2,সতর্ক হন! আপনার ভোটার আইডি ডুপ্লিকেট হয়েছে। ভেরিফাই: verify-voter.ga,সতর্ক হন! আপনার ভোটার আইডি ডুপ্লিকেট হয়েছে। ভেরিফাই: verify-voter.ga,['verify-voter.ga'],1,1,15,15,0,1,1,0,0,0,0,0,সতর্ক হন! আপনার ভোটার আইডি ডুপ্লিকেট হয়েছে। ভেরিফাই:  [URL] ,61,1,15,15,0,1,1,0,0,0,0,0,1,15,15,0,1,1,0,0,0,0,0
normal,আম্মা বলছে তুমি অনেকদিন বাসায় আসোনি। এবার একদিন দেখা করে যেও।,Bengali,0,0,আম্মা বলছে তুমি অনেকদিন বাসায় আসোনি। এবার একদিন দেখা করে যেও।,আম্মা বলছে তুমি অনেকদিন বাসায় আসোনি। এবার একদিন দেখা করে যেও।,[],0,0,0,0,0,0,0,0,0,0,0,0,আম্মা বলছে তুমি অনেকদিন বাসায় আসোনি। এবার একদিন দেখা করে যেও।,62,0,0,0,0,0,0,0,0,0,0,0,0,0,0,0,0,0,0,0,0,0,0
promo,নতুন মোবাইল কিনুন এবং ১০০০ টাকা ক্যাশব্যাক পান! আজই ট্রেড ইন করুন।,Bengali,0,1,নতুন মোবাইল কিনুন এবং ১০০০ টাকা ক্যাশব্যাক পান! আজই ট্রেড ইন করুন।,নতুন মোবাইল কিনুন এবং ১০০০ টাকা ক্যাশব্যাক পান! আজই ট্রেড ইন করুন।,[],0,0,0,0,0,0,0,0,0,0,0,0,নতুন মোবাইল কিনুন এবং ১০০০ টাকা ক্যাশব্যাক পান! আজই ট্রেড ইন করুন।,66,0,0,0,0,0,0,0,0,0,0,0,0,0,0,0,0,0,0,0,0,0,0
smish,অ্যাপল আইফোন ১৮ জিতেছেন! ডেলিভারি নিশ্চিত করতে কল করুন: +8801810900912,Bengali,0,2,অ্যাপল আইফোন ১৮ জিতেছেন! ডেলিভারি নিশ্চিত করতে কল করুন: +8801810900912,অ্যাপল আইফোন ১৮ জিতেছেন! ডেলিভারি নিশ্চিত করতে কল করুন: +8801810900912,[],0,0,0,0,0,0,0,0,0,0,0,0,অ্যাপল আইফোন ১৮ জিতেছেন! ডেলিভারি নিশ্চিত করতে কল করুন: +8801810900912,70,0,0,0,0,0,0,0,0,0,0,0,0,0,0,0,0,0,0,0,0,0,0
promo,ট্রাভেল প্যাকেজে অফার! কক্সবাজার ট্যুরে ৩০% ছাড়।,Bengali,0,1,ট্রাভেল প্যাকেজে অফার! কক্সবাজার ট্যুরে ৩০% ছাড়।,ট্রাভেল প্যাকেজে অফার! কক্সবাজার ট্যুরে ৩০% ছাড়।,[],0,0,0,0,0,0,0,0,0,0,0,0,ট্রাভেল প্যাকেজে অফার! কক্সবাজার ট্যুরে ৩০% ছাড়।,49,0,0,0,0,0,0,0,0,0,0,0,0,0,0,0,0,0,0,0,0,0,0
normal,"তুমি শক্তিশালী, তুমি পারবে।",Bengali,0,0,"তুমি শক্তিশালী, তুমি পারবে।","তুমি শক্তিশালী, তুমি পারবে।",[],0,0,0,0,0,0,0,0,0,0,0,0,"তুমি শক্তিশালী, তুমি পারবে।",27,0,0,0,0,0,0,0,0,0,0,0,0,0,0,0,0,0,0,0,0,0,0
promo,Shohoz Tickets দিয়ে ট্রেন টিকিট কিনলে পাচ্ছেন ১২% ডিসকাউন্ট। কোড: TRAIN12।,Bengali,0,1,Shohoz Tickets দিয়ে ট্রেন টিকিট কিনলে পাচ্ছেন ১২% ডিসকাউন্ট। কোড: TRAIN12।,Shohoz Tickets দিয়ে ট্রেন টিকিট কিনলে পাচ্ছেন ১২% ডিসকাউন্ট। কোড: TRAIN12।,[],0,0,0,0,0,0,0,0,0,0,0,0,Shohoz Tickets দিয়ে ট্রেন টিকিট কিনলে পাচ্ছেন ১২% ডিসকাউন্ট। কোড: TRAIN12।,75,0,0,0,0,0,0,0,0,0,0,0,0,0,0,0,0,0,0,0,0,0,0
smish,আপনার অ্যাকাউন্টটি সাময়িকভাবে নিষ্ক্রিয় করা হয়েছে। সক্রিয় করতে এখানে ক্লিক করুন: [accountactivate.com/ActivateBD],Bengali,1,2,আপনার অ্যাকাউন্টটি সাময়িকভাবে নিষ্ক্রিয় করা হয়েছে। সক্রিয় করতে এখানে ক্লিক করুন: [accountactivate.com/ActivateBD],আপনার অ্যাকাউন্টটি সাময়িকভাবে নিষ্ক্রিয় করা হয়েছে। সক্রিয় করতে এখানে ক্লিক করুন: [accountactivate.com/ActivateBD],['accountactivate.com/ActivateBD'],1,1,30,30,0,1,0,1,0,0,0,0,আপনার অ্যাকাউন্টটি সাময়িকভাবে নিষ্ক্রিয় করা হয়েছে। সক্রিয় করতে এখানে ক্লিক করুন: [ [URL] ],94,1,30,30,0,1,0,1,0,0,0,0,1,30,30,0,1,0,1,0,0,0,0
normal,"এমন দু’টি নিয়ামত আছে, যে দু’টোতে অধিকাংশ মানুষ ক্ষতিগ্রস্ত। তা হচ্ছে, সুস্থতা আর অবসর। - [মুহাম্মাদ (সা)]",Bengali,0,0,"এমন দু’টি নিয়ামত আছে, যে দু’টোতে অধিকাংশ মানুষ ক্ষতিগ্রস্ত। তা হচ্ছে, সুস্থতা আর অবসর। - [মুহাম্মাদ (সা)]","এমন দু'টি নিয়ামত আছে, যে দু'টোতে অধিকাংশ মানুষ ক্ষতিগ্রস্ত। তা হচ্ছে, সুস্থতা আর অবসর। - [মুহাম্মাদ (সা)]",[],0,0,0,0,0,0,0,0,0,0,0,0,"এমন দু'টি নিয়ামত আছে, যে দু'টোতে অধিকাংশ মানুষ ক্ষতিগ্রস্ত। তা হচ্ছে, সুস্থতা আর অবসর। - [মুহাম্মাদ (সা)]",106,0,0,0,0,0,0,0,0,0,0,0,0,0,0,0,0,0,0,0,0,0,0
smish,আপনার ভিসা কার্ড থেকে ৫০০০০ টাকা উত্তোলন হয়েছে। বন্ধ করতে ক্লিক: shorturl.at/block-card,Bengali,1,2,আপনার ভিসা কার্ড থেকে ৫০০০০ টাকা উত্তোলন হয়েছে। বন্ধ করতে ক্লিক: shorturl.at/block-card,আপনার ভিসা কার্ড থেকে ৫০০০০ টাকা উত্তোলন হয়েছে। বন্ধ করতে ক্লিক: shorturl.at/block-card,['shorturl.at/block-card'],1,1,22,22,0,1,1,1,0,0,0,1,আপনার ভিসা কার্ড থেকে ৫০০০০ টাকা উত্তোলন হয়েছে। বন্ধ করতে ক্লিক:  [URL] ,73,1,22,22,0,1,1,1,0,0,0,1,1,22,22,0,1,1,1,0,0,0,1
promo,"মোবাইল অ্যাক্সেসরিজে অফার! কেস, চার্জার, হেডফোনে ২৫% ছাড়।",Bengali,0,1,"মোবাইল অ্যাক্সেসরিজে অফার! কেস, চার্জার, হেডফোনে ২৫% ছাড়।","মোবাইল অ্যাক্সেসরিজে অফার! কেস, চার্জার, হেডফোনে ২৫% ছাড়।",[],0,0,0,0,0,0,0,0,0,0,0,0,"মোবাইল অ্যাক্সেসরিজে অফার! কেস, চার্জার, হেডফোনে ২৫% ছাড়।",58,0,0,0,0,0,0,0,0,0,0,0,0,0,0,0,0,0,0,0,0,0,0
normal,তুমি কি ক্যাফেতে যাচ্ছো?,Bengali,0,0,তুমি কি ক্যাফেতে যাচ্ছো?,তুমি কি ক্যাফেতে যাচ্ছো?,[],0,0,0,0,0,0,0,0,0,0,0,0,তুমি কি ক্যাফেতে যাচ্ছো?,24,0,0,0,0,0,0,0,0,0,0,0,0,0,0,0,0,0,0,0,0,0,0
smish,আপনার ইমেল ঠিকানাটি যাচাই করতে এখানে ক্লিক করুন: [emailverify.com/VerifyBD],Bengali,1,2,আপনার ইমেল ঠিকানাটি যাচাই করতে এখানে ক্লিক করুন: [emailverify.com/VerifyBD],আপনার ইমেল ঠিকানাটি যাচাই করতে এখানে ক্লিক করুন: [emailverify.com/VerifyBD],['emailverify.com/VerifyBD'],1,1,24,24,0,1,0,1,0,0,0,0,আপনার ইমেল ঠিকানাটি যাচাই করতে এখানে ক্লিক করুন: [ [URL] ],58,1,24,24,0,1,0,1,0,0,0,0,1,24,24,0,1,0,1,0,0,0,0
smish,আপনার DBBL কার্ড স্থগিত হয়েছে। পুনরায় চালু করতে +8801990008899 নম্বরে কল করুন এবং পিন কোড দিন।,Bengali,0,2,আপনার DBBL কার্ড স্থগিত হয়েছে। পুনরায় চালু করতে +8801990008899 নম্বরে কল করুন এবং পিন কোড দিন।,আপনার DBBL কার্ড স্থগিত হয়েছে। পুনরায় চালু করতে +8801990008899 নম্বরে কল করুন এবং পিন কোড দিন।,[],0,0,0,0,0,0,0,0,0,0,0,0,আপনার DBBL কার্ড স্থগিত হয়েছে। পুনরায় চালু করতে +8801990008899 নম্বরে কল করুন এবং পিন কোড দিন।,96,0,0,0,0,0,0,0,0,0,0,0,0,0,0,0,0,0,0,0,0,0,0
smish,"🔗🤑যারা এখনো hamster এ একাউন্ট করেননি দ্রুত একাউন্ট করে জয়েন করেন 🔥🔥🔥
জুলাই মাসে সুখবর আসবে 🤩🤑
Join fast 👇
🔗https://t.me/hamster_kombat_boT/start...",Bengali,1,2,"🔗🤑যারা এখনো hamster এ একাউন্ট করেননি দ্রুত একাউন্ট করে জয়েন করেন 🔥🔥🔥
জুলাই মাসে সুখবর আসবে 🤩🤑
Join fast 👇
🔗https://t.me/hamster_kombat_boT/start...",🔗🤑যারা এখনো hamster এ একাউন্ট করেননি দ্রুত একাউন্ট করে জয়েন করেন 🔥🔥🔥 জুলাই মাসে সুখবর আসবে 🤩🤑 Join fast 👇 🔗https://t.me/hamster_kombat_boT/start...,['https://t.me/hamster_kombat_boT/start...'],1,1,40,40,0,4,0,4,1,0,0,0,🔗🤑যারা এখনো hamster এ একাউন্ট করেননি দ্রুত একাউন্ট করে জয়েন করেন 🔥🔥🔥 জুলাই মাসে সুখবর আসবে 🤩🤑 Join fast 👇 🔗 [URL] ,115,1,40,40,0,4,0,4,1,0,0,0,1,40,40,0,4,0,4,1,0,0,0
smish,ক্যাসিনোতে বেট করুন এবং ১০০% বোনাস জিতুন! এখানে শুরু করুন: super1000.info/docs,Bengali,1,2,ক্যাসিনোতে বেট করুন এবং ১০০% বোনাস জিতুন! এখানে শুরু করুন: super1000.info/docs,ক্যাসিনোতে বেট করুন এবং ১০০% বোনাস জিতুন! এখানে শুরু করুন: super1000.info/docs,['super1000.info/docs'],1,1,19,19,4,1,0,1,0,0,0,0,ক্যাসিনোতে বেট করুন এবং ১০০% বোনাস জিতুন! এখানে শুরু করুন:  [URL] ,66,1,19,19,4,1,0,1,0,0,0,0,1,19,19,4,1,0,1,0,0,0,0
smish,আপনার সিম কার্ড পুনরায় সক্রিয় করতে কল করুন +8801915566778,Bengali,0,2,আপনার সিম কার্ড পুনরায় সক্রিয় করতে কল করুন +8801915566778,আপনার সিম কার্ড পুনরায় সক্রিয় করতে কল করুন +8801915566778,[],0,0,0,0,0,0,0,0,0,0,0,0,আপনার সিম কার্ড পুনরায় সক্রিয় করতে কল করুন +8801915566778,59,0,0,0,0,0,0,0,0,0,0,0,0,0,0,0,0,0,0,0,0,0,0
normal,"তুমি অনেক শক্তিশালী, সাহস রেখো।",Bengali,0,0,"তুমি অনেক শক্তিশালী, সাহস রেখো।","তুমি অনেক শক্তিশালী, সাহস রেখো।",[],0,0,0,0,0,0,0,0,0,0,0,0,"তুমি অনেক শক্তিশালী, সাহস রেখো।",31,0,0,0,0,0,0,0,0,0,0,0,0,0,0,0,0,0,0,0,0,0,0
promo,Robi eShop থেকে মোবাইল কিনলে সাথে পাচ্ছেন ফ্রি ব্যাগ আর ইয়ারফোন। অফার স্টক শেষ হওয়া পর্যন্ত।,Bengali,0,1,Robi eShop থেকে মোবাইল কিনলে সাথে পাচ্ছেন ফ্রি ব্যাগ আর ইয়ারফোন। অফার স্টক শেষ হওয়া পর্যন্ত।,Robi eShop থেকে মোবাইল কিনলে সাথে পাচ্ছেন ফ্রি ব্যাগ আর ইয়ারফোন। অফার স্টক শেষ হওয়া পর্যন্ত।,[],0,0,0,0,0,0,0,0,0,0,0,0,Robi eShop থেকে মোবাইল কিনলে সাথে পাচ্ছেন ফ্রি ব্যাগ আর ইয়ারফোন। অফার স্টক শেষ হওয়া পর্যন্ত।,94,0,0,0,0,0,0,0,0,0,0,0,0,0,0,0,0,0,0,0,0,0,0
normal,আজ কি করবেন?,Bengali,0,0,আজ কি করবেন?,আজ কি করবেন?,[],0,0,0,0,0,0,0,0,0,0,0,0,আজ কি করবেন?,12,0,0,0,0,0,0,0,0,0,0,0,0,0,0,0,0,0,0,0,0,0,0
normal,এই পবিত্র মাসে তোমার সবকিছু ভালো হোক!,Bengali,0,0,এই পবিত্র মাসে তোমার সবকিছু ভালো হোক!,এই পবিত্র মাসে তোমার সবকিছু ভালো হোক!,[],0,0,0,0,0,0,0,0,0,0,0,0,এই পবিত্র মাসে তোমার সবকিছু ভালো হোক!,37,0,0,0,0,0,0,0,0,0,0,0,0,0,0,0,0,0,0,0,0,0,0
normal,"বেশি চিন্তা করব না, সব ঠিক হবে।",Bengali,0,0,"বেশি চিন্তা করব না, সব ঠিক হবে।","বেশি চিন্তা করব না, সব ঠিক হবে।",[],0,0,0,0,0,0,0,0,0,0,0,0,"বেশি চিন্তা করব না, সব ঠিক হবে।",31,0,0,0,0,0,0,0,0,0,0,0,0,0,0,0,0,0,0,0,0,0,0
normal,০১৯২৭২৮৩৭৯২ এই নাম্বারে রকেটে টাকা পাঠান।,Bengali,0,0,০১৯২৭২৮৩৭৯২ এই নাম্বারে রকেটে টাকা পাঠান।,০১৯২৭২৮৩৭৯২ এই নাম্বারে রকেটে টাকা পাঠান।,[],0,0,0,0,0,0,0,0,0,0,0,0,০১৯২৭২৮৩৭৯২ এই নাম্বারে রকেটে টাকা পাঠান।,41,0,0,0,0,0,0,0,0,0,0,0,0,0,0,0,0,0,0,0,0,0,0
smish,আপনার পেমেন্টটি প্রক্রিয়া করতে আমাদের আপনার তথ্য প্রয়োজন। এখানে ক্লিক করুন: [paymentsecure.org/InfoBD],Bengali,1,2,আপনার পেমেন্টটি প্রক্রিয়া করতে আমাদের আপনার তথ্য প্রয়োজন। এখানে ক্লিক করুন: [paymentsecure.org/InfoBD],আপনার পেমেন্টটি প্রক্রিয়া করতে আমাদের আপনার তথ্য প্রয়োজন। এখানে ক্লিক করুন: [paymentsecure.org/InfoBD],['paymentsecure.org/InfoBD'],1,1,24,24,0,1,0,1,0,0,0,0,আপনার পেমেন্টটি প্রক্রিয়া করতে আমাদের আপনার তথ্য প্রয়োজন। এখানে ক্লিক করুন: [ [URL] ],87,1,24,24,0,1,0,1,0,0,0,0,1,24,24,0,1,0,1,0,0,0,0
normal,"বোন, আগামীকাল আমাদের পিকনিক। তুমি কি নিয়ে আসবে?",Bengali,0,0,"বোন, আগামীকাল আমাদের পিকনিক। তুমি কি নিয়ে আসবে?","বোন, আগামীকাল আমাদের পিকনিক। তুমি কি নিয়ে আসবে?",[],0,0,0,0,0,0,0,0,0,0,0,0,"বোন, আগামীকাল আমাদের পিকনিক। তুমি কি নিয়ে আসবে?",48,0,0,0,0,0,0,0,0,0,0,0,0,0,0,0,0,0,0,0,0,0,0
smish,"জনতা ব্যাংক থেকে ৫,০০০ টাকা পুরস্কার জিতেছেন! বিস্তারিত জানতে এখানে ক্লিক করুন: https://t.me/JanataCashPrizeBot",Bengali,1,2,"জনতা ব্যাংক থেকে ৫,০০০ টাকা পুরস্কার জিতেছেন! বিস্তারিত জানতে এখানে ক্লিক করুন: https://t.me/JanataCashPrizeBot","জনতা ব্যাংক থেকে ৫,০০০ টাকা পুরস্কার জিতেছেন! বিস্তারিত জানতে এখানে ক্লিক করুন: https://t.me/JanataCashPrizeBot",['https://t.me/JanataCashPrizeBot'],1,1,31,31,0,1,0,3,1,0,0,0,"জনতা ব্যাংক থেকে ৫,০০০ টাকা পুরস্কার জিতেছেন! বিস্তারিত জানতে এখানে ক্লিক করুন:  [URL] ",87,1,31,31,0,1,0,3,1,0,0,0,1,31,31,0,1,0,3,1,0,0,0
normal,তুমি কি নতুন গানটা শুনেছো? আরিফের গলায় দারুণ লাগছে। গানটা একেবারে বারবার শোনা যায়। কালকে কফিশপে গিয়ে শুনেছিলাম।,Bengali,0,0,তুমি কি নতুন গানটা শুনেছো? আরিফের গলায় দারুণ লাগছে। গানটা একেবারে বারবার শোনা যায়। কালকে কফিশপে গিয়ে শুনেছিলাম।,তুমি কি নতুন গানটা শুনেছো? আরিফের গলায় দারুণ লাগছে। গানটা একেবারে বারবার শোনা যায়। কালকে কফিশপে গিয়ে শুনেছিলাম।,[],0,0,0,0,0,0,0,0,0,0,0,0,তুমি কি নতুন গানটা শুনেছো? আরিফের গলায় দারুণ লাগছে। গানটা একেবারে বারবার শোনা যায়। কালকে কফিশপে গিয়ে শুনেছিলাম।,114,0,0,0,0,0,0,0,0,0,0,0,0,0,0,0,0,0,0,0,0,0,0
normal,"আমি আজকে নতুন ফোন কিনেছি, Samsung Galaxy A15। দামটা একটু বেশি হয়েছে, কিন্তু ক্যামেরা একদম অসাধারণ!",Bengali,0,0,"আমি আজকে নতুন ফোন কিনেছি, Samsung Galaxy A15। দামটা একটু বেশি হয়েছে, কিন্তু ক্যামেরা একদম অসাধারণ!","আমি আজকে নতুন ফোন কিনেছি, Samsung Galaxy A15। দামটা একটু বেশি হয়েছে, কিন্তু ক্যামেরা একদম অসাধারণ!",[],0,0,0,0,0,0,0,0,0,0,0,0,"আমি আজকে নতুন ফোন কিনেছি, Samsung Galaxy A15। দামটা একটু বেশি হয়েছে, কিন্তু ক্যামেরা একদম অসাধারণ!",99,0,0,0,0,0,0,0,0,0,0,0,0,0,0,0,0,0,0,0,0,0,0
smish,"ডাচ্-বাংলা ব্যাংক সতর্কতা: আপনার অ্যাকাউন্টে ২,০০,০০০ টাকার ফান্ড হোল্ড করা হয়েছে। এটি মুক্ত করতে এখনই dbbl-fundrelease.org ভিজিট করুন।",Bengali,1,2,"ডাচ্-বাংলা ব্যাংক সতর্কতা: আপনার অ্যাকাউন্টে ২,০০,০০০ টাকার ফান্ড হোল্ড করা হয়েছে। এটি মুক্ত করতে এখনই dbbl-fundrelease.org ভিজিট করুন।","ডাচ্-বাংলা ব্যাংক সতর্কতা: আপনার অ্যাকাউন্টে ২,০০,০০০ টাকার ফান্ড হোল্ড করা হয়েছে। এটি মুক্ত করতে এখনই dbbl-fundrelease.org ভিজিট করুন।",['dbbl-fundrelease.org'],1,1,20,20,0,1,1,0,0,0,0,0,"ডাচ্-বাংলা ব্যাংক সতর্কতা: আপনার অ্যাকাউন্টে ২,০০,০০০ টাকার ফান্ড হোল্ড করা হয়েছে। এটি মুক্ত করতে এখনই  [URL]  ভিজিট করুন।",123,1,20,20,0,1,1,0,0,0,0,0,1,20,20,0,1,1,0,0,0,0,0
normal,"হ্যালো, কি খবর?",Bengali,0,0,"হ্যালো, কি খবর?","হ্যালো, কি খবর?",[],0,0,0,0,0,0,0,0,0,0,0,0,"হ্যালো, কি খবর?",15,0,0,0,0,0,0,0,0,0,0,0,0,0,0,0,0,0,0,0,0,0,0
normal,"আপা, আমি দেরি করে বাসায় আসবো। অফিসে অতিরিক্ত কাজ আছে।",Bengali,0,0,"আপা, আমি দেরি করে বাসায় আসবো। অফিসে অতিরিক্ত কাজ আছে।","আপা, আমি দেরি করে বাসায় আসবো। অফিসে অতিরিক্ত কাজ আছে।",[],0,0,0,0,0,0,0,0,0,0,0,0,"আপা, আমি দেরি করে বাসায় আসবো। অফিসে অতিরিক্ত কাজ আছে।",54,0,0,0,0,0,0,0,0,0,0,0,0,0,0,0,0,0,0,0,0,0,0
normal,আমি অনেক সময় মিলার মধ্যে পান তা হল আমি একটি মহান এবং আমি অন্য ব্যপারের মধ্যে আমার প্রেমের অমন্ত্রণ দিতে পারি।,Bengali,0,0,আমি অনেক সময় মিলার মধ্যে পান তা হল আমি একটি মহান এবং আমি অন্য ব্যপারের মধ্যে আমার প্রেমের অমন্ত্রণ দিতে পারি।,আমি অনেক সময় মিলার মধ্যে পান তা হল আমি একটি মহান এবং আমি অন্য ব্যপারের মধ্যে আমার প্রেমের অমন্ত্রণ দিতে পারি।,[],0,0,0,0,0,0,0,0,0,0,0,0,আমি অনেক সময় মিলার মধ্যে পান তা হল আমি একটি মহান এবং আমি অন্য ব্যপারের মধ্যে আমার প্রেমের অমন্ত্রণ দিতে পারি।,110,0,0,0,0,0,0,0,0,0,0,0,0,0,0,0,0,0,0,0,0,0,0
normal,ধন্যবাদ ভাই।,Bengali,0,0,ধন্যবাদ ভাই।,ধন্যবাদ ভাই।,[],0,0,0,0,0,0,0,0,0,0,0,0,ধন্যবাদ ভাই।,12,0,0,0,0,0,0,0,0,0,0,0,0,0,0,0,0,0,0,0,0,0,0
normal,০১৭২৯১৭৩৮৪৯ এই নাম্বারে কল করুন।,Bengali,0,0,০১৭২৯১৭৩৮৪৯ এই নাম্বারে কল করুন।,০১৭২৯১৭৩৮৪৯ এই নাম্বারে কল করুন।,[],0,0,0,0,0,0,0,0,0,0,0,0,০১৭২৯১৭৩৮৪৯ এই নাম্বারে কল করুন।,32,0,0,0,0,0,0,0,0,0,0,0,0,0,0,0,0,0,0,0,0,0,0
promo,Daraz Mall এ শপিং করলে এখনই ২০০ টাকা ডিসকাউন্ট ভাউচার ফ্রি। কেবল নতুন ইউজারদের জন্য প্রযোজ্য।,Bengali,0,1,Daraz Mall এ শপিং করলে এখনই ২০০ টাকা ডিসকাউন্ট ভাউচার ফ্রি। কেবল নতুন ইউজারদের জন্য প্রযোজ্য।,Daraz Mall এ শপিং করলে এখনই ২০০ টাকা ডিসকাউন্ট ভাউচার ফ্রি। কেবল নতুন ইউজারদের জন্য প্রযোজ্য।,[],0,0,0,0,0,0,0,0,0,0,0,0,Daraz Mall এ শপিং করলে এখনই ২০০ টাকা ডিসকাউন্ট ভাউচার ফ্রি। কেবল নতুন ইউজারদের জন্য প্রযোজ্য।,93,0,0,0,0,0,0,0,0,0,0,0,0,0,0,0,0,0,0,0,0,0,0
normal,তোমার লক্ষ্যে পৌঁছাতে ধৈর্য ধরো।,Bengali,0,0,তোমার লক্ষ্যে পৌঁছাতে ধৈর্য ধরো।,তোমার লক্ষ্যে পৌঁছাতে ধৈর্য ধরো।,[],0,0,0,0,0,0,0,0,0,0,0,0,তোমার লক্ষ্যে পৌঁছাতে ধৈর্য ধরো।,32,0,0,0,0,0,0,0,0,0,0,0,0,0,0,0,0,0,0,0,0,0,0
promo,নতুন কাস্টমারদের জন্য বিশেষ ডিসকাউন্ট। আজই রেজিস্টার করুন।,Bengali,0,1,নতুন কাস্টমারদের জন্য বিশেষ ডিসকাউন্ট। আজই রেজিস্টার করুন।,নতুন কাস্টমারদের জন্য বিশেষ ডিসকাউন্ট। আজই রেজিস্টার করুন।,[],0,0,0,0,0,0,0,0,0,0,0,0,নতুন কাস্টমারদের জন্য বিশেষ ডিসকাউন্ট। আজই রেজিস্টার করুন।,58,0,0,0,0,0,0,0,0,0,0,0,0,0,0,0,0,0,0,0,0,0,0
smish,"সোনালী ব্যাংক থেকে সতর্কতা: আপনার কার্ডে ৮৫,০০০ টাকার লেনদেন অনুমোদন ছাড়া হয়েছে। এখনই sonali-cardverify.org এ গিয়ে CVV, OTP এবং নাম্বার যাচাই করুন। না করলে কার্ড ব্লক হবে।",Bengali,1,2,"সোনালী ব্যাংক থেকে সতর্কতা: আপনার কার্ডে ৮৫,০০০ টাকার লেনদেন অনুমোদন ছাড়া হয়েছে। এখনই sonali-cardverify.org এ গিয়ে CVV, OTP এবং নাম্বার যাচাই করুন। না করলে কার্ড ব্লক হবে।","সোনালী ব্যাংক থেকে সতর্কতা: আপনার কার্ডে ৮৫,০০০ টাকার লেনদেন অনুমোদন ছাড়া হয়েছে। এখনই sonali-cardverify.org এ গিয়ে CVV, OTP এবং নাম্বার যাচাই করুন। না করলে কার্ড ব্লক হবে।",['sonali-cardverify.org'],1,1,21,21,0,1,1,0,0,0,0,0,"সোনালী ব্যাংক থেকে সতর্কতা: আপনার কার্ডে ৮৫,০০০ টাকার লেনদেন অনুমোদন ছাড়া হয়েছে। এখনই  [URL]  এ গিয়ে CVV, OTP এবং নাম্বার যাচাই করুন। না করলে কার্ড ব্লক হবে।",160,1,21,21,0,1,1,0,0,0,0,0,1,21,21,0,1,1,0,0,0,0,0
smish,"প্রিয় গ্রাহক, 8990 টাকা। K Enterprice ds POS/ECOM.Txn# এ 23-02-2020 তারিখে XX কার্ডে txn করা হয়েছে। আপনার দ্বারা করা হয়নি, নিবন্ধিত মোবাইল এনবি থেকে এই এসএমএসটি ফরোয়ার্ড করুন। 18604195555",Bengali,1,2,"প্রিয় গ্রাহক, 8990 টাকা। K Enterprice ds POS/ECOM.Txn# এ 23-02-2020 তারিখে XX কার্ডে txn করা হয়েছে। আপনার দ্বারা করা হয়নি, নিবন্ধিত মোবাইল এনবি থেকে এই এসএমএসটি ফরোয়ার্ড করুন। 18604195555","প্রিয় গ্রাহক, 8990 টাকা। K Enterprice ds POS/ECOM.Txn# এ 23-02-2020 তারিখে XX কার্ডে txn করা হয়েছে। আপনার দ্বারা করা হয়নি, নিবন্ধিত মোবাইল এনবি থেকে এই এসএমএসটি ফরোয়ার্ড করুন। 18604195555",['ECOM.Txn'],1,1,8,8,0,1,0,0,0,0,0,0,"প্রিয় গ্রাহক, 8990 টাকা। K Enterprice ds POS/ [URL] # এ 23-02-2020 তারিখে XX কার্ডে txn করা হয়েছে। আপনার দ্বারা করা হয়নি, নিবন্ধিত মোবাইল এনবি থেকে এই এসএমএসটি ফরোয়ার্ড করুন। 18604195555",190,1,8,8,0,1,0,0,0,0,0,0,1,8,8,0,1,0,0,0,0,0,0
normal,শুভ অক্টোবর!,Bengali,0,0,শুভ অক্টোবর!,শুভ অক্টোবর!,[],0,0,0,0,0,0,0,0,0,0,0,0,শুভ অক্টোবর!,12,0,0,0,0,0,0,0,0,0,0,0,0,0,0,0,0,0,0,0,0,0,0
promo,"ক্যাশব্যাকে সেঞ্চুরি ৳১০০! ৪৬জিবি @ ৳৩৯৮,৩০দিন: cutt.ly/AwQzYxAf",Bengali,1,1,"ক্যাশব্যাকে সেঞ্চুরি ৳১০০! ৪৬জিবি @ ৳৩৯৮,৩০দিন: cutt.ly/AwQzYxAf","ক্যাশব্যাকে সেঞ্চুরি ৳১০০! ৪৬জিবি @ ৳৩৯৮,৩০দিন: cutt.ly/AwQzYxAf",['cutt.ly/AwQzYxAf'],1,1,16,16,0,1,0,1,0,0,0,1,"ক্যাশব্যাকে সেঞ্চুরি ৳১০০! ৪৬জিবি @ ৳৩৯৮,৩০দিন:  [URL] ",55,1,16,16,0,1,0,1,0,0,0,1,1,16,16,0,1,0,1,0,0,0,1
normal,তোমার দিন কেমন চলছে?,Bengali,0,0,তোমার দিন কেমন চলছে?,তোমার দিন কেমন চলছে?,[],0,0,0,0,0,0,0,0,0,0,0,0,তোমার দিন কেমন চলছে?,20,0,0,0,0,0,0,0,0,0,0,0,0,0,0,0,0,0,0,0,0,0,0
smish,গ্রামীণফোন থেকে বার্তা: আপনার অ্যাকাউন্টে অননুমোদিত কার্যক্রম শনাক্ত হয়েছে। নিরাপত্তার জন্য এখনই gp-securebd.org এ যাচাই করুন।,Bengali,1,2,গ্রামীণফোন থেকে বার্তা: আপনার অ্যাকাউন্টে অননুমোদিত কার্যক্রম শনাক্ত হয়েছে। নিরাপত্তার জন্য এখনই gp-securebd.org এ যাচাই করুন।,গ্রামীণফোন থেকে বার্তা: আপনার অ্যাকাউন্টে অননুমোদিত কার্যক্রম শনাক্ত হয়েছে। নিরাপত্তার জন্য এখনই gp-securebd.org এ যাচাই করুন।,['gp-securebd.org'],1,1,15,15,0,1,1,0,0,0,0,0,গ্রামীণফোন থেকে বার্তা: আপনার অ্যাকাউন্টে অননুমোদিত কার্যক্রম শনাক্ত হয়েছে। নিরাপত্তার জন্য এখনই  [URL]  এ যাচাই করুন।,119,1,15,15,0,1,1,0,0,0,0,0,1,15,15,0,1,1,0,0,0,0,0
promo,পার্টি সাপ্লাইতে অফার! ডেকোরেশন আইটেমে ৪০% ছাড়।,Bengali,0,1,পার্টি সাপ্লাইতে অফার! ডেকোরেশন আইটেমে ৪০% ছাড়।,পার্টি সাপ্লাইতে অফার! ডেকোরেশন আইটেমে ৪০% ছাড়।,[],0,0,0,0,0,0,0,0,0,0,0,0,পার্টি সাপ্লাইতে অফার! ডেকোরেশন আইটেমে ৪০% ছাড়।,48,0,0,0,0,0,0,0,0,0,0,0,0,0,0,0,0,0,0,0,0,0,0
promo,রেটলিস্ট হালনাগাদের জন্য জনমত সংগ্রহ করা হচ্ছে। মতামত প্রদানের জন্য বিটিআরসি’র ওয়েবসাইটের নোটিশ বোর্ড দেখুন (http://www.btrc.gov.bd/)। আপনার মূল্যবান মতামত আমাদের কাছে অত্যন্ত গুরুত্বপূর্ণ।-বিটিআরসি,Bengali,1,1,রেটলিস্ট হালনাগাদের জন্য জনমত সংগ্রহ করা হচ্ছে। মতামত প্রদানের জন্য বিটিআরসি’র ওয়েবসাইটের নোটিশ বোর্ড দেখুন (http://www.btrc.gov.bd/)। আপনার মূল্যবান মতামত আমাদের কাছে অত্যন্ত গুরুত্বপূর্ণ।-বিটিআরসি,রেটলিস্ট হালনাগাদের জন্য জনমত সংগ্রহ করা হচ্ছে। মতামত প্রদানের জন্য বিটিআরসি'র ওয়েবসাইটের নোটিশ বোর্ড দেখুন (http://www.btrc.gov.bd/)। আপনার মূল্যবান মতামত আমাদের কাছে অত্যন্ত গুরুত্বপূর্ণ।-বিটিআরসি,"['http://www.', 'btrc.gov.bd/)।']",2,2,25,14,0,3,0,3,0,0,0,0,রেটলিস্ট হালনাগাদের জন্য জনমত সংগ্রহ করা হচ্ছে। মতামত প্রদানের জন্য বিটিআরসি'র ওয়েবসাইটের নোটিশ বোর্ড দেখুন ( [URL]  [URL]  আপনার মূল্যবান মতামত আমাদের কাছে অত্যন্ত গুরুত্বপূর্ণ।-বিটিআরসি,188,2,25,14,0,3,0,3,0,0,0,0,2,25,14,0,3,0,3,0,0,0,0
smish,"Robi ব্যবহারকারী, আপনার অ্যাকাউন্ট সাসপেন্ড হওয়ার ঝুঁকিতে আছে। পুনরায় চালু রাখতে robicare24-update.org এ গিয়ে আপনার ফোন নম্বর ও OTP প্রদান করুন। সময়সীমা শেষ হলে সেবা আর পাওয়া যাবে না।",Bengali,1,2,"Robi ব্যবহারকারী, আপনার অ্যাকাউন্ট সাসপেন্ড হওয়ার ঝুঁকিতে আছে। পুনরায় চালু রাখতে robicare24-update.org এ গিয়ে আপনার ফোন নম্বর ও OTP প্রদান করুন। সময়সীমা শেষ হলে সেবা আর পাওয়া যাবে না।","Robi ব্যবহারকারী, আপনার অ্যাকাউন্ট সাসপেন্ড হওয়ার ঝুঁকিতে আছে। পুনরায় চালু রাখতে robicare24-update.org এ গিয়ে আপনার ফোন নম্বর ও OTP প্রদান করুন। সময়সীমা শেষ হলে সেবা আর পাওয়া যাবে না।",['robicare24-update.org'],1,1,21,21,2,1,1,0,0,0,0,0,"Robi ব্যবহারকারী, আপনার অ্যাকাউন্ট সাসপেন্ড হওয়ার ঝুঁকিতে আছে। পুনরায় চালু রাখতে  [URL]  এ গিয়ে আপনার ফোন নম্বর ও OTP প্রদান করুন। সময়সীমা শেষ হলে সেবা আর পাওয়া যাবে না।",174,1,21,21,2,1,1,0,0,0,0,0,1,21,21,2,1,1,0,0,0,0,0
smish,"স্মার্টফোন জেতার দুর্দান্ত অফার! সহজ কিছু প্রশ্নের উত্তর দিয়ে জিতে নিন ১৪,৯৯৯ টাকার আকর্ষণীয় স্মার্টফোন Oppo A17 মাত্র ৳২.৭৮/দিন, ডায়াল *213*664#",Bengali,0,2,"স্মার্টফোন জেতার দুর্দান্ত অফার! সহজ কিছু প্রশ্নের উত্তর দিয়ে জিতে নিন ১৪,৯৯৯ টাকার আকর্ষণীয় স্মার্টফোন Oppo A17 মাত্র ৳২.৭৮/দিন, ডায়াল *213*664#","স্মার্টফোন জেতার দুর্দান্ত অফার! সহজ কিছু প্রশ্নের উত্তর দিয়ে জিতে নিন ১৪,৯৯৯ টাকার আকর্ষণীয় স্মার্টফোন Oppo A17 মাত্র ৳২.৭৮/দিন, ডায়াল *213*664#",[],0,0,0,0,0,0,0,0,0,0,0,0,"স্মার্টফোন জেতার দুর্দান্ত অফার! সহজ কিছু প্রশ্নের উত্তর দিয়ে জিতে নিন ১৪,৯৯৯ টাকার আকর্ষণীয় স্মার্টফোন Oppo A17 মাত্র ৳২.৭৮/দিন, ডায়াল *213*664#",148,0,0,0,0,0,0,0,0,0,0,0,0,0,0,0,0,0,0,0,0,0,0
smish,"প্রিয় গ্রাহক, আপনার bKash অ্যাকাউন্টে ১০,০০০ টাকা জমা হয়েছে। বিস্তারিত জানতে কল করুন: +8801712345678",Bengali,0,2,"প্রিয় গ্রাহক, আপনার bKash অ্যাকাউন্টে ১০,০০০ টাকা জমা হয়েছে। বিস্তারিত জানতে কল করুন: +8801712345678","প্রিয় গ্রাহক, আপনার bKash অ্যাকাউন্টে ১০,০০০ টাকা জমা হয়েছে। বিস্তারিত জানতে কল করুন: +8801712345678",[],0,0,0,0,0,0,0,0,0,0,0,0,"প্রিয় গ্রাহক, আপনার bKash অ্যাকাউন্টে ১০,০০০ টাকা জমা হয়েছে। বিস্তারিত জানতে কল করুন: +8801712345678",102,0,0,0,0,0,0,0,0,0,0,0,0,0,0,0,0,0,0,0,0,0,0
smish,গ্রামীণফোন থেকে বার্তা: আপনার অ্যাকাউন্টে অননুমোদিত কার্যক্রম। gp-securebd24.org এ যাচাই করুন।,Bengali,1,2,গ্রামীণফোন থেকে বার্তা: আপনার অ্যাকাউন্টে অননুমোদিত কার্যক্রম। gp-securebd24.org এ যাচাই করুন।,গ্রামীণফোন থেকে বার্তা: আপনার অ্যাকাউন্টে অননুমোদিত কার্যক্রম। gp-securebd24.org এ যাচাই করুন।,['gp-securebd24.org'],1,1,17,17,2,1,1,0,0,0,0,0,গ্রামীণফোন থেকে বার্তা: আপনার অ্যাকাউন্টে অননুমোদিত কার্যক্রম।  [URL]  এ যাচাই করুন।,84,1,17,17,2,1,1,0,0,0,0,0,1,17,17,2,1,1,0,0,0,0,0
smish,iPhone 15 জেতার সুযোগ! কুইজ খেলে জিতুন এখনই। ক্লিক: https://cutt.ly/jeo;,Bengali,1,2,iPhone 15 জেতার সুযোগ! কুইজ খেলে জিতুন এখনই। ক্লিক: https://cutt.ly/jeo;,iPhone 15 জেতার সুযোগ! কুইজ খেলে জিতুন এখনই। ক্লিক: https://cutt.ly/jeo;,['https://cutt.ly/jeo;'],1,1,20,20,0,1,0,3,1,0,0,1,iPhone 15 জেতার সুযোগ! কুইজ খেলে জিতুন এখনই। ক্লিক:  [URL] ,59,1,20,20,0,1,0,3,1,0,0,1,1,20,20,0,1,0,3,1,0,0,1
normal,"প্রিয় শিক্ষার্থী, আপনার টিউশন ফি আজ পর্যন্ত ৩০,৪৫০.০০ টাকা বকেয়া আছে। (পূর্বের লেট ফাইন ও বকেয়াসহ) চলতি মাসের টিউশন ফি (জরিমানা ছাড়া) ১৮ই সেপ্টেম্বর, ২০২৪ মধ্যে পরিশোধ করুন। বিস্তারিত https://student.daffodil.edu.bd/ লগইন করুন। (Daffodil)",Bengali,1,0,"প্রিয় শিক্ষার্থী, আপনার টিউশন ফি আজ পর্যন্ত ৩০,৪৫০.০০ টাকা বকেয়া আছে। (পূর্বের লেট ফাইন ও বকেয়াসহ) চলতি মাসের টিউশন ফি (জরিমানা ছাড়া) ১৮ই সেপ্টেম্বর, ২০২৪ মধ্যে পরিশোধ করুন। বিস্তারিত https://student.daffodil.edu.bd/ লগইন করুন। (Daffodil)","প্রিয় শিক্ষার্থী, আপনার টিউশন ফি আজ পর্যন্ত ৩০,৪৫০.০০ টাকা বকেয়া আছে। (পূর্বের লেট ফাইন ও বকেয়াসহ) চলতি মাসের টিউশন ফি (জরিমানা ছাড়া) ১৮ই সেপ্টেম্বর, ২০২৪ মধ্যে পরিশোধ করুন। বিস্তারিত https://student.daffodil.edu.bd/ লগইন করুন। (Daffodil)",['https://student.daffodil.edu.bd/'],1,1,32,32,0,3,0,3,1,0,0,0,"প্রিয় শিক্ষার্থী, আপনার টিউশন ফি আজ পর্যন্ত ৩০,৪৫০.০০ টাকা বকেয়া আছে। (পূর্বের লেট ফাইন ও বকেয়াসহ) চলতি মাসের টিউশন ফি (জরিমানা ছাড়া) ১৮ই সেপ্টেম্বর, ২০২৪ মধ্যে পরিশোধ করুন। বিস্তারিত  [URL]  লগইন করুন। (Daffodil)",217,1,32,32,0,3,0,3,1,0,0,0,1,32,32,0,3,0,3,1,0,0,0
normal,"কি খবর, হ্যালো?",Bengali,0,0,"কি খবর, হ্যালো?","কি খবর, হ্যালো?",[],0,0,0,0,0,0,0,0,0,0,0,0,"কি খবর, হ্যালো?",15,0,0,0,0,0,0,0,0,0,0,0,0,0,0,0,0,0,0,0,0,0,0
promo,Sundarban Courier অনলাইন বুকিং করলে পাচ্ছেন ১০% ক্যাশব্যাক। নিরাপদে প্যাকেজ পাঠাতে আজই চেষ্টা করুন।,Bengali,0,1,Sundarban Courier অনলাইন বুকিং করলে পাচ্ছেন ১০% ক্যাশব্যাক। নিরাপদে প্যাকেজ পাঠাতে আজই চেষ্টা করুন।,Sundarban Courier অনলাইন বুকিং করলে পাচ্ছেন ১০% ক্যাশব্যাক। নিরাপদে প্যাকেজ পাঠাতে আজই চেষ্টা করুন।,[],0,0,0,0,0,0,0,0,0,0,0,0,Sundarban Courier অনলাইন বুকিং করলে পাচ্ছেন ১০% ক্যাশব্যাক। নিরাপদে প্যাকেজ পাঠাতে আজই চেষ্টা করুন।,99,0,0,0,0,0,0,0,0,0,0,0,0,0,0,0,0,0,0,0,0,0,0
normal,কেমন আছো আপনি?,Bengali,0,0,কেমন আছো আপনি?,কেমন আছো আপনি?,[],0,0,0,0,0,0,0,0,0,0,0,0,কেমন আছো আপনি?,14,0,0,0,0,0,0,0,0,0,0,0,0,0,0,0,0,0,0,0,0,0,0
promo,বোনাস সহ ২জিবি-৪০টাকা-৭দিন। ডায়াল *১২১*৫০৩৭# বা mygp.li/mo,Bengali,1,1,বোনাস সহ ২জিবি-৪০টাকা-৭দিন। ডায়াল *১২১*৫০৩৭# বা mygp.li/mo,বোনাস সহ ২জিবি-৪০টাকা-৭দিন। ডায়াল *১২১*৫০৩৭# বা mygp.li/mo,['mygp.li/mo'],1,1,10,10,0,1,0,1,0,0,0,0,বোনাস সহ ২জিবি-৪০টাকা-৭দিন। ডায়াল *১২১*৫০৩৭# বা  [URL] ,56,1,10,10,0,1,0,1,0,0,0,0,1,10,10,0,1,0,1,0,0,0,0
smish,"ফুটবলে বাজি ধরুন এবং ৫,০০০ টাকা ক্যাশব্যাক জিতুন। শুরু করুন: phlebolog.com.ua/libraries/joomla/results.php",Bengali,1,2,"ফুটবলে বাজি ধরুন এবং ৫,০০০ টাকা ক্যাশব্যাক জিতুন। শুরু করুন: phlebolog.com.ua/libraries/joomla/results.php","ফুটবলে বাজি ধরুন এবং ৫,০০০ টাকা ক্যাশব্যাক জিতুন। শুরু করুন: phlebolog.com.ua/libraries/joomla/results.php",['phlebolog.com.ua/libraries/joomla/results.php'],1,1,45,45,0,3,0,3,0,0,0,0,"ফুটবলে বাজি ধরুন এবং ৫,০০০ টাকা ক্যাশব্যাক জিতুন। শুরু করুন:  [URL] ",68,1,45,45,0,3,0,3,0,0,0,0,1,45,45,0,3,0,3,0,0,0,0
promo,"উম্মাহ সপ থেকে যে কোনো ধরনের কেনাকাটা করলে পাচ্ছেন ২০% পর্যন্ত বোনাস,  ফারিদপুর সদর।",Bengali,0,1,"উম্মাহ সপ থেকে যে কোনো ধরনের কেনাকাটা করলে পাচ্ছেন ২০% পর্যন্ত বোনাস,  ফারিদপুর সদর।","উম্মাহ সপ থেকে যে কোনো ধরনের কেনাকাটা করলে পাচ্ছেন ২০% পর্যন্ত বোনাস, ফারিদপুর সদর।",[],0,0,0,0,0,0,0,0,0,0,0,0,"উম্মাহ সপ থেকে যে কোনো ধরনের কেনাকাটা করলে পাচ্ছেন ২০% পর্যন্ত বোনাস, ফারিদপুর সদর।",83,0,0,0,0,0,0,0,0,0,0,0,0,0,0,0,0,0,0,0,0,0,0
normal,০১৭২৯১৭৩৮৯২ নাম্বারে রকেটে টাকা পাঠাও।,Bengali,0,0,০১৭২৯১৭৩৮৯২ নাম্বারে রকেটে টাকা পাঠাও।,০১৭২৯১৭৩৮৯২ নাম্বারে রকেটে টাকা পাঠাও।,[],0,0,0,0,0,0,0,0,0,0,0,0,০১৭২৯১৭৩৮৯২ নাম্বারে রকেটে টাকা পাঠাও।,38,0,0,0,0,0,0,0,0,0,0,0,0,0,0,0,0,0,0,0,0,0,0
normal,"সময় কম তাড়াতাড়ি টাকা পাঠাও,  আমি চলে যাবো, আমার বিকাশ ০১৭২৮২৮৮২৯২",Bengali,0,0,"সময় কম তাড়াতাড়ি টাকা পাঠাও,  আমি চলে যাবো, আমার বিকাশ ০১৭২৮২৮৮২৯২","সময় কম তাড়াতাড়ি টাকা পাঠাও, আমি চলে যাবো, আমার বিকাশ ০১৭২৮২৮৮২৯২",[],0,0,0,0,0,0,0,0,0,0,0,0,"সময় কম তাড়াতাড়ি টাকা পাঠাও, আমি চলে যাবো, আমার বিকাশ ০১৭২৮২৮৮২৯২",67,0,0,0,0,0,0,0,0,0,0,0,0,0,0,0,0,0,0,0,0,0,0
normal,"আম্মু, আমি অফিস থেকে সবজি কিনে নিয়ে আসবো। লিস্ট পাঠান।",Bengali,0,0,"আম্মু, আমি অফিস থেকে সবজি কিনে নিয়ে আসবো। লিস্ট পাঠান।","আম্মু, আমি অফিস থেকে সবজি কিনে নিয়ে আসবো। লিস্ট পাঠান।",[],0,0,0,0,0,0,0,0,0,0,0,0,"আম্মু, আমি অফিস থেকে সবজি কিনে নিয়ে আসবো। লিস্ট পাঠান।",55,0,0,0,0,0,0,0,0,0,0,0,0,0,0,0,0,0,0,0,0,0,0
smish,ক্যাসিনোতে বাজি ধরুন এবং একটি ফ্রি গাড়ি জিতুন! আজই যোগ দিন: phlebolog.com.ua/libraries/joomla/results.php,Bengali,1,2,ক্যাসিনোতে বাজি ধরুন এবং একটি ফ্রি গাড়ি জিতুন! আজই যোগ দিন: phlebolog.com.ua/libraries/joomla/results.php,ক্যাসিনোতে বাজি ধরুন এবং একটি ফ্রি গাড়ি জিতুন! আজই যোগ দিন: phlebolog.com.ua/libraries/joomla/results.php,['phlebolog.com.ua/libraries/joomla/results.php'],1,1,45,45,0,3,0,3,0,0,0,0,ক্যাসিনোতে বাজি ধরুন এবং একটি ফ্রি গাড়ি জিতুন! আজই যোগ দিন:  [URL] ,68,1,45,45,0,3,0,3,0,0,0,0,1,45,45,0,3,0,3,0,0,0,0
promo,এপ্রিলে ৫জিবি ডাটা use করে মে মাসে পাবে lowest কলরেট- cutt.ly/0AA4sic,Bengali,1,1,এপ্রিলে ৫জিবি ডাটা use করে মে মাসে পাবে lowest কলরেট- cutt.ly/0AA4sic,এপ্রিলে ৫জিবি ডাটা use করে মে মাসে পাবে lowest কলরেট- cutt.ly/0AA4sic,['cutt.ly/0AA4sic'],1,1,15,15,2,1,0,1,0,0,0,1,এপ্রিলে ৫জিবি ডাটা use করে মে মাসে পাবে lowest কলরেট-  [URL] ,61,1,15,15,2,1,0,1,0,0,0,1,1,15,15,2,1,0,1,0,0,0,1
normal,আসসালামুয়ালাইকুম।,Bengali,0,0,আসসালামুয়ালাইকুম।,আসসালামুয়ালাইকুম।,[],0,0,0,0,0,0,0,0,0,0,0,0,আসসালামুয়ালাইকুম।,18,0,0,0,0,0,0,0,0,0,0,0,0,0,0,0,0,0,0,0,0,0,0
promo,Shohoz Food App-এ আজ সব অর্ডারে ২০% ছাড়। কোড: SHOHOZ20 ব্যবহার করুন।,Bengali,0,1,Shohoz Food App-এ আজ সব অর্ডারে ২০% ছাড়। কোড: SHOHOZ20 ব্যবহার করুন।,Shohoz Food App-এ আজ সব অর্ডারে ২০% ছাড়। কোড: SHOHOZ20 ব্যবহার করুন।,[],0,0,0,0,0,0,0,0,0,0,0,0,Shohoz Food App-এ আজ সব অর্ডারে ২০% ছাড়। কোড: SHOHOZ20 ব্যবহার করুন।,69,0,0,0,0,0,0,0,0,0,0,0,0,0,0,0,0,0,0,0,0,0,0
smish,আপনার একাউন্ট হ্যাক হতে পারে। দ্রুত ৩০০০ টাকা পাঠান এই নাম্বারে: ০১৭৮৯৬৫৪৩২।,Bengali,0,2,আপনার একাউন্ট হ্যাক হতে পারে। দ্রুত ৩০০০ টাকা পাঠান এই নাম্বারে: ০১৭৮৯৬৫৪৩২।,আপনার একাউন্ট হ্যাক হতে পারে। দ্রুত ৩০০০ টাকা পাঠান এই নাম্বারে: ০১৭৮৯৬৫৪৩২।,[],0,0,0,0,0,0,0,0,0,0,0,0,আপনার একাউন্ট হ্যাক হতে পারে। দ্রুত ৩০০০ টাকা পাঠান এই নাম্বারে: ০১৭৮৯৬৫৪৩২।,76,0,0,0,0,0,0,0,0,0,0,0,0,0,0,0,0,0,0,0,0,0,0
smish,"এখনই খেলুন, জিতে নিন ৫টি স্মার্টফোন! সুযোগ হাতছাড়া করবেন না, ক্লিক করুন: https://cutt.ly/Deo ; ট্যাক্সসহ চার্জ ২.৭৮ টাকা/দিন।",Bengali,1,2,"এখনই খেলুন, জিতে নিন ৫টি স্মার্টফোন! সুযোগ হাতছাড়া করবেন না, ক্লিক করুন: https://cutt.ly/Deo ; ট্যাক্সসহ চার্জ ২.৭৮ টাকা/দিন।","এখনই খেলুন, জিতে নিন ৫টি স্মার্টফোন! সুযোগ হাতছাড়া করবেন না, ক্লিক করুন: https://cutt.ly/Deo ; ট্যাক্সসহ চার্জ ২.৭৮ টাকা/দিন।",['https://cutt.ly/Deo'],1,1,19,19,0,1,0,3,1,0,0,1,"এখনই খেলুন, জিতে নিন ৫টি স্মার্টফোন! সুযোগ হাতছাড়া করবেন না, ক্লিক করুন:  [URL]  ; ট্যাক্সসহ চার্জ ২.৭৮ টাকা/দিন।",114,1,19,19,0,1,0,3,1,0,0,1,1,19,19,0,1,0,3,1,0,0,1
smish,"২০০ টাকা বিনামূল্যে বোনাস!
৫০০০টাকা জেতার সুযোগ।
https://cutt.ly/JiliG",Bengali,1,2,"২০০ টাকা বিনামূল্যে বোনাস!
৫০০০টাকা জেতার সুযোগ।
https://cutt.ly/JiliG",২০০ টাকা বিনামূল্যে বোনাস! ৫০০০টাকা জেতার সুযোগ। https://cutt.ly/JiliG,['https://cutt.ly/JiliG'],1,1,21,21,0,1,0,3,1,0,0,1,২০০ টাকা বিনামূল্যে বোনাস! ৫০০০টাকা জেতার সুযোগ।  [URL] ,56,1,21,21,0,1,0,3,1,0,0,1,1,21,21,0,1,0,3,1,0,0,1
promo,"GP গ্রাহকরা আজ পাচ্ছেন ৩ জিবি মাত্র ৪৯ টাকা, বৈধতা ৩ দিন। *121*49# ডায়াল করুন। অফার আজ রাত পর্যন্ত।",Bengali,0,1,"GP গ্রাহকরা আজ পাচ্ছেন ৩ জিবি মাত্র ৪৯ টাকা, বৈধতা ৩ দিন। *121*49# ডায়াল করুন। অফার আজ রাত পর্যন্ত।","GP গ্রাহকরা আজ পাচ্ছেন ৩ জিবি মাত্র ৪৯ টাকা, বৈধতা ৩ দিন। *121*49# ডায়াল করুন। অফার আজ রাত পর্যন্ত।",[],0,0,0,0,0,0,0,0,0,0,0,0,"GP গ্রাহকরা আজ পাচ্ছেন ৩ জিবি মাত্র ৪৯ টাকা, বৈধতা ৩ দিন। *121*49# ডায়াল করুন। অফার আজ রাত পর্যন্ত।",100,0,0,0,0,0,0,0,0,0,0,0,0,0,0,0,0,0,0,0,0,0,0
promo,Robi Music App সাবস্ক্রিপশন ৩০ দিনের জন্য মাত্র ৩৯ টাকা। গান শুনুন সীমাহীন।,Bengali,0,1,Robi Music App সাবস্ক্রিপশন ৩০ দিনের জন্য মাত্র ৩৯ টাকা। গান শুনুন সীমাহীন।,Robi Music App সাবস্ক্রিপশন ৩০ দিনের জন্য মাত্র ৩৯ টাকা। গান শুনুন সীমাহীন।,[],0,0,0,0,0,0,0,0,0,0,0,0,Robi Music App সাবস্ক্রিপশন ৩০ দিনের জন্য মাত্র ৩৯ টাকা। গান শুনুন সীমাহীন।,75,0,0,0,0,0,0,0,0,0,0,0,0,0,0,0,0,0,0,0,0,0,0
promo,"২০জিবি @৩০৯৳ ৩০দিন,মন মতো বানিয়ে নাও ডাটা মিক্সারে- cutt.ly/HwFKsbAy",Bengali,1,1,"২০জিবি @৩০৯৳ ৩০দিন,মন মতো বানিয়ে নাও ডাটা মিক্সারে- cutt.ly/HwFKsbAy","২০জিবি @৩০৯৳ ৩০দিন,মন মতো বানিয়ে নাও ডাটা মিক্সারে- cutt.ly/HwFKsbAy",['cutt.ly/HwFKsbAy'],1,1,16,16,0,1,0,1,0,0,0,1,"২০জিবি @৩০৯৳ ৩০দিন,মন মতো বানিয়ে নাও ডাটা মিক্সারে-  [URL] ",60,1,16,16,0,1,0,1,0,0,0,1,1,16,16,0,1,0,1,0,0,0,1
promo,সীমিত সময়ের অফার! ৪০জিবি (বোনাসসহ) ৫০০টাকা ৩০দিন।ডায়াল *১২১*৫০৪৯# বা mygp.li/mo,Bengali,1,1,সীমিত সময়ের অফার! ৪০জিবি (বোনাসসহ) ৫০০টাকা ৩০দিন।ডায়াল *১২১*৫০৪৯# বা mygp.li/mo,সীমিত সময়ের অফার! ৪০জিবি (বোনাসসহ) ৫০০টাকা ৩০দিন।ডায়াল *১২১*৫০৪৯# বা mygp.li/mo,['mygp.li/mo'],1,1,10,10,0,1,0,1,0,0,0,0,সীমিত সময়ের অফার! ৪০জিবি (বোনাসসহ) ৫০০টাকা ৩০দিন।ডায়াল *১২১*৫০৪৯# বা  [URL] ,78,1,10,10,0,1,0,1,0,0,0,0,1,10,10,0,1,0,1,0,0,0,0
smish,"২,০০,০০০ টাকা বিনিয়োগে ৪,০০,০০০ টাকা অর্জন করুন! কল করুন: +8801710900912",Bengali,0,2,"২,০০,০০০ টাকা বিনিয়োগে ৪,০০,০০০ টাকা অর্জন করুন! কল করুন: +8801710900912","২,০০,০০০ টাকা বিনিয়োগে ৪,০০,০০০ টাকা অর্জন করুন! কল করুন: +8801710900912",[],0,0,0,0,0,0,0,0,0,0,0,0,"২,০০,০০০ টাকা বিনিয়োগে ৪,০০,০০০ টাকা অর্জন করুন! কল করুন: +8801710900912",73,0,0,0,0,0,0,0,0,0,0,0,0,0,0,0,0,0,0,0,0,0,0
normal,আজ তোমার স্কুলের কী কাজ হয়েছে?,Bengali,0,0,আজ তোমার স্কুলের কী কাজ হয়েছে?,আজ তোমার স্কুলের কী কাজ হয়েছে?,[],0,0,0,0,0,0,0,0,0,0,0,0,আজ তোমার স্কুলের কী কাজ হয়েছে?,31,0,0,0,0,0,0,0,0,0,0,0,0,0,0,0,0,0,0,0,0,0,0
normal,বিদ্যুতের চালার প্রয়োগ করা হয়।,Bengali,0,0,বিদ্যুতের চালার প্রয়োগ করা হয়।,বিদ্যুতের চালার প্রয়োগ করা হয়।,[],0,0,0,0,0,0,0,0,0,0,0,0,বিদ্যুতের চালার প্রয়োগ করা হয়।,32,0,0,0,0,0,0,0,0,0,0,0,0,0,0,0,0,0,0,0,0,0,0
normal,আজ সকালে হালকা ব্যায়াম করলাম। শরীরটা ফ্রেশ লাগছে। প্রতিদিন নিয়মিত করলে আরও ভালো লাগবে।,Bengali,0,0,আজ সকালে হালকা ব্যায়াম করলাম। শরীরটা ফ্রেশ লাগছে। প্রতিদিন নিয়মিত করলে আরও ভালো লাগবে।,আজ সকালে হালকা ব্যায়াম করলাম। শরীরটা ফ্রেশ লাগছে। প্রতিদিন নিয়মিত করলে আরও ভালো লাগবে।,[],0,0,0,0,0,0,0,0,0,0,0,0,আজ সকালে হালকা ব্যায়াম করলাম। শরীরটা ফ্রেশ লাগছে। প্রতিদিন নিয়মিত করলে আরও ভালো লাগবে।,88,0,0,0,0,0,0,0,0,0,0,0,0,0,0,0,0,0,0,0,0,0,0
normal,আজকে ফেসবুকে একটা দারুণ মজার ভিডিও দেখেছি। পরে তোমাকে শেয়ার করবো।,Bengali,0,0,আজকে ফেসবুকে একটা দারুণ মজার ভিডিও দেখেছি। পরে তোমাকে শেয়ার করবো।,আজকে ফেসবুকে একটা দারুণ মজার ভিডিও দেখেছি। পরে তোমাকে শেয়ার করবো।,[],0,0,0,0,0,0,0,0,0,0,0,0,আজকে ফেসবুকে একটা দারুণ মজার ভিডিও দেখেছি। পরে তোমাকে শেয়ার করবো।,66,0,0,0,0,0,0,0,0,0,0,0,0,0,0,0,0,0,0,0,0,0,0
normal,আশা করি তোমার সফলতা হোক!,Bengali,0,0,আশা করি তোমার সফলতা হোক!,আশা করি তোমার সফলতা হোক!,[],0,0,0,0,0,0,0,0,0,0,0,0,আশা করি তোমার সফলতা হোক!,24,0,0,0,0,0,0,0,0,0,0,0,0,0,0,0,0,0,0,0,0,0,0
smish,"হ্যালো, ট্র্যাকিং কোড Dz-8342-FY344 সহ আপনার FEDEX প্যাকেজ আপনার ডেলিভারি পছন্দ সেট করার জন্য অপেক্ষা করছে: c4info/Gm0843vz1",Bengali,0,2,"হ্যালো, ট্র্যাকিং কোড Dz-8342-FY344 সহ আপনার FEDEX প্যাকেজ আপনার ডেলিভারি পছন্দ সেট করার জন্য অপেক্ষা করছে: c4info/Gm0843vz1","হ্যালো, ট্র্যাকিং কোড Dz-8342-FY344 সহ আপনার FEDEX প্যাকেজ আপনার ডেলিভারি পছন্দ সেট করার জন্য অপেক্ষা করছে: c4info/Gm0843vz1",[],0,0,0,0,0,0,0,0,0,0,0,0,"হ্যালো, ট্র্যাকিং কোড Dz-8342-FY344 সহ আপনার FEDEX প্যাকেজ আপনার ডেলিভারি পছন্দ সেট করার জন্য অপেক্ষা করছে: c4info/Gm0843vz1",124,0,0,0,0,0,0,0,0,0,0,0,0,0,0,0,0,0,0,0,0,0,0
smish,সোনালী ব্যাংক অ্যাকাউন্টে ত্রুটি দেখা দিয়েছে। বিস্তারিত জানতে এখানে ক্লিক করুন: https://wa.me/8801815566778,Bengali,1,2,সোনালী ব্যাংক অ্যাকাউন্টে ত্রুটি দেখা দিয়েছে। বিস্তারিত জানতে এখানে ক্লিক করুন: https://wa.me/8801815566778,সোনালী ব্যাংক অ্যাকাউন্টে ত্রুটি দেখা দিয়েছে। বিস্তারিত জানতে এখানে ক্লিক করুন: https://wa.me/8801815566778,['https://wa.me/8801815566778'],1,1,27,27,13,1,0,3,1,0,0,0,সোনালী ব্যাংক অ্যাকাউন্টে ত্রুটি দেখা দিয়েছে। বিস্তারিত জানতে এখানে ক্লিক করুন:  [URL] ,88,1,27,27,13,1,0,3,1,0,0,0,1,27,27,13,1,0,3,1,0,0,0
promo,Daraz Electronics Fair! ল্যাপটপ ও গ্যাজেট কিনলে ৩০% ডিসকাউন্ট।,Bengali,0,1,Daraz Electronics Fair! ল্যাপটপ ও গ্যাজেট কিনলে ৩০% ডিসকাউন্ট।,Daraz Electronics Fair! ল্যাপটপ ও গ্যাজেট কিনলে ৩০% ডিসকাউন্ট।,[],0,0,0,0,0,0,0,0,0,0,0,0,Daraz Electronics Fair! ল্যাপটপ ও গ্যাজেট কিনলে ৩০% ডিসকাউন্ট।,62,0,0,0,0,0,0,0,0,0,0,0,0,0,0,0,0,0,0,0,0,0,0
promo,"প্রো-লেভেল আড্ডা+ইন্টারনেটিং-১০জিবি+২৫০মি@২৫৮৳,৩০দিন cutt.ly/wwCctHGF",Bengali,1,1,"প্রো-লেভেল আড্ডা+ইন্টারনেটিং-১০জিবি+২৫০মি@২৫৮৳,৩০দিন cutt.ly/wwCctHGF","প্রো-লেভেল আড্ডা+ইন্টারনেটিং-১০জিবি+২৫০মি@২৫৮৳,৩০দিন cutt.ly/wwCctHGF",['cutt.ly/wwCctHGF'],1,1,16,16,0,1,0,1,0,0,0,1,"প্রো-লেভেল আড্ডা+ইন্টারনেটিং-১০জিবি+২৫০মি@২৫৮৳,৩০দিন  [URL] ",60,1,16,16,0,1,0,1,0,0,0,1,1,16,16,0,1,0,1,0,0,0,1
promo,"পূর্বাচল সংলগ্ন নাভানা'র ৩,৫ ও ১০ কাঠার প্লট কিনুন – ০১৮৪৭-২১৪০১৮",Bengali,0,1,"পূর্বাচল সংলগ্ন নাভানা'র ৩,৫ ও ১০ কাঠার প্লট কিনুন – ০১৮৪৭-২১৪০১৮","পূর্বাচল সংলগ্ন নাভানা'র ৩,৫ ও ১০ কাঠার প্লট কিনুন - ০১৮৪৭-২১৪০১৮",[],0,0,0,0,0,0,0,0,0,0,0,0,"পূর্বাচল সংলগ্ন নাভানা'র ৩,৫ ও ১০ কাঠার প্লট কিনুন - ০১৮৪৭-২১৪০১৮",65,0,0,0,0,0,0,0,0,0,0,0,0,0,0,0,0,0,0,0,0,0,0
smish,আপনি একটি গুরুত্বপূর্ণ নোটিফিকেশন পেয়েছেন। এটি দেখতে এখানে ক্লিক করুন: [notifyme.org/ImportantBD],Bengali,1,2,আপনি একটি গুরুত্বপূর্ণ নোটিফিকেশন পেয়েছেন। এটি দেখতে এখানে ক্লিক করুন: [notifyme.org/ImportantBD],আপনি একটি গুরুত্বপূর্ণ নোটিফিকেশন পেয়েছেন। এটি দেখতে এখানে ক্লিক করুন: [notifyme.org/ImportantBD],['notifyme.org/ImportantBD'],1,1,24,24,0,1,0,1,0,0,0,0,আপনি একটি গুরুত্বপূর্ণ নোটিফিকেশন পেয়েছেন। এটি দেখতে এখানে ক্লিক করুন: [ [URL] ],81,1,24,24,0,1,0,1,0,0,0,0,1,24,24,0,1,0,1,0,0,0,0
smish,বাংলাদেশ ব্যাংক অ্যাকাউন্টে সমস্যা হয়েছে। কল করুন: +8801818899001,Bengali,0,2,বাংলাদেশ ব্যাংক অ্যাকাউন্টে সমস্যা হয়েছে। কল করুন: +8801818899001,বাংলাদেশ ব্যাংক অ্যাকাউন্টে সমস্যা হয়েছে। কল করুন: +8801818899001,[],0,0,0,0,0,0,0,0,0,0,0,0,বাংলাদেশ ব্যাংক অ্যাকাউন্টে সমস্যা হয়েছে। কল করুন: +8801818899001,66,0,0,0,0,0,0,0,0,0,0,0,0,0,0,0,0,0,0,0,0,0,0
normal,০১৬৭২৫৭৩৮৫১ নাম্বারে বিকাশ করুন।,Bengali,0,0,০১৬৭২৫৭৩৮৫১ নাম্বারে বিকাশ করুন।,০১৬৭২৫৭৩৮৫১ নাম্বারে বিকাশ করুন।,[],0,0,0,0,0,0,0,0,0,0,0,0,০১৬৭২৫৭৩৮৫১ নাম্বারে বিকাশ করুন।,32,0,0,0,0,0,0,0,0,0,0,0,0,0,0,0,0,0,0,0,0,0,0
normal,আজকে বাসে বসে বই পড়ছিলাম। ভীষণ ভালো লাগছিলো।,Bengali,0,0,আজকে বাসে বসে বই পড়ছিলাম। ভীষণ ভালো লাগছিলো।,আজকে বাসে বসে বই পড়ছিলাম। ভীষণ ভালো লাগছিলো।,[],0,0,0,0,0,0,0,0,0,0,0,0,আজকে বাসে বসে বই পড়ছিলাম। ভীষণ ভালো লাগছিলো।,45,0,0,0,0,0,0,0,0,0,0,0,0,0,0,0,0,0,0,0,0,0,0
smish,শাকিবের সই করা গ্লাভস জিততে আইপিএলে বাজি ধরুন। এখনই ক্লিক করুন: promusic.co/components/interbank.com/,Bengali,1,2,শাকিবের সই করা গ্লাভস জিততে আইপিএলে বাজি ধরুন। এখনই ক্লিক করুন: promusic.co/components/interbank.com/,শাকিবের সই করা গ্লাভস জিততে আইপিএলে বাজি ধরুন। এখনই ক্লিক করুন: promusic.co/components/interbank.com/,['promusic.co/components/interbank.com/'],1,1,37,37,0,2,0,3,0,0,0,0,শাকিবের সই করা গ্লাভস জিততে আইপিএলে বাজি ধরুন। এখনই ক্লিক করুন:  [URL] ,71,1,37,37,0,2,0,3,0,0,0,0,1,37,37,0,2,0,3,0,0,0,0
promo,Daraz Big Sale—ইলেকট্রনিক্সে ৫০% পর্যন্ত ছাড়। আজ রাত ১২টা পর্যন্ত।,Bengali,0,1,Daraz Big Sale—ইলেকট্রনিক্সে ৫০% পর্যন্ত ছাড়। আজ রাত ১২টা পর্যন্ত।,Daraz Big Sale - ইলেকট্রনিক্সে ৫০% পর্যন্ত ছাড়। আজ রাত ১২টা পর্যন্ত।,[],0,0,0,0,0,0,0,0,0,0,0,0,Daraz Big Sale - ইলেকট্রনিক্সে ৫০% পর্যন্ত ছাড়। আজ রাত ১২টা পর্যন্ত।,69,0,0,0,0,0,0,0,0,0,0,0,0,0,0,0,0,0,0,0,0,0,0
smish,"১০,০০০ টাকা বিনিয়োগে ৩০,০০০ টাকা অর্জন করুন! কল করুন: +8801711011123",Bengali,0,2,"১০,০০০ টাকা বিনিয়োগে ৩০,০০০ টাকা অর্জন করুন! কল করুন: +8801711011123","১০,০০০ টাকা বিনিয়োগে ৩০,০০০ টাকা অর্জন করুন! কল করুন: +8801711011123",[],0,0,0,0,0,0,0,0,0,0,0,0,"১০,০০০ টাকা বিনিয়োগে ৩০,০০০ টাকা অর্জন করুন! কল করুন: +8801711011123",69,0,0,0,0,0,0,0,0,0,0,0,0,0,0,0,0,0,0,0,0,0,0
smish,"প্রিয় গ্রাহক, সন্দেহজনক লেনদেনের কারণে আপনার একাউন্ট সাময়িক ভাবে বন্ধ করা হয়েছে।বাংলাদেশ ব্যাংক এর নিতীমালা অনুসারে সঠিক তথ্যের ভিত্তিতে পুনরায় সচল করে দাওয়া হবে। একজন ম্যানেজার আপনাকে কল দেবে ( ...... )",Bengali,0,2,"প্রিয় গ্রাহক, সন্দেহজনক লেনদেনের কারণে আপনার একাউন্ট সাময়িক ভাবে বন্ধ করা হয়েছে।বাংলাদেশ ব্যাংক এর নিতীমালা অনুসারে সঠিক তথ্যের ভিত্তিতে পুনরায় সচল করে দাওয়া হবে। একজন ম্যানেজার আপনাকে কল দেবে ( ...... )","প্রিয় গ্রাহক, সন্দেহজনক লেনদেনের কারণে আপনার একাউন্ট সাময়িক ভাবে বন্ধ করা হয়েছে।বাংলাদেশ ব্যাংক এর নিতীমালা অনুসারে সঠিক তথ্যের ভিত্তিতে পুনরায় সচল করে দাওয়া হবে। একজন ম্যানেজার আপনাকে কল দেবে ( ...... )",[],0,0,0,0,0,0,0,0,0,0,0,0,"প্রিয় গ্রাহক, সন্দেহজনক লেনদেনের কারণে আপনার একাউন্ট সাময়িক ভাবে বন্ধ করা হয়েছে।বাংলাদেশ ব্যাংক এর নিতীমালা অনুসারে সঠিক তথ্যের ভিত্তিতে পুনরায় সচল করে দাওয়া হবে। একজন ম্যানেজার আপনাকে কল দেবে ( ...... )",208,0,0,0,0,0,0,0,0,0,0,0,0,0,0,0,0,0,0,0,0,0,0
smish,সতর্কতা! আপনার City Bank অ্যাকাউন্টে সন্দেহজনক লেনদেন। তাৎক্ষণিক কল করুন: ০১৭৭৮৮৯৯০০০,Bengali,0,2,সতর্কতা! আপনার City Bank অ্যাকাউন্টে সন্দেহজনক লেনদেন। তাৎক্ষণিক কল করুন: ০১৭৭৮৮৯৯০০০,সতর্কতা! আপনার City Bank অ্যাকাউন্টে সন্দেহজনক লেনদেন। তাৎক্ষণিক কল করুন: ০১৭৭৮৮৯৯০০০,[],0,0,0,0,0,0,0,0,0,0,0,0,সতর্কতা! আপনার City Bank অ্যাকাউন্টে সন্দেহজনক লেনদেন। তাৎক্ষণিক কল করুন: ০১৭৭৮৮৯৯০০০,85,0,0,0,0,0,0,0,0,0,0,0,0,0,0,0,0,0,0,0,0,0,0
promo,Shohoz Rides আজ সব রাইডে ২০% ডিসকাউন্ট দিচ্ছে। নিরাপদ ভ্রমণের জন্য এখনই বুক করুন।,Bengali,0,1,Shohoz Rides আজ সব রাইডে ২০% ডিসকাউন্ট দিচ্ছে। নিরাপদ ভ্রমণের জন্য এখনই বুক করুন।,Shohoz Rides আজ সব রাইডে ২০% ডিসকাউন্ট দিচ্ছে। নিরাপদ ভ্রমণের জন্য এখনই বুক করুন।,[],0,0,0,0,0,0,0,0,0,0,0,0,Shohoz Rides আজ সব রাইডে ২০% ডিসকাউন্ট দিচ্ছে। নিরাপদ ভ্রমণের জন্য এখনই বুক করুন।,81,0,0,0,0,0,0,0,0,0,0,0,0,0,0,0,0,0,0,0,0,0,0
smish,আপনার ডেবিট কার্ডের পিন রিসেট করতে কল করুন +8801914455667,Bengali,0,2,আপনার ডেবিট কার্ডের পিন রিসেট করতে কল করুন +8801914455667,আপনার ডেবিট কার্ডের পিন রিসেট করতে কল করুন +8801914455667,[],0,0,0,0,0,0,0,0,0,0,0,0,আপনার ডেবিট কার্ডের পিন রিসেট করতে কল করুন +8801914455667,57,0,0,0,0,0,0,0,0,0,0,0,0,0,0,0,0,0,0,0,0,0,0
smish,জরুরি বার্তা! আপনার গ্যাস কানেকশন বন্ধ হবে। বিল পরিশোধ: gas-bill-pay.ml,Bengali,1,2,জরুরি বার্তা! আপনার গ্যাস কানেকশন বন্ধ হবে। বিল পরিশোধ: gas-bill-pay.ml,জরুরি বার্তা! আপনার গ্যাস কানেকশন বন্ধ হবে। বিল পরিশোধ: gas-bill-pay.ml,['gas-bill-pay.ml'],1,1,15,15,0,1,2,0,0,0,0,0,জরুরি বার্তা! আপনার গ্যাস কানেকশন বন্ধ হবে। বিল পরিশোধ:  [URL] ,63,1,15,15,0,1,2,0,0,0,0,0,1,15,15,0,1,2,0,0,0,0,0
smish,1 মিনিটে 1 লাখ টাকা পুরস্কার. ঘরে বসে অনলাইনে কুইজ খেলে 1 লাখ টাকা পুরস্কার জিতুন. শুধু মাত্র 3 টি প্রশ্নের সঠিক উত্তর দিয়ে জিতে নিন 1 লাখ টাকা পুরস্কার. প্রশ্ন এমন বদলে দেবে জীবন. শুধু দেখলে হবে না খেলতে হবে. কুইজ না খেললে পুরস্কার জিতবে কীভাবে ? visit: https://lnkd.in/gmvCtjH7,Bengali,1,2,1 মিনিটে 1 লাখ টাকা পুরস্কার. ঘরে বসে অনলাইনে কুইজ খেলে 1 লাখ টাকা পুরস্কার জিতুন. শুধু মাত্র 3 টি প্রশ্নের সঠিক উত্তর দিয়ে জিতে নিন 1 লাখ টাকা পুরস্কার. প্রশ্ন এমন বদলে দেবে জীবন. শুধু দেখলে হবে না খেলতে হবে. কুইজ না খেললে পুরস্কার জিতবে কীভাবে ? visit: https://lnkd.in/gmvCtjH7,1 মিনিটে 1 লাখ টাকা পুরস্কার. ঘরে বসে অনলাইনে কুইজ খেলে 1 লাখ টাকা পুরস্কার জিতুন. শুধু মাত্র 3 টি প্রশ্নের সঠিক উত্তর দিয়ে জিতে নিন 1 লাখ টাকা পুরস্কার. প্রশ্ন এমন বদলে দেবে জীবন. শুধু দেখলে হবে না খেলতে হবে. কুইজ না খেললে পুরস্কার জিতবে কীভাবে ? visit: https://lnkd.in/gmvCtjH7,['https://lnkd.in/gmvCtjH7'],1,1,24,24,1,1,0,3,1,0,0,0,1 মিনিটে 1 লাখ টাকা পুরস্কার. ঘরে বসে অনলাইনে কুইজ খেলে 1 লাখ টাকা পুরস্কার জিতুন. শুধু মাত্র 3 টি প্রশ্নের সঠিক উত্তর দিয়ে জিতে নিন 1 লাখ টাকা পুরস্কার. প্রশ্ন এমন বদলে দেবে জীবন. শুধু দেখলে হবে না খেলতে হবে. কুইজ না খেললে পুরস্কার জিতবে কীভাবে ? visit:  [URL] ,263,1,24,24,1,1,0,3,1,0,0,0,1,24,24,1,1,0,3,1,0,0,0
promo,"৳৩০ ক্যাশব্যাকে পকেট সেভিং- ১২জিবি+২০০মি.@৳১৬৯,৭দিন: cutt.ly/Mw59ykAZ",Bengali,1,1,"৳৩০ ক্যাশব্যাকে পকেট সেভিং- ১২জিবি+২০০মি.@৳১৬৯,৭দিন: cutt.ly/Mw59ykAZ","৳৩০ ক্যাশব্যাকে পকেট সেভিং- ১২জিবি+২০০মি.@৳১৬৯,৭দিন: cutt.ly/Mw59ykAZ",['cutt.ly/Mw59ykAZ'],1,1,16,16,2,1,0,1,0,0,0,1,"৳৩০ ক্যাশব্যাকে পকেট সেভিং- ১২জিবি+২০০মি.@৳১৬৯,৭দিন:  [URL] ",60,1,16,16,2,1,0,1,0,0,0,1,1,16,16,2,1,0,1,0,0,0,1
smish,আপনার মোবাইল ব্যালেন্স রিচার্জ করতে এখানে ক্লিক করুন: [securetopup.com/TopupBD],Bengali,1,2,আপনার মোবাইল ব্যালেন্স রিচার্জ করতে এখানে ক্লিক করুন: [securetopup.com/TopupBD],আপনার মোবাইল ব্যালেন্স রিচার্জ করতে এখানে ক্লিক করুন: [securetopup.com/TopupBD],['securetopup.com/TopupBD'],1,1,23,23,0,1,0,1,0,0,0,0,আপনার মোবাইল ব্যালেন্স রিচার্জ করতে এখানে ক্লিক করুন: [ [URL] ],63,1,23,23,0,1,0,1,0,0,0,0,1,23,23,0,1,0,1,0,0,0,0
promo,"আজই শেষ দিন!৫জিবি+১৫০মিনিট ১৩০টাকা (৩০দিন),ডায়াল *১২১*৫২০৫# বা https://mygp.li/a0",Bengali,1,1,"আজই শেষ দিন!৫জিবি+১৫০মিনিট ১৩০টাকা (৩০দিন),ডায়াল *১২১*৫২০৫# বা https://mygp.li/a0","আজই শেষ দিন!৫জিবি+১৫০মিনিট ১৩০টাকা (৩০দিন),ডায়াল *১২১*৫২০৫# বা https://mygp.li/a0",['https://mygp.li/a0'],1,1,18,18,1,1,0,3,1,0,0,0,"আজই শেষ দিন!৫জিবি+১৫০মিনিট ১৩০টাকা (৩০দিন),ডায়াল *১২১*৫২০৫# বা  [URL] ",71,1,18,18,1,1,0,3,1,0,0,0,1,18,18,1,1,0,3,1,0,0,0
smish,"প্রিয় গ্রাহক, আপনি ১,০০,০০০ টাকা লোন অনুমোদন পেয়েছেন। টাকা পেতে হলে এখনই আপনার পিন দিন claim-bdloan.com এ।",Bengali,1,2,"প্রিয় গ্রাহক, আপনি ১,০০,০০০ টাকা লোন অনুমোদন পেয়েছেন। টাকা পেতে হলে এখনই আপনার পিন দিন claim-bdloan.com এ।","প্রিয় গ্রাহক, আপনি ১,০০,০০০ টাকা লোন অনুমোদন পেয়েছেন। টাকা পেতে হলে এখনই আপনার পিন দিন claim-bdloan.com এ।",['claim-bdloan.com'],1,1,16,16,0,1,1,0,0,0,0,0,"প্রিয় গ্রাহক, আপনি ১,০০,০০০ টাকা লোন অনুমোদন পেয়েছেন। টাকা পেতে হলে এখনই আপনার পিন দিন  [URL]  এ।",99,1,16,16,0,1,1,0,0,0,0,0,1,16,16,0,1,1,0,0,0,0,0
normal,আজকের মিটিং কেমন ছিল?,Bengali,0,0,আজকের মিটিং কেমন ছিল?,আজকের মিটিং কেমন ছিল?,[],0,0,0,0,0,0,0,0,0,0,0,0,আজকের মিটিং কেমন ছিল?,21,0,0,0,0,0,0,0,0,0,0,0,0,0,0,0,0,0,0,0,0,0,0
smish,অ্যাপল আইফোন ১২ জিতেছেন! ডেলিভারি নিশ্চিত করতে কল করুন: +8801814455667,Bengali,0,2,অ্যাপল আইফোন ১২ জিতেছেন! ডেলিভারি নিশ্চিত করতে কল করুন: +8801814455667,অ্যাপল আইফোন ১২ জিতেছেন! ডেলিভারি নিশ্চিত করতে কল করুন: +8801814455667,[],0,0,0,0,0,0,0,0,0,0,0,0,অ্যাপল আইফোন ১২ জিতেছেন! ডেলিভারি নিশ্চিত করতে কল করুন: +8801814455667,70,0,0,0,0,0,0,0,0,0,0,0,0,0,0,0,0,0,0,0,0,0,0
smish,"Hot wallet টোকেন দিয়ে দিয়েছে 1 টোকেন $5.00
যারা অল্প সময়ে বেশি ইনকাম করতে চান, এখনই জয়েন করুণ
Link:
https://t.me/herewalletbot/app?startapp=12940707",Bengali,1,2,"Hot wallet টোকেন দিয়ে দিয়েছে 1 টোকেন $5.00
যারা অল্প সময়ে বেশি ইনকাম করতে চান, এখনই জয়েন করুণ
Link:
https://t.me/herewalletbot/app?startapp=12940707","Hot wallet টোকেন দিয়ে দিয়েছে 1 টোকেন $5.00 যারা অল্প সময়ে বেশি ইনকাম করতে চান, এখনই জয়েন করুণ Link: https://t.me/herewalletbot/app?startapp=12940707",['https://t.me/herewalletbot/app?startapp=12940707'],1,1,48,48,8,1,0,4,1,0,0,0,"Hot wallet টোকেন দিয়ে দিয়েছে 1 টোকেন $5.00 যারা অল্প সময়ে বেশি ইনকাম করতে চান, এখনই জয়েন করুণ Link:  [URL] ",111,1,48,48,8,1,0,4,1,0,0,0,1,48,48,8,1,0,4,1,0,0,0
promo,"শেখ হাসিনা সরকারের সাফল্য:
২০০৮ সালে এক এমবিপিএস ইন্টারনেট ব্যান্ডউদথের মূল্য ছিল ২৭ হাজার টাকা বর্তমানে একদেশ একরেটের আওতায় তা ৬০ টাকায় নির্ধারিত হয়েছে।",Bengali,0,1,"শেখ হাসিনা সরকারের সাফল্য:
২০০৮ সালে এক এমবিপিএস ইন্টারনেট ব্যান্ডউদথের মূল্য ছিল ২৭ হাজার টাকা বর্তমানে একদেশ একরেটের আওতায় তা ৬০ টাকায় নির্ধারিত হয়েছে।",শেখ হাসিনা সরকারের সাফল্য: ২০০৮ সালে এক এমবিপিএস ইন্টারনেট ব্যান্ডউদথের মূল্য ছিল ২৭ হাজার টাকা বর্তমানে একদেশ একরেটের আওতায় তা ৬০ টাকায় নির্ধারিত হয়েছে।,[],0,0,0,0,0,0,0,0,0,0,0,0,শেখ হাসিনা সরকারের সাফল্য: ২০০৮ সালে এক এমবিপিএস ইন্টারনেট ব্যান্ডউদথের মূল্য ছিল ২৭ হাজার টাকা বর্তমানে একদেশ একরেটের আওতায় তা ৬০ টাকায় নির্ধারিত হয়েছে।,156,0,0,0,0,0,0,0,0,0,0,0,0,0,0,0,0,0,0,0,0,0,0
smish,"দুঃখিত, আমি ভুল করে আপনাকে একটি ৬ সংখ্যার OTP পাঠিয়ে দিয়েছি। আপনি আমাকে OTP-টা ফরওয়ার্ড করতে পারবেন? এখনই দরকার",Bengali,0,2,"দুঃখিত, আমি ভুল করে আপনাকে একটি ৬ সংখ্যার OTP পাঠিয়ে দিয়েছি। আপনি আমাকে OTP-টা ফরওয়ার্ড করতে পারবেন? এখনই দরকার","দুঃখিত, আমি ভুল করে আপনাকে একটি ৬ সংখ্যার OTP পাঠিয়ে দিয়েছি। আপনি আমাকে OTP-টা ফরওয়ার্ড করতে পারবেন? এখনই দরকার",[],0,0,0,0,0,0,0,0,0,0,0,0,"দুঃখিত, আমি ভুল করে আপনাকে একটি ৬ সংখ্যার OTP পাঠিয়ে দিয়েছি। আপনি আমাকে OTP-টা ফরওয়ার্ড করতে পারবেন? এখনই দরকার",114,0,0,0,0,0,0,0,0,0,0,0,0,0,0,0,0,0,0,0,0,0,0
smish,Emergency: আপনার পেনশন একাউন্ট বন্ধ হবে। রিনিউ: pension-renew.cf,Bengali,1,2,Emergency: আপনার পেনশন একাউন্ট বন্ধ হবে। রিনিউ: pension-renew.cf,Emergency: আপনার পেনশন একাউন্ট বন্ধ হবে। রিনিউ: pension-renew.cf,['pension-renew.cf'],1,1,16,16,0,1,1,0,0,0,0,0,Emergency: আপনার পেনশন একাউন্ট বন্ধ হবে। রিনিউ:  [URL] ,55,1,16,16,0,1,1,0,0,0,0,0,1,16,16,0,1,1,0,0,0,0,0
normal,"গত সপ্তাহে নতুন বই কিনেছিলাম। গল্পটা দারুণ, পড়তে শুরু করতেই ডুবে গেছি।",Bengali,0,0,"গত সপ্তাহে নতুন বই কিনেছিলাম। গল্পটা দারুণ, পড়তে শুরু করতেই ডুবে গেছি।","গত সপ্তাহে নতুন বই কিনেছিলাম। গল্পটা দারুণ, পড়তে শুরু করতেই ডুবে গেছি।",[],0,0,0,0,0,0,0,0,0,0,0,0,"গত সপ্তাহে নতুন বই কিনেছিলাম। গল্পটা দারুণ, পড়তে শুরু করতেই ডুবে গেছি।",71,0,0,0,0,0,0,0,0,0,0,0,0,0,0,0,0,0,0,0,0,0,0
normal,আজকে মা পায়েস বানিয়েছে। চাইলে তুমি এসে খেয়ে যেতে পারো।,Bengali,0,0,আজকে মা পায়েস বানিয়েছে। চাইলে তুমি এসে খেয়ে যেতে পারো।,আজকে মা পায়েস বানিয়েছে। চাইলে তুমি এসে খেয়ে যেতে পারো।,[],0,0,0,0,0,0,0,0,0,0,0,0,আজকে মা পায়েস বানিয়েছে। চাইলে তুমি এসে খেয়ে যেতে পারো।,57,0,0,0,0,0,0,0,0,0,0,0,0,0,0,0,0,0,0,0,0,0,0
promo,"আড্ডা+ইন্টারনেটিংয়ে নতুন ডিল ১০জিবি+৩০০মি@২৯৬৳,৩০দিন:cutt.ly/QwFwTH3J",Bengali,1,1,"আড্ডা+ইন্টারনেটিংয়ে নতুন ডিল ১০জিবি+৩০০মি@২৯৬৳,৩০দিন:cutt.ly/QwFwTH3J","আড্ডা+ইন্টারনেটিংয়ে নতুন ডিল ১০জিবি+৩০০মি@২৯৬৳,৩০দিন:cutt.ly/QwFwTH3J",['cutt.ly/QwFwTH3J'],1,1,16,16,1,1,0,1,0,0,0,1,"আড্ডা+ইন্টারনেটিংয়ে নতুন ডিল ১০জিবি+৩০০মি@২৯৬৳,৩০দিন: [URL] ",61,1,16,16,1,1,0,1,0,0,0,1,1,16,16,1,1,0,1,0,0,0,1
smish,"বাংলালিংক জানাচ্ছে, আপনার বকেয়া বিল ৫,২০০ টাকা। অবিলম্বে pay-bl24.net এ গিয়ে বিল পরিশোধ করুন, না হলে সেবা বন্ধ করে দেওয়া হবে। এটি একটি চূড়ান্ত সতর্কীকরণ।",Bengali,1,2,"বাংলালিংক জানাচ্ছে, আপনার বকেয়া বিল ৫,২০০ টাকা। অবিলম্বে pay-bl24.net এ গিয়ে বিল পরিশোধ করুন, না হলে সেবা বন্ধ করে দেওয়া হবে। এটি একটি চূড়ান্ত সতর্কীকরণ।","বাংলালিংক জানাচ্ছে, আপনার বকেয়া বিল ৫,২০০ টাকা। অবিলম্বে pay-bl24.net এ গিয়ে বিল পরিশোধ করুন, না হলে সেবা বন্ধ করে দেওয়া হবে। এটি একটি চূড়ান্ত সতর্কীকরণ।",['pay-bl24.net'],1,1,12,12,2,1,1,0,0,0,0,0,"বাংলালিংক জানাচ্ছে, আপনার বকেয়া বিল ৫,২০০ টাকা। অবিলম্বে  [URL]  এ গিয়ে বিল পরিশোধ করুন, না হলে সেবা বন্ধ করে দেওয়া হবে। এটি একটি চূড়ান্ত সতর্কীকরণ।",152,1,12,12,2,1,1,0,0,0,0,0,1,12,12,2,1,1,0,0,0,0,0
normal,০১৭৩৮২৯৩৭৬৫ এই নাম্বারে রকেটে টাকা পাঠান।,Bengali,0,0,০১৭৩৮২৯৩৭৬৫ এই নাম্বারে রকেটে টাকা পাঠান।,০১৭৩৮২৯৩৭৬৫ এই নাম্বারে রকেটে টাকা পাঠান।,[],0,0,0,0,0,0,0,0,0,0,0,0,০১৭৩৮২৯৩৭৬৫ এই নাম্বারে রকেটে টাকা পাঠান।,41,0,0,0,0,0,0,0,0,0,0,0,0,0,0,0,0,0,0,0,0,0,0
smish,আপনার ইন্টারনেট সংযোগ পুনরায় চালু করতে কল করুন +8801811122334,Bengali,0,2,আপনার ইন্টারনেট সংযোগ পুনরায় চালু করতে কল করুন +8801811122334,আপনার ইন্টারনেট সংযোগ পুনরায় চালু করতে কল করুন +8801811122334,[],0,0,0,0,0,0,0,0,0,0,0,0,আপনার ইন্টারনেট সংযোগ পুনরায় চালু করতে কল করুন +8801811122334,62,0,0,0,0,0,0,0,0,0,0,0,0,0,0,0,0,0,0,0,0,0,0
promo,"প্রো-লেভেল ৳১০০ ক্যাশব্যাকে ৩৫জিবি+৫০০মি.@৳৩৯৯,৩০দিন cutt.ly/2wQlYv6U",Bengali,1,1,"প্রো-লেভেল ৳১০০ ক্যাশব্যাকে ৩৫জিবি+৫০০মি.@৳৩৯৯,৩০দিন cutt.ly/2wQlYv6U","প্রো-লেভেল ৳১০০ ক্যাশব্যাকে ৩৫জিবি+৫০০মি.@৳৩৯৯,৩০দিন cutt.ly/2wQlYv6U",['cutt.ly/2wQlYv6U'],1,1,16,16,2,1,0,1,0,0,0,1,"প্রো-লেভেল ৳১০০ ক্যাশব্যাকে ৩৫জিবি+৫০০মি.@৳৩৯৯,৩০দিন  [URL] ",60,1,16,16,2,1,0,1,0,0,0,1,1,16,16,2,1,0,1,0,0,0,1
promo,Shohoz অ্যাপে আজ টিকিট কিনলে ১০% ছাড়! কোড ব্যবহার করুন: TRAVEL10 এবং নিরাপদ ভ্রমণ উপভোগ করুন।,Bengali,0,1,Shohoz অ্যাপে আজ টিকিট কিনলে ১০% ছাড়! কোড ব্যবহার করুন: TRAVEL10 এবং নিরাপদ ভ্রমণ উপভোগ করুন।,Shohoz অ্যাপে আজ টিকিট কিনলে ১০% ছাড়! কোড ব্যবহার করুন: TRAVEL10 এবং নিরাপদ ভ্রমণ উপভোগ করুন।,[],0,0,0,0,0,0,0,0,0,0,0,0,Shohoz অ্যাপে আজ টিকিট কিনলে ১০% ছাড়! কোড ব্যবহার করুন: TRAVEL10 এবং নিরাপদ ভ্রমণ উপভোগ করুন।,94,0,0,0,0,0,0,0,0,0,0,0,0,0,0,0,0,0,0,0,0,0,0
smish,আপনার ব্যাংক একাউন্ট থেকে অজানা লেনদেন হয়েছে। বিস্তারিত জানতে কল করুন +8801914455667,Bengali,0,2,আপনার ব্যাংক একাউন্ট থেকে অজানা লেনদেন হয়েছে। বিস্তারিত জানতে কল করুন +8801914455667,আপনার ব্যাংক একাউন্ট থেকে অজানা লেনদেন হয়েছে। বিস্তারিত জানতে কল করুন +8801914455667,[],0,0,0,0,0,0,0,0,0,0,0,0,আপনার ব্যাংক একাউন্ট থেকে অজানা লেনদেন হয়েছে। বিস্তারিত জানতে কল করুন +8801914455667,85,0,0,0,0,0,0,0,0,0,0,0,0,0,0,0,0,0,0,0,0,0,0
smish,Alert: আপনার ইন্টারনেট বিল পেমেন্ট পেন্ডিং। সার্ভিস বন্ধের আগে: pay-now.tk,Bengali,1,2,Alert: আপনার ইন্টারনেট বিল পেমেন্ট পেন্ডিং। সার্ভিস বন্ধের আগে: pay-now.tk,Alert: আপনার ইন্টারনেট বিল পেমেন্ট পেন্ডিং। সার্ভিস বন্ধের আগে: pay-now.tk,['pay-now.tk'],1,1,10,10,0,1,1,0,0,0,0,0,Alert: আপনার ইন্টারনেট বিল পেমেন্ট পেন্ডিং। সার্ভিস বন্ধের আগে:  [URL] ,71,1,10,10,0,1,1,0,0,0,0,0,1,10,10,0,1,1,0,0,0,0,0
normal,সপ্তাহান্তে বন্ধুদের সঙ্গে পিকনিকে যাব।,Bengali,0,0,সপ্তাহান্তে বন্ধুদের সঙ্গে পিকনিকে যাব।,সপ্তাহান্তে বন্ধুদের সঙ্গে পিকনিকে যাব।,[],0,0,0,0,0,0,0,0,0,0,0,0,সপ্তাহান্তে বন্ধুদের সঙ্গে পিকনিকে যাব।,39,0,0,0,0,0,0,0,0,0,0,0,0,0,0,0,0,0,0,0,0,0,0
promo,বিকাশ পেমেন্টে ক্যাশব্যাক! সব শপে ১০% রিওয়ার্ড পান।,Bengali,0,1,বিকাশ পেমেন্টে ক্যাশব্যাক! সব শপে ১০% রিওয়ার্ড পান।,বিকাশ পেমেন্টে ক্যাশব্যাক! সব শপে ১০% রিওয়ার্ড পান।,[],0,0,0,0,0,0,0,0,0,0,0,0,বিকাশ পেমেন্টে ক্যাশব্যাক! সব শপে ১০% রিওয়ার্ড পান।,52,0,0,0,0,0,0,0,0,0,0,0,0,0,0,0,0,0,0,0,0,0,0
smish,আপনি একটি জরুরি বার্তা পেয়েছেন। এটি দেখতে এখানে ক্লিক করুন: [urgentmsg.net/MessageBD],Bengali,1,2,আপনি একটি জরুরি বার্তা পেয়েছেন। এটি দেখতে এখানে ক্লিক করুন: [urgentmsg.net/MessageBD],আপনি একটি জরুরি বার্তা পেয়েছেন। এটি দেখতে এখানে ক্লিক করুন: [urgentmsg.net/MessageBD],['urgentmsg.net/MessageBD'],1,1,23,23,0,1,0,1,0,0,0,0,আপনি একটি জরুরি বার্তা পেয়েছেন। এটি দেখতে এখানে ক্লিক করুন: [ [URL] ],70,1,23,23,0,1,0,1,0,0,0,0,1,23,23,0,1,0,1,0,0,0,0
promo,"GP Pay দিয়ে বিল পরিশোধ করুন আর পান ৫% ক্যাশব্যাক, সর্বোচ্চ ২০০ টাকা পর্যন্ত।",Bengali,0,1,"GP Pay দিয়ে বিল পরিশোধ করুন আর পান ৫% ক্যাশব্যাক, সর্বোচ্চ ২০০ টাকা পর্যন্ত।","GP Pay দিয়ে বিল পরিশোধ করুন আর পান ৫% ক্যাশব্যাক, সর্বোচ্চ ২০০ টাকা পর্যন্ত।",[],0,0,0,0,0,0,0,0,0,0,0,0,"GP Pay দিয়ে বিল পরিশোধ করুন আর পান ৫% ক্যাশব্যাক, সর্বোচ্চ ২০০ টাকা পর্যন্ত।",77,0,0,0,0,0,0,0,0,0,0,0,0,0,0,0,0,0,0,0,0,0,0
smish,"হ্যালো, আমার নাম আলিয়ে। আপনাকে বিরক্ত করার জন্য দুঃখিত। আমি Amazon.com এর মানব সম্পদ বিভাগ থেকে বলছি। আপনার কয়েক মিনিট সময় নিতে পারি কি?

২:৩০ অপরাহ্ন

আমাদের কোম্পানি আপনাকে একটি পার্ট-টাইম কাজ দিতে পেরে আনন্দিত, যা আপনি আপনার ফ্রি সময়ে করতে পারবেন, তাই আমাদের প্রচুর সংখ্যক সহযোগী কর্মী নিয়োগ করতে হবে (কোন ফি এবং কোন ইনভেস্টমেন্ট নেই)। এই কাজটি সহজ এবং নমনীয় এবং আপনার বর্তমান কাজের সাথে কোনভাবেই বাধা দেবে না। পরে আপনি প্রতিদিন মাত্র ৫-১০ মিনিটের মধ্যে সহজেই ৩০০-১২০০ টাকা উপার্জন করতে পারবেন। আপনি কি এই কাজটিতে আগ্রহী?",Bengali,1,2,"হ্যালো, আমার নাম আলিয়ে। আপনাকে বিরক্ত করার জন্য দুঃখিত। আমি Amazon.com এর মানব সম্পদ বিভাগ থেকে বলছি। আপনার কয়েক মিনিট সময় নিতে পারি কি?

২:৩০ অপরাহ্ন

আমাদের কোম্পানি আপনাকে একটি পার্ট-টাইম কাজ দিতে পেরে আনন্দিত, যা আপনি আপনার ফ্রি সময়ে করতে পারবেন, তাই আমাদের প্রচুর সংখ্যক সহযোগী কর্মী নিয়োগ করতে হবে (কোন ফি এবং কোন ইনভেস্টমেন্ট নেই)। এই কাজটি সহজ এবং নমনীয় এবং আপনার বর্তমান কাজের সাথে কোনভাবেই বাধা দেবে না। পরে আপনি প্রতিদিন মাত্র ৫-১০ মিনিটের মধ্যে সহজেই ৩০০-১২০০ টাকা উপার্জন করতে পারবেন। আপনি কি এই কাজটিতে আগ্রহী?","হ্যালো, আমার নাম আলিয়ে। আপনাকে বিরক্ত করার জন্য দুঃখিত। আমি Amazon.com এর মানব সম্পদ বিভাগ থেকে বলছি। আপনার কয়েক মিনিট সময় নিতে পারি কি? ২:৩০ অপরাহ্ন আমাদের কোম্পানি আপনাকে একটি পার্ট-টাইম কাজ দিতে পেরে আনন্দিত, যা আপনি আপনার ফ্রি সময়ে করতে পারবেন, তাই আমাদের প্রচুর সংখ্যক সহযোগী কর্মী নিয়োগ করতে হবে (কোন ফি এবং কোন ইনভেস্টমেন্ট নেই)। এই কাজটি সহজ এবং নমনীয় এবং আপনার বর্তমান কাজের সাথে কোনভাবেই বাধা দেবে না। পরে আপনি প্রতিদিন মাত্র ৫-১০ মিনিটের মধ্যে সহজেই ৩০০-১২০০ টাকা উপার্জন করতে পারবেন। আপনি কি এই কাজটিতে আগ্রহী?",['Amazon.com'],1,1,10,10,0,1,0,0,0,0,0,0,"হ্যালো, আমার নাম আলিয়ে। আপনাকে বিরক্ত করার জন্য দুঃখিত। আমি  [URL]  এর মানব সম্পদ বিভাগ থেকে বলছি। আপনার কয়েক মিনিট সময় নিতে পারি কি? ২:৩০ অপরাহ্ন আমাদের কোম্পানি আপনাকে একটি পার্ট-টাইম কাজ দিতে পেরে আনন্দিত, যা আপনি আপনার ফ্রি সময়ে করতে পারবেন, তাই আমাদের প্রচুর সংখ্যক সহযোগী কর্মী নিয়োগ করতে হবে (কোন ফি এবং কোন ইনভেস্টমেন্ট নেই)। এই কাজটি সহজ এবং নমনীয় এবং আপনার বর্তমান কাজের সাথে কোনভাবেই বাধা দেবে না। পরে আপনি প্রতিদিন মাত্র ৫-১০ মিনিটের মধ্যে সহজেই ৩০০-১২০০ টাকা উপার্জন করতে পারবেন। আপনি কি এই কাজটিতে আগ্রহী?",525,1,10,10,0,1,0,0,0,0,0,0,1,10,10,0,1,0,0,0,0,0,0
smish,Alert: আপনার ক্রেডিট স্কোর কমে গেছে। চেক করুন: check-score.ga,Bengali,1,2,Alert: আপনার ক্রেডিট স্কোর কমে গেছে। চেক করুন: check-score.ga,Alert: আপনার ক্রেডিট স্কোর কমে গেছে। চেক করুন: check-score.ga,['check-score.ga'],1,1,14,14,0,1,1,0,0,0,0,0,Alert: আপনার ক্রেডিট স্কোর কমে গেছে। চেক করুন:  [URL] ,54,1,14,14,0,1,1,0,0,0,0,0,1,14,14,0,1,1,0,0,0,0,0
normal,এই যা কোন অন্য জন্য এটির জন্য না কেন সেটি বিশেষ হলো তাই আমি এটি বলতে চাই।,Bengali,0,0,এই যা কোন অন্য জন্য এটির জন্য না কেন সেটি বিশেষ হলো তাই আমি এটি বলতে চাই।,এই যা কোন অন্য জন্য এটির জন্য না কেন সেটি বিশেষ হলো তাই আমি এটি বলতে চাই।,[],0,0,0,0,0,0,0,0,0,0,0,0,এই যা কোন অন্য জন্য এটির জন্য না কেন সেটি বিশেষ হলো তাই আমি এটি বলতে চাই।,73,0,0,0,0,0,0,0,0,0,0,0,0,0,0,0,0,0,0,0,0,0,0
smish,"জনাব মাহমুদ, আপনার ব্যাংক অ্যাকাউন্ট হ্যাক হয়েছে। তাৎক্ষণিকভাবে 16216 এ কল করে আপনার অ্যাকাউন্ট নম্বর ও OTP দিন, না হলে পুরো টাকা হারাবেন।",Bengali,0,2,"জনাব মাহমুদ, আপনার ব্যাংক অ্যাকাউন্ট হ্যাক হয়েছে। তাৎক্ষণিকভাবে 16216 এ কল করে আপনার অ্যাকাউন্ট নম্বর ও OTP দিন, না হলে পুরো টাকা হারাবেন।","জনাব মাহমুদ, আপনার ব্যাংক অ্যাকাউন্ট হ্যাক হয়েছে। তাৎক্ষণিকভাবে 16216 এ কল করে আপনার অ্যাকাউন্ট নম্বর ও OTP দিন, না হলে পুরো টাকা হারাবেন।",[],0,0,0,0,0,0,0,0,0,0,0,0,"জনাব মাহমুদ, আপনার ব্যাংক অ্যাকাউন্ট হ্যাক হয়েছে। তাৎক্ষণিকভাবে 16216 এ কল করে আপনার অ্যাকাউন্ট নম্বর ও OTP দিন, না হলে পুরো টাকা হারাবেন।",139,0,0,0,0,0,0,0,0,0,0,0,0,0,0,0,0,0,0,0,0,0,0
normal,গতকাল রাতে সবাই মিলে ফুটবল খেললাম। অনেকদিন পর খেলাটা দারুণ উপভোগ করেছি।,Bengali,0,0,গতকাল রাতে সবাই মিলে ফুটবল খেললাম। অনেকদিন পর খেলাটা দারুণ উপভোগ করেছি।,গতকাল রাতে সবাই মিলে ফুটবল খেললাম। অনেকদিন পর খেলাটা দারুণ উপভোগ করেছি।,[],0,0,0,0,0,0,0,0,0,0,0,0,গতকাল রাতে সবাই মিলে ফুটবল খেললাম। অনেকদিন পর খেলাটা দারুণ উপভোগ করেছি।,71,0,0,0,0,0,0,0,0,0,0,0,0,0,0,0,0,0,0,0,0,0,0
promo,GP STAR গ্রাহকরা আজ পাচ্ছেন ৫০০ টাকার শপিং ভাউচার। Daraz-এ ব্যবহার করুন।,Bengali,0,1,GP STAR গ্রাহকরা আজ পাচ্ছেন ৫০০ টাকার শপিং ভাউচার। Daraz-এ ব্যবহার করুন।,GP STAR গ্রাহকরা আজ পাচ্ছেন ৫০০ টাকার শপিং ভাউচার। Daraz-এ ব্যবহার করুন।,[],0,0,0,0,0,0,0,0,0,0,0,0,GP STAR গ্রাহকরা আজ পাচ্ছেন ৫০০ টাকার শপিং ভাউচার। Daraz-এ ব্যবহার করুন।,72,0,0,0,0,0,0,0,0,0,0,0,0,0,0,0,0,0,0,0,0,0,0
normal,শুভ লক্ষ্মী পূজা!,Bengali,0,0,শুভ লক্ষ্মী পূজা!,শুভ লক্ষ্মী পূজা!,[],0,0,0,0,0,0,0,0,0,0,0,0,শুভ লক্ষ্মী পূজা!,17,0,0,0,0,0,0,0,0,0,0,0,0,0,0,0,0,0,0,0,0,0,0
smish,Lucky Draw: আপনি Suzuki গাড়ি জিতেছেন! নিবন্ধন: car-winner.ml,Bengali,1,2,Lucky Draw: আপনি Suzuki গাড়ি জিতেছেন! নিবন্ধন: car-winner.ml,Lucky Draw: আপনি Suzuki গাড়ি জিতেছেন! নিবন্ধন: car-winner.ml,['car-winner.ml'],1,1,13,13,0,1,1,0,0,0,0,0,Lucky Draw: আপনি Suzuki গাড়ি জিতেছেন! নিবন্ধন:  [URL] ,55,1,13,13,0,1,1,0,0,0,0,0,1,13,13,0,1,1,0,0,0,0,0
smish,বাংলাদেশ ব্যাংক অ্যাকাউন্টে ত্রুটি দেখা দিয়েছে। বিস্তারিত জানতে এখানে ক্লিক করুন: https://wa.me/8801918899001,Bengali,1,2,বাংলাদেশ ব্যাংক অ্যাকাউন্টে ত্রুটি দেখা দিয়েছে। বিস্তারিত জানতে এখানে ক্লিক করুন: https://wa.me/8801918899001,বাংলাদেশ ব্যাংক অ্যাকাউন্টে ত্রুটি দেখা দিয়েছে। বিস্তারিত জানতে এখানে ক্লিক করুন: https://wa.me/8801918899001,['https://wa.me/8801918899001'],1,1,27,27,13,1,0,3,1,0,0,0,বাংলাদেশ ব্যাংক অ্যাকাউন্টে ত্রুটি দেখা দিয়েছে। বিস্তারিত জানতে এখানে ক্লিক করুন:  [URL] ,90,1,27,27,13,1,0,3,1,0,0,0,1,27,27,13,1,0,3,1,0,0,0
promo,২০০৳ সেইই ক্যাশব্যাক! নাও ৬০জিবি+১০০০মিনিট@৬৯৯৳ ৩০দিন: cutt.ly/aAhiAsI,Bengali,1,1,২০০৳ সেইই ক্যাশব্যাক! নাও ৬০জিবি+১০০০মিনিট@৬৯৯৳ ৩০দিন: cutt.ly/aAhiAsI,২০০৳ সেইই ক্যাশব্যাক! নাও ৬০জিবি+১০০০মিনিট@৬৯৯৳ ৩০দিন: cutt.ly/aAhiAsI,['cutt.ly/aAhiAsI'],1,1,15,15,0,1,0,1,0,0,0,1,২০০৳ সেইই ক্যাশব্যাক! নাও ৬০জিবি+১০০০মিনিট@৬৯৯৳ ৩০দিন:  [URL] ,62,1,15,15,0,1,0,1,0,0,0,1,1,15,15,0,1,0,1,0,0,0,1
smish,বাংলালিংক থেকে জরুরি বার্তা: আপনার বকেয়া বিল পরিশোধ না করলে সেবা বন্ধ হবে। এখনই pay-banglalink.net এ যান।,Bengali,1,2,বাংলালিংক থেকে জরুরি বার্তা: আপনার বকেয়া বিল পরিশোধ না করলে সেবা বন্ধ হবে। এখনই pay-banglalink.net এ যান।,বাংলালিংক থেকে জরুরি বার্তা: আপনার বকেয়া বিল পরিশোধ না করলে সেবা বন্ধ হবে। এখনই pay-banglalink.net এ যান।,['pay-banglalink.net'],1,1,18,18,0,1,1,0,0,0,0,0,বাংলালিংক থেকে জরুরি বার্তা: আপনার বকেয়া বিল পরিশোধ না করলে সেবা বন্ধ হবে। এখনই  [URL]  এ যান।,95,1,18,18,0,1,1,0,0,0,0,0,1,18,18,0,1,1,0,0,0,0,0
normal,"হাই, আমি এখানে।",Bengali,0,0,"হাই, আমি এখানে।","হাই, আমি এখানে।",[],0,0,0,0,0,0,0,0,0,0,0,0,"হাই, আমি এখানে।",15,0,0,0,0,0,0,0,0,0,0,0,0,0,0,0,0,0,0,0,0,0,0
promo,বোনাস সহ ১জিবি-৩০টাকা-৩দিন। ডায়াল *১২১*৫২১৫# বা https://mygp.li/mo,Bengali,1,1,বোনাস সহ ১জিবি-৩০টাকা-৩দিন। ডায়াল *১২১*৫২১৫# বা https://mygp.li/mo,বোনাস সহ ১জিবি-৩০টাকা-৩দিন। ডায়াল *১২১*৫২১৫# বা https://mygp.li/mo,['https://mygp.li/mo'],1,1,18,18,0,1,0,3,1,0,0,0,বোনাস সহ ১জিবি-৩০টাকা-৩দিন। ডায়াল *১২১*৫২১৫# বা  [URL] ,56,1,18,18,0,1,0,3,1,0,0,0,1,18,18,0,1,0,3,1,0,0,0
normal,"ভাইয়া, আমার ল্যাপটপ হ্যাং করছে। একটু দেখে দিবেন?",Bengali,0,0,"ভাইয়া, আমার ল্যাপটপ হ্যাং করছে। একটু দেখে দিবেন?","ভাইয়া, আমার ল্যাপটপ হ্যাং করছে। একটু দেখে দিবেন?",[],0,0,0,0,0,0,0,0,0,0,0,0,"ভাইয়া, আমার ল্যাপটপ হ্যাং করছে। একটু দেখে দিবেন?",49,0,0,0,0,0,0,0,0,0,0,0,0,0,0,0,0,0,0,0,0,0,0
normal,"কষ্ট পেয়ো না, আমি তোমার সাথে আছি।",Bengali,0,0,"কষ্ট পেয়ো না, আমি তোমার সাথে আছি।","কষ্ট পেয়ো না, আমি তোমার সাথে আছি।",[],0,0,0,0,0,0,0,0,0,0,0,0,"কষ্ট পেয়ো না, আমি তোমার সাথে আছি।",34,0,0,0,0,0,0,0,0,0,0,0,0,0,0,0,0,0,0,0,0,0,0
smish,"আপনার মোবাইল নম্বরটি ১০,০০০ টাকা লটারি জিতেছে! বিস্তারিত জানতে কল করুন +8801712345678",Bengali,0,2,"আপনার মোবাইল নম্বরটি ১০,০০০ টাকা লটারি জিতেছে! বিস্তারিত জানতে কল করুন +8801712345678","আপনার মোবাইল নম্বরটি ১০,০০০ টাকা লটারি জিতেছে! বিস্তারিত জানতে কল করুন +8801712345678",[],0,0,0,0,0,0,0,0,0,0,0,0,"আপনার মোবাইল নম্বরটি ১০,০০০ টাকা লটারি জিতেছে! বিস্তারিত জানতে কল করুন +8801712345678",85,0,0,0,0,0,0,0,0,0,0,0,0,0,0,0,0,0,0,0,0,0,0
normal,তুমি কি থিয়েটারে যাচ্ছো?,Bengali,0,0,তুমি কি থিয়েটারে যাচ্ছো?,তুমি কি থিয়েটারে যাচ্ছো?,[],0,0,0,0,0,0,0,0,0,0,0,0,তুমি কি থিয়েটারে যাচ্ছো?,25,0,0,0,0,0,0,0,0,0,0,0,0,0,0,0,0,0,0,0,0,0,0
normal,আমি সকালে বাজারে যাচ্ছি।,Bengali,0,0,আমি সকালে বাজারে যাচ্ছি।,আমি সকালে বাজারে যাচ্ছি।,[],0,0,0,0,0,0,0,0,0,0,0,0,আমি সকালে বাজারে যাচ্ছি।,24,0,0,0,0,0,0,0,0,0,0,0,0,0,0,0,0,0,0,0,0,0,0
smish,মাশরাফির সই করা গ্লাভস জিততে ক্যাসিনোতে বাজি ধরুন। শুরু করুন: xini.eu/00Qe,Bengali,1,2,মাশরাফির সই করা গ্লাভস জিততে ক্যাসিনোতে বাজি ধরুন। শুরু করুন: xini.eu/00Qe,মাশরাফির সই করা গ্লাভস জিততে ক্যাসিনোতে বাজি ধরুন। শুরু করুন: xini.eu/00Qe,['xini.eu/00Qe'],1,1,12,12,2,1,0,1,0,0,0,0,মাশরাফির সই করা গ্লাভস জিততে ক্যাসিনোতে বাজি ধরুন। শুরু করুন:  [URL] ,69,1,12,12,2,1,0,1,0,0,0,0,1,12,12,2,1,0,1,0,0,0,0
smish,"এড ফি লাগবে না। 🎁🎁
প্রতিদিন  $ 1 থেকে  $2 ডলার  ইনকাম করতে পারবেন এছাড়াও আরো ইনকাম আছে যদি কেউ করতে চান ইনবক্সে মেসেজ দেন।",Bengali,0,2,"এড ফি লাগবে না। 🎁🎁
প্রতিদিন  $ 1 থেকে  $2 ডলার  ইনকাম করতে পারবেন এছাড়াও আরো ইনকাম আছে যদি কেউ করতে চান ইনবক্সে মেসেজ দেন।",এড ফি লাগবে না। 🎁🎁 প্রতিদিন $ 1 থেকে $2 ডলার ইনকাম করতে পারবেন এছাড়াও আরো ইনকাম আছে যদি কেউ করতে চান ইনবক্সে মেসেজ দেন।,[],0,0,0,0,0,0,0,0,0,0,0,0,এড ফি লাগবে না। 🎁🎁 প্রতিদিন $ 1 থেকে $2 ডলার ইনকাম করতে পারবেন এছাড়াও আরো ইনকাম আছে যদি কেউ করতে চান ইনবক্সে মেসেজ দেন।,120,0,0,0,0,0,0,0,0,0,0,0,0,0,0,0,0,0,0,0,0,0,0
smish,ক্যাসিনোতে বাজি ধরুন এবং ৭ দিনের জন্য একটি ফ্রি ট্রিপ জিতুন! আজই যোগ দিন: smilesvoegol.servebbs.org/voegol.php,Bengali,1,2,ক্যাসিনোতে বাজি ধরুন এবং ৭ দিনের জন্য একটি ফ্রি ট্রিপ জিতুন! আজই যোগ দিন: smilesvoegol.servebbs.org/voegol.php,ক্যাসিনোতে বাজি ধরুন এবং ৭ দিনের জন্য একটি ফ্রি ট্রিপ জিতুন! আজই যোগ দিন: smilesvoegol.servebbs.org/voegol.php,['smilesvoegol.servebbs.org/voegol.php'],1,1,36,36,0,3,0,1,0,0,0,0,ক্যাসিনোতে বাজি ধরুন এবং ৭ দিনের জন্য একটি ফ্রি ট্রিপ জিতুন! আজই যোগ দিন:  [URL] ,81,1,36,36,0,3,0,1,0,0,0,0,1,36,36,0,3,0,1,0,0,0,0
smish,মাশরাফির সাথে একান্ত সময় কাটানোর সুযোগ পেতে বিপিএলে বাজি ধরুন। ক্লিক করুন: xini.eu/00Qe,Bengali,1,2,মাশরাফির সাথে একান্ত সময় কাটানোর সুযোগ পেতে বিপিএলে বাজি ধরুন। ক্লিক করুন: xini.eu/00Qe,মাশরাফির সাথে একান্ত সময় কাটানোর সুযোগ পেতে বিপিএলে বাজি ধরুন। ক্লিক করুন: xini.eu/00Qe,['xini.eu/00Qe'],1,1,12,12,2,1,0,1,0,0,0,0,মাশরাফির সাথে একান্ত সময় কাটানোর সুযোগ পেতে বিপিএলে বাজি ধরুন। ক্লিক করুন:  [URL] ,83,1,12,12,2,1,0,1,0,0,0,0,1,12,12,2,1,0,1,0,0,0,0
normal,তুমি কি রবিবার ফ্রি আছো? আমরা কনসার্টে যাচ্ছি। চাইলে তুমি আসো।,Bengali,0,0,তুমি কি রবিবার ফ্রি আছো? আমরা কনসার্টে যাচ্ছি। চাইলে তুমি আসো।,তুমি কি রবিবার ফ্রি আছো? আমরা কনসার্টে যাচ্ছি। চাইলে তুমি আসো।,[],0,0,0,0,0,0,0,0,0,0,0,0,তুমি কি রবিবার ফ্রি আছো? আমরা কনসার্টে যাচ্ছি। চাইলে তুমি আসো।,62,0,0,0,0,0,0,0,0,0,0,0,0,0,0,0,0,0,0,0,0,0,0
smish,শাকিব আল হাসানের সাথে একান্ত সাক্ষাতের সুযোগ পেতে ক্রিকেটে বাজি ধরুন! ক্লিক করুন: xini.eu/00Qe,Bengali,1,2,শাকিব আল হাসানের সাথে একান্ত সাক্ষাতের সুযোগ পেতে ক্রিকেটে বাজি ধরুন! ক্লিক করুন: xini.eu/00Qe,শাকিব আল হাসানের সাথে একান্ত সাক্ষাতের সুযোগ পেতে ক্রিকেটে বাজি ধরুন! ক্লিক করুন: xini.eu/00Qe,['xini.eu/00Qe'],1,1,12,12,2,1,0,1,0,0,0,0,শাকিব আল হাসানের সাথে একান্ত সাক্ষাতের সুযোগ পেতে ক্রিকেটে বাজি ধরুন! ক্লিক করুন:  [URL] ,89,1,12,12,2,1,0,1,0,0,0,0,1,12,12,2,1,0,1,0,0,0,0
normal,আজকে অনেকদিন পর এক আত্মীয়ের সাথে দেখা হলো। সবাই আড্ডা দিল।,Bengali,0,0,আজকে অনেকদিন পর এক আত্মীয়ের সাথে দেখা হলো। সবাই আড্ডা দিল।,আজকে অনেকদিন পর এক আত্মীয়ের সাথে দেখা হলো। সবাই আড্ডা দিল।,[],0,0,0,0,0,0,0,0,0,0,0,0,আজকে অনেকদিন পর এক আত্মীয়ের সাথে দেখা হলো। সবাই আড্ডা দিল।,59,0,0,0,0,0,0,0,0,0,0,0,0,0,0,0,0,0,0,0,0,0,0
promo,"এয়ারটেলের বিপ্লবী অফার - 'স্মার্ট স্টুডেন্ট প্যাক'! বিশেষভাবে ছাত্র-ছাত্রীদের জন্য ডিজাইন করা এই প্যাকেজে মাত্র ২৪৯ টাকায় পাবেন ২৫ জিবি ইন্টারনেট, সব নেটওয়ার্কে ১৫০ মিনিট কল, এবং ৫০০ SMS। বিশেষ বোনাস হিসেবে পাবেন শিক্ষামূলক অ্যাপ যেমন Khan Academy, Coursera এবং Udemy তে আনলিমিটেড এক্সেস। এছাড়াও রাত ১২টা থেকে ভোর ৬টা পর্যন্ত সব ডেটা ফ্রি। এই অফার শুধুমাত্র স্টুডেন্ট ID কার্ড দেখিয়ে নিতে পারবেন।",Bengali,0,1,"এয়ারটেলের বিপ্লবী অফার - 'স্মার্ট স্টুডেন্ট প্যাক'! বিশেষভাবে ছাত্র-ছাত্রীদের জন্য ডিজাইন করা এই প্যাকেজে মাত্র ২৪৯ টাকায় পাবেন ২৫ জিবি ইন্টারনেট, সব নেটওয়ার্কে ১৫০ মিনিট কল, এবং ৫০০ SMS। বিশেষ বোনাস হিসেবে পাবেন শিক্ষামূলক অ্যাপ যেমন Khan Academy, Coursera এবং Udemy তে আনলিমিটেড এক্সেস। এছাড়াও রাত ১২টা থেকে ভোর ৬টা পর্যন্ত সব ডেটা ফ্রি। এই অফার শুধুমাত্র স্টুডেন্ট ID কার্ড দেখিয়ে নিতে পারবেন।","এয়ারটেলের বিপ্লবী অফার - 'স্মার্ট স্টুডেন্ট প্যাক'! বিশেষভাবে ছাত্র-ছাত্রীদের জন্য ডিজাইন করা এই প্যাকেজে মাত্র ২৪৯ টাকায় পাবেন ২৫ জিবি ইন্টারনেট, সব নেটওয়ার্কে ১৫০ মিনিট কল, এবং ৫০০ SMS। বিশেষ বোনাস হিসেবে পাবেন শিক্ষামূলক অ্যাপ যেমন Khan Academy, Coursera এবং Udemy তে আনলিমিটেড এক্সেস। এছাড়াও রাত ১২টা থেকে ভোর ৬টা পর্যন্ত সব ডেটা ফ্রি। এই অফার শুধুমাত্র স্টুডেন্ট ID কার্ড দেখিয়ে নিতে পারবেন।",[],0,0,0,0,0,0,0,0,0,0,0,0,"এয়ারটেলের বিপ্লবী অফার - 'স্মার্ট স্টুডেন্ট প্যাক'! বিশেষভাবে ছাত্র-ছাত্রীদের জন্য ডিজাইন করা এই প্যাকেজে মাত্র ২৪৯ টাকায় পাবেন ২৫ জিবি ইন্টারনেট, সব নেটওয়ার্কে ১৫০ মিনিট কল, এবং ৫০০ SMS। বিশেষ বোনাস হিসেবে পাবেন শিক্ষামূলক অ্যাপ যেমন Khan Academy, Coursera এবং Udemy তে আনলিমিটেড এক্সেস। এছাড়াও রাত ১২টা থেকে ভোর ৬টা পর্যন্ত সব ডেটা ফ্রি। এই অফার শুধুমাত্র স্টুডেন্ট ID কার্ড দেখিয়ে নিতে পারবেন।",401,0,0,0,0,0,0,0,0,0,0,0,0,0,0,0,0,0,0,0,0,0,0
smish,আপনার পেমেন্টটি প্রক্রিয়া করতে আমাদের আপনার তথ্য প্রয়োজন। এখানে ক্লিক করুন: [paymentverify.com/VerifyBD],Bengali,1,2,আপনার পেমেন্টটি প্রক্রিয়া করতে আমাদের আপনার তথ্য প্রয়োজন। এখানে ক্লিক করুন: [paymentverify.com/VerifyBD],আপনার পেমেন্টটি প্রক্রিয়া করতে আমাদের আপনার তথ্য প্রয়োজন। এখানে ক্লিক করুন: [paymentverify.com/VerifyBD],['paymentverify.com/VerifyBD'],1,1,26,26,0,1,0,1,0,0,0,0,আপনার পেমেন্টটি প্রক্রিয়া করতে আমাদের আপনার তথ্য প্রয়োজন। এখানে ক্লিক করুন: [ [URL] ],87,1,26,26,0,1,0,1,0,0,0,0,1,26,26,0,1,0,1,0,0,0,0
smish,"PLC,LIMITED.

প্রিয় আবেদনকারী, অভিনন্দন!

আপনার সিভি নির্বাচিত হয়েছে। পজিশনের নাম - কাস্টমার সার্ভিস/ইউনিট ম্যানেজার (ডেভ..) (পার্ট টাইম / ফুল টাইম)। যদি আপনি কাজটিতে আগ্রহী হন তবে অবশ্যই সিভি এবং পাসপোর্ট সাইজের ৪ কপি ছবি নিয়ে আসতে হবে।

কাজের স্থান - আপনি ঢাকা শহরের যেকোনো শাখা অফিস বেছে নিতে পারবেন।

সাক্ষাত্কারের তারিখ - ১৪ নভেম্বর ২০২৩ (১০.০০am - ০৪.০০pm)

যোগাযোগের ঠিকানা - ১৬৬, দিলকুশা, মতিঝিল, ঢাকা ১০০০।

বিস্তারিত জানার জন্য কল করুন: ০১৬১৩৫৮৯১৩৭",Bengali,0,2,"PLC,LIMITED.

প্রিয় আবেদনকারী, অভিনন্দন!

আপনার সিভি নির্বাচিত হয়েছে। পজিশনের নাম - কাস্টমার সার্ভিস/ইউনিট ম্যানেজার (ডেভ..) (পার্ট টাইম / ফুল টাইম)। যদি আপনি কাজটিতে আগ্রহী হন তবে অবশ্যই সিভি এবং পাসপোর্ট সাইজের ৪ কপি ছবি নিয়ে আসতে হবে।

কাজের স্থান - আপনি ঢাকা শহরের যেকোনো শাখা অফিস বেছে নিতে পারবেন।

সাক্ষাত্কারের তারিখ - ১৪ নভেম্বর ২০২৩ (১০.০০am - ০৪.০০pm)

যোগাযোগের ঠিকানা - ১৬৬, দিলকুশা, মতিঝিল, ঢাকা ১০০০।

বিস্তারিত জানার জন্য কল করুন: ০১৬১৩৫৮৯১৩৭","PLC,LIMITED. প্রিয় আবেদনকারী, অভিনন্দন! আপনার সিভি নির্বাচিত হয়েছে। পজিশনের নাম - কাস্টমার সার্ভিস/ইউনিট ম্যানেজার (ডেভ..) (পার্ট টাইম / ফুল টাইম)। যদি আপনি কাজটিতে আগ্রহী হন তবে অবশ্যই সিভি এবং পাসপোর্ট সাইজের ৪ কপি ছবি নিয়ে আসতে হবে। কাজের স্থান - আপনি ঢাকা শহরের যেকোনো শাখা অফিস বেছে নিতে পারবেন। সাক্ষাত্কারের তারিখ - ১৪ নভেম্বর ২০২৩ (১০.০০am - ০৪.০০pm) যোগাযোগের ঠিকানা - ১৬৬, দিলকুশা, মতিঝিল, ঢাকা ১০০০। বিস্তারিত জানার জন্য কল করুন: ০১৬১৩৫৮৯১৩৭",[],0,0,0,0,0,0,0,0,0,0,0,0,"PLC,LIMITED. প্রিয় আবেদনকারী, অভিনন্দন! আপনার সিভি নির্বাচিত হয়েছে। পজিশনের নাম - কাস্টমার সার্ভিস/ইউনিট ম্যানেজার (ডেভ..) (পার্ট টাইম / ফুল টাইম)। যদি আপনি কাজটিতে আগ্রহী হন তবে অবশ্যই সিভি এবং পাসপোর্ট সাইজের ৪ কপি ছবি নিয়ে আসতে হবে। কাজের স্থান - আপনি ঢাকা শহরের যেকোনো শাখা অফিস বেছে নিতে পারবেন। সাক্ষাত্কারের তারিখ - ১৪ নভেম্বর ২০২৩ (১০.০০am - ০৪.০০pm) যোগাযোগের ঠিকানা - ১৬৬, দিলকুশা, মতিঝিল, ঢাকা ১০০০। বিস্তারিত জানার জন্য কল করুন: ০১৬১৩৫৮৯১৩৭",455,0,0,0,0,0,0,0,0,0,0,0,0,0,0,0,0,0,0,0,0,0,0
smish,"৪৯৯ টাকায় জিতুন ১ লাখ টাকা, বিস্তারিত https://laptop.vkrh.top/?ok=PKQMAHca",Bengali,1,2,"৪৯৯ টাকায় জিতুন ১ লাখ টাকা, বিস্তারিত https://laptop.vkrh.top/?ok=PKQMAHca","৪৯৯ টাকায় জিতুন ১ লাখ টাকা, বিস্তারিত https://laptop.vkrh.top/?ok=PKQMAHca",['https://laptop.vkrh.top/?ok=PKQMAHca'],1,1,36,36,0,2,0,3,1,0,0,0,"৪৯৯ টাকায় জিতুন ১ লাখ টাকা, বিস্তারিত  [URL] ",46,1,36,36,0,2,0,3,1,0,0,0,1,36,36,0,2,0,3,1,0,0,0
smish,জয় হোক! আপনি ল্যাপটপ জিতেছেন। ক্লেইম: laptop-winner.tk,Bengali,1,2,জয় হোক! আপনি ল্যাপটপ জিতেছেন। ক্লেইম: laptop-winner.tk,জয় হোক! আপনি ল্যাপটপ জিতেছেন। ক্লেইম: laptop-winner.tk,['laptop-winner.tk'],1,1,16,16,0,1,1,0,0,0,0,0,জয় হোক! আপনি ল্যাপটপ জিতেছেন। ক্লেইম:  [URL] ,46,1,16,16,0,1,1,0,0,0,0,0,1,16,16,0,1,1,0,0,0,0,0
smish,মাশরাফির সাথে ডিনার করার সুযোগ পেতে বিপিএলে বাজি ধরুন। শুরু করুন: ebayisapidlld.altervista.org/,Bengali,1,2,মাশরাফির সাথে ডিনার করার সুযোগ পেতে বিপিএলে বাজি ধরুন। শুরু করুন: ebayisapidlld.altervista.org/,মাশরাফির সাথে ডিনার করার সুযোগ পেতে বিপিএলে বাজি ধরুন। শুরু করুন: ebayisapidlld.altervista.org/,['ebayisapidlld.altervista.org/'],1,1,29,29,0,2,0,1,0,0,0,0,মাশরাফির সাথে ডিনার করার সুযোগ পেতে বিপিএলে বাজি ধরুন। শুরু করুন:  [URL] ,73,1,29,29,0,2,0,1,0,0,0,0,1,29,29,0,2,0,1,0,0,0,0
smish,বাংলাদেশ ব্যাংক অ্যাকাউন্ট ব্লক হয়েছে। পুনরায় চালু করতে এখানে ক্লিক করুন: https://wa.me/8801911011123,Bengali,1,2,বাংলাদেশ ব্যাংক অ্যাকাউন্ট ব্লক হয়েছে। পুনরায় চালু করতে এখানে ক্লিক করুন: https://wa.me/8801911011123,বাংলাদেশ ব্যাংক অ্যাকাউন্ট ব্লক হয়েছে। পুনরায় চালু করতে এখানে ক্লিক করুন: https://wa.me/8801911011123,['https://wa.me/8801911011123'],1,1,27,27,13,1,0,3,1,0,0,0,বাংলাদেশ ব্যাংক অ্যাকাউন্ট ব্লক হয়েছে। পুনরায় চালু করতে এখানে ক্লিক করুন:  [URL] ,83,1,27,27,13,1,0,3,1,0,0,0,1,27,27,13,1,0,3,1,0,0,0
normal,আমি প্রায় সপ্তাহে একবার মাঠে যায়।,Bengali,0,0,আমি প্রায় সপ্তাহে একবার মাঠে যায়।,আমি প্রায় সপ্তাহে একবার মাঠে যায়।,[],0,0,0,0,0,0,0,0,0,0,0,0,আমি প্রায় সপ্তাহে একবার মাঠে যায়।,35,0,0,0,0,0,0,0,0,0,0,0,0,0,0,0,0,0,0,0,0,0,0
smish,আপনার একাউন্ট সুরক্ষিত নয়। ৪০০০ টাকা পাঠান এই নাম্বারে: ০১৭৮৯৭৬৫৪৩২১।,Bengali,0,2,আপনার একাউন্ট সুরক্ষিত নয়। ৪০০০ টাকা পাঠান এই নাম্বারে: ০১৭৮৯৭৬৫৪৩২১।,আপনার একাউন্ট সুরক্ষিত নয়। ৪০০০ টাকা পাঠান এই নাম্বারে: ০১৭৮৯৭৬৫৪৩২১।,[],0,0,0,0,0,0,0,0,0,0,0,0,আপনার একাউন্ট সুরক্ষিত নয়। ৪০০০ টাকা পাঠান এই নাম্বারে: ০১৭৮৯৭৬৫৪৩২১।,70,0,0,0,0,0,0,0,0,0,0,0,0,0,0,0,0,0,0,0,0,0,0
normal,হ্যালো!,Bengali,0,0,হ্যালো!,হ্যালো!,[],0,0,0,0,0,0,0,0,0,0,0,0,হ্যালো!,7,0,0,0,0,0,0,0,0,0,0,0,0,0,0,0,0,0,0,0,0,0,0
smish,আপনার ইমেইল বাক্সটি পূর্ণ। ক্লিয়ার করতে এখানে ক্লিক করুন: [emailclean.com/ClearBD],Bengali,1,2,আপনার ইমেইল বাক্সটি পূর্ণ। ক্লিয়ার করতে এখানে ক্লিক করুন: [emailclean.com/ClearBD],আপনার ইমেইল বাক্সটি পূর্ণ। ক্লিয়ার করতে এখানে ক্লিক করুন: [emailclean.com/ClearBD],['emailclean.com/ClearBD'],1,1,22,22,0,1,0,1,0,0,0,0,আপনার ইমেইল বাক্সটি পূর্ণ। ক্লিয়ার করতে এখানে ক্লিক করুন: [ [URL] ],68,1,22,22,0,1,0,1,0,0,0,0,1,22,22,0,1,0,1,0,0,0,0
smish,"ডাচ্-বাংলা ব্যাংক কার্ডে আজ ৮০,০০০ টাকা চার্জ হয়েছে। যদি এটি আপনার না হয়, cancel করতে dbbl-alerts.org ভিজিট করুন।",Bengali,1,2,"ডাচ্-বাংলা ব্যাংক কার্ডে আজ ৮০,০০০ টাকা চার্জ হয়েছে। যদি এটি আপনার না হয়, cancel করতে dbbl-alerts.org ভিজিট করুন।","ডাচ্-বাংলা ব্যাংক কার্ডে আজ ৮০,০০০ টাকা চার্জ হয়েছে। যদি এটি আপনার না হয়, cancel করতে dbbl-alerts.org ভিজিট করুন।",['dbbl-alerts.org'],1,1,15,15,0,1,1,0,0,0,0,0,"ডাচ্-বাংলা ব্যাংক কার্ডে আজ ৮০,০০০ টাকা চার্জ হয়েছে। যদি এটি আপনার না হয়, cancel করতে  [URL]  ভিজিট করুন।",107,1,15,15,0,1,1,0,0,0,0,0,1,15,15,0,1,1,0,0,0,0,0
promo,Daraz Mall-এর সব পণ্যে ফ্রি ডেলিভারি। অফার ৩ দিন চলবে।,Bengali,0,1,Daraz Mall-এর সব পণ্যে ফ্রি ডেলিভারি। অফার ৩ দিন চলবে।,Daraz Mall-এর সব পণ্যে ফ্রি ডেলিভারি। অফার ৩ দিন চলবে।,[],0,0,0,0,0,0,0,0,0,0,0,0,Daraz Mall-এর সব পণ্যে ফ্রি ডেলিভারি। অফার ৩ দিন চলবে।,54,0,0,0,0,0,0,0,0,0,0,0,0,0,0,0,0,0,0,0,0,0,0
normal,"চাচী, আজ আপনার সাথে অনেক ভালো সময় কাটলো। ধন্যবাদ।",Bengali,0,0,"চাচী, আজ আপনার সাথে অনেক ভালো সময় কাটলো। ধন্যবাদ।","চাচী, আজ আপনার সাথে অনেক ভালো সময় কাটলো। ধন্যবাদ।",[],0,0,0,0,0,0,0,0,0,0,0,0,"চাচী, আজ আপনার সাথে অনেক ভালো সময় কাটলো। ধন্যবাদ।",50,0,0,0,0,0,0,0,0,0,0,0,0,0,0,0,0,0,0,0,0,0,0
promo,"Grameenphone Flexiplan-এ আজ সব প্যাকে ২৫% ডিসকাউন্ট। নিজের পছন্দমত মিনিট, এসএমএস ও ডেটা বানান এখনই।",Bengali,0,1,"Grameenphone Flexiplan-এ আজ সব প্যাকে ২৫% ডিসকাউন্ট। নিজের পছন্দমত মিনিট, এসএমএস ও ডেটা বানান এখনই।","Grameenphone Flexiplan-এ আজ সব প্যাকে ২৫% ডিসকাউন্ট। নিজের পছন্দমত মিনিট, এসএমএস ও ডেটা বানান এখনই।",[],0,0,0,0,0,0,0,0,0,0,0,0,"Grameenphone Flexiplan-এ আজ সব প্যাকে ২৫% ডিসকাউন্ট। নিজের পছন্দমত মিনিট, এসএমএস ও ডেটা বানান এখনই।",99,0,0,0,0,0,0,0,0,0,0,0,0,0,0,0,0,0,0,0,0,0,0
normal,আমার বাড়ির আশেপাশে ফুল ফোটে আছে।,Bengali,0,0,আমার বাড়ির আশেপাশে ফুল ফোটে আছে।,আমার বাড়ির আশেপাশে ফুল ফোটে আছে।,[],0,0,0,0,0,0,0,0,0,0,0,0,আমার বাড়ির আশেপাশে ফুল ফোটে আছে।,33,0,0,0,0,0,0,0,0,0,0,0,0,0,0,0,0,0,0,0,0,0,0
normal,তুমি কি খেলাধুলা করছো?,Bengali,0,0,তুমি কি খেলাধুলা করছো?,তুমি কি খেলাধুলা করছো?,[],0,0,0,0,0,0,0,0,0,0,0,0,তুমি কি খেলাধুলা করছো?,22,0,0,0,0,0,0,0,0,0,0,0,0,0,0,0,0,0,0,0,0,0,0
promo,"মহান বিজয় দিবসে সবাইকে জানাই শুভেচ্ছা।  
দিলীপ কুমার আগরওয়ালা",Bengali,0,1,"মহান বিজয় দিবসে সবাইকে জানাই শুভেচ্ছা।  
দিলীপ কুমার আগরওয়ালা",মহান বিজয় দিবসে সবাইকে জানাই শুভেচ্ছা। দিলীপ কুমার আগরওয়ালা,[],0,0,0,0,0,0,0,0,0,0,0,0,মহান বিজয় দিবসে সবাইকে জানাই শুভেচ্ছা। দিলীপ কুমার আগরওয়ালা,61,0,0,0,0,0,0,0,0,0,0,0,0,0,0,0,0,0,0,0,0,0,0
promo,Banglalink গ্রাহকরা ১০০ টাকা রিচার্জে ১০০ এসএমএস ফ্রি পাবেন।,Bengali,0,1,Banglalink গ্রাহকরা ১০০ টাকা রিচার্জে ১০০ এসএমএস ফ্রি পাবেন।,Banglalink গ্রাহকরা ১০০ টাকা রিচার্জে ১০০ এসএমএস ফ্রি পাবেন।,[],0,0,0,0,0,0,0,0,0,0,0,0,Banglalink গ্রাহকরা ১০০ টাকা রিচার্জে ১০০ এসএমএস ফ্রি পাবেন।,60,0,0,0,0,0,0,0,0,0,0,0,0,0,0,0,0,0,0,0,0,0,0
smish,আপনার সঞ্চয় দ্বিগুণ করার সুযোগ! কল করুন: +8801715455567,Bengali,0,2,আপনার সঞ্চয় দ্বিগুণ করার সুযোগ! কল করুন: +8801715455567,আপনার সঞ্চয় দ্বিগুণ করার সুযোগ! কল করুন: +8801715455567,[],0,0,0,0,0,0,0,0,0,0,0,0,আপনার সঞ্চয় দ্বিগুণ করার সুযোগ! কল করুন: +8801715455567,56,0,0,0,0,0,0,0,0,0,0,0,0,0,0,0,0,0,0,0,0,0,0
smish,আপনার Robi নম্বরে অবৈধ কার্যকলাপ শনাক্ত হয়েছে। ২৪ ঘণ্টার মধ্যে details জমা দিন robisafeupdate.org এ।,Bengali,1,2,আপনার Robi নম্বরে অবৈধ কার্যকলাপ শনাক্ত হয়েছে। ২৪ ঘণ্টার মধ্যে details জমা দিন robisafeupdate.org এ।,আপনার Robi নম্বরে অবৈধ কার্যকলাপ শনাক্ত হয়েছে। ২৪ ঘণ্টার মধ্যে details জমা দিন robisafeupdate.org এ।,['robisafeupdate.org'],1,1,18,18,0,1,0,0,0,0,0,0,আপনার Robi নম্বরে অবৈধ কার্যকলাপ শনাক্ত হয়েছে। ২৪ ঘণ্টার মধ্যে details জমা দিন  [URL]  এ।,90,1,18,18,0,1,0,0,0,0,0,0,1,18,18,0,1,0,0,0,0,0,0
promo,অনলাইনে কোর্স করুন! IT স্কিল ডেভেলপমেন্টে ৬০% ছাড়। এনরোল করুন।,Bengali,0,1,অনলাইনে কোর্স করুন! IT স্কিল ডেভেলপমেন্টে ৬০% ছাড়। এনরোল করুন।,অনলাইনে কোর্স করুন! IT স্কিল ডেভেলপমেন্টে ৬০% ছাড়। এনরোল করুন।,[],0,0,0,0,0,0,0,0,0,0,0,0,অনলাইনে কোর্স করুন! IT স্কিল ডেভেলপমেন্টে ৬০% ছাড়। এনরোল করুন।,63,0,0,0,0,0,0,0,0,0,0,0,0,0,0,0,0,0,0,0,0,0,0
smish,জনতা ব্যাংক অ্যাকাউন্ট আপডেট করতে এখানে ক্লিক করুন: https://t.me/JanataUpdateBot5,Bengali,1,2,জনতা ব্যাংক অ্যাকাউন্ট আপডেট করতে এখানে ক্লিক করুন: https://t.me/JanataUpdateBot5,জনতা ব্যাংক অ্যাকাউন্ট আপডেট করতে এখানে ক্লিক করুন: https://t.me/JanataUpdateBot5,['https://t.me/JanataUpdateBot5'],1,1,29,29,1,1,0,3,1,0,0,0,জনতা ব্যাংক অ্যাকাউন্ট আপডেট করতে এখানে ক্লিক করুন:  [URL] ,59,1,29,29,1,1,0,3,1,0,0,0,1,29,29,1,1,0,3,1,0,0,0
promo,মেন্সওয়ার্ল্ড বসুন্ধরাসিটি নতুন শাখার উদ্বোধনে ফ্লাট৩০%ছাড়!cutt.ly/fmw,Bengali,1,1,মেন্সওয়ার্ল্ড বসুন্ধরাসিটি নতুন শাখার উদ্বোধনে ফ্লাট৩০%ছাড়!cutt.ly/fmw,মেন্সওয়ার্ল্ড বসুন্ধরাসিটি নতুন শাখার উদ্বোধনে ফ্লাট৩০%ছাড়!cutt.ly/fmw,['cutt.ly/fmw'],1,1,11,11,0,1,0,1,0,0,0,1,মেন্সওয়ার্ল্ড বসুন্ধরাসিটি নতুন শাখার উদ্বোধনে ফ্লাট৩০%ছাড়! [URL] ,68,1,11,11,0,1,0,1,0,0,0,1,1,11,11,0,1,0,1,0,0,0,1
smish,"আপনার ক্রেডিট কার্ডটি আপডেট করুন, না হলে এটি বন্ধ হয়ে যাবে। এখানে ক্লিক করুন: [creditsecure.com/UpdateBD]",Bengali,1,2,"আপনার ক্রেডিট কার্ডটি আপডেট করুন, না হলে এটি বন্ধ হয়ে যাবে। এখানে ক্লিক করুন: [creditsecure.com/UpdateBD]","আপনার ক্রেডিট কার্ডটি আপডেট করুন, না হলে এটি বন্ধ হয়ে যাবে। এখানে ক্লিক করুন: [creditsecure.com/UpdateBD]",['creditsecure.com/UpdateBD'],1,1,25,25,0,1,0,1,0,0,0,0,"আপনার ক্রেডিট কার্ডটি আপডেট করুন, না হলে এটি বন্ধ হয়ে যাবে। এখানে ক্লিক করুন: [ [URL] ]",88,1,25,25,0,1,0,1,0,0,0,0,1,25,25,0,1,0,1,0,0,0,0
smish,আপনার Robi SIM বন্ধ হয়ে যাবে যদি সাথে সাথে robicare-safe.net এ লগইন না করেন। যাচাইয়ের জন্য মোবাইল OTP দিন।,Bengali,1,2,আপনার Robi SIM বন্ধ হয়ে যাবে যদি সাথে সাথে robicare-safe.net এ লগইন না করেন। যাচাইয়ের জন্য মোবাইল OTP দিন।,আপনার Robi SIM বন্ধ হয়ে যাবে যদি সাথে সাথে robicare-safe.net এ লগইন না করেন। যাচাইয়ের জন্য মোবাইল OTP দিন।,['robicare-safe.net'],1,1,17,17,0,1,1,0,0,0,0,0,আপনার Robi SIM বন্ধ হয়ে যাবে যদি সাথে সাথে  [URL]  এ লগইন না করেন। যাচাইয়ের জন্য মোবাইল OTP দিন।,98,1,17,17,0,1,1,0,0,0,0,0,1,17,17,0,1,1,0,0,0,0,0
promo,মাসিক গ্রোসারি কিনুন। সব পণ্যে ২০% পর্যন্ত ছাড়। আজই অর্ডার।,Bengali,0,1,মাসিক গ্রোসারি কিনুন। সব পণ্যে ২০% পর্যন্ত ছাড়। আজই অর্ডার।,মাসিক গ্রোসারি কিনুন। সব পণ্যে ২০% পর্যন্ত ছাড়। আজই অর্ডার।,[],0,0,0,0,0,0,0,0,0,0,0,0,মাসিক গ্রোসারি কিনুন। সব পণ্যে ২০% পর্যন্ত ছাড়। আজই অর্ডার।,60,0,0,0,0,0,0,0,0,0,0,0,0,0,0,0,0,0,0,0,0,0,0
normal,কঠোর পরিশ্রমই সাফল্যের চাবিকাঠি।,Bengali,0,0,কঠোর পরিশ্রমই সাফল্যের চাবিকাঠি।,কঠোর পরিশ্রমই সাফল্যের চাবিকাঠি।,[],0,0,0,0,0,0,0,0,0,0,0,0,কঠোর পরিশ্রমই সাফল্যের চাবিকাঠি।,32,0,0,0,0,0,0,0,0,0,0,0,0,0,0,0,0,0,0,0,0,0,0
promo,ডিজিটাল গ্যাজেটের উপর ১৫% ডিসকাউন্ট! আজই কেনাকাটা করুন এবং বোনাস পান।,Bengali,0,1,ডিজিটাল গ্যাজেটের উপর ১৫% ডিসকাউন্ট! আজই কেনাকাটা করুন এবং বোনাস পান।,ডিজিটাল গ্যাজেটের উপর ১৫% ডিসকাউন্ট! আজই কেনাকাটা করুন এবং বোনাস পান।,[],0,0,0,0,0,0,0,0,0,0,0,0,ডিজিটাল গ্যাজেটের উপর ১৫% ডিসকাউন্ট! আজই কেনাকাটা করুন এবং বোনাস পান।,69,0,0,0,0,0,0,0,0,0,0,0,0,0,0,0,0,0,0,0,0,0,0
smish,"প্রিয় শিক্ষার্থী! Coronavirus এর কারণে তোমাদের উপবৃত্তির ৪,২০০ টাকা দেওয়া হচ্ছে। টাকা গ্রহনের জন্য নিম্নোক্ত শিক্ষাবোর্ডের নম্বরে যোগাযোগ করুন।
মোবাঃ 01813849152,
যোগাযোগের সময় সকাল 10 টা রাত 7:30 টা পযন্ত বি:দ্র: একটা বিকাশ নাম্বার নিয়ে ফোন দিতে হবে",Bengali,0,2,"প্রিয় শিক্ষার্থী! Coronavirus এর কারণে তোমাদের উপবৃত্তির ৪,২০০ টাকা দেওয়া হচ্ছে। টাকা গ্রহনের জন্য নিম্নোক্ত শিক্ষাবোর্ডের নম্বরে যোগাযোগ করুন।
মোবাঃ 01813849152,
যোগাযোগের সময় সকাল 10 টা রাত 7:30 টা পযন্ত বি:দ্র: একটা বিকাশ নাম্বার নিয়ে ফোন দিতে হবে","প্রিয় শিক্ষার্থী! Coronavirus এর কারণে তোমাদের উপবৃত্তির ৪,২০০ টাকা দেওয়া হচ্ছে। টাকা গ্রহনের জন্য নিম্নোক্ত শিক্ষাবোর্ডের নম্বরে যোগাযোগ করুন। মোবাঃ 01813849152, যোগাযোগের সময় সকাল 10 টা রাত 7:30 টা পযন্ত বি:দ্র: একটা বিকাশ নাম্বার নিয়ে ফোন দিতে হবে",[],0,0,0,0,0,0,0,0,0,0,0,0,"প্রিয় শিক্ষার্থী! Coronavirus এর কারণে তোমাদের উপবৃত্তির ৪,২০০ টাকা দেওয়া হচ্ছে। টাকা গ্রহনের জন্য নিম্নোক্ত শিক্ষাবোর্ডের নম্বরে যোগাযোগ করুন। মোবাঃ 01813849152, যোগাযোগের সময় সকাল 10 টা রাত 7:30 টা পযন্ত বি:দ্র: একটা বিকাশ নাম্বার নিয়ে ফোন দিতে হবে",254,0,0,0,0,0,0,0,0,0,0,0,0,0,0,0,0,0,0,0,0,0,0
smish,আপনার ব্যাংক একাউন্ট ভেরিফাই করতে কল করুন +8801812233445,Bengali,0,2,আপনার ব্যাংক একাউন্ট ভেরিফাই করতে কল করুন +8801812233445,আপনার ব্যাংক একাউন্ট ভেরিফাই করতে কল করুন +8801812233445,[],0,0,0,0,0,0,0,0,0,0,0,0,আপনার ব্যাংক একাউন্ট ভেরিফাই করতে কল করুন +8801812233445,56,0,0,0,0,0,0,0,0,0,0,0,0,0,0,0,0,0,0,0,0,0,0
smish,আপনার একাউন্ট ব্লক হয়ে যাবে। যোগাযোগ করুন ০১৭৮৯৭৬৫৪৩২১।,Bengali,0,2,আপনার একাউন্ট ব্লক হয়ে যাবে। যোগাযোগ করুন ০১৭৮৯৭৬৫৪৩২১।,আপনার একাউন্ট ব্লক হয়ে যাবে। যোগাযোগ করুন ০১৭৮৯৭৬৫৪৩২১।,[],0,0,0,0,0,0,0,0,0,0,0,0,আপনার একাউন্ট ব্লক হয়ে যাবে। যোগাযোগ করুন ০১৭৮৯৭৬৫৪৩২১।,56,0,0,0,0,0,0,0,0,0,0,0,0,0,0,0,0,0,0,0,0,0,0
smish,মাশরাফির সাথে ফ্রি হোটেল বুকিং জিততে বিপিএলে বাজি ধরুন। এখনই যোগ দিন: promusic.co/components/interbank.com/,Bengali,1,2,মাশরাফির সাথে ফ্রি হোটেল বুকিং জিততে বিপিএলে বাজি ধরুন। এখনই যোগ দিন: promusic.co/components/interbank.com/,মাশরাফির সাথে ফ্রি হোটেল বুকিং জিততে বিপিএলে বাজি ধরুন। এখনই যোগ দিন: promusic.co/components/interbank.com/,['promusic.co/components/interbank.com/'],1,1,37,37,0,2,0,3,0,0,0,0,মাশরাফির সাথে ফ্রি হোটেল বুকিং জিততে বিপিএলে বাজি ধরুন। এখনই যোগ দিন:  [URL] ,77,1,37,37,0,2,0,3,0,0,0,0,1,37,37,0,2,0,3,0,0,0,0
normal,"চাচা, আজ জুম্মার নামাজ পড়ে আসলাম। আপনি গেছেন?",Bengali,0,0,"চাচা, আজ জুম্মার নামাজ পড়ে আসলাম। আপনি গেছেন?","চাচা, আজ জুম্মার নামাজ পড়ে আসলাম। আপনি গেছেন?",[],0,0,0,0,0,0,0,0,0,0,0,0,"চাচা, আজ জুম্মার নামাজ পড়ে আসলাম। আপনি গেছেন?",46,0,0,0,0,0,0,0,0,0,0,0,0,0,0,0,0,0,0,0,0,0,0
normal,"শুভ রাত্রি, ভালো থেকো!",Bengali,0,0,"শুভ রাত্রি, ভালো থেকো!","শুভ রাত্রি, ভালো থেকো!",[],0,0,0,0,0,0,0,0,0,0,0,0,"শুভ রাত্রি, ভালো থেকো!",22,0,0,0,0,0,0,0,0,0,0,0,0,0,0,0,0,0,0,0,0,0,0
normal,"মামা, আগামীকাল আমাদের পারিবারিক অনুষ্ঠান। সময়মতো আসবেন।",Bengali,0,0,"মামা, আগামীকাল আমাদের পারিবারিক অনুষ্ঠান। সময়মতো আসবেন।","মামা, আগামীকাল আমাদের পারিবারিক অনুষ্ঠান। সময়মতো আসবেন।",[],0,0,0,0,0,0,0,0,0,0,0,0,"মামা, আগামীকাল আমাদের পারিবারিক অনুষ্ঠান। সময়মতো আসবেন।",56,0,0,0,0,0,0,0,0,0,0,0,0,0,0,0,0,0,0,0,0,0,0
smish,আপনার বিকাশ অ্যাকাউন্ট আপডেট করা প্রয়োজন। পরিষেবা বিঘ্ন এড়াতে আপনার অ্যাকাউন্ট নম্বর এবং পিন 016xxxxxxxx এ পাঠান।,Bengali,0,2,আপনার বিকাশ অ্যাকাউন্ট আপডেট করা প্রয়োজন। পরিষেবা বিঘ্ন এড়াতে আপনার অ্যাকাউন্ট নম্বর এবং পিন 016xxxxxxxx এ পাঠান।,আপনার বিকাশ অ্যাকাউন্ট আপডেট করা প্রয়োজন। পরিষেবা বিঘ্ন এড়াতে আপনার অ্যাকাউন্ট নম্বর এবং পিন 016xxxxxxxx এ পাঠান।,[],0,0,0,0,0,0,0,0,0,0,0,0,আপনার বিকাশ অ্যাকাউন্ট আপডেট করা প্রয়োজন। পরিষেবা বিঘ্ন এড়াতে আপনার অ্যাকাউন্ট নম্বর এবং পিন 016xxxxxxxx এ পাঠান।,115,0,0,0,0,0,0,0,0,0,0,0,0,0,0,0,0,0,0,0,0,0,0
smish,বাংলাদেশ ব্যাংক অ্যাকাউন্টে ত্রুটি দেখা দিয়েছে। কল করুন: +8801814344356,Bengali,0,2,বাংলাদেশ ব্যাংক অ্যাকাউন্টে ত্রুটি দেখা দিয়েছে। কল করুন: +8801814344356,বাংলাদেশ ব্যাংক অ্যাকাউন্টে ত্রুটি দেখা দিয়েছে। কল করুন: +8801814344356,[],0,0,0,0,0,0,0,0,0,0,0,0,বাংলাদেশ ব্যাংক অ্যাকাউন্টে ত্রুটি দেখা দিয়েছে। কল করুন: +8801814344356,72,0,0,0,0,0,0,0,0,0,0,0,0,0,0,0,0,0,0,0,0,0,0
smish,মাশরাফির সাথে ফ্রি ডিনার করার সুযোগ পেতে ক্যাসিনোতে বাজি ধরুন। শুরু করুন: promusic.co/components/interbank.com/,Bengali,1,2,মাশরাফির সাথে ফ্রি ডিনার করার সুযোগ পেতে ক্যাসিনোতে বাজি ধরুন। শুরু করুন: promusic.co/components/interbank.com/,মাশরাফির সাথে ফ্রি ডিনার করার সুযোগ পেতে ক্যাসিনোতে বাজি ধরুন। শুরু করুন: promusic.co/components/interbank.com/,['promusic.co/components/interbank.com/'],1,1,37,37,0,2,0,3,0,0,0,0,মাশরাফির সাথে ফ্রি ডিনার করার সুযোগ পেতে ক্যাসিনোতে বাজি ধরুন। শুরু করুন:  [URL] ,81,1,37,37,0,2,0,3,0,0,0,0,1,37,37,0,2,0,3,0,0,0,0
normal,"নানা, আপনার ঔষধের সময় হয়েছে। খেতে ভুলবেন না।",Bengali,0,0,"নানা, আপনার ঔষধের সময় হয়েছে। খেতে ভুলবেন না।","নানা, আপনার ঔষধের সময় হয়েছে। খেতে ভুলবেন না।",[],0,0,0,0,0,0,0,0,0,0,0,0,"নানা, আপনার ঔষধের সময় হয়েছে। খেতে ভুলবেন না।",46,0,0,0,0,0,0,0,0,0,0,0,0,0,0,0,0,0,0,0,0,0,0
smish,আপনার পেন্ডিং বিলটি পেমেন্ট করুন এবং অবিলম্বে যোগাযোগ করুন +8801812345678,Bengali,0,2,আপনার পেন্ডিং বিলটি পেমেন্ট করুন এবং অবিলম্বে যোগাযোগ করুন +8801812345678,আপনার পেন্ডিং বিলটি পেমেন্ট করুন এবং অবিলম্বে যোগাযোগ করুন +8801812345678,[],0,0,0,0,0,0,0,0,0,0,0,0,আপনার পেন্ডিং বিলটি পেমেন্ট করুন এবং অবিলম্বে যোগাযোগ করুন +8801812345678,73,0,0,0,0,0,0,0,0,0,0,0,0,0,0,0,0,0,0,0,0,0,0
normal,আজকে তোমার দিন কেমন কাটছে?,Bengali,0,0,আজকে তোমার দিন কেমন কাটছে?,আজকে তোমার দিন কেমন কাটছে?,[],0,0,0,0,0,0,0,0,0,0,0,0,আজকে তোমার দিন কেমন কাটছে?,26,0,0,0,0,0,0,0,0,0,0,0,0,0,0,0,0,0,0,0,0,0,0
normal,কি খবর তোমার?,Bengali,0,0,কি খবর তোমার?,কি খবর তোমার?,[],0,0,0,0,0,0,0,0,0,0,0,0,কি খবর তোমার?,13,0,0,0,0,0,0,0,0,0,0,0,0,0,0,0,0,0,0,0,0,0,0
promo,ফ্ল্যাট ১০% ছাড় সারা স্টোরে। কোড: FLAT10. শুধুমাত্র অনলাইনে।,Bengali,0,1,ফ্ল্যাট ১০% ছাড় সারা স্টোরে। কোড: FLAT10. শুধুমাত্র অনলাইনে।,ফ্ল্যাট ১০% ছাড় সারা স্টোরে। কোড: FLAT10. শুধুমাত্র অনলাইনে।,[],0,0,0,0,0,0,0,0,0,0,0,0,ফ্ল্যাট ১০% ছাড় সারা স্টোরে। কোড: FLAT10. শুধুমাত্র অনলাইনে।,61,0,0,0,0,0,0,0,0,0,0,0,0,0,0,0,0,0,0,0,0,0,0
promo,"নগদে পেমেন্ট করুন, পাবেন ১০% ক্যাশব্যাক! সর্বোচ্চ ১০০০ টাকা পর্যন্ত।",Bengali,0,1,"নগদে পেমেন্ট করুন, পাবেন ১০% ক্যাশব্যাক! সর্বোচ্চ ১০০০ টাকা পর্যন্ত।","নগদে পেমেন্ট করুন, পাবেন ১০% ক্যাশব্যাক! সর্বোচ্চ ১০০০ টাকা পর্যন্ত।",[],0,0,0,0,0,0,0,0,0,0,0,0,"নগদে পেমেন্ট করুন, পাবেন ১০% ক্যাশব্যাক! সর্বোচ্চ ১০০০ টাকা পর্যন্ত।",68,0,0,0,0,0,0,0,0,0,0,0,0,0,0,0,0,0,0,0,0,0,0
smish,বাংলাদেশ জাতীয় লটারি থেকে অভিনন্দন! আপনি ২ লক্ষ টাকা জিতেছেন। দাবি করতে natlottery@cash-bd.org এ আপনার নাম্বার পাঠান।,Bengali,1,2,বাংলাদেশ জাতীয় লটারি থেকে অভিনন্দন! আপনি ২ লক্ষ টাকা জিতেছেন। দাবি করতে natlottery@cash-bd.org এ আপনার নাম্বার পাঠান।,বাংলাদেশ জাতীয় লটারি থেকে অভিনন্দন! আপনি ২ লক্ষ টাকা জিতেছেন। দাবি করতে natlottery@cash-bd.org এ আপনার নাম্বার পাঠান।,['cash-bd.org'],1,1,11,11,0,1,1,0,0,0,0,0,বাংলাদেশ জাতীয় লটারি থেকে অভিনন্দন! আপনি ২ লক্ষ টাকা জিতেছেন। দাবি করতে natlottery@ [URL]  এ আপনার নাম্বার পাঠান।,114,1,11,11,0,1,1,0,0,0,0,0,1,11,11,0,1,1,0,0,0,0,0
normal,কাল রাতে কি করেছো?,Bengali,0,0,কাল রাতে কি করেছো?,কাল রাতে কি করেছো?,[],0,0,0,0,0,0,0,0,0,0,0,0,কাল রাতে কি করেছো?,18,0,0,0,0,0,0,0,0,0,0,0,0,0,0,0,0,0,0,0,0,0,0
promo,GP Music App সাবস্ক্রিপশন মাত্র ২০ টাকা প্রতি সপ্তাহে। আপনার প্রিয় গান শুনুন অফলাইনে। সক্রিয় করতে ডায়াল করুন *121*5*1#।,Bengali,0,1,GP Music App সাবস্ক্রিপশন মাত্র ২০ টাকা প্রতি সপ্তাহে। আপনার প্রিয় গান শুনুন অফলাইনে। সক্রিয় করতে ডায়াল করুন *121*5*1#।,GP Music App সাবস্ক্রিপশন মাত্র ২০ টাকা প্রতি সপ্তাহে। আপনার প্রিয় গান শুনুন অফলাইনে। সক্রিয় করতে ডায়াল করুন *121*5*1#।,[],0,0,0,0,0,0,0,0,0,0,0,0,GP Music App সাবস্ক্রিপশন মাত্র ২০ টাকা প্রতি সপ্তাহে। আপনার প্রিয় গান শুনুন অফলাইনে। সক্রিয় করতে ডায়াল করুন *121*5*1#।,122,0,0,0,0,0,0,0,0,0,0,0,0,0,0,0,0,0,0,0,0,0,0
promo,GP App দিয়ে বিল পরিশোধ করলে পাচ্ছেন ১০% ইনস্ট্যান্ট ক্যাশব্যাক। অফার বৈধ মাসের শেষ পর্যন্ত।,Bengali,0,1,GP App দিয়ে বিল পরিশোধ করলে পাচ্ছেন ১০% ইনস্ট্যান্ট ক্যাশব্যাক। অফার বৈধ মাসের শেষ পর্যন্ত।,GP App দিয়ে বিল পরিশোধ করলে পাচ্ছেন ১০% ইনস্ট্যান্ট ক্যাশব্যাক। অফার বৈধ মাসের শেষ পর্যন্ত।,[],0,0,0,0,0,0,0,0,0,0,0,0,GP App দিয়ে বিল পরিশোধ করলে পাচ্ছেন ১০% ইনস্ট্যান্ট ক্যাশব্যাক। অফার বৈধ মাসের শেষ পর্যন্ত।,92,0,0,0,0,0,0,0,0,0,0,0,0,0,0,0,0,0,0,0,0,0,0
normal,০১৭২৯১৭২৯৪৯ এই নাম্বারে রকেটে টাকা পাঠান।,Bengali,0,0,০১৭২৯১৭২৯৪৯ এই নাম্বারে রকেটে টাকা পাঠান।,০১৭২৯১৭২৯৪৯ এই নাম্বারে রকেটে টাকা পাঠান।,[],0,0,0,0,0,0,0,0,0,0,0,0,০১৭২৯১৭২৯৪৯ এই নাম্বারে রকেটে টাকা পাঠান।,41,0,0,0,0,0,0,0,0,0,0,0,0,0,0,0,0,0,0,0,0,0,0
promo,ফ্রি ডেলিভারি সব অর্ডারে। সীমিত সময়ের জন্য।,Bengali,0,1,ফ্রি ডেলিভারি সব অর্ডারে। সীমিত সময়ের জন্য।,ফ্রি ডেলিভারি সব অর্ডারে। সীমিত সময়ের জন্য।,[],0,0,0,0,0,0,0,0,0,0,0,0,ফ্রি ডেলিভারি সব অর্ডারে। সীমিত সময়ের জন্য।,44,0,0,0,0,0,0,0,0,0,0,0,0,0,0,0,0,0,0,0,0,0,0
smish,আপনার মোবাইল নম্বরটি আইফোন জিতেছে! পুরস্কার পেতে কল করুন +8801813344556,Bengali,0,2,আপনার মোবাইল নম্বরটি আইফোন জিতেছে! পুরস্কার পেতে কল করুন +8801813344556,আপনার মোবাইল নম্বরটি আইফোন জিতেছে! পুরস্কার পেতে কল করুন +8801813344556,[],0,0,0,0,0,0,0,0,0,0,0,0,আপনার মোবাইল নম্বরটি আইফোন জিতেছে! পুরস্কার পেতে কল করুন +8801813344556,71,0,0,0,0,0,0,0,0,0,0,0,0,0,0,0,0,0,0,0,0,0,0
normal,"আপনার একাউন্ট থেকে ২০০০/- টাকা কাটা হয়েছে, বিস্তারিত জানতে কল করুন।",Bengali,0,0,"আপনার একাউন্ট থেকে ২০০০/- টাকা কাটা হয়েছে, বিস্তারিত জানতে কল করুন।","আপনার একাউন্ট থেকে ২০০০/- টাকা কাটা হয়েছে, বিস্তারিত জানতে কল করুন।",[],0,0,0,0,0,0,0,0,0,0,0,0,"আপনার একাউন্ট থেকে ২০০০/- টাকা কাটা হয়েছে, বিস্তারিত জানতে কল করুন।",68,0,0,0,0,0,0,0,0,0,0,0,0,0,0,0,0,0,0,0,0,0,0
smish,"আজই বেটিং শুরু করুন এবং ২০,০০০ টাকা ক্যাশব্যাক জিতুন। যোগ দিন: smilesvoegol.servebbs.org/voegol.php",Bengali,1,2,"আজই বেটিং শুরু করুন এবং ২০,০০০ টাকা ক্যাশব্যাক জিতুন। যোগ দিন: smilesvoegol.servebbs.org/voegol.php","আজই বেটিং শুরু করুন এবং ২০,০০০ টাকা ক্যাশব্যাক জিতুন। যোগ দিন: smilesvoegol.servebbs.org/voegol.php",['smilesvoegol.servebbs.org/voegol.php'],1,1,36,36,0,3,0,1,0,0,0,0,"আজই বেটিং শুরু করুন এবং ২০,০০০ টাকা ক্যাশব্যাক জিতুন। যোগ দিন:  [URL] ",70,1,36,36,0,3,0,1,0,0,0,0,1,36,36,0,3,0,1,0,0,0,0
smish,মেধাবী ছাত্রছাত্রীদের জন্য শিক্ষাবৃত্তির সুবিধা ও অভিজ্ঞ ডাক্তারের সাথে সরাসরি ফ্রি পরামর্শসহ বছরে ৳১৯০০০০ হেলথ কভারেজের সাথে হেলথ প্লাসের অন্যান্ন সুবিধা পেতে START RP লিখে পাঠিয়ে দিন 28477.,Bengali,0,2,মেধাবী ছাত্রছাত্রীদের জন্য শিক্ষাবৃত্তির সুবিধা ও অভিজ্ঞ ডাক্তারের সাথে সরাসরি ফ্রি পরামর্শসহ বছরে ৳১৯০০০০ হেলথ কভারেজের সাথে হেলথ প্লাসের অন্যান্ন সুবিধা পেতে START RP লিখে পাঠিয়ে দিন 28477.,মেধাবী ছাত্রছাত্রীদের জন্য শিক্ষাবৃত্তির সুবিধা ও অভিজ্ঞ ডাক্তারের সাথে সরাসরি ফ্রি পরামর্শসহ বছরে ৳১৯০০০০ হেলথ কভারেজের সাথে হেলথ প্লাসের অন্যান্ন সুবিধা পেতে START RP লিখে পাঠিয়ে দিন 28477.,[],0,0,0,0,0,0,0,0,0,0,0,0,মেধাবী ছাত্রছাত্রীদের জন্য শিক্ষাবৃত্তির সুবিধা ও অভিজ্ঞ ডাক্তারের সাথে সরাসরি ফ্রি পরামর্শসহ বছরে ৳১৯০০০০ হেলথ কভারেজের সাথে হেলথ প্লাসের অন্যান্ন সুবিধা পেতে START RP লিখে পাঠিয়ে দিন 28477.,192,0,0,0,0,0,0,0,0,0,0,0,0,0,0,0,0,0,0,0,0,0,0
normal,বিদ্যালয়ের বই পড়া খুব পছন্দ।,Bengali,0,0,বিদ্যালয়ের বই পড়া খুব পছন্দ।,বিদ্যালয়ের বই পড়া খুব পছন্দ।,[],0,0,0,0,0,0,0,0,0,0,0,0,বিদ্যালয়ের বই পড়া খুব পছন্দ।,30,0,0,0,0,0,0,0,0,0,0,0,0,0,0,0,0,0,0,0,0,0,0
smish,ঘরে বসে মোবাইল থেকে টাকা ইনকাম করুন! একটি ক্লিকে বিস্তারিত জানুন: https://refer.mslgames.com/YfrcqEcoToos53HN7,Bengali,1,2,ঘরে বসে মোবাইল থেকে টাকা ইনকাম করুন! একটি ক্লিকে বিস্তারিত জানুন: https://refer.mslgames.com/YfrcqEcoToos53HN7,ঘরে বসে মোবাইল থেকে টাকা ইনকাম করুন! একটি ক্লিকে বিস্তারিত জানুন: https://refer.mslgames.com/YfrcqEcoToos53HN7,['https://refer.mslgames.com/YfrcqEcoToos53HN7'],1,1,44,44,3,2,0,3,1,0,0,0,ঘরে বসে মোবাইল থেকে টাকা ইনকাম করুন! একটি ক্লিকে বিস্তারিত জানুন:  [URL] ,73,1,44,44,3,2,0,3,1,0,0,0,1,44,44,3,2,0,3,1,0,0,0
normal,আজকে অফিসে প্রচুর কাজ ছিল। বস বারবার রিপোর্ট চাইছিলেন। তবে টিমওয়ার্ক ভালো হওয়ায় শেষ করতে পেরেছি।,Bengali,0,0,আজকে অফিসে প্রচুর কাজ ছিল। বস বারবার রিপোর্ট চাইছিলেন। তবে টিমওয়ার্ক ভালো হওয়ায় শেষ করতে পেরেছি।,আজকে অফিসে প্রচুর কাজ ছিল। বস বারবার রিপোর্ট চাইছিলেন। তবে টিমওয়ার্ক ভালো হওয়ায় শেষ করতে পেরেছি।,[],0,0,0,0,0,0,0,0,0,0,0,0,আজকে অফিসে প্রচুর কাজ ছিল। বস বারবার রিপোর্ট চাইছিলেন। তবে টিমওয়ার্ক ভালো হওয়ায় শেষ করতে পেরেছি।,99,0,0,0,0,0,0,0,0,0,0,0,0,0,0,0,0,0,0,0,0,0,0
normal,তোমার প্রিয় গান কোনটা?,Bengali,0,0,তোমার প্রিয় গান কোনটা?,তোমার প্রিয় গান কোনটা?,[],0,0,0,0,0,0,0,0,0,0,0,0,তোমার প্রিয় গান কোনটা?,23,0,0,0,0,0,0,0,0,0,0,0,0,0,0,0,0,0,0,0,0,0,0
smish,"২০,০০০ টাকা বিনিয়োগে ৬০,০০০ টাকা পান! কল করুন: +8801714344456",Bengali,0,2,"২০,০০০ টাকা বিনিয়োগে ৬০,০০০ টাকা পান! কল করুন: +8801714344456","২০,০০০ টাকা বিনিয়োগে ৬০,০০০ টাকা পান! কল করুন: +8801714344456",[],0,0,0,0,0,0,0,0,0,0,0,0,"২০,০০০ টাকা বিনিয়োগে ৬০,০০০ টাকা পান! কল করুন: +8801714344456",62,0,0,0,0,0,0,0,0,0,0,0,0,0,0,0,0,0,0,0,0,0,0
normal,আমি নিজের প্রেমের মধ্যে আছি বলতে পারি।,Bengali,0,0,আমি নিজের প্রেমের মধ্যে আছি বলতে পারি।,আমি নিজের প্রেমের মধ্যে আছি বলতে পারি।,[],0,0,0,0,0,0,0,0,0,0,0,0,আমি নিজের প্রেমের মধ্যে আছি বলতে পারি।,38,0,0,0,0,0,0,0,0,0,0,0,0,0,0,0,0,0,0,0,0,0,0
smish,আপনার ফেসবুক প্রোফাইল আপডেট করুন। এখানে ক্লিক করুন: [facebookprofile.com/UpdateBD],Bengali,1,2,আপনার ফেসবুক প্রোফাইল আপডেট করুন। এখানে ক্লিক করুন: [facebookprofile.com/UpdateBD],আপনার ফেসবুক প্রোফাইল আপডেট করুন। এখানে ক্লিক করুন: [facebookprofile.com/UpdateBD],['facebookprofile.com/UpdateBD'],1,1,28,28,0,1,0,1,0,0,0,0,আপনার ফেসবুক প্রোফাইল আপডেট করুন। এখানে ক্লিক করুন: [ [URL] ],61,1,28,28,0,1,0,1,0,0,0,0,1,28,28,0,1,0,1,0,0,0,0
promo,শাহী বাজারে বিশাল ছাড়! সব গহনায় ৩০% পর্যন্ত কমতি। আজই আসুন।,Bengali,0,1,শাহী বাজারে বিশাল ছাড়! সব গহনায় ৩০% পর্যন্ত কমতি। আজই আসুন।,শাহী বাজারে বিশাল ছাড়! সব গহনায় ৩০% পর্যন্ত কমতি। আজই আসুন।,[],0,0,0,0,0,0,0,0,0,0,0,0,শাহী বাজারে বিশাল ছাড়! সব গহনায় ৩০% পর্যন্ত কমতি। আজই আসুন।,61,0,0,0,0,0,0,0,0,0,0,0,0,0,0,0,0,0,0,0,0,0,0
smish,"বাংলালিংক গ্রাহক, আপনার সিম ব্লক করা হবে যদি ২৪ ঘণ্টার মধ্যে তথ্য যাচাই না করেন। এখনই ভিজিট করুন verify-banglalink.net এবং NID আপলোড করুন।",Bengali,1,2,"বাংলালিংক গ্রাহক, আপনার সিম ব্লক করা হবে যদি ২৪ ঘণ্টার মধ্যে তথ্য যাচাই না করেন। এখনই ভিজিট করুন verify-banglalink.net এবং NID আপলোড করুন।","বাংলালিংক গ্রাহক, আপনার সিম ব্লক করা হবে যদি ২৪ ঘণ্টার মধ্যে তথ্য যাচাই না করেন। এখনই ভিজিট করুন verify-banglalink.net এবং NID আপলোড করুন।",['verify-banglalink.net'],1,1,21,21,0,1,1,0,0,0,0,0,"বাংলালিংক গ্রাহক, আপনার সিম ব্লক করা হবে যদি ২৪ ঘণ্টার মধ্যে তথ্য যাচাই না করেন। এখনই ভিজিট করুন  [URL]  এবং NID আপলোড করুন।",124,1,21,21,0,1,1,0,0,0,0,0,1,21,21,0,1,1,0,0,0,0,0
normal,তোমার প্রিয় জায়গা কোথায়?,Bengali,0,0,তোমার প্রিয় জায়গা কোথায়?,তোমার প্রিয় জায়গা কোথায়?,[],0,0,0,0,0,0,0,0,0,0,0,0,তোমার প্রিয় জায়গা কোথায়?,27,0,0,0,0,0,0,0,0,0,0,0,0,0,0,0,0,0,0,0,0,0,0
smish,জয়! আপনি BMW গাড়ি জিতেছেন লটারিতে। নিবন্ধন: bmw-winner.ml,Bengali,1,2,জয়! আপনি BMW গাড়ি জিতেছেন লটারিতে। নিবন্ধন: bmw-winner.ml,জয়! আপনি BMW গাড়ি জিতেছেন লটারিতে। নিবন্ধন: bmw-winner.ml,['bmw-winner.ml'],1,1,13,13,0,1,1,0,0,0,0,0,জয়! আপনি BMW গাড়ি জিতেছেন লটারিতে। নিবন্ধন:  [URL] ,53,1,13,13,0,1,1,0,0,0,0,0,1,13,13,0,1,1,0,0,0,0,0
smish,মাশরাফির সাথে ডিনার করার সুযোগ পেতে ক্যাসিনোতে বাজি ধরুন। ক্লিক করুন: promusic.co/components/interbank.com/,Bengali,1,2,মাশরাফির সাথে ডিনার করার সুযোগ পেতে ক্যাসিনোতে বাজি ধরুন। ক্লিক করুন: promusic.co/components/interbank.com/,মাশরাফির সাথে ডিনার করার সুযোগ পেতে ক্যাসিনোতে বাজি ধরুন। ক্লিক করুন: promusic.co/components/interbank.com/,['promusic.co/components/interbank.com/'],1,1,37,37,0,2,0,3,0,0,0,0,মাশরাফির সাথে ডিনার করার সুযোগ পেতে ক্যাসিনোতে বাজি ধরুন। ক্লিক করুন:  [URL] ,77,1,37,37,0,2,0,3,0,0,0,0,1,37,37,0,2,0,3,0,0,0,0
promo,আজ Daraz অ্যাপে ইলেকট্রনিক্স প্রোডাক্টে ২৫% ছাড়। কোড: TECH25 ব্যবহার করুন এবং আজই অর্ডার করুন।,Bengali,0,1,আজ Daraz অ্যাপে ইলেকট্রনিক্স প্রোডাক্টে ২৫% ছাড়। কোড: TECH25 ব্যবহার করুন এবং আজই অর্ডার করুন।,আজ Daraz অ্যাপে ইলেকট্রনিক্স প্রোডাক্টে ২৫% ছাড়। কোড: TECH25 ব্যবহার করুন এবং আজই অর্ডার করুন।,[],0,0,0,0,0,0,0,0,0,0,0,0,আজ Daraz অ্যাপে ইলেকট্রনিক্স প্রোডাক্টে ২৫% ছাড়। কোড: TECH25 ব্যবহার করুন এবং আজই অর্ডার করুন।,95,0,0,0,0,0,0,0,0,0,0,0,0,0,0,0,0,0,0,0,0,0,0
smish,"প্রতি রেফারে 75 টাকা সর্বনিম্ন 500 টাকা উইথড্র করতে পারবেন। 

https://t.me/Referincomebd4536_bot?start=r07921710994",Bengali,1,2,"প্রতি রেফারে 75 টাকা সর্বনিম্ন 500 টাকা উইথড্র করতে পারবেন। 

https://t.me/Referincomebd4536_bot?start=r07921710994",প্রতি রেফারে 75 টাকা সর্বনিম্ন 500 টাকা উইথড্র করতে পারবেন। https://t.me/Referincomebd4536_bot?start=r07921710994,['https://t.me/Referincomebd4536_bot?start=r07921710994'],1,1,53,53,15,1,0,3,1,0,0,0,প্রতি রেফারে 75 টাকা সর্বনিম্ন 500 টাকা উইথড্র করতে পারবেন।  [URL] ,67,1,53,53,15,1,0,3,1,0,0,0,1,53,53,15,1,0,3,1,0,0,0
promo,গ্রামীণফোন মেগা অফার! আনলিমিটেড টক টাইম ৩০দিন মাত্র ৪৯৯ টাকা।,Bengali,0,1,গ্রামীণফোন মেগা অফার! আনলিমিটেড টক টাইম ৩০দিন মাত্র ৪৯৯ টাকা।,গ্রামীণফোন মেগা অফার! আনলিমিটেড টক টাইম ৩০দিন মাত্র ৪৯৯ টাকা।,[],0,0,0,0,0,0,0,0,0,0,0,0,গ্রামীণফোন মেগা অফার! আনলিমিটেড টক টাইম ৩০দিন মাত্র ৪৯৯ টাকা।,61,0,0,0,0,0,0,0,0,0,0,0,0,0,0,0,0,0,0,0,0,0,0
normal,"খালা, আজ আপনার ছেলের বিয়ের দাওয়াত। কয়টায় যেতে হবে?",Bengali,0,0,"খালা, আজ আপনার ছেলের বিয়ের দাওয়াত। কয়টায় যেতে হবে?","খালা, আজ আপনার ছেলের বিয়ের দাওয়াত। কয়টায় যেতে হবে?",[],0,0,0,0,0,0,0,0,0,0,0,0,"খালা, আজ আপনার ছেলের বিয়ের দাওয়াত। কয়টায় যেতে হবে?",54,0,0,0,0,0,0,0,0,0,0,0,0,0,0,0,0,0,0,0,0,0,0
normal,আজ রাতে বাংলাদেশ আর শ্রীলঙ্কার ম্যাচ আছে। একসাথে বসে দেখবো নাকি?,Bengali,0,0,আজ রাতে বাংলাদেশ আর শ্রীলঙ্কার ম্যাচ আছে। একসাথে বসে দেখবো নাকি?,আজ রাতে বাংলাদেশ আর শ্রীলঙ্কার ম্যাচ আছে। একসাথে বসে দেখবো নাকি?,[],0,0,0,0,0,0,0,0,0,0,0,0,আজ রাতে বাংলাদেশ আর শ্রীলঙ্কার ম্যাচ আছে। একসাথে বসে দেখবো নাকি?,64,0,0,0,0,0,0,0,0,0,0,0,0,0,0,0,0,0,0,0,0,0,0
normal,আমি একটি নতুন কাজ শুরু করতে চাই।,Bengali,0,0,আমি একটি নতুন কাজ শুরু করতে চাই।,আমি একটি নতুন কাজ শুরু করতে চাই।,[],0,0,0,0,0,0,0,0,0,0,0,0,আমি একটি নতুন কাজ শুরু করতে চাই।,32,0,0,0,0,0,0,0,0,0,0,0,0,0,0,0,0,0,0,0,0,0,0
normal,"তাওহীদ হলো সমস্ত দোয়া, সমস্ত কান্নাকাটি, সাহায্য চেয়ে সমস্ত আবেদন, সমস্ত আশা এবং সকল কল্যাণের আগমন ও সকল ক্ষতি নিবারণের জন্য প্রার্থনা অন্য কেউ নয় বরং কেবলই আল্লাহর উদ্দেশ্যে হতে হবে। - [ইমাম মুহাম্মাদ আলী আশ-শাওকানী (আল দূর আল-নাদিদ)]",Bengali,0,0,"তাওহীদ হলো সমস্ত দোয়া, সমস্ত কান্নাকাটি, সাহায্য চেয়ে সমস্ত আবেদন, সমস্ত আশা এবং সকল কল্যাণের আগমন ও সকল ক্ষতি নিবারণের জন্য প্রার্থনা অন্য কেউ নয় বরং কেবলই আল্লাহর উদ্দেশ্যে হতে হবে। - [ইমাম মুহাম্মাদ আলী আশ-শাওকানী (আল দূর আল-নাদিদ)]","তাওহীদ হলো সমস্ত দোয়া, সমস্ত কান্নাকাটি, সাহায্য চেয়ে সমস্ত আবেদন, সমস্ত আশা এবং সকল কল্যাণের আগমন ও সকল ক্ষতি নিবারণের জন্য প্রার্থনা অন্য কেউ নয় বরং কেবলই আল্লাহর উদ্দেশ্যে হতে হবে। - [ইমাম মুহাম্মাদ আলী আশ-শাওকানী (আল দূর আল-নাদিদ)]",[],0,0,0,0,0,0,0,0,0,0,0,0,"তাওহীদ হলো সমস্ত দোয়া, সমস্ত কান্নাকাটি, সাহায্য চেয়ে সমস্ত আবেদন, সমস্ত আশা এবং সকল কল্যাণের আগমন ও সকল ক্ষতি নিবারণের জন্য প্রার্থনা অন্য কেউ নয় বরং কেবলই আল্লাহর উদ্দেশ্যে হতে হবে। - [ইমাম মুহাম্মাদ আলী আশ-শাওকানী (আল দূর আল-নাদিদ)]",238,0,0,0,0,0,0,0,0,0,0,0,0,0,0,0,0,0,0,0,0,0,0
smish,"ক্যাসিনোতে বাজি ধরুন এবং ১০,০০০ টাকা ক্যাশব্যাক জিতুন! শুরু করুন: xini.eu/00Qe",Bengali,1,2,"ক্যাসিনোতে বাজি ধরুন এবং ১০,০০০ টাকা ক্যাশব্যাক জিতুন! শুরু করুন: xini.eu/00Qe","ক্যাসিনোতে বাজি ধরুন এবং ১০,০০০ টাকা ক্যাশব্যাক জিতুন! শুরু করুন: xini.eu/00Qe",['xini.eu/00Qe'],1,1,12,12,2,1,0,1,0,0,0,0,"ক্যাসিনোতে বাজি ধরুন এবং ১০,০০০ টাকা ক্যাশব্যাক জিতুন! শুরু করুন:  [URL] ",73,1,12,12,2,1,0,1,0,0,0,0,1,12,12,2,1,0,1,0,0,0,0
promo,"পূর্বাচলের এশিয়ান হাইওয়ে সংলগ্ন পরিকল্পিত শহর ""নাভানা হাইল্যন্ডে"" এ বিনিয়োগ করুন।উঁচু ও লাল মাটি।রয়েছে কিস্তির সুবিধা – ০১৭০৮৪৬৬৪৭১",Bengali,0,1,"পূর্বাচলের এশিয়ান হাইওয়ে সংলগ্ন পরিকল্পিত শহর ""নাভানা হাইল্যন্ডে"" এ বিনিয়োগ করুন।উঁচু ও লাল মাটি।রয়েছে কিস্তির সুবিধা – ০১৭০৮৪৬৬৪৭১","পূর্বাচলের এশিয়ান হাইওয়ে সংলগ্ন পরিকল্পিত শহর ""নাভানা হাইল্যন্ডে"" এ বিনিয়োগ করুন।উঁচু ও লাল মাটি।রয়েছে কিস্তির সুবিধা - ০১৭০৮৪৬৬৪৭১",[],0,0,0,0,0,0,0,0,0,0,0,0,"পূর্বাচলের এশিয়ান হাইওয়ে সংলগ্ন পরিকল্পিত শহর ""নাভানা হাইল্যন্ডে"" এ বিনিয়োগ করুন।উঁচু ও লাল মাটি।রয়েছে কিস্তির সুবিধা - ০১৭০৮৪৬৬৪৭১",135,0,0,0,0,0,0,0,0,0,0,0,0,0,0,0,0,0,0,0,0,0,0
smish,প্রিয় গ্রাহক আপনার নাম্বারের ১০ জিবি ইন্টারনেট এবং ১০০ মিনিট ফ্রি পেতে নিচের লিংকে ক্লিক করুন,Bengali,0,2,প্রিয় গ্রাহক আপনার নাম্বারের ১০ জিবি ইন্টারনেট এবং ১০০ মিনিট ফ্রি পেতে নিচের লিংকে ক্লিক করুন,প্রিয় গ্রাহক আপনার নাম্বারের ১০ জিবি ইন্টারনেট এবং ১০০ মিনিট ফ্রি পেতে নিচের লিংকে ক্লিক করুন,[],0,0,0,0,0,0,0,0,0,0,0,0,প্রিয় গ্রাহক আপনার নাম্বারের ১০ জিবি ইন্টারনেট এবং ১০০ মিনিট ফ্রি পেতে নিচের লিংকে ক্লিক করুন,94,0,0,0,0,0,0,0,0,0,0,0,0,0,0,0,0,0,0,0,0,0,0
smish,আপনার GP FlexiPlan অফার বাতিল করা হয়েছে। পুনরায় সক্রিয় করতে এখনই gp-bonus24.com ভিজিট করুন এবং কার্ড তথ্য প্রদান করুন।,Bengali,1,2,আপনার GP FlexiPlan অফার বাতিল করা হয়েছে। পুনরায় সক্রিয় করতে এখনই gp-bonus24.com ভিজিট করুন এবং কার্ড তথ্য প্রদান করুন।,আপনার GP FlexiPlan অফার বাতিল করা হয়েছে। পুনরায় সক্রিয় করতে এখনই gp-bonus24.com ভিজিট করুন এবং কার্ড তথ্য প্রদান করুন।,['gp-bonus24.com'],1,1,14,14,2,1,1,0,0,0,0,0,আপনার GP FlexiPlan অফার বাতিল করা হয়েছে। পুনরায় সক্রিয় করতে এখনই  [URL]  ভিজিট করুন এবং কার্ড তথ্য প্রদান করুন।,114,1,14,14,2,1,1,0,0,0,0,0,1,14,14,2,1,1,0,0,0,0,0
smish,আপনার Robi SIM বন্ধ হয়ে যাবে। এটি চালু রাখতে robicare24.org ভিজিট করুন।,Bengali,1,2,আপনার Robi SIM বন্ধ হয়ে যাবে। এটি চালু রাখতে robicare24.org ভিজিট করুন।,আপনার Robi SIM বন্ধ হয়ে যাবে। এটি চালু রাখতে robicare24.org ভিজিট করুন।,['robicare24.org'],1,1,14,14,2,1,0,0,0,0,0,0,আপনার Robi SIM বন্ধ হয়ে যাবে। এটি চালু রাখতে  [URL]  ভিজিট করুন।,65,1,14,14,2,1,0,0,0,0,0,0,1,14,14,2,1,0,0,0,0,0,0
smish,আপনার ইমেল ঠিকানাটি যাচাই করতে এখানে ক্লিক করুন: [emailsecure.net/VerifyBD],Bengali,1,2,আপনার ইমেল ঠিকানাটি যাচাই করতে এখানে ক্লিক করুন: [emailsecure.net/VerifyBD],আপনার ইমেল ঠিকানাটি যাচাই করতে এখানে ক্লিক করুন: [emailsecure.net/VerifyBD],['emailsecure.net/VerifyBD'],1,1,24,24,0,1,0,1,0,0,0,0,আপনার ইমেল ঠিকানাটি যাচাই করতে এখানে ক্লিক করুন: [ [URL] ],58,1,24,24,0,1,0,1,0,0,0,0,1,24,24,0,1,0,1,0,0,0,0
promo,GP STAR গ্রাহকরা এখন পাচ্ছেন ৫০০ টাকার শপিং ভাউচার সম্পূর্ণ ফ্রি! Daraz এ ব্যবহার করতে পারবেন। বিস্তারিত জানতে *121*888#।,Bengali,0,1,GP STAR গ্রাহকরা এখন পাচ্ছেন ৫০০ টাকার শপিং ভাউচার সম্পূর্ণ ফ্রি! Daraz এ ব্যবহার করতে পারবেন। বিস্তারিত জানতে *121*888#।,GP STAR গ্রাহকরা এখন পাচ্ছেন ৫০০ টাকার শপিং ভাউচার সম্পূর্ণ ফ্রি! Daraz এ ব্যবহার করতে পারবেন। বিস্তারিত জানতে *121*888#।,[],0,0,0,0,0,0,0,0,0,0,0,0,GP STAR গ্রাহকরা এখন পাচ্ছেন ৫০০ টাকার শপিং ভাউচার সম্পূর্ণ ফ্রি! Daraz এ ব্যবহার করতে পারবেন। বিস্তারিত জানতে *121*888#।,121,0,0,0,0,0,0,0,0,0,0,0,0,0,0,0,0,0,0,0,0,0,0
normal,আজ সকালে হাঁটতে বের হলাম। ঠাণ্ডা বাতাসে মন ফ্রেশ হলো।,Bengali,0,0,আজ সকালে হাঁটতে বের হলাম। ঠাণ্ডা বাতাসে মন ফ্রেশ হলো।,আজ সকালে হাঁটতে বের হলাম। ঠাণ্ডা বাতাসে মন ফ্রেশ হলো।,[],0,0,0,0,0,0,0,0,0,0,0,0,আজ সকালে হাঁটতে বের হলাম। ঠাণ্ডা বাতাসে মন ফ্রেশ হলো।,53,0,0,0,0,0,0,0,0,0,0,0,0,0,0,0,0,0,0,0,0,0,0
normal,বারোমাসের বন্ধুদের সঙ্গে আড্ডা দিতে যাচ্ছি।,Bengali,0,0,বারোমাসের বন্ধুদের সঙ্গে আড্ডা দিতে যাচ্ছি।,বারোমাসের বন্ধুদের সঙ্গে আড্ডা দিতে যাচ্ছি।,[],0,0,0,0,0,0,0,0,0,0,0,0,বারোমাসের বন্ধুদের সঙ্গে আড্ডা দিতে যাচ্ছি।,43,0,0,0,0,0,0,0,0,0,0,0,0,0,0,0,0,0,0,0,0,0,0
normal,"হ্যালো, কেমন আছো?",Bengali,0,0,"হ্যালো, কেমন আছো?","হ্যালো, কেমন আছো?",[],0,0,0,0,0,0,0,0,0,0,0,0,"হ্যালো, কেমন আছো?",17,0,0,0,0,0,0,0,0,0,0,0,0,0,0,0,0,0,0,0,0,0,0
normal,তোমার একটা কথা বলো। তোমার কথা ভালো লাগে।,Bengali,0,0,তোমার একটা কথা বলো। তোমার কথা ভালো লাগে।,তোমার একটা কথা বলো। তোমার কথা ভালো লাগে।,[],0,0,0,0,0,0,0,0,0,0,0,0,তোমার একটা কথা বলো। তোমার কথা ভালো লাগে।,40,0,0,0,0,0,0,0,0,0,0,0,0,0,0,0,0,0,0,0,0,0,0
normal,"আপনার পাওনা ৬০০০/- টাকা, দ্রুত পরিশোধ করুন।",Bengali,0,0,"আপনার পাওনা ৬০০০/- টাকা, দ্রুত পরিশোধ করুন।","আপনার পাওনা ৬০০০/- টাকা, দ্রুত পরিশোধ করুন।",[],0,0,0,0,0,0,0,0,0,0,0,0,"আপনার পাওনা ৬০০০/- টাকা, দ্রুত পরিশোধ করুন।",43,0,0,0,0,0,0,0,0,0,0,0,0,0,0,0,0,0,0,0,0,0,0
promo,নতুন গ্রাহকদের জন্য বিশেষ! ইন্টারনেট কানেকশনে ৩ মাস ফ্রি।,Bengali,0,1,নতুন গ্রাহকদের জন্য বিশেষ! ইন্টারনেট কানেকশনে ৩ মাস ফ্রি।,নতুন গ্রাহকদের জন্য বিশেষ! ইন্টারনেট কানেকশনে ৩ মাস ফ্রি।,[],0,0,0,0,0,0,0,0,0,0,0,0,নতুন গ্রাহকদের জন্য বিশেষ! ইন্টারনেট কানেকশনে ৩ মাস ফ্রি।,57,0,0,0,0,0,0,0,0,0,0,0,0,0,0,0,0,0,0,0,0,0,0
smish,নগদ অ্যাকাউন্ট ব্লক হয়েছে। পুনরায় চালু করতে এখানে ক্লিক করুন: https://t.me/NagadActivateBot,Bengali,1,2,নগদ অ্যাকাউন্ট ব্লক হয়েছে। পুনরায় চালু করতে এখানে ক্লিক করুন: https://t.me/NagadActivateBot,নগদ অ্যাকাউন্ট ব্লক হয়েছে। পুনরায় চালু করতে এখানে ক্লিক করুন: https://t.me/NagadActivateBot,['https://t.me/NagadActivateBot'],1,1,29,29,0,1,0,3,1,0,0,0,নগদ অ্যাকাউন্ট ব্লক হয়েছে। পুনরায় চালু করতে এখানে ক্লিক করুন:  [URL] ,71,1,29,29,0,1,0,3,1,0,0,0,1,29,29,0,1,0,3,1,0,0,0
smish,কৃষকদের জন্য সরকার দিচ্ছে পঞ্চাশ হাজার টাকা পর্যন্ত ভর্তুকি। ভর্তুকি পেতে এখনই যোগাযোগ করুন ০১৫৩৮২৭২৭৩৪,Bengali,0,2,কৃষকদের জন্য সরকার দিচ্ছে পঞ্চাশ হাজার টাকা পর্যন্ত ভর্তুকি। ভর্তুকি পেতে এখনই যোগাযোগ করুন ০১৫৩৮২৭২৭৩৪,কৃষকদের জন্য সরকার দিচ্ছে পঞ্চাশ হাজার টাকা পর্যন্ত ভর্তুকি। ভর্তুকি পেতে এখনই যোগাযোগ করুন ০১৫৩৮২৭২৭৩৪,[],0,0,0,0,0,0,0,0,0,0,0,0,কৃষকদের জন্য সরকার দিচ্ছে পঞ্চাশ হাজার টাকা পর্যন্ত ভর্তুকি। ভর্তুকি পেতে এখনই যোগাযোগ করুন ০১৫৩৮২৭২৭৩৪,103,0,0,0,0,0,0,0,0,0,0,0,0,0,0,0,0,0,0,0,0,0,0
normal,০১৯২৭২৮৯৩৭২ এই নাম্বারে কল করুন।,Bengali,0,0,০১৯২৭২৮৯৩৭২ এই নাম্বারে কল করুন।,০১৯২৭২৮৯৩৭২ এই নাম্বারে কল করুন।,[],0,0,0,0,0,0,0,0,0,0,0,0,০১৯২৭২৮৯৩৭২ এই নাম্বারে কল করুন।,32,0,0,0,0,0,0,0,0,0,0,0,0,0,0,0,0,0,0,0,0,0,0
promo,আমাদের প্রোডাক্টে ডিসকাউন্ট চলছে। বিস্তারিত জানাতে এই নাম্বারে যোগাযোগ করুন: ০১৭৮৯৬৫৪৩২১।,Bengali,0,1,আমাদের প্রোডাক্টে ডিসকাউন্ট চলছে। বিস্তারিত জানাতে এই নাম্বারে যোগাযোগ করুন: ০১৭৮৯৬৫৪৩২১।,আমাদের প্রোডাক্টে ডিসকাউন্ট চলছে। বিস্তারিত জানাতে এই নাম্বারে যোগাযোগ করুন: ০১৭৮৯৬৫৪৩২১।,[],0,0,0,0,0,0,0,0,0,0,0,0,আমাদের প্রোডাক্টে ডিসকাউন্ট চলছে। বিস্তারিত জানাতে এই নাম্বারে যোগাযোগ করুন: ০১৭৮৯৬৫৪৩২১।,89,0,0,0,0,0,0,0,0,0,0,0,0,0,0,0,0,0,0,0,0,0,0
smish,"ইউরোপীয় চ্যাম্পিয়নশিপে বাজি ধরুন এবং ২০,০০০ টাকা ক্যাশব্যাক জিতুন। যোগ দিন: smilesvoegol.servebbs.org/voegol.php",Bengali,1,2,"ইউরোপীয় চ্যাম্পিয়নশিপে বাজি ধরুন এবং ২০,০০০ টাকা ক্যাশব্যাক জিতুন। যোগ দিন: smilesvoegol.servebbs.org/voegol.php","ইউরোপীয় চ্যাম্পিয়নশিপে বাজি ধরুন এবং ২০,০০০ টাকা ক্যাশব্যাক জিতুন। যোগ দিন: smilesvoegol.servebbs.org/voegol.php",['smilesvoegol.servebbs.org/voegol.php'],1,1,36,36,0,3,0,1,0,0,0,0,"ইউরোপীয় চ্যাম্পিয়নশিপে বাজি ধরুন এবং ২০,০০০ টাকা ক্যাশব্যাক জিতুন। যোগ দিন:  [URL] ",85,1,36,36,0,3,0,1,0,0,0,0,1,36,36,0,3,0,1,0,0,0,0
normal,তুমি কি শুক্রবার ফ্রি আছো? আমরা কয়েকজন মিলে গুলশানে একটা কনসার্ট দেখতে যাচ্ছি। চাইলে তুমিও আমাদের সাথে যেতে পারো।,Bengali,0,0,তুমি কি শুক্রবার ফ্রি আছো? আমরা কয়েকজন মিলে গুলশানে একটা কনসার্ট দেখতে যাচ্ছি। চাইলে তুমিও আমাদের সাথে যেতে পারো।,তুমি কি শুক্রবার ফ্রি আছো? আমরা কয়েকজন মিলে গুলশানে একটা কনসার্ট দেখতে যাচ্ছি। চাইলে তুমিও আমাদের সাথে যেতে পারো।,[],0,0,0,0,0,0,0,0,0,0,0,0,তুমি কি শুক্রবার ফ্রি আছো? আমরা কয়েকজন মিলে গুলশানে একটা কনসার্ট দেখতে যাচ্ছি। চাইলে তুমিও আমাদের সাথে যেতে পারো।,114,0,0,0,0,0,0,0,0,0,0,0,0,0,0,0,0,0,0,0,0,0,0
smish,আপনার ফোন নম্বরটি ৫০০০ টাকা পুরস্কার জিতেছে! বিস্তারিত জানতে কল করুন +8801715566778,Bengali,0,2,আপনার ফোন নম্বরটি ৫০০০ টাকা পুরস্কার জিতেছে! বিস্তারিত জানতে কল করুন +8801715566778,আপনার ফোন নম্বরটি ৫০০০ টাকা পুরস্কার জিতেছে! বিস্তারিত জানতে কল করুন +8801715566778,[],0,0,0,0,0,0,0,0,0,0,0,0,আপনার ফোন নম্বরটি ৫০০০ টাকা পুরস্কার জিতেছে! বিস্তারিত জানতে কল করুন +8801715566778,83,0,0,0,0,0,0,0,0,0,0,0,0,0,0,0,0,0,0,0,0,0,0
smish,"""অভিনন্দন! আপ্নি পাসেন"" ""বিকাশ"""" & BRAC""""N.G.O"""" pokko teke """"STUDENT বৃত্তি"""" (টাকা-10,499/) আপনার পরিমাণ আইডি: এখন আপনার প্রার্থী নির্বাচন করুন: Bestarito Janta Call korun office: 01794567889 (am 11 to 5pm} ওথোভা""""ঠিক আছে""""লিখা এসএমএস করব? আমড়া আপনের কেচা কল করবো.!""",Bengali,0,2,"""অভিনন্দন! আপ্নি পাসেন"" ""বিকাশ"""" & BRAC""""N.G.O"""" pokko teke """"STUDENT বৃত্তি"""" (টাকা-10,499/) আপনার পরিমাণ আইডি: এখন আপনার প্রার্থী নির্বাচন করুন: Bestarito Janta Call korun office: 01794567889 (am 11 to 5pm} ওথোভা""""ঠিক আছে""""লিখা এসএমএস করব? আমড়া আপনের কেচা কল করবো.!""","""অভিনন্দন! আপ্নি পাসেন"" ""বিকাশ"""" & BRAC""""N.G.O"""" pokko teke """"STUDENT বৃত্তি"""" (টাকা-10,499/) আপনার পরিমাণ আইডি: এখন আপনার প্রার্থী নির্বাচন করুন: Bestarito Janta Call korun office: 01794567889 (am 11 to 5pm} ওথোভা""""ঠিক আছে""""লিখা এসএমএস করব? আমড়া আপনের কেচা কল করবো.!""",[],0,0,0,0,0,0,0,0,0,0,0,0,"""অভিনন্দন! আপ্নি পাসেন"" ""বিকাশ"""" & BRAC""""N.G.O"""" pokko teke """"STUDENT বৃত্তি"""" (টাকা-10,499/) আপনার পরিমাণ আইডি: এখন আপনার প্রার্থী নির্বাচন করুন: Bestarito Janta Call korun office: 01794567889 (am 11 to 5pm} ওথোভা""""ঠিক আছে""""লিখা এসএমএস করব? আমড়া আপনের কেচা কল করবো.!""",269,0,0,0,0,0,0,0,0,0,0,0,0,0,0,0,0,0,0,0,0,0,0
normal,০১৯২৭২৮৩৯৮৭ এই নাম্বারে রকেটে টাকা পাঠান।,Bengali,0,0,০১৯২৭২৮৩৯৮৭ এই নাম্বারে রকেটে টাকা পাঠান।,০১৯২৭২৮৩৯৮৭ এই নাম্বারে রকেটে টাকা পাঠান।,[],0,0,0,0,0,0,0,0,0,0,0,0,০১৯২৭২৮৩৯৮৭ এই নাম্বারে রকেটে টাকা পাঠান।,41,0,0,0,0,0,0,0,0,0,0,0,0,0,0,0,0,0,0,0,0,0,0
smish,Emergency! আপনার জব একাউন্ট হ্যাক। সুরক্ষিত করুন: secure-job.tk,Bengali,1,2,Emergency! আপনার জব একাউন্ট হ্যাক। সুরক্ষিত করুন: secure-job.tk,Emergency! আপনার জব একাউন্ট হ্যাক। সুরক্ষিত করুন: secure-job.tk,['secure-job.tk'],1,1,13,13,0,1,1,0,0,0,0,0,Emergency! আপনার জব একাউন্ট হ্যাক। সুরক্ষিত করুন:  [URL] ,57,1,13,13,0,1,1,0,0,0,0,0,1,13,13,0,1,1,0,0,0,0,0
smish,"আপনার কার্ড থেকে আজ ১৫,০০০ টাকা কেটে গেছে। এটি রোধ করতে cancel-dbbl.org ভিজিট করুন।",Bengali,1,2,"আপনার কার্ড থেকে আজ ১৫,০০০ টাকা কেটে গেছে। এটি রোধ করতে cancel-dbbl.org ভিজিট করুন।","আপনার কার্ড থেকে আজ ১৫,০০০ টাকা কেটে গেছে। এটি রোধ করতে cancel-dbbl.org ভিজিট করুন।",['cancel-dbbl.org'],1,1,15,15,0,1,1,0,0,0,0,0,"আপনার কার্ড থেকে আজ ১৫,০০০ টাকা কেটে গেছে। এটি রোধ করতে  [URL]  ভিজিট করুন।",75,1,15,15,0,1,1,0,0,0,0,0,1,15,15,0,1,1,0,0,0,0,0
normal,"তোমারি চোখেরই আঙ্গিনায়, এখনো কি তেমনি করে ছড়ায় আলো? এখনো কি তারার পানে চেয়ে থাকো আন মনে? তুমি কি আমায় আগের মত বাস ভাল?",Bengali,0,0,"তোমারি চোখেরই আঙ্গিনায়, এখনো কি তেমনি করে ছড়ায় আলো? এখনো কি তারার পানে চেয়ে থাকো আন মনে? তুমি কি আমায় আগের মত বাস ভাল?","তোমারি চোখেরই আঙ্গিনায়, এখনো কি তেমনি করে ছড়ায় আলো? এখনো কি তারার পানে চেয়ে থাকো আন মনে? তুমি কি আমায় আগের মত বাস ভাল?",[],0,0,0,0,0,0,0,0,0,0,0,0,"তোমারি চোখেরই আঙ্গিনায়, এখনো কি তেমনি করে ছড়ায় আলো? এখনো কি তারার পানে চেয়ে থাকো আন মনে? তুমি কি আমায় আগের মত বাস ভাল?",123,0,0,0,0,0,0,0,0,0,0,0,0,0,0,0,0,0,0,0,0,0,0
smish,"https://t.me/Trust_earning_Airdropbot?start=r02156081575
প্রতি রেফারে ২৫০ টাকা ইনকাম করতে পারবেন। উপরের ২ টি লিংক এ ক্লিক করে start করুন এবং Telegram website থেকে দেয়া সেই লিংক টা আপনার প্রেন্ড দের কাছে শেয়ার করুন।",Bengali,1,2,"https://t.me/Trust_earning_Airdropbot?start=r02156081575
প্রতি রেফারে ২৫০ টাকা ইনকাম করতে পারবেন। উপরের ২ টি লিংক এ ক্লিক করে start করুন এবং Telegram website থেকে দেয়া সেই লিংক টা আপনার প্রেন্ড দের কাছে শেয়ার করুন।",https://t.me/Trust_earning_Airdropbot?start=r02156081575 প্রতি রেফারে ২৫০ টাকা ইনকাম করতে পারবেন। উপরের ২ টি লিংক এ ক্লিক করে start করুন এবং Telegram website থেকে দেয়া সেই লিংক টা আপনার প্রেন্ড দের কাছে শেয়ার করুন।,['https://t.me/Trust_earning_Airdropbot?start=r02156081575'],1,1,56,56,11,1,0,3,1,0,0,0, [URL]  প্রতি রেফারে ২৫০ টাকা ইনকাম করতে পারবেন। উপরের ২ টি লিংক এ ক্লিক করে start করুন এবং Telegram website থেকে দেয়া সেই লিংক টা আপনার প্রেন্ড দের কাছে শেয়ার করুন।,167,1,56,56,11,1,0,3,1,0,0,0,1,56,56,11,1,0,3,1,0,0,0
normal,"কখনো মনে হয় সব যে ডিস্ট্রাক্শন,  এই মোবাইল ইন্টারনেট  এই অনলাইন দুনিয়া, সবাই এমন ভাবে ভিতরে ঢুকসে যে এসব ছাড়া সিঙ্গেল একটা ডে স্পেন্ড করা কঠিন",Bengali,0,0,"কখনো মনে হয় সব যে ডিস্ট্রাক্শন,  এই মোবাইল ইন্টারনেট  এই অনলাইন দুনিয়া, সবাই এমন ভাবে ভিতরে ঢুকসে যে এসব ছাড়া সিঙ্গেল একটা ডে স্পেন্ড করা কঠিন","কখনো মনে হয় সব যে ডিস্ট্রাক্শন, এই মোবাইল ইন্টারনেট এই অনলাইন দুনিয়া, সবাই এমন ভাবে ভিতরে ঢুকসে যে এসব ছাড়া সিঙ্গেল একটা ডে স্পেন্ড করা কঠিন",[],0,0,0,0,0,0,0,0,0,0,0,0,"কখনো মনে হয় সব যে ডিস্ট্রাক্শন, এই মোবাইল ইন্টারনেট এই অনলাইন দুনিয়া, সবাই এমন ভাবে ভিতরে ঢুকসে যে এসব ছাড়া সিঙ্গেল একটা ডে স্পেন্ড করা কঠিন",143,0,0,0,0,0,0,0,0,0,0,0,0,0,0,0,0,0,0,0,0,0,0
smish,আপনার ড্রাইভিং লাইসেন্স আপডেট করতে কল করুন +8801815566778,Bengali,0,2,আপনার ড্রাইভিং লাইসেন্স আপডেট করতে কল করুন +8801815566778,আপনার ড্রাইভিং লাইসেন্স আপডেট করতে কল করুন +8801815566778,[],0,0,0,0,0,0,0,0,0,0,0,0,আপনার ড্রাইভিং লাইসেন্স আপডেট করতে কল করুন +8801815566778,57,0,0,0,0,0,0,0,0,0,0,0,0,0,0,0,0,0,0,0,0,0,0
normal,তুমি কি মিটিংয়ে যাচ্ছো?,Bengali,0,0,তুমি কি মিটিংয়ে যাচ্ছো?,তুমি কি মিটিংয়ে যাচ্ছো?,[],0,0,0,0,0,0,0,0,0,0,0,0,তুমি কি মিটিংয়ে যাচ্ছো?,24,0,0,0,0,0,0,0,0,0,0,0,0,0,0,0,0,0,0,0,0,0,0
normal,০১৬৭২৫৭৩৮৫৭ নাম্বারে বিকাশ করুন।,Bengali,0,0,০১৬৭২৫৭৩৮৫৭ নাম্বারে বিকাশ করুন।,০১৬৭২৫৭৩৮৫৭ নাম্বারে বিকাশ করুন।,[],0,0,0,0,0,0,0,0,0,0,0,0,০১৬৭২৫৭৩৮৫৭ নাম্বারে বিকাশ করুন।,32,0,0,0,0,0,0,0,0,0,0,0,0,0,0,0,0,0,0,0,0,0,0
smish,আজই ক্যাসিনোতে বাজি ধরুন এবং একটি বিলাসবহুল ট্রিপ জিতুন! যোগ দিন: smilesvoegol.servebbs.org/voegol.php,Bengali,1,2,আজই ক্যাসিনোতে বাজি ধরুন এবং একটি বিলাসবহুল ট্রিপ জিতুন! যোগ দিন: smilesvoegol.servebbs.org/voegol.php,আজই ক্যাসিনোতে বাজি ধরুন এবং একটি বিলাসবহুল ট্রিপ জিতুন! যোগ দিন: smilesvoegol.servebbs.org/voegol.php,['smilesvoegol.servebbs.org/voegol.php'],1,1,36,36,0,3,0,1,0,0,0,0,আজই ক্যাসিনোতে বাজি ধরুন এবং একটি বিলাসবহুল ট্রিপ জিতুন! যোগ দিন:  [URL] ,73,1,36,36,0,3,0,1,0,0,0,0,1,36,36,0,3,0,1,0,0,0,0
normal,"দোস্ত, আজ আমার জন্মদিন। সন্ধ্যায় পার্টি আছে। আসবে তো?",Bengali,0,0,"দোস্ত, আজ আমার জন্মদিন। সন্ধ্যায় পার্টি আছে। আসবে তো?","দোস্ত, আজ আমার জন্মদিন। সন্ধ্যায় পার্টি আছে। আসবে তো?",[],0,0,0,0,0,0,0,0,0,0,0,0,"দোস্ত, আজ আমার জন্মদিন। সন্ধ্যায় পার্টি আছে। আসবে তো?",54,0,0,0,0,0,0,0,0,0,0,0,0,0,0,0,0,0,0,0,0,0,0
normal,"আজ সকালে হাঁটতে বের হয়েছিলাম। বাতাসটা ঠাণ্ডা ছিল, মনে হচ্ছিলো ভীষণ প্রশান্তি। সারাদিন কাজের আগে একটু এনার্জি পেয়ে গেলাম।",Bengali,0,0,"আজ সকালে হাঁটতে বের হয়েছিলাম। বাতাসটা ঠাণ্ডা ছিল, মনে হচ্ছিলো ভীষণ প্রশান্তি। সারাদিন কাজের আগে একটু এনার্জি পেয়ে গেলাম।","আজ সকালে হাঁটতে বের হয়েছিলাম। বাতাসটা ঠাণ্ডা ছিল, মনে হচ্ছিলো ভীষণ প্রশান্তি। সারাদিন কাজের আগে একটু এনার্জি পেয়ে গেলাম।",[],0,0,0,0,0,0,0,0,0,0,0,0,"আজ সকালে হাঁটতে বের হয়েছিলাম। বাতাসটা ঠাণ্ডা ছিল, মনে হচ্ছিলো ভীষণ প্রশান্তি। সারাদিন কাজের আগে একটু এনার্জি পেয়ে গেলাম।",122,0,0,0,0,0,0,0,0,0,0,0,0,0,0,0,0,0,0,0,0,0,0
normal,"তুমি আজকে বাজারে গিয়েছিলে? আমি বিকেলে শাপলা চত্বরের কাছ থেকে সবজি নিয়ে আসবো, চাইলে তোমার জন্যও নিয়ে আসতে পারি।",Bengali,0,0,"তুমি আজকে বাজারে গিয়েছিলে? আমি বিকেলে শাপলা চত্বরের কাছ থেকে সবজি নিয়ে আসবো, চাইলে তোমার জন্যও নিয়ে আসতে পারি।","তুমি আজকে বাজারে গিয়েছিলে? আমি বিকেলে শাপলা চত্বরের কাছ থেকে সবজি নিয়ে আসবো, চাইলে তোমার জন্যও নিয়ে আসতে পারি।",[],0,0,0,0,0,0,0,0,0,0,0,0,"তুমি আজকে বাজারে গিয়েছিলে? আমি বিকেলে শাপলা চত্বরের কাছ থেকে সবজি নিয়ে আসবো, চাইলে তোমার জন্যও নিয়ে আসতে পারি।",113,0,0,0,0,0,0,0,0,0,0,0,0,0,0,0,0,0,0,0,0,0,0
normal,"তুমি অসাধারণ, নিজের উপর বিশ্বাস রাখো।",Bengali,0,0,"তুমি অসাধারণ, নিজের উপর বিশ্বাস রাখো।","তুমি অসাধারণ, নিজের উপর বিশ্বাস রাখো।",[],0,0,0,0,0,0,0,0,0,0,0,0,"তুমি অসাধারণ, নিজের উপর বিশ্বাস রাখো।",37,0,0,0,0,0,0,0,0,0,0,0,0,0,0,0,0,0,0,0,0,0,0
promo,নতুন ক্লায়েন্টদের জন্য স্পেশাল অফার! আমাদের সার্ভিসে ২০% ছাড়।,Bengali,0,1,নতুন ক্লায়েন্টদের জন্য স্পেশাল অফার! আমাদের সার্ভিসে ২০% ছাড়।,নতুন ক্লায়েন্টদের জন্য স্পেশাল অফার! আমাদের সার্ভিসে ২০% ছাড়।,[],0,0,0,0,0,0,0,0,0,0,0,0,নতুন ক্লায়েন্টদের জন্য স্পেশাল অফার! আমাদের সার্ভিসে ২০% ছাড়।,63,0,0,0,0,0,0,0,0,0,0,0,0,0,0,0,0,0,0,0,0,0,0
promo,নতুন মেনুতে ১০% ছাড়! আজই আমাদের রেস্তোরাঁয় আসুন।,Bengali,0,1,নতুন মেনুতে ১০% ছাড়! আজই আমাদের রেস্তোরাঁয় আসুন।,নতুন মেনুতে ১০% ছাড়! আজই আমাদের রেস্তোরাঁয় আসুন।,[],0,0,0,0,0,0,0,0,0,0,0,0,নতুন মেনুতে ১০% ছাড়! আজই আমাদের রেস্তোরাঁয় আসুন।,50,0,0,0,0,0,0,0,0,0,0,0,0,0,0,0,0,0,0,0,0,0,0
smish,"আপনি খণ্ডকালীন বা পূর্ণ-সময়ের জন্য নির্বাচিত হয়েছেন, প্রতিদিন 500 টাকা, খালি পদের জন্য আবেদন করুন এবং এই সুযোগটি গ্রহণ করুন https://wa.me/88017444378617",Bengali,1,2,"আপনি খণ্ডকালীন বা পূর্ণ-সময়ের জন্য নির্বাচিত হয়েছেন, প্রতিদিন 500 টাকা, খালি পদের জন্য আবেদন করুন এবং এই সুযোগটি গ্রহণ করুন https://wa.me/88017444378617","আপনি খণ্ডকালীন বা পূর্ণ-সময়ের জন্য নির্বাচিত হয়েছেন, প্রতিদিন 500 টাকা, খালি পদের জন্য আবেদন করুন এবং এই সুযোগটি গ্রহণ করুন https://wa.me/88017444378617",['https://wa.me/88017444378617'],1,1,28,28,14,1,0,3,1,0,0,0,"আপনি খণ্ডকালীন বা পূর্ণ-সময়ের জন্য নির্বাচিত হয়েছেন, প্রতিদিন 500 টাকা, খালি পদের জন্য আবেদন করুন এবং এই সুযোগটি গ্রহণ করুন  [URL] ",133,1,28,28,14,1,0,3,1,0,0,0,1,28,28,14,1,0,3,1,0,0,0
promo,Pathao Rides এ আজ ২৫% ডিসকাউন্ট। কোড PATHAO25 ব্যবহার করুন।,Bengali,0,1,Pathao Rides এ আজ ২৫% ডিসকাউন্ট। কোড PATHAO25 ব্যবহার করুন।,Pathao Rides এ আজ ২৫% ডিসকাউন্ট। কোড PATHAO25 ব্যবহার করুন।,[],0,0,0,0,0,0,0,0,0,0,0,0,Pathao Rides এ আজ ২৫% ডিসকাউন্ট। কোড PATHAO25 ব্যবহার করুন।,59,0,0,0,0,0,0,0,0,0,0,0,0,0,0,0,0,0,0,0,0,0,0
normal,আপনার জন্য একটি গল্প আছে?,Bengali,0,0,আপনার জন্য একটি গল্প আছে?,আপনার জন্য একটি গল্প আছে?,[],0,0,0,0,0,0,0,0,0,0,0,0,আপনার জন্য একটি গল্প আছে?,25,0,0,0,0,0,0,0,0,0,0,0,0,0,0,0,0,0,0,0,0,0,0
smish,"প্রিয় গ্রাহক, কলকাতা TS ATM.Txn# S32131611-20191005-এ 31-12-2019 তারিখে A/cXXXXX থেকে 25000 টাকা তোলা হয়েছে৷ আপনার দ্বারা না করা হলে, আপনার কার্ড ব্লক করতে নিবন্ধিত মোবাইল নম্বর থেকে এই এসএমএসটি 7679786941 এ ফরোয়ার্ড করুন বা অবিলম্বে 7029892098 -স্টেট ব্যাঙ্ক অফ ইন্ডিয়াতে কল করুন",Bengali,1,2,"প্রিয় গ্রাহক, কলকাতা TS ATM.Txn# S32131611-20191005-এ 31-12-2019 তারিখে A/cXXXXX থেকে 25000 টাকা তোলা হয়েছে৷ আপনার দ্বারা না করা হলে, আপনার কার্ড ব্লক করতে নিবন্ধিত মোবাইল নম্বর থেকে এই এসএমএসটি 7679786941 এ ফরোয়ার্ড করুন বা অবিলম্বে 7029892098 -স্টেট ব্যাঙ্ক অফ ইন্ডিয়াতে কল করুন","প্রিয় গ্রাহক, কলকাতা TS ATM.Txn# S32131611-20191005-এ 31-12-2019 তারিখে A/cXXXXX থেকে 25000 টাকা তোলা হয়েছে। আপনার দ্বারা না করা হলে, আপনার কার্ড ব্লক করতে নিবন্ধিত মোবাইল নম্বর থেকে এই এসএমএসটি 7679786941 এ ফরোয়ার্ড করুন বা অবিলম্বে 7029892098 -স্টেট ব্যাঙ্ক অফ ইন্ডিয়াতে কল করুন",['ATM.Txn'],1,1,7,7,0,1,0,0,0,0,0,0,"প্রিয় গ্রাহক, কলকাতা TS  [URL] # S32131611-20191005-এ 31-12-2019 তারিখে A/cXXXXX থেকে 25000 টাকা তোলা হয়েছে। আপনার দ্বারা না করা হলে, আপনার কার্ড ব্লক করতে নিবন্ধিত মোবাইল নম্বর থেকে এই এসএমএসটি 7679786941 এ ফরোয়ার্ড করুন বা অবিলম্বে 7029892098 -স্টেট ব্যাঙ্ক অফ ইন্ডিয়াতে কল করুন",284,1,7,7,0,1,0,0,0,0,0,0,1,7,7,0,1,0,0,0,0,0,0
normal,আমি একটি গল্প পড়তে হবে।,Bengali,0,0,আমি একটি গল্প পড়তে হবে।,আমি একটি গল্প পড়তে হবে।,[],0,0,0,0,0,0,0,0,0,0,0,0,আমি একটি গল্প পড়তে হবে।,24,0,0,0,0,0,0,0,0,0,0,0,0,0,0,0,0,0,0,0,0,0,0
normal,আমি সকালে একটি কফি খেয়েছি।,Bengali,0,0,আমি সকালে একটি কফি খেয়েছি।,আমি সকালে একটি কফি খেয়েছি।,[],0,0,0,0,0,0,0,0,0,0,0,0,আমি সকালে একটি কফি খেয়েছি।,27,0,0,0,0,0,0,0,0,0,0,0,0,0,0,0,0,0,0,0,0,0,0
smish,Alert! আপনার জব বেনিফিট একাউন্ট সাসপেন্ড। রিঅ্যাক্টিভেট: reactivate-account.cf,Bengali,1,2,Alert! আপনার জব বেনিফিট একাউন্ট সাসপেন্ড। রিঅ্যাক্টিভেট: reactivate-account.cf,Alert! আপনার জব বেনিফিট একাউন্ট সাসপেন্ড। রিঅ্যাক্টিভেট: reactivate-account.cf,['reactivate-account.cf'],1,1,21,21,0,1,1,0,0,0,0,0,Alert! আপনার জব বেনিফিট একাউন্ট সাসপেন্ড। রিঅ্যাক্টিভেট:  [URL] ,64,1,21,21,0,1,1,0,0,0,0,0,1,21,21,0,1,1,0,0,0,0,0
smish,বাংলাদেশ ব্যাংক থেকে গুরুত্বপূর্ণ বার্তা। জরুরি ভিত্তিতে কল করুন: +8801812345678,Bengali,0,2,বাংলাদেশ ব্যাংক থেকে গুরুত্বপূর্ণ বার্তা। জরুরি ভিত্তিতে কল করুন: +8801812345678,বাংলাদেশ ব্যাংক থেকে গুরুত্বপূর্ণ বার্তা। জরুরি ভিত্তিতে কল করুন: +8801812345678,[],0,0,0,0,0,0,0,0,0,0,0,0,বাংলাদেশ ব্যাংক থেকে গুরুত্বপূর্ণ বার্তা। জরুরি ভিত্তিতে কল করুন: +8801812345678,80,0,0,0,0,0,0,0,0,0,0,0,0,0,0,0,0,0,0,0,0,0,0
promo,"Banglalink গ্রাহকগণ, বিকেলে রিচার্জ করলে ৩০% বোনাস। অফার ৬টা পর্যন্ত।",Bengali,0,1,"Banglalink গ্রাহকগণ, বিকেলে রিচার্জ করলে ৩০% বোনাস। অফার ৬টা পর্যন্ত।","Banglalink গ্রাহকগণ, বিকেলে রিচার্জ করলে ৩০% বোনাস। অফার ৬টা পর্যন্ত।",[],0,0,0,0,0,0,0,0,0,0,0,0,"Banglalink গ্রাহকগণ, বিকেলে রিচার্জ করলে ৩০% বোনাস। অফার ৬টা পর্যন্ত।",69,0,0,0,0,0,0,0,0,0,0,0,0,0,0,0,0,0,0,0,0,0,0
promo,"হোম ডেকোর আইটেমে মেগা সেল! কার্টেন, বেডশিটে ৪৫% ছাড়।",Bengali,0,1,"হোম ডেকোর আইটেমে মেগা সেল! কার্টেন, বেডশিটে ৪৫% ছাড়।","হোম ডেকোর আইটেমে মেগা সেল! কার্টেন, বেডশিটে ৪৫% ছাড়।",[],0,0,0,0,0,0,0,0,0,0,0,0,"হোম ডেকোর আইটেমে মেগা সেল! কার্টেন, বেডশিটে ৪৫% ছাড়।",53,0,0,0,0,0,0,0,0,0,0,0,0,0,0,0,0,0,0,0,0,0,0
promo,"Daraz App আজ দিচ্ছে মেগা সেল অফার! ইলেকট্রনিক্স, ফ্যাশন ও হোম প্রোডাক্টে সর্বোচ্চ ৭০% ডিসকাউন্ট। কোড ব্যবহার করুন BIG70 আর উপভোগ করুন বিশাল সাশ্রয়। অফার আজ রাত পর্যন্ত।",Bengali,0,1,"Daraz App আজ দিচ্ছে মেগা সেল অফার! ইলেকট্রনিক্স, ফ্যাশন ও হোম প্রোডাক্টে সর্বোচ্চ ৭০% ডিসকাউন্ট। কোড ব্যবহার করুন BIG70 আর উপভোগ করুন বিশাল সাশ্রয়। অফার আজ রাত পর্যন্ত।","Daraz App আজ দিচ্ছে মেগা সেল অফার! ইলেকট্রনিক্স, ফ্যাশন ও হোম প্রোডাক্টে সর্বোচ্চ ৭০% ডিসকাউন্ট। কোড ব্যবহার করুন BIG70 আর উপভোগ করুন বিশাল সাশ্রয়। অফার আজ রাত পর্যন্ত।",[],0,0,0,0,0,0,0,0,0,0,0,0,"Daraz App আজ দিচ্ছে মেগা সেল অফার! ইলেকট্রনিক্স, ফ্যাশন ও হোম প্রোডাক্টে সর্বোচ্চ ৭০% ডিসকাউন্ট। কোড ব্যবহার করুন BIG70 আর উপভোগ করুন বিশাল সাশ্রয়। অফার আজ রাত পর্যন্ত।",169,0,0,0,0,0,0,0,0,0,0,0,0,0,0,0,0,0,0,0,0,0,0
promo,"৪৫৳ ক্যাশব্যাক! ৩১জিবি+৫০০মি.@৪৫৪৳ ৩০দিন, নিয়ে নাও: cutt.ly/qwWTAUku",Bengali,1,1,"৪৫৳ ক্যাশব্যাক! ৩১জিবি+৫০০মি.@৪৫৪৳ ৩০দিন, নিয়ে নাও: cutt.ly/qwWTAUku","৪৫৳ ক্যাশব্যাক! ৩১জিবি+৫০০মি.@৪৫৪৳ ৩০দিন, নিয়ে নাও: cutt.ly/qwWTAUku",['cutt.ly/qwWTAUku'],1,1,16,16,0,1,0,1,0,0,0,1,"৪৫৳ ক্যাশব্যাক! ৩১জিবি+৫০০মি.@৪৫৪৳ ৩০দিন, নিয়ে নাও:  [URL] ",60,1,16,16,0,1,0,1,0,0,0,1,1,16,16,0,1,0,1,0,0,0,1
normal,আজ অফিস থেকে তাড়াতাড়ি বের হলাম। তাই ভাবলাম তোমার সাথে দেখা করে যাই।,Bengali,0,0,আজ অফিস থেকে তাড়াতাড়ি বের হলাম। তাই ভাবলাম তোমার সাথে দেখা করে যাই।,আজ অফিস থেকে তাড়াতাড়ি বের হলাম। তাই ভাবলাম তোমার সাথে দেখা করে যাই।,[],0,0,0,0,0,0,0,0,0,0,0,0,আজ অফিস থেকে তাড়াতাড়ি বের হলাম। তাই ভাবলাম তোমার সাথে দেখা করে যাই।,69,0,0,0,0,0,0,0,0,0,0,0,0,0,0,0,0,0,0,0,0,0,0
normal,"০১৮৭৩৮২৮১৯৩ নাম্বারে বিকাশ করুন, তাড়াতাড়ি।",Bengali,0,0,"০১৮৭৩৮২৮১৯৩ নাম্বারে বিকাশ করুন, তাড়াতাড়ি।","০১৮৭৩৮২৮১৯৩ নাম্বারে বিকাশ করুন, তাড়াতাড়ি।",[],0,0,0,0,0,0,0,0,0,0,0,0,"০১৮৭৩৮২৮১৯৩ নাম্বারে বিকাশ করুন, তাড়াতাড়ি।",44,0,0,0,0,0,0,0,0,0,0,0,0,0,0,0,0,0,0,0,0,0,0
promo,হোম অ্যাপ্লায়েন্সের উপর ২৫% পর্যন্ত ছাড়! অফার শেষ হওয়ার আগে সুযোগ নিন।,Bengali,0,1,হোম অ্যাপ্লায়েন্সের উপর ২৫% পর্যন্ত ছাড়! অফার শেষ হওয়ার আগে সুযোগ নিন।,হোম অ্যাপ্লায়েন্সের উপর ২৫% পর্যন্ত ছাড়! অফার শেষ হওয়ার আগে সুযোগ নিন।,[],0,0,0,0,0,0,0,0,0,0,0,0,হোম অ্যাপ্লায়েন্সের উপর ২৫% পর্যন্ত ছাড়! অফার শেষ হওয়ার আগে সুযোগ নিন।,73,0,0,0,0,0,0,0,0,0,0,0,0,0,0,0,0,0,0,0,0,0,0
promo,"নতুন বছরের মেগা সেল এসেছে বসুন্ধরা সিটি শপিং মলে! জানুয়ারি মাসব্যাপী চলবে এই বিশাল সেল যেখানে ফ্যাশন থেকে ইলেকট্রনিক্স, কসমেটিকস থেকে হোম অ্যাপ্লায়েন্স - সব কিছুতেই পাবেন ৫০-৮০% পর্যন্ত ছাড়। বিশেষ আকর্ষণ হলো উইকএন্ডে ফ্ল্যাশ সেল যেখানে প্রতিদিন ১০০টি আইটেম থাকবে ৯০% ছাড়ে। প্রতিদিন সকাল ১০টা থেকে রাত ১০টা পর্যন্ত খোলা। ৫০০০ টাকার উপরে কেনাকাটায় ফ্রি ভ্যালেট পার্কিং। সাথে থাকছে বিশেষ লটারি - জিতুন গাড়ি, বাইক এবং অন্যান্য আকর্ষণীয় পুরস্কার।",Bengali,0,1,"নতুন বছরের মেগা সেল এসেছে বসুন্ধরা সিটি শপিং মলে! জানুয়ারি মাসব্যাপী চলবে এই বিশাল সেল যেখানে ফ্যাশন থেকে ইলেকট্রনিক্স, কসমেটিকস থেকে হোম অ্যাপ্লায়েন্স - সব কিছুতেই পাবেন ৫০-৮০% পর্যন্ত ছাড়। বিশেষ আকর্ষণ হলো উইকএন্ডে ফ্ল্যাশ সেল যেখানে প্রতিদিন ১০০টি আইটেম থাকবে ৯০% ছাড়ে। প্রতিদিন সকাল ১০টা থেকে রাত ১০টা পর্যন্ত খোলা। ৫০০০ টাকার উপরে কেনাকাটায় ফ্রি ভ্যালেট পার্কিং। সাথে থাকছে বিশেষ লটারি - জিতুন গাড়ি, বাইক এবং অন্যান্য আকর্ষণীয় পুরস্কার।","নতুন বছরের মেগা সেল এসেছে বসুন্ধরা সিটি শপিং মলে! জানুয়ারি মাসব্যাপী চলবে এই বিশাল সেল যেখানে ফ্যাশন থেকে ইলেকট্রনিক্স, কসমেটিকস থেকে হোম অ্যাপ্লায়েন্স - সব কিছুতেই পাবেন ৫০-৮০% পর্যন্ত ছাড়। বিশেষ আকর্ষণ হলো উইকএন্ডে ফ্ল্যাশ সেল যেখানে প্রতিদিন ১০০টি আইটেম থাকবে ৯০% ছাড়ে। প্রতিদিন সকাল ১০টা থেকে রাত ১০টা পর্যন্ত খোলা। ৫০০০ টাকার উপরে কেনাকাটায় ফ্রি ভ্যালেট পার্কিং। সাথে থাকছে বিশেষ লটারি - জিতুন গাড়ি, বাইক এবং অন্যান্য আকর্ষণীয় পুরস্কার।",[],0,0,0,0,0,0,0,0,0,0,0,0,"নতুন বছরের মেগা সেল এসেছে বসুন্ধরা সিটি শপিং মলে! জানুয়ারি মাসব্যাপী চলবে এই বিশাল সেল যেখানে ফ্যাশন থেকে ইলেকট্রনিক্স, কসমেটিকস থেকে হোম অ্যাপ্লায়েন্স - সব কিছুতেই পাবেন ৫০-৮০% পর্যন্ত ছাড়। বিশেষ আকর্ষণ হলো উইকএন্ডে ফ্ল্যাশ সেল যেখানে প্রতিদিন ১০০টি আইটেম থাকবে ৯০% ছাড়ে। প্রতিদিন সকাল ১০টা থেকে রাত ১০টা পর্যন্ত খোলা। ৫০০০ টাকার উপরে কেনাকাটায় ফ্রি ভ্যালেট পার্কিং। সাথে থাকছে বিশেষ লটারি - জিতুন গাড়ি, বাইক এবং অন্যান্য আকর্ষণীয় পুরস্কার।",448,0,0,0,0,0,0,0,0,0,0,0,0,0,0,0,0,0,0,0,0,0,0
smish,"ডাচ্-বাংলা ব্যাংক গ্রাহক, আপনার কার্ড নম্বর এবং OTP জরুরি ভিত্তিতে যাচাই করতে হবে। অন্যথায় অ্যাকাউন্ট বন্ধ হবে। ভিজিট করুন dbbl-carebd.org।",Bengali,1,2,"ডাচ্-বাংলা ব্যাংক গ্রাহক, আপনার কার্ড নম্বর এবং OTP জরুরি ভিত্তিতে যাচাই করতে হবে। অন্যথায় অ্যাকাউন্ট বন্ধ হবে। ভিজিট করুন dbbl-carebd.org।","ডাচ্-বাংলা ব্যাংক গ্রাহক, আপনার কার্ড নম্বর এবং OTP জরুরি ভিত্তিতে যাচাই করতে হবে। অন্যথায় অ্যাকাউন্ট বন্ধ হবে। ভিজিট করুন dbbl-carebd.org।",['dbbl-carebd.org'],1,1,15,15,0,1,1,0,0,0,0,0,"ডাচ্-বাংলা ব্যাংক গ্রাহক, আপনার কার্ড নম্বর এবং OTP জরুরি ভিত্তিতে যাচাই করতে হবে। অন্যথায় অ্যাকাউন্ট বন্ধ হবে। ভিজিট করুন  [URL] ।",132,1,15,15,0,1,1,0,0,0,0,0,1,15,15,0,1,1,0,0,0,0,0
smish,জনতা ব্যাংক থেকে গুরুত্বপূর্ণ বার্তা। কল করুন: +8801715455567,Bengali,0,2,জনতা ব্যাংক থেকে গুরুত্বপূর্ণ বার্তা। কল করুন: +8801715455567,জনতা ব্যাংক থেকে গুরুত্বপূর্ণ বার্তা। কল করুন: +8801715455567,[],0,0,0,0,0,0,0,0,0,0,0,0,জনতা ব্যাংক থেকে গুরুত্বপূর্ণ বার্তা। কল করুন: +8801715455567,61,0,0,0,0,0,0,0,0,0,0,0,0,0,0,0,0,0,0,0,0,0,0
normal,এই যা আমি একটি সমাধান দেওয়া হয় যে সমাধান দিতে হবে।,Bengali,0,0,এই যা আমি একটি সমাধান দেওয়া হয় যে সমাধান দিতে হবে।,এই যা আমি একটি সমাধান দেওয়া হয় যে সমাধান দিতে হবে।,[],0,0,0,0,0,0,0,0,0,0,0,0,এই যা আমি একটি সমাধান দেওয়া হয় যে সমাধান দিতে হবে।,52,0,0,0,0,0,0,0,0,0,0,0,0,0,0,0,0,0,0,0,0,0,0
smish,"প্রিয় xxx, অভিনন্দন! আপনার আবেদন এবং রিজিউম যাচাই করার পরে, আমরা আনন্দের সাথে একটি চাকরির প্রস্তাব দিচ্ছি। আপনার গ্রহণযোগ্যতা দিয়ে এই ইমেলটির উত্তর দিন এবং বেতন জমা দেওয়ার জন্য আপনার ব্যাংকের বিবরণ প্রদান করুন।",Bengali,0,2,"প্রিয় xxx, অভিনন্দন! আপনার আবেদন এবং রিজিউম যাচাই করার পরে, আমরা আনন্দের সাথে একটি চাকরির প্রস্তাব দিচ্ছি। আপনার গ্রহণযোগ্যতা দিয়ে এই ইমেলটির উত্তর দিন এবং বেতন জমা দেওয়ার জন্য আপনার ব্যাংকের বিবরণ প্রদান করুন।","প্রিয় xxx, অভিনন্দন! আপনার আবেদন এবং রিজিউম যাচাই করার পরে, আমরা আনন্দের সাথে একটি চাকরির প্রস্তাব দিচ্ছি। আপনার গ্রহণযোগ্যতা দিয়ে এই ইমেলটির উত্তর দিন এবং বেতন জমা দেওয়ার জন্য আপনার ব্যাংকের বিবরণ প্রদান করুন।",[],0,0,0,0,0,0,0,0,0,0,0,0,"প্রিয় xxx, অভিনন্দন! আপনার আবেদন এবং রিজিউম যাচাই করার পরে, আমরা আনন্দের সাথে একটি চাকরির প্রস্তাব দিচ্ছি। আপনার গ্রহণযোগ্যতা দিয়ে এই ইমেলটির উত্তর দিন এবং বেতন জমা দেওয়ার জন্য আপনার ব্যাংকের বিবরণ প্রদান করুন।",213,0,0,0,0,0,0,0,0,0,0,0,0,0,0,0,0,0,0,0,0,0,0
normal,আমি স্বাস্থ্য মনে হয় এবং আমার শরীর ভালো মনে হয়।,Bengali,0,0,আমি স্বাস্থ্য মনে হয় এবং আমার শরীর ভালো মনে হয়।,আমি স্বাস্থ্য মনে হয় এবং আমার শরীর ভালো মনে হয়।,[],0,0,0,0,0,0,0,0,0,0,0,0,আমি স্বাস্থ্য মনে হয় এবং আমার শরীর ভালো মনে হয়।,49,0,0,0,0,0,0,0,0,0,0,0,0,0,0,0,0,0,0,0,0,0,0
normal,আসসালামু আলাইকুম।,Bengali,0,0,আসসালামু আলাইকুম।,আসসালামু আলাইকুম।,[],0,0,0,0,0,0,0,0,0,0,0,0,আসসালামু আলাইকুম।,17,0,0,0,0,0,0,0,0,0,0,0,0,0,0,0,0,0,0,0,0,0,0
normal,তুমি কি পড়ছো?,Bengali,0,0,তুমি কি পড়ছো?,তুমি কি পড়ছো?,[],0,0,0,0,0,0,0,0,0,0,0,0,তুমি কি পড়ছো?,14,0,0,0,0,0,0,0,0,0,0,0,0,0,0,0,0,0,0,0,0,0,0
promo,"ফ্রি হোম ডেলিভারি! বই, স্টেশনারি, গিফটে কোন চার্জ নেই।",Bengali,0,1,"ফ্রি হোম ডেলিভারি! বই, স্টেশনারি, গিফটে কোন চার্জ নেই।","ফ্রি হোম ডেলিভারি! বই, স্টেশনারি, গিফটে কোন চার্জ নেই।",[],0,0,0,0,0,0,0,0,0,0,0,0,"ফ্রি হোম ডেলিভারি! বই, স্টেশনারি, গিফটে কোন চার্জ নেই।",54,0,0,0,0,0,0,0,0,0,0,0,0,0,0,0,0,0,0,0,0,0,0
normal,আমি এখন কি বলতে পারি না।,Bengali,0,0,আমি এখন কি বলতে পারি না।,আমি এখন কি বলতে পারি না।,[],0,0,0,0,0,0,0,0,0,0,0,0,আমি এখন কি বলতে পারি না।,24,0,0,0,0,0,0,0,0,0,0,0,0,0,0,0,0,0,0,0,0,0,0
normal,"হ্যালো, কেমন আছেন?",Bengali,0,0,"হ্যালো, কেমন আছেন?","হ্যালো, কেমন আছেন?",[],0,0,0,0,0,0,0,0,0,0,0,0,"হ্যালো, কেমন আছেন?",18,0,0,0,0,0,0,0,0,0,0,0,0,0,0,0,0,0,0,0,0,0,0
smish,ইউরোপীয় চ্যাম্পিয়নশিপে বাজি ধরুন এবং একটি বিলাসবহুল হোটেল বুকিং জিতুন। ক্লিক করুন: super1000.info/docs,Bengali,1,2,ইউরোপীয় চ্যাম্পিয়নশিপে বাজি ধরুন এবং একটি বিলাসবহুল হোটেল বুকিং জিতুন। ক্লিক করুন: super1000.info/docs,ইউরোপীয় চ্যাম্পিয়নশিপে বাজি ধরুন এবং একটি বিলাসবহুল হোটেল বুকিং জিতুন। ক্লিক করুন: super1000.info/docs,['super1000.info/docs'],1,1,19,19,4,1,0,1,0,0,0,0,ইউরোপীয় চ্যাম্পিয়নশিপে বাজি ধরুন এবং একটি বিলাসবহুল হোটেল বুকিং জিতুন। ক্লিক করুন:  [URL] ,92,1,19,19,4,1,0,1,0,0,0,0,1,19,19,4,1,0,1,0,0,0,0
promo,"মোবাইল রিচার্জে বোনাস! যত রিচার্জ তত বোনাস, সর্বোচ্চ ৫০০ টাকা।",Bengali,0,1,"মোবাইল রিচার্জে বোনাস! যত রিচার্জ তত বোনাস, সর্বোচ্চ ৫০০ টাকা।","মোবাইল রিচার্জে বোনাস! যত রিচার্জ তত বোনাস, সর্বোচ্চ ৫০০ টাকা।",[],0,0,0,0,0,0,0,0,0,0,0,0,"মোবাইল রিচার্জে বোনাস! যত রিচার্জ তত বোনাস, সর্বোচ্চ ৫০০ টাকা।",62,0,0,0,0,0,0,0,0,0,0,0,0,0,0,0,0,0,0,0,0,0,0
normal,"আজ তোমার কাছে আসতে পারবো না? হ্যাঁ, আমি এখানে রয়েছি। আপনি কি চান?",Bengali,0,0,"আজ তোমার কাছে আসতে পারবো না? হ্যাঁ, আমি এখানে রয়েছি। আপনি কি চান?","আজ তোমার কাছে আসতে পারবো না? হ্যাঁ, আমি এখানে রয়েছি। আপনি কি চান?",[],0,0,0,0,0,0,0,0,0,0,0,0,"আজ তোমার কাছে আসতে পারবো না? হ্যাঁ, আমি এখানে রয়েছি। আপনি কি চান?",66,0,0,0,0,0,0,0,0,0,0,0,0,0,0,0,0,0,0,0,0,0,0
normal,আত্মবিশ্বাস নিয়ে সামনে এগিয়ে যাও।,Bengali,0,0,আত্মবিশ্বাস নিয়ে সামনে এগিয়ে যাও।,আত্মবিশ্বাস নিয়ে সামনে এগিয়ে যাও।,[],0,0,0,0,0,0,0,0,0,0,0,0,আত্মবিশ্বাস নিয়ে সামনে এগিয়ে যাও।,35,0,0,0,0,0,0,0,0,0,0,0,0,0,0,0,0,0,0,0,0,0,0
smish,আপনার নাম্বারটি একটি বিশেষ অফারে নির্বাচিত হয়েছে! পুরস্কার পেতে কল করুন +8801712233445,Bengali,0,2,আপনার নাম্বারটি একটি বিশেষ অফারে নির্বাচিত হয়েছে! পুরস্কার পেতে কল করুন +8801712233445,আপনার নাম্বারটি একটি বিশেষ অফারে নির্বাচিত হয়েছে! পুরস্কার পেতে কল করুন +8801712233445,[],0,0,0,0,0,0,0,0,0,0,0,0,আপনার নাম্বারটি একটি বিশেষ অফারে নির্বাচিত হয়েছে! পুরস্কার পেতে কল করুন +8801712233445,87,0,0,0,0,0,0,0,0,0,0,0,0,0,0,0,0,0,0,0,0,0,0
normal,তুমি কি গান শুনছো?,Bengali,0,0,তুমি কি গান শুনছো?,তুমি কি গান শুনছো?,[],0,0,0,0,0,0,0,0,0,0,0,0,তুমি কি গান শুনছো?,18,0,0,0,0,0,0,0,0,0,0,0,0,0,0,0,0,0,0,0,0,0,0
normal,তুমি কি সমুদ্রে যাচ্ছো?,Bengali,0,0,তুমি কি সমুদ্রে যাচ্ছো?,তুমি কি সমুদ্রে যাচ্ছো?,[],0,0,0,0,0,0,0,0,0,0,0,0,তুমি কি সমুদ্রে যাচ্ছো?,23,0,0,0,0,0,0,0,0,0,0,0,0,0,0,0,0,0,0,0,0,0,0
smish,"প্রিয় গ্রাহক, আপনার মোবাইল নম্বরটি ব্লক করা হচ্ছে। এটি এড়াতে 017XXXXXXXX নম্বরে কল করে আপনার পরিচয় নিশ্চিত করুন।",Bengali,0,2,"প্রিয় গ্রাহক, আপনার মোবাইল নম্বরটি ব্লক করা হচ্ছে। এটি এড়াতে 017XXXXXXXX নম্বরে কল করে আপনার পরিচয় নিশ্চিত করুন।","প্রিয় গ্রাহক, আপনার মোবাইল নম্বরটি ব্লক করা হচ্ছে। এটি এড়াতে 017XXXXXXXX নম্বরে কল করে আপনার পরিচয় নিশ্চিত করুন।",[],0,0,0,0,0,0,0,0,0,0,0,0,"প্রিয় গ্রাহক, আপনার মোবাইল নম্বরটি ব্লক করা হচ্ছে। এটি এড়াতে 017XXXXXXXX নম্বরে কল করে আপনার পরিচয় নিশ্চিত করুন।",115,0,0,0,0,0,0,0,0,0,0,0,0,0,0,0,0,0,0,0,0,0,0
normal,কি করবে আমার সাথে বলো। আমি তোমার সাথে হাঁটতে চাই।,Bengali,0,0,কি করবে আমার সাথে বলো। আমি তোমার সাথে হাঁটতে চাই।,কি করবে আমার সাথে বলো। আমি তোমার সাথে হাঁটতে চাই।,[],0,0,0,0,0,0,0,0,0,0,0,0,কি করবে আমার সাথে বলো। আমি তোমার সাথে হাঁটতে চাই।,49,0,0,0,0,0,0,0,0,0,0,0,0,0,0,0,0,0,0,0,0,0,0
normal,হাই!,Bengali,0,0,হাই!,হাই!,[],0,0,0,0,0,0,0,0,0,0,0,0,হাই!,4,0,0,0,0,0,0,0,0,0,0,0,0,0,0,0,0,0,0,0,0,0,0
promo,"শেখ হাসিনা সরকারের সাফল্য: 
২০০৬ সালে সরকারি ওয়েবসাইট ছিল মাত্র ৯৮টি। ২০২৩ সালে তা বেড়ে দাঁড়িয়েছে ৫২ হাজার ২০০টি।",Bengali,0,1,"শেখ হাসিনা সরকারের সাফল্য: 
২০০৬ সালে সরকারি ওয়েবসাইট ছিল মাত্র ৯৮টি। ২০২৩ সালে তা বেড়ে দাঁড়িয়েছে ৫২ হাজার ২০০টি।",শেখ হাসিনা সরকারের সাফল্য: ২০০৬ সালে সরকারি ওয়েবসাইট ছিল মাত্র ৯৮টি। ২০২৩ সালে তা বেড়ে দাঁড়িয়েছে ৫২ হাজার ২০০টি।,[],0,0,0,0,0,0,0,0,0,0,0,0,শেখ হাসিনা সরকারের সাফল্য: ২০০৬ সালে সরকারি ওয়েবসাইট ছিল মাত্র ৯৮টি। ২০২৩ সালে তা বেড়ে দাঁড়িয়েছে ৫২ হাজার ২০০টি।,116,0,0,0,0,0,0,0,0,0,0,0,0,0,0,0,0,0,0,0,0,0,0
smish,DXN মাল্টিনেশনাল কোম্পানি দিচ্ছে ভাতাসহ উচ্চবেতনে চাকরির সুযোগ। জরুরি যোগাযোগ করুন ০১৭৯৩২৫১০০২,Bengali,0,2,DXN মাল্টিনেশনাল কোম্পানি দিচ্ছে ভাতাসহ উচ্চবেতনে চাকরির সুযোগ। জরুরি যোগাযোগ করুন ০১৭৯৩২৫১০০২,DXN মাল্টিনেশনাল কোম্পানি দিচ্ছে ভাতাসহ উচ্চবেতনে চাকরির সুযোগ। জরুরি যোগাযোগ করুন ০১৭৯৩২৫১০০২,[],0,0,0,0,0,0,0,0,0,0,0,0,DXN মাল্টিনেশনাল কোম্পানি দিচ্ছে ভাতাসহ উচ্চবেতনে চাকরির সুযোগ। জরুরি যোগাযোগ করুন ০১৭৯৩২৫১০০২,94,0,0,0,0,0,0,0,0,0,0,0,0,0,0,0,0,0,0,0,0,0,0
promo,বোনাস সহ ২জিবি-৩৫টাকা-৭দিন। ডায়াল *১২১*৫০৩৭# বা mygp.li/mo,Bengali,1,1,বোনাস সহ ২জিবি-৩৫টাকা-৭দিন। ডায়াল *১২১*৫০৩৭# বা mygp.li/mo,বোনাস সহ ২জিবি-৩৫টাকা-৭দিন। ডায়াল *১২১*৫০৩৭# বা mygp.li/mo,['mygp.li/mo'],1,1,10,10,0,1,0,1,0,0,0,0,বোনাস সহ ২জিবি-৩৫টাকা-৭দিন। ডায়াল *১২১*৫০৩৭# বা  [URL] ,56,1,10,10,0,1,0,1,0,0,0,0,1,10,10,0,1,0,1,0,0,0,0
promo,Daraz App ডাউনলোড করলে নতুন ইউজাররা পাচ্ছেন ২৫০ টাকা ভাউচার।,Bengali,0,1,Daraz App ডাউনলোড করলে নতুন ইউজাররা পাচ্ছেন ২৫০ টাকা ভাউচার।,Daraz App ডাউনলোড করলে নতুন ইউজাররা পাচ্ছেন ২৫০ টাকা ভাউচার।,[],0,0,0,0,0,0,0,0,0,0,0,0,Daraz App ডাউনলোড করলে নতুন ইউজাররা পাচ্ছেন ২৫০ টাকা ভাউচার।,60,0,0,0,0,0,0,0,0,0,0,0,0,0,0,0,0,0,0,0,0,0,0
smish,শাকিবের সাথে ফ্রি ম্যাচ টিকিট জিততে ক্রিকেটে বাজি ধরুন! শুরু করুন: promusic.co/components/interbank.com/,Bengali,1,2,শাকিবের সাথে ফ্রি ম্যাচ টিকিট জিততে ক্রিকেটে বাজি ধরুন! শুরু করুন: promusic.co/components/interbank.com/,শাকিবের সাথে ফ্রি ম্যাচ টিকিট জিততে ক্রিকেটে বাজি ধরুন! শুরু করুন: promusic.co/components/interbank.com/,['promusic.co/components/interbank.com/'],1,1,37,37,0,2,0,3,0,0,0,0,শাকিবের সাথে ফ্রি ম্যাচ টিকিট জিততে ক্রিকেটে বাজি ধরুন! শুরু করুন:  [URL] ,74,1,37,37,0,2,0,3,0,0,0,0,1,37,37,0,2,0,3,0,0,0,0
normal,তুমি কি বইয়ের দোকানে যাচ্ছো?,Bengali,0,0,তুমি কি বইয়ের দোকানে যাচ্ছো?,তুমি কি বইয়ের দোকানে যাচ্ছো?,[],0,0,0,0,0,0,0,0,0,0,0,0,তুমি কি বইয়ের দোকানে যাচ্ছো?,29,0,0,0,0,0,0,0,0,0,0,0,0,0,0,0,0,0,0,0,0,0,0
smish,আপনার GP সিম থেকে অন্য দেশে কল হয়েছে। এটি বন্ধ করতে সাথে সাথে gpstopfraud.org এ লগইন করুন।,Bengali,1,2,আপনার GP সিম থেকে অন্য দেশে কল হয়েছে। এটি বন্ধ করতে সাথে সাথে gpstopfraud.org এ লগইন করুন।,আপনার GP সিম থেকে অন্য দেশে কল হয়েছে। এটি বন্ধ করতে সাথে সাথে gpstopfraud.org এ লগইন করুন।,['gpstopfraud.org'],1,1,15,15,0,1,0,0,0,0,0,0,আপনার GP সিম থেকে অন্য দেশে কল হয়েছে। এটি বন্ধ করতে সাথে সাথে  [URL]  এ লগইন করুন।,83,1,15,15,0,1,0,0,0,0,0,0,1,15,15,0,1,0,0,0,0,0,0
smish,"GP গ্রাহক, ২৪ ঘণ্টার মধ্যে অ্যাকাউন্ট ব্লক এড়াতে gp-safeverify24.org এ লগইন করুন। নাম্বার ও OTP দিন।",Bengali,1,2,"GP গ্রাহক, ২৪ ঘণ্টার মধ্যে অ্যাকাউন্ট ব্লক এড়াতে gp-safeverify24.org এ লগইন করুন। নাম্বার ও OTP দিন।","GP গ্রাহক, ২৪ ঘণ্টার মধ্যে অ্যাকাউন্ট ব্লক এড়াতে gp-safeverify24.org এ লগইন করুন। নাম্বার ও OTP দিন।",['gp-safeverify24.org'],1,1,19,19,2,1,1,0,0,0,0,0,"GP গ্রাহক, ২৪ ঘণ্টার মধ্যে অ্যাকাউন্ট ব্লক এড়াতে  [URL]  এ লগইন করুন। নাম্বার ও OTP দিন।",89,1,19,19,2,1,1,0,0,0,0,0,1,19,19,2,1,1,0,0,0,0,0
promo,সানগ্লাসে স্পেশাল ডিসকাউন্ট! ব্র্যান্ডেড গ্লাসে ৪০% ছাড়।,Bengali,0,1,সানগ্লাসে স্পেশাল ডিসকাউন্ট! ব্র্যান্ডেড গ্লাসে ৪০% ছাড়।,সানগ্লাসে স্পেশাল ডিসকাউন্ট! ব্র্যান্ডেড গ্লাসে ৪০% ছাড়।,[],0,0,0,0,0,0,0,0,0,0,0,0,সানগ্লাসে স্পেশাল ডিসকাউন্ট! ব্র্যান্ডেড গ্লাসে ৪০% ছাড়।,57,0,0,0,0,0,0,0,0,0,0,0,0,0,0,0,0,0,0,0,0,0,0
promo,"৳৩৯৯ তে ৳৪৯৯ এর অফার! নাও ৩১জিবি+৪৫০মি.,৩০দিন: cutt.ly/2wQlYv6U",Bengali,1,1,"৳৩৯৯ তে ৳৪৯৯ এর অফার! নাও ৩১জিবি+৪৫০মি.,৩০দিন: cutt.ly/2wQlYv6U","৳৩৯৯ তে ৳৪৯৯ এর অফার! নাও ৩১জিবি+৪৫০মি.,৩০দিন: cutt.ly/2wQlYv6U",['cutt.ly/2wQlYv6U'],1,1,16,16,2,1,0,1,0,0,0,1,"৳৩৯৯ তে ৳৪৯৯ এর অফার! নাও ৩১জিবি+৪৫০মি.,৩০দিন:  [URL] ",54,1,16,16,2,1,0,1,0,0,0,1,1,16,16,2,1,0,1,0,0,0,1
promo,"৳২৫ ক্যাশব্যাকে এবার আরো বেশি ডাটা ৫০জিবি@ ৳৪৭৩, ৩০দিন cutt.ly/zwTmxzpd",Bengali,1,1,"৳২৫ ক্যাশব্যাকে এবার আরো বেশি ডাটা ৫০জিবি@ ৳৪৭৩, ৩০দিন cutt.ly/zwTmxzpd","৳২৫ ক্যাশব্যাকে এবার আরো বেশি ডাটা ৫০জিবি@ ৳৪৭৩, ৩০দিন cutt.ly/zwTmxzpd",['cutt.ly/zwTmxzpd'],1,1,16,16,0,1,0,1,0,0,0,1,"৳২৫ ক্যাশব্যাকে এবার আরো বেশি ডাটা ৫০জিবি@ ৳৪৭৩, ৩০দিন  [URL] ",62,1,16,16,0,1,0,1,0,0,0,1,1,16,16,0,1,0,1,0,0,0,1
normal,"বন্ধু, তুমি কি জানো আগামীকাল ছুটি আছে? অফিসে কনফার্ম করেছো?",Bengali,0,0,"বন্ধু, তুমি কি জানো আগামীকাল ছুটি আছে? অফিসে কনফার্ম করেছো?","বন্ধু, তুমি কি জানো আগামীকাল ছুটি আছে? অফিসে কনফার্ম করেছো?",[],0,0,0,0,0,0,0,0,0,0,0,0,"বন্ধু, তুমি কি জানো আগামীকাল ছুটি আছে? অফিসে কনফার্ম করেছো?",59,0,0,0,0,0,0,0,0,0,0,0,0,0,0,0,0,0,0,0,0,0,0
normal,আমার মোবাইলের ইন্টারনেট খুব স্লো। তুমি কি জানো রাউটার রিস্টার্ট করলে স্পিড বাড়ে কিনা?,Bengali,0,0,আমার মোবাইলের ইন্টারনেট খুব স্লো। তুমি কি জানো রাউটার রিস্টার্ট করলে স্পিড বাড়ে কিনা?,আমার মোবাইলের ইন্টারনেট খুব স্লো। তুমি কি জানো রাউটার রিস্টার্ট করলে স্পিড বাড়ে কিনা?,[],0,0,0,0,0,0,0,0,0,0,0,0,আমার মোবাইলের ইন্টারনেট খুব স্লো। তুমি কি জানো রাউটার রিস্টার্ট করলে স্পিড বাড়ে কিনা?,86,0,0,0,0,0,0,0,0,0,0,0,0,0,0,0,0,0,0,0,0,0,0
promo,দারাজ ১১.১১ সেল! সব ক্যাটাগরিতে মেগা ডিসকাউন্ট। ফ্ল্যাশ সেল শুরু!,Bengali,0,1,দারাজ ১১.১১ সেল! সব ক্যাটাগরিতে মেগা ডিসকাউন্ট। ফ্ল্যাশ সেল শুরু!,দারাজ ১১.১১ সেল! সব ক্যাটাগরিতে মেগা ডিসকাউন্ট। ফ্ল্যাশ সেল শুরু!,[],0,0,0,0,0,0,0,0,0,0,0,0,দারাজ ১১.১১ সেল! সব ক্যাটাগরিতে মেগা ডিসকাউন্ট। ফ্ল্যাশ সেল শুরু!,65,0,0,0,0,0,0,0,0,0,0,0,0,0,0,0,0,0,0,0,0,0,0
normal,০১৮২৭২৮৩৯৬২ নাম্বারে কল করুন।,Bengali,0,0,০১৮২৭২৮৩৯৬২ নাম্বারে কল করুন।,০১৮২৭২৮৩৯৬২ নাম্বারে কল করুন।,[],0,0,0,0,0,0,0,0,0,0,0,0,০১৮২৭২৮৩৯৬২ নাম্বারে কল করুন।,29,0,0,0,0,0,0,0,0,0,0,0,0,0,0,0,0,0,0,0,0,0,0
smish,আপনার ব্যাংক অ্যাকাউন্টের পাসওয়ার্ড পরিবর্তন করুন। অনুগ্রহ করে এখানে ক্লিক করুন: http://bit.ly/ChangePassword,Bengali,1,2,আপনার ব্যাংক অ্যাকাউন্টের পাসওয়ার্ড পরিবর্তন করুন। অনুগ্রহ করে এখানে ক্লিক করুন: http://bit.ly/ChangePassword,আপনার ব্যাংক অ্যাকাউন্টের পাসওয়ার্ড পরিবর্তন করুন। অনুগ্রহ করে এখানে ক্লিক করুন: http://bit.ly/ChangePassword,['http://bit.ly/ChangePassword'],1,1,28,28,0,1,0,3,0,0,0,1,আপনার ব্যাংক অ্যাকাউন্টের পাসওয়ার্ড পরিবর্তন করুন। অনুগ্রহ করে এখানে ক্লিক করুন:  [URL] ,89,1,28,28,0,1,0,3,0,0,0,1,1,28,28,0,1,0,3,0,0,0,1
normal,আজ সকালে বাসায় বিদ্যুৎ ছিল না। সবকিছু গরম আর অস্বস্তিকর লাগছিলো। বিদ্যুৎ আসার পর মনে হলো স্বস্তি পেয়েছি।,Bengali,0,0,আজ সকালে বাসায় বিদ্যুৎ ছিল না। সবকিছু গরম আর অস্বস্তিকর লাগছিলো। বিদ্যুৎ আসার পর মনে হলো স্বস্তি পেয়েছি।,আজ সকালে বাসায় বিদ্যুৎ ছিল না। সবকিছু গরম আর অস্বস্তিকর লাগছিলো। বিদ্যুৎ আসার পর মনে হলো স্বস্তি পেয়েছি।,[],0,0,0,0,0,0,0,0,0,0,0,0,আজ সকালে বাসায় বিদ্যুৎ ছিল না। সবকিছু গরম আর অস্বস্তিকর লাগছিলো। বিদ্যুৎ আসার পর মনে হলো স্বস্তি পেয়েছি।,106,0,0,0,0,0,0,0,0,0,0,0,0,0,0,0,0,0,0,0,0,0,0
smish,"আপনার রবি সিম থেকে অজানা নাম্বারে ২,৫০০ টাকা পাঠানো হয়েছে। বাতিল করতে robirefund24.me এ ক্লিক করে OTP দিন।",Bengali,1,2,"আপনার রবি সিম থেকে অজানা নাম্বারে ২,৫০০ টাকা পাঠানো হয়েছে। বাতিল করতে robirefund24.me এ ক্লিক করে OTP দিন।","আপনার রবি সিম থেকে অজানা নাম্বারে ২,৫০০ টাকা পাঠানো হয়েছে। বাতিল করতে robirefund24.me এ ক্লিক করে OTP দিন।",['robirefund24.me'],1,1,15,15,2,1,0,0,0,0,0,0,"আপনার রবি সিম থেকে অজানা নাম্বারে ২,৫০০ টাকা পাঠানো হয়েছে। বাতিল করতে  [URL]  এ ক্লিক করে OTP দিন।",99,1,15,15,2,1,0,0,0,0,0,0,1,15,15,2,1,0,0,0,0,0,0
smish,"নগদ অ্যাকাউন্টে ১০,০০০ টাকা জমা হয়েছে। বিস্তারিত জানতে কল করুন: +8801817677789",Bengali,0,2,"নগদ অ্যাকাউন্টে ১০,০০০ টাকা জমা হয়েছে। বিস্তারিত জানতে কল করুন: +8801817677789","নগদ অ্যাকাউন্টে ১০,০০০ টাকা জমা হয়েছে। বিস্তারিত জানতে কল করুন: +8801817677789",[],0,0,0,0,0,0,0,0,0,0,0,0,"নগদ অ্যাকাউন্টে ১০,০০০ টাকা জমা হয়েছে। বিস্তারিত জানতে কল করুন: +8801817677789",79,0,0,0,0,0,0,0,0,0,0,0,0,0,0,0,0,0,0,0,0,0,0
normal,তুমি কখন আসতে পারবো? আমি আপনার পাশে রয়েছি।,Bengali,0,0,তুমি কখন আসতে পারবো? আমি আপনার পাশে রয়েছি।,তুমি কখন আসতে পারবো? আমি আপনার পাশে রয়েছি।,[],0,0,0,0,0,0,0,0,0,0,0,0,তুমি কখন আসতে পারবো? আমি আপনার পাশে রয়েছি।,43,0,0,0,0,0,0,0,0,0,0,0,0,0,0,0,0,0,0,0,0,0,0
normal,বাড়ির পাশে একটি মেজবান রাখা হয়।,Bengali,0,0,বাড়ির পাশে একটি মেজবান রাখা হয়।,বাড়ির পাশে একটি মেজবান রাখা হয়।,[],0,0,0,0,0,0,0,0,0,0,0,0,বাড়ির পাশে একটি মেজবান রাখা হয়।,33,0,0,0,0,0,0,0,0,0,0,0,0,0,0,0,0,0,0,0,0,0,0
promo,রবি কাস্টমারদের জন্য সুপার অফার: ৩ মাসের YouTube Premium সাবস্ক্রিপশন ফ্রি। সক্রিয় করুন *888#।,Bengali,0,1,রবি কাস্টমারদের জন্য সুপার অফার: ৩ মাসের YouTube Premium সাবস্ক্রিপশন ফ্রি। সক্রিয় করুন *888#।,রবি কাস্টমারদের জন্য সুপার অফার: ৩ মাসের YouTube Premium সাবস্ক্রিপশন ফ্রি। সক্রিয় করুন *888#।,[],0,0,0,0,0,0,0,0,0,0,0,0,রবি কাস্টমারদের জন্য সুপার অফার: ৩ মাসের YouTube Premium সাবস্ক্রিপশন ফ্রি। সক্রিয় করুন *888#।,95,0,0,0,0,0,0,0,0,0,0,0,0,0,0,0,0,0,0,0,0,0,0
smish,Emergency: আপনার হেলথ ইন্স্যুরেন্স ক্যানসেল। রিনিউ: health-insurance.cf,Bengali,1,2,Emergency: আপনার হেলথ ইন্স্যুরেন্স ক্যানসেল। রিনিউ: health-insurance.cf,Emergency: আপনার হেলথ ইন্স্যুরেন্স ক্যানসেল। রিনিউ: health-insurance.cf,['health-insurance.cf'],1,1,19,19,0,1,1,0,0,0,0,0,Emergency: আপনার হেলথ ইন্স্যুরেন্স ক্যানসেল। রিনিউ:  [URL] ,59,1,19,19,0,1,1,0,0,0,0,0,1,19,19,0,1,1,0,0,0,0,0
promo,"পূর্বাচল ৩০নং সেক্টর সংলগ্ন ভরাট চলমান প্লট! কাঠা ১.৬ লক্ষ
01894841736",Bengali,0,1,"পূর্বাচল ৩০নং সেক্টর সংলগ্ন ভরাট চলমান প্লট! কাঠা ১.৬ লক্ষ
01894841736",পূর্বাচল ৩০নং সেক্টর সংলগ্ন ভরাট চলমান প্লট! কাঠা ১.৬ লক্ষ 01894841736,[],0,0,0,0,0,0,0,0,0,0,0,0,পূর্বাচল ৩০নং সেক্টর সংলগ্ন ভরাট চলমান প্লট! কাঠা ১.৬ লক্ষ 01894841736,70,0,0,0,0,0,0,0,0,0,0,0,0,0,0,0,0,0,0,0,0,0,0
normal,হা হা হা ভালো কৌতুক। মেয়েরা অবস্থা অনুসন্ধানকারী।,Bengali,0,0,হা হা হা ভালো কৌতুক। মেয়েরা অবস্থা অনুসন্ধানকারী।,হা হা হা ভালো কৌতুক। মেয়েরা অবস্থা অনুসন্ধানকারী।,[],0,0,0,0,0,0,0,0,0,0,0,0,হা হা হা ভালো কৌতুক। মেয়েরা অবস্থা অনুসন্ধানকারী।,50,0,0,0,0,0,0,0,0,0,0,0,0,0,0,0,0,0,0,0,0,0,0
normal,আমার কি করতে হবে বলো।,Bengali,0,0,আমার কি করতে হবে বলো।,আমার কি করতে হবে বলো।,[],0,0,0,0,0,0,0,0,0,0,0,0,আমার কি করতে হবে বলো।,21,0,0,0,0,0,0,0,0,0,0,0,0,0,0,0,0,0,0,0,0,0,0
smish,"আপনার সাম্প্রতিক অ্যামাজন কেনার জন্য আপনাকে ধন্যবাদ. আপনাকে $180.34 চার্জ করা হয়েছে।  যদি কোন ভুল হয়ে থাকে, অনুগ্রহ করে কল করুন (407)438-4356",Bengali,0,2,"আপনার সাম্প্রতিক অ্যামাজন কেনার জন্য আপনাকে ধন্যবাদ. আপনাকে $180.34 চার্জ করা হয়েছে।  যদি কোন ভুল হয়ে থাকে, অনুগ্রহ করে কল করুন (407)438-4356","আপনার সাম্প্রতিক অ্যামাজন কেনার জন্য আপনাকে ধন্যবাদ. আপনাকে $180.34 চার্জ করা হয়েছে। যদি কোন ভুল হয়ে থাকে, অনুগ্রহ করে কল করুন (407)438-4356",[],0,0,0,0,0,0,0,0,0,0,0,0,"আপনার সাম্প্রতিক অ্যামাজন কেনার জন্য আপনাকে ধন্যবাদ. আপনাকে $180.34 চার্জ করা হয়েছে। যদি কোন ভুল হয়ে থাকে, অনুগ্রহ করে কল করুন (407)438-4356",142,0,0,0,0,0,0,0,0,0,0,0,0,0,0,0,0,0,0,0,0,0,0
normal,"প্রিয় আম্মু, আমি এতক্ষণ হাসপাতালে ছিলাম বাবার সাথে। ডাক্তার বলেছেন অপারেশন খুবই সফল হয়েছে এবং বাবার অবস্থা স্থিতিশীল। আর কোন জটিলতা নেই এবং আগামী সপ্তাহেই বাবাকে ছেড়ে দেওয়া হবে। তবে কিছুদিন বিশ্রামে থাকতে হবে এবং ভারী কাজকর্ম করা যাবে না। আপনি চিন্তা করবেন না, আমি এখানেই থাকবো যতদিন প্রয়োজন। আর হ্যাঁ, বাবা আপনাকে খুব মিস করছেন, তিনি বলেছেন আপনি যেন তাড়াতাড়ি এসে তার সাথে দেখা করেন।",Bengali,0,0,"প্রিয় আম্মু, আমি এতক্ষণ হাসপাতালে ছিলাম বাবার সাথে। ডাক্তার বলেছেন অপারেশন খুবই সফল হয়েছে এবং বাবার অবস্থা স্থিতিশীল। আর কোন জটিলতা নেই এবং আগামী সপ্তাহেই বাবাকে ছেড়ে দেওয়া হবে। তবে কিছুদিন বিশ্রামে থাকতে হবে এবং ভারী কাজকর্ম করা যাবে না। আপনি চিন্তা করবেন না, আমি এখানেই থাকবো যতদিন প্রয়োজন। আর হ্যাঁ, বাবা আপনাকে খুব মিস করছেন, তিনি বলেছেন আপনি যেন তাড়াতাড়ি এসে তার সাথে দেখা করেন।","প্রিয় আম্মু, আমি এতক্ষণ হাসপাতালে ছিলাম বাবার সাথে। ডাক্তার বলেছেন অপারেশন খুবই সফল হয়েছে এবং বাবার অবস্থা স্থিতিশীল। আর কোন জটিলতা নেই এবং আগামী সপ্তাহেই বাবাকে ছেড়ে দেওয়া হবে। তবে কিছুদিন বিশ্রামে থাকতে হবে এবং ভারী কাজকর্ম করা যাবে না। আপনি চিন্তা করবেন না, আমি এখানেই থাকবো যতদিন প্রয়োজন। আর হ্যাঁ, বাবা আপনাকে খুব মিস করছেন, তিনি বলেছেন আপনি যেন তাড়াতাড়ি এসে তার সাথে দেখা করেন।",[],0,0,0,0,0,0,0,0,0,0,0,0,"প্রিয় আম্মু, আমি এতক্ষণ হাসপাতালে ছিলাম বাবার সাথে। ডাক্তার বলেছেন অপারেশন খুবই সফল হয়েছে এবং বাবার অবস্থা স্থিতিশীল। আর কোন জটিলতা নেই এবং আগামী সপ্তাহেই বাবাকে ছেড়ে দেওয়া হবে। তবে কিছুদিন বিশ্রামে থাকতে হবে এবং ভারী কাজকর্ম করা যাবে না। আপনি চিন্তা করবেন না, আমি এখানেই থাকবো যতদিন প্রয়োজন। আর হ্যাঁ, বাবা আপনাকে খুব মিস করছেন, তিনি বলেছেন আপনি যেন তাড়াতাড়ি এসে তার সাথে দেখা করেন।",390,0,0,0,0,0,0,0,0,0,0,0,0,0,0,0,0,0,0,0,0,0,0
normal,"হ্যালো, কি করছো?",Bengali,0,0,"হ্যালো, কি করছো?","হ্যালো, কি করছো?",[],0,0,0,0,0,0,0,0,0,0,0,0,"হ্যালো, কি করছো?",16,0,0,0,0,0,0,0,0,0,0,0,0,0,0,0,0,0,0,0,0,0,0
normal,আমি একটি বার্তা পাচ্ছি এই যা কোন আপনি হল এই যা পেলাম এই যা সমাধান দেয় এই যা অন্য একটি সমাধান দেয়।,Bengali,0,0,আমি একটি বার্তা পাচ্ছি এই যা কোন আপনি হল এই যা পেলাম এই যা সমাধান দেয় এই যা অন্য একটি সমাধান দেয়।,আমি একটি বার্তা পাচ্ছি এই যা কোন আপনি হল এই যা পেলাম এই যা সমাধান দেয় এই যা অন্য একটি সমাধান দেয়।,[],0,0,0,0,0,0,0,0,0,0,0,0,আমি একটি বার্তা পাচ্ছি এই যা কোন আপনি হল এই যা পেলাম এই যা সমাধান দেয় এই যা অন্য একটি সমাধান দেয়।,99,0,0,0,0,0,0,0,0,0,0,0,0,0,0,0,0,0,0,0,0,0,0
promo,"ইলেকট্রনিক্সে মেগা সেল! TV, ফ্রিজ, AC তে বিশাল ছাড়।",Bengali,0,1,"ইলেকট্রনিক্সে মেগা সেল! TV, ফ্রিজ, AC তে বিশাল ছাড়।","ইলেকট্রনিক্সে মেগা সেল! TV, ফ্রিজ, AC তে বিশাল ছাড়।",[],0,0,0,0,0,0,0,0,0,0,0,0,"ইলেকট্রনিক্সে মেগা সেল! TV, ফ্রিজ, AC তে বিশাল ছাড়।",52,0,0,0,0,0,0,0,0,0,0,0,0,0,0,0,0,0,0,0,0,0,0
smish,"➡️আপনি কি অনলাইনে কাজ করতে চান??..আমাদের প্রজেক্টের নাম হলো:Forgsec. io
🆓আমরা টেলিগ্রামে লাইভ ক্লাসের মাধ্যমে ফ্রিতে ১/২টা ক্লাস করিয়ে সম্পুর্ন কাজ শিখিয়ে দিব✅✅ 🔜আমাদের সাইড এ রয়েছে' প্রতিদিন ইংকাম এবং প্রতিমাসে বেতন এর সু-ব্যাবস্থা☑️☑️
সব কিছু জেনে বুঝে প্রমান নিয়ে কাজ করবেন ১০০% রিয়েল কাজ✅",Bengali,0,2,"➡️আপনি কি অনলাইনে কাজ করতে চান??..আমাদের প্রজেক্টের নাম হলো:Forgsec. io
🆓আমরা টেলিগ্রামে লাইভ ক্লাসের মাধ্যমে ফ্রিতে ১/২টা ক্লাস করিয়ে সম্পুর্ন কাজ শিখিয়ে দিব✅✅ 🔜আমাদের সাইড এ রয়েছে' প্রতিদিন ইংকাম এবং প্রতিমাসে বেতন এর সু-ব্যাবস্থা☑️☑️
সব কিছু জেনে বুঝে প্রমান নিয়ে কাজ করবেন ১০০% রিয়েল কাজ✅",➡️আপনি কি অনলাইনে কাজ করতে চান??..আমাদের প্রজেক্টের নাম হলো:Forgsec. io 🆓আমরা টেলিগ্রামে লাইভ ক্লাসের মাধ্যমে ফ্রিতে ১/২টা ক্লাস করিয়ে সম্পুর্ন কাজ শিখিয়ে দিব✅✅ 🔜আমাদের সাইড এ রয়েছে' প্রতিদিন ইংকাম এবং প্রতিমাসে বেতন এর সু-ব্যাবস্থা☑️☑️ সব কিছু জেনে বুঝে প্রমান নিয়ে কাজ করবেন ১০০% রিয়েল কাজ✅,[],0,0,0,0,0,0,0,0,0,0,0,0,➡️আপনি কি অনলাইনে কাজ করতে চান??..আমাদের প্রজেক্টের নাম হলো:Forgsec. io 🆓আমরা টেলিগ্রামে লাইভ ক্লাসের মাধ্যমে ফ্রিতে ১/২টা ক্লাস করিয়ে সম্পুর্ন কাজ শিখিয়ে দিব✅✅ 🔜আমাদের সাইড এ রয়েছে' প্রতিদিন ইংকাম এবং প্রতিমাসে বেতন এর সু-ব্যাবস্থা☑️☑️ সব কিছু জেনে বুঝে প্রমান নিয়ে কাজ করবেন ১০০% রিয়েল কাজ✅,297,0,0,0,0,0,0,0,0,0,0,0,0,0,0,0,0,0,0,0,0,0,0
smish,জয়! আপনি iPhone 15 Pro জিতেছেন। পেতে ক্লিক করুন: win-iphone.ml,Bengali,1,2,জয়! আপনি iPhone 15 Pro জিতেছেন। পেতে ক্লিক করুন: win-iphone.ml,জয়! আপনি iPhone 15 Pro জিতেছেন। পেতে ক্লিক করুন: win-iphone.ml,['win-iphone.ml'],1,1,13,13,0,1,1,0,0,0,0,0,জয়! আপনি iPhone 15 Pro জিতেছেন। পেতে ক্লিক করুন:  [URL] ,57,1,13,13,0,1,1,0,0,0,0,0,1,13,13,0,1,1,0,0,0,0,0
promo,"সর্বকালের সর্বশ্রেষ্ঠ বাঙালি জাতির পিতা বঙ্গবন্ধু শেখ মুজিবুর রহমান এর ৪৭তম শাহাদত বার্ষিকীতে বিনম্র শ্রদ্ধা""-ডাক ও টেলিযোগাযোগ বিভাগ।",Bengali,0,1,"সর্বকালের সর্বশ্রেষ্ঠ বাঙালি জাতির পিতা বঙ্গবন্ধু শেখ মুজিবুর রহমান এর ৪৭তম শাহাদত বার্ষিকীতে বিনম্র শ্রদ্ধা""-ডাক ও টেলিযোগাযোগ বিভাগ।","সর্বকালের সর্বশ্রেষ্ঠ বাঙালি জাতির পিতা বঙ্গবন্ধু শেখ মুজিবুর রহমান এর ৪৭তম শাহাদত বার্ষিকীতে বিনম্র শ্রদ্ধা""-ডাক ও টেলিযোগাযোগ বিভাগ।",[],0,0,0,0,0,0,0,0,0,0,0,0,"সর্বকালের সর্বশ্রেষ্ঠ বাঙালি জাতির পিতা বঙ্গবন্ধু শেখ মুজিবুর রহমান এর ৪৭তম শাহাদত বার্ষিকীতে বিনম্র শ্রদ্ধা""-ডাক ও টেলিযোগাযোগ বিভাগ।",134,0,0,0,0,0,0,0,0,0,0,0,0,0,0,0,0,0,0,0,0,0,0
smish,"প্রিয় গ্রাহক, আপনার bKash অ্যাকাউন্টে ১০,০০০ টাকা জমা হয়েছে। বিস্তারিত জানতে এখানে ক্লিক করুন: https://wa.me/8801712345678",Bengali,1,2,"প্রিয় গ্রাহক, আপনার bKash অ্যাকাউন্টে ১০,০০০ টাকা জমা হয়েছে। বিস্তারিত জানতে এখানে ক্লিক করুন: https://wa.me/8801712345678","প্রিয় গ্রাহক, আপনার bKash অ্যাকাউন্টে ১০,০০০ টাকা জমা হয়েছে। বিস্তারিত জানতে এখানে ক্লিক করুন: https://wa.me/8801712345678",['https://wa.me/8801712345678'],1,1,27,27,13,1,0,3,1,0,0,0,"প্রিয় গ্রাহক, আপনার bKash অ্যাকাউন্টে ১০,০০০ টাকা জমা হয়েছে। বিস্তারিত জানতে এখানে ক্লিক করুন:  [URL] ",104,1,27,27,13,1,0,3,1,0,0,0,1,27,27,13,1,0,3,1,0,0,0
promo,"প্রো-লেভেল ৳১০০ ক্যাশব্যাকে ৩৫জিবি+৫০০মি.@৳৩৯৯, ৩০দিন cutt.ly/2wQlYv6U",Bengali,1,1,"প্রো-লেভেল ৳১০০ ক্যাশব্যাকে ৩৫জিবি+৫০০মি.@৳৩৯৯, ৩০দিন cutt.ly/2wQlYv6U","প্রো-লেভেল ৳১০০ ক্যাশব্যাকে ৩৫জিবি+৫০০মি.@৳৩৯৯, ৩০দিন cutt.ly/2wQlYv6U",['cutt.ly/2wQlYv6U'],1,1,16,16,2,1,0,1,0,0,0,1,"প্রো-লেভেল ৳১০০ ক্যাশব্যাকে ৩৫জিবি+৫০০মি.@৳৩৯৯, ৩০দিন  [URL] ",61,1,16,16,2,1,0,1,0,0,0,1,1,16,16,2,1,0,1,0,0,0,1
normal,"আপনার একাউন্ট থেকে ৩০০০/- টাকা কাটা হয়েছে, কল করুন।",Bengali,0,0,"আপনার একাউন্ট থেকে ৩০০০/- টাকা কাটা হয়েছে, কল করুন।","আপনার একাউন্ট থেকে ৩০০০/- টাকা কাটা হয়েছে, কল করুন।",[],0,0,0,0,0,0,0,0,0,0,0,0,"আপনার একাউন্ট থেকে ৩০০০/- টাকা কাটা হয়েছে, কল করুন।",52,0,0,0,0,0,0,0,0,0,0,0,0,0,0,0,0,0,0,0,0,0,0
promo,"তোমার জন্য স্পেশাল গিফট, ৬০পয়সা/মিনিট কলরেট, নাও: cutt.ly/qwnfrXbV",Bengali,1,1,"তোমার জন্য স্পেশাল গিফট, ৬০পয়সা/মিনিট কলরেট, নাও: cutt.ly/qwnfrXbV","তোমার জন্য স্পেশাল গিফট, ৬০পয়সা/মিনিট কলরেট, নাও: cutt.ly/qwnfrXbV",['cutt.ly/qwnfrXbV'],1,1,16,16,0,1,0,1,0,0,0,1,"তোমার জন্য স্পেশাল গিফট, ৬০পয়সা/মিনিট কলরেট, নাও:  [URL] ",58,1,16,16,0,1,0,1,0,0,0,1,1,16,16,0,1,0,1,0,0,0,1
smish,Emergency! আপনার ক্রেডিট কার্ড ব্লক। আনব্লক: unblock-credit.cf,Bengali,1,2,Emergency! আপনার ক্রেডিট কার্ড ব্লক। আনব্লক: unblock-credit.cf,Emergency! আপনার ক্রেডিট কার্ড ব্লক। আনব্লক: unblock-credit.cf,['unblock-credit.cf'],1,1,17,17,0,1,1,0,0,0,0,0,Emergency! আপনার ক্রেডিট কার্ড ব্লক। আনব্লক:  [URL] ,52,1,17,17,0,1,1,0,0,0,0,0,1,17,17,0,1,1,0,0,0,0,0
promo,"Robi গ্রাহকগণ, ২ জিবি ডেটা মাত্র ৪৯ টাকা। বৈধতা ৭ দিন। ডায়াল করুন *123*049#।",Bengali,0,1,"Robi গ্রাহকগণ, ২ জিবি ডেটা মাত্র ৪৯ টাকা। বৈধতা ৭ দিন। ডায়াল করুন *123*049#।","Robi গ্রাহকগণ, ২ জিবি ডেটা মাত্র ৪৯ টাকা। বৈধতা ৭ দিন। ডায়াল করুন *123*049#।",[],0,0,0,0,0,0,0,0,0,0,0,0,"Robi গ্রাহকগণ, ২ জিবি ডেটা মাত্র ৪৯ টাকা। বৈধতা ৭ দিন। ডায়াল করুন *123*049#।",77,0,0,0,0,0,0,0,0,0,0,0,0,0,0,0,0,0,0,0,0,0,0
smish,◆ তেমন যোগ‍্যতা থাকলে অনলাইনে পড়িয়ে রোজগার করা যায়। এইজন‍্য User-10381381741225860264 মহাশয়ের সাথে যোগাযোগ করতে পারেন।,Bengali,0,2,◆ তেমন যোগ‍্যতা থাকলে অনলাইনে পড়িয়ে রোজগার করা যায়। এইজন‍্য User-10381381741225860264 মহাশয়ের সাথে যোগাযোগ করতে পারেন।,◆ তেমন যোগ‍্যতা থাকলে অনলাইনে পড়িয়ে রোজগার করা যায়। এইজন‍্য User-10381381741225860264 মহাশয়ের সাথে যোগাযোগ করতে পারেন।,[],0,0,0,0,0,0,0,0,0,0,0,0,◆ তেমন যোগ‍্যতা থাকলে অনলাইনে পড়িয়ে রোজগার করা যায়। এইজন‍্য User-10381381741225860264 মহাশয়ের সাথে যোগাযোগ করতে পারেন।,122,0,0,0,0,0,0,0,0,0,0,0,0,0,0,0,0,0,0,0,0,0,0
promo,"৳১০০ ক্যাশব্যাক!৩০জিবি+৫০০মি. @৳৩৯৯,৩০দিন: cutt.ly/AwkY4L2C",Bengali,1,1,"৳১০০ ক্যাশব্যাক!৩০জিবি+৫০০মি. @৳৩৯৯,৩০দিন: cutt.ly/AwkY4L2C","৳১০০ ক্যাশব্যাক!৩০জিবি+৫০০মি. @৳৩৯৯,৩০দিন: cutt.ly/AwkY4L2C",['cutt.ly/AwkY4L2C'],1,1,16,16,2,1,0,1,0,0,0,1,"৳১০০ ক্যাশব্যাক!৩০জিবি+৫০০মি. @৳৩৯৯,৩০দিন:  [URL] ",50,1,16,16,2,1,0,1,0,0,0,1,1,16,16,2,1,0,1,0,0,0,1
normal,আজ সকালে জ্যামে এক ঘণ্টা আটকে ছিলাম। অফিস পৌঁছাতে অনেক দেরি হলো। ঢাকা শহরের এই ট্রাফিক সমস্যা আর কতদিন চলবে কে জানে।,Bengali,0,0,আজ সকালে জ্যামে এক ঘণ্টা আটকে ছিলাম। অফিস পৌঁছাতে অনেক দেরি হলো। ঢাকা শহরের এই ট্রাফিক সমস্যা আর কতদিন চলবে কে জানে।,আজ সকালে জ্যামে এক ঘণ্টা আটকে ছিলাম। অফিস পৌঁছাতে অনেক দেরি হলো। ঢাকা শহরের এই ট্রাফিক সমস্যা আর কতদিন চলবে কে জানে।,[],0,0,0,0,0,0,0,0,0,0,0,0,আজ সকালে জ্যামে এক ঘণ্টা আটকে ছিলাম। অফিস পৌঁছাতে অনেক দেরি হলো। ঢাকা শহরের এই ট্রাফিক সমস্যা আর কতদিন চলবে কে জানে।,116,0,0,0,0,0,0,0,0,0,0,0,0,0,0,0,0,0,0,0,0,0,0
smish,"প্রিয় শিক্ষার্থী,
মাধ্যমিক পরীক্ষায় উত্তীর্ণ হওয়ায় অভিনন্দন। আজকের তুমি আগামী বাংলাদেশের ভবিষ্যৎ, আমরা
তোমার অপেক্ষায়।
কুমিল্লা সিটি
কলেজ(EIIN:134648)কোটবাড়ি,
কুমিল্লা
মোবাইল:01781939370
01859412805",Bengali,0,2,"প্রিয় শিক্ষার্থী,
মাধ্যমিক পরীক্ষায় উত্তীর্ণ হওয়ায় অভিনন্দন। আজকের তুমি আগামী বাংলাদেশের ভবিষ্যৎ, আমরা
তোমার অপেক্ষায়।
কুমিল্লা সিটি
কলেজ(EIIN:134648)কোটবাড়ি,
কুমিল্লা
মোবাইল:01781939370
01859412805","প্রিয় শিক্ষার্থী, মাধ্যমিক পরীক্ষায় উত্তীর্ণ হওয়ায় অভিনন্দন। আজকের তুমি আগামী বাংলাদেশের ভবিষ্যৎ, আমরা তোমার অপেক্ষায়। কুমিল্লা সিটি কলেজ(EIIN:134648)কোটবাড়ি, কুমিল্লা মোবাইল:01781939370 01859412805",[],0,0,0,0,0,0,0,0,0,0,0,0,"প্রিয় শিক্ষার্থী, মাধ্যমিক পরীক্ষায় উত্তীর্ণ হওয়ায় অভিনন্দন। আজকের তুমি আগামী বাংলাদেশের ভবিষ্যৎ, আমরা তোমার অপেক্ষায়। কুমিল্লা সিটি কলেজ(EIIN:134648)কোটবাড়ি, কুমিল্লা মোবাইল:01781939370 01859412805",204,0,0,0,0,0,0,0,0,0,0,0,0,0,0,0,0,0,0,0,0,0,0
promo,"৳২৫ ক্যাশব্যাকে এবার আরো বেশি ডাটা ৫০জিবি@৳৪৭৩,৩০দিন cutt.ly/zwTmxzpd",Bengali,1,1,"৳২৫ ক্যাশব্যাকে এবার আরো বেশি ডাটা ৫০জিবি@৳৪৭৩,৩০দিন cutt.ly/zwTmxzpd","৳২৫ ক্যাশব্যাকে এবার আরো বেশি ডাটা ৫০জিবি@৳৪৭৩,৩০দিন cutt.ly/zwTmxzpd",['cutt.ly/zwTmxzpd'],1,1,16,16,0,1,0,1,0,0,0,1,"৳২৫ ক্যাশব্যাকে এবার আরো বেশি ডাটা ৫০জিবি@৳৪৭৩,৩০দিন  [URL] ",60,1,16,16,0,1,0,1,0,0,0,1,1,16,16,0,1,0,1,0,0,0,1
smish,দয়া করে আপনার ছেলের সমস্যার জন্য তাড়াতাড়ি টাকা পাঠান।,Bengali,0,2,দয়া করে আপনার ছেলের সমস্যার জন্য তাড়াতাড়ি টাকা পাঠান।,দয়া করে আপনার ছেলের সমস্যার জন্য তাড়াতাড়ি টাকা পাঠান।,[],0,0,0,0,0,0,0,0,0,0,0,0,দয়া করে আপনার ছেলের সমস্যার জন্য তাড়াতাড়ি টাকা পাঠান।,56,0,0,0,0,0,0,0,0,0,0,0,0,0,0,0,0,0,0,0,0,0,0
smish,* FIFA 2022 কার্টেল বিশ্বকাপ দেখার জন্য সারা বিশ্বের মানুষকে বিনামূল্যে 50GB ডেটা দেয়৷* * আই হ্যাভ রিসিভড মাইন।** এটি খুলুন* https://ak76.xyz/?y=ep1669102548,Bengali,1,2,* FIFA 2022 কার্টেল বিশ্বকাপ দেখার জন্য সারা বিশ্বের মানুষকে বিনামূল্যে 50GB ডেটা দেয়৷* * আই হ্যাভ রিসিভড মাইন।** এটি খুলুন* https://ak76.xyz/?y=ep1669102548,* FIFA 2022 কার্টেল বিশ্বকাপ দেখার জন্য সারা বিশ্বের মানুষকে বিনামূল্যে 50GB ডেটা দেয়।* * আই হ্যাভ রিসিভড মাইন।** এটি খুলুন* https://ak76.xyz/?y=ep1669102548,['https://ak76.xyz/?y=ep1669102548'],1,1,32,32,12,1,0,3,1,0,0,0,* FIFA 2022 কার্টেল বিশ্বকাপ দেখার জন্য সারা বিশ্বের মানুষকে বিনামূল্যে 50GB ডেটা দেয়।* * আই হ্যাভ রিসিভড মাইন।** এটি খুলুন*  [URL] ,133,1,32,32,12,1,0,3,1,0,0,0,1,32,32,12,1,0,3,1,0,0,0
normal,"ধৈর্য ধরো, ভালো সময় আসবে।",Bengali,0,0,"ধৈর্য ধরো, ভালো সময় আসবে।","ধৈর্য ধরো, ভালো সময় আসবে।",[],0,0,0,0,0,0,0,0,0,0,0,0,"ধৈর্য ধরো, ভালো সময় আসবে।",26,0,0,0,0,0,0,0,0,0,0,0,0,0,0,0,0,0,0,0,0,0,0
smish,জরুরি নোটিশ: আপনার পানির বিল বকেয়া। সংযোগ বিচ্ছিন্নের আগে: water-bill.ga,Bengali,1,2,জরুরি নোটিশ: আপনার পানির বিল বকেয়া। সংযোগ বিচ্ছিন্নের আগে: water-bill.ga,জরুরি নোটিশ: আপনার পানির বিল বকেয়া। সংযোগ বিচ্ছিন্নের আগে: water-bill.ga,['water-bill.ga'],1,1,13,13,0,1,1,0,0,0,0,0,জরুরি নোটিশ: আপনার পানির বিল বকেয়া। সংযোগ বিচ্ছিন্নের আগে:  [URL] ,67,1,13,13,0,1,1,0,0,0,0,0,1,13,13,0,1,1,0,0,0,0,0
smish,"ফুটবল স্টার খেলে ১০,০০০ টাকা জিতুন প্রতি সপ্তাহে সপ্তাহে যোগাযোগ startop-offer.top",Bengali,1,2,"ফুটবল স্টার খেলে ১০,০০০ টাকা জিতুন প্রতি সপ্তাহে সপ্তাহে যোগাযোগ startop-offer.top","ফুটবল স্টার খেলে ১০,০০০ টাকা জিতুন প্রতি সপ্তাহে সপ্তাহে যোগাযোগ startop-offer.top",['startop-offer.top'],1,1,17,17,0,1,1,0,0,0,0,0,"ফুটবল স্টার খেলে ১০,০০০ টাকা জিতুন প্রতি সপ্তাহে সপ্তাহে যোগাযোগ  [URL] ",72,1,17,17,0,1,1,0,0,0,0,0,1,17,17,0,1,1,0,0,0,0,0
normal,কেমন কাটছে দিনটা?,Bengali,0,0,কেমন কাটছে দিনটা?,কেমন কাটছে দিনটা?,[],0,0,0,0,0,0,0,0,0,0,0,0,কেমন কাটছে দিনটা?,17,0,0,0,0,0,0,0,0,0,0,0,0,0,0,0,0,0,0,0,0,0,0
smish,আপনার ব্যাংক অ্যাকাউন্টের বিবরণ আপডেট করুন। দয়া করে এখানে লগইন করুন: http://bit.ly/AccountUpdate,Bengali,1,2,আপনার ব্যাংক অ্যাকাউন্টের বিবরণ আপডেট করুন। দয়া করে এখানে লগইন করুন: http://bit.ly/AccountUpdate,আপনার ব্যাংক অ্যাকাউন্টের বিবরণ আপডেট করুন। দয়া করে এখানে লগইন করুন: http://bit.ly/AccountUpdate,['http://bit.ly/AccountUpdate'],1,1,27,27,0,1,0,3,0,0,0,1,আপনার ব্যাংক অ্যাকাউন্টের বিবরণ আপডেট করুন। দয়া করে এখানে লগইন করুন:  [URL] ,77,1,27,27,0,1,0,3,0,0,0,1,1,27,27,0,1,0,3,0,0,0,1
smish,অ্যাপল আইফোন ১৫ জিতেছেন! ডেলিভারি নিশ্চিত করতে কল করুন: +8801811011123,Bengali,0,2,অ্যাপল আইফোন ১৫ জিতেছেন! ডেলিভারি নিশ্চিত করতে কল করুন: +8801811011123,অ্যাপল আইফোন ১৫ জিতেছেন! ডেলিভারি নিশ্চিত করতে কল করুন: +8801811011123,[],0,0,0,0,0,0,0,0,0,0,0,0,অ্যাপল আইফোন ১৫ জিতেছেন! ডেলিভারি নিশ্চিত করতে কল করুন: +8801811011123,70,0,0,0,0,0,0,0,0,0,0,0,0,0,0,0,0,0,0,0,0,0,0
normal,তুমি কি কাল সকালে ক্লাসে যাবে? স্যার কুইজ নেবেন বলে শুনেছি।,Bengali,0,0,তুমি কি কাল সকালে ক্লাসে যাবে? স্যার কুইজ নেবেন বলে শুনেছি।,তুমি কি কাল সকালে ক্লাসে যাবে? স্যার কুইজ নেবেন বলে শুনেছি।,[],0,0,0,0,0,0,0,0,0,0,0,0,তুমি কি কাল সকালে ক্লাসে যাবে? স্যার কুইজ নেবেন বলে শুনেছি।,59,0,0,0,0,0,0,0,0,0,0,0,0,0,0,0,0,0,0,0,0,0,0
promo,"গহনায় বিশাল ছাড়! স্বর্ণ, রূপায় ২০% পর্যন্ত কমতি।",Bengali,0,1,"গহনায় বিশাল ছাড়! স্বর্ণ, রূপায় ২০% পর্যন্ত কমতি।","গহনায় বিশাল ছাড়! স্বর্ণ, রূপায় ২০% পর্যন্ত কমতি।",[],0,0,0,0,0,0,0,0,0,0,0,0,"গহনায় বিশাল ছাড়! স্বর্ণ, রূপায় ২০% পর্যন্ত কমতি।",51,0,0,0,0,0,0,0,0,0,0,0,0,0,0,0,0,0,0,0,0,0,0
smish,"আপনি অনলাইনে একটি খণ্ডকালীন/পূর্ণ-সময়ের চাকরির জন্য নির্বাচিত হয়েছেন। কাজটি খুবই সহজ, কোন সময় সীমা নেই, কোন স্থানের সীমা নেই, এটি ঘরে বসে করা যায়, দৈনিক বেতন 1000-5000TK, একটি চাকরি খুঁজতে হোয়াটসঅ্যাপ ম্যানেজারের সাথে যোগাযোগ করুন:  https://wa.me/8801320862219",Bengali,1,2,"আপনি অনলাইনে একটি খণ্ডকালীন/পূর্ণ-সময়ের চাকরির জন্য নির্বাচিত হয়েছেন। কাজটি খুবই সহজ, কোন সময় সীমা নেই, কোন স্থানের সীমা নেই, এটি ঘরে বসে করা যায়, দৈনিক বেতন 1000-5000TK, একটি চাকরি খুঁজতে হোয়াটসঅ্যাপ ম্যানেজারের সাথে যোগাযোগ করুন:  https://wa.me/8801320862219","আপনি অনলাইনে একটি খণ্ডকালীন/পূর্ণ-সময়ের চাকরির জন্য নির্বাচিত হয়েছেন। কাজটি খুবই সহজ, কোন সময় সীমা নেই, কোন স্থানের সীমা নেই, এটি ঘরে বসে করা যায়, দৈনিক বেতন 1000-5000TK, একটি চাকরি খুঁজতে হোয়াটসঅ্যাপ ম্যানেজারের সাথে যোগাযোগ করুন: https://wa.me/8801320862219",['https://wa.me/8801320862219'],1,1,27,27,13,1,0,3,1,0,0,0,"আপনি অনলাইনে একটি খণ্ডকালীন/পূর্ণ-সময়ের চাকরির জন্য নির্বাচিত হয়েছেন। কাজটি খুবই সহজ, কোন সময় সীমা নেই, কোন স্থানের সীমা নেই, এটি ঘরে বসে করা যায়, দৈনিক বেতন 1000-5000TK, একটি চাকরি খুঁজতে হোয়াটসঅ্যাপ ম্যানেজারের সাথে যোগাযোগ করুন:  [URL] ",244,1,27,27,13,1,0,3,1,0,0,0,1,27,27,13,1,0,3,1,0,0,0
normal,"প্রিয় বন্ধু রহিম, তোমার গতকালের ফোনের পর থেকেই তোমার চাকরির ইন্টারভিউর কথা ভাবছি। জানি যে তুমি অনেক প্রস্তুতি নিয়েছো এবং তোমার যোগ্যতা সম্পর্কে আমার কোন সন্দেহ নেই। আগামীকাল সকাল ১০টার ইন্টারভিউতে অবশ্যই ভালো করবে। রাতে তাড়াতাড়ি ঘুমিয়ে যেও এবং সকালে ভালো নাশতা করে যেও। আল্লাহর কাছে তোমার জন্য দোয়া করছি। সফল হওয়ার পর খবর দিও।",Bengali,0,0,"প্রিয় বন্ধু রহিম, তোমার গতকালের ফোনের পর থেকেই তোমার চাকরির ইন্টারভিউর কথা ভাবছি। জানি যে তুমি অনেক প্রস্তুতি নিয়েছো এবং তোমার যোগ্যতা সম্পর্কে আমার কোন সন্দেহ নেই। আগামীকাল সকাল ১০টার ইন্টারভিউতে অবশ্যই ভালো করবে। রাতে তাড়াতাড়ি ঘুমিয়ে যেও এবং সকালে ভালো নাশতা করে যেও। আল্লাহর কাছে তোমার জন্য দোয়া করছি। সফল হওয়ার পর খবর দিও।","প্রিয় বন্ধু রহিম, তোমার গতকালের ফোনের পর থেকেই তোমার চাকরির ইন্টারভিউর কথা ভাবছি। জানি যে তুমি অনেক প্রস্তুতি নিয়েছো এবং তোমার যোগ্যতা সম্পর্কে আমার কোন সন্দেহ নেই। আগামীকাল সকাল ১০টার ইন্টারভিউতে অবশ্যই ভালো করবে। রাতে তাড়াতাড়ি ঘুমিয়ে যেও এবং সকালে ভালো নাশতা করে যেও। আল্লাহর কাছে তোমার জন্য দোয়া করছি। সফল হওয়ার পর খবর দিও।",[],0,0,0,0,0,0,0,0,0,0,0,0,"প্রিয় বন্ধু রহিম, তোমার গতকালের ফোনের পর থেকেই তোমার চাকরির ইন্টারভিউর কথা ভাবছি। জানি যে তুমি অনেক প্রস্তুতি নিয়েছো এবং তোমার যোগ্যতা সম্পর্কে আমার কোন সন্দেহ নেই। আগামীকাল সকাল ১০টার ইন্টারভিউতে অবশ্যই ভালো করবে। রাতে তাড়াতাড়ি ঘুমিয়ে যেও এবং সকালে ভালো নাশতা করে যেও। আল্লাহর কাছে তোমার জন্য দোয়া করছি। সফল হওয়ার পর খবর দিও।",333,0,0,0,0,0,0,0,0,0,0,0,0,0,0,0,0,0,0,0,0,0,0
smish,"বাংলালিংক থেকে আপনার নাম্বারে ১০,০০০ টাকা লোন অনুমোদিত হয়েছে। টাকার জন্য আপনার PIN কোড দিন এই লিঙ্কে: banglalink-loan247.net।",Bengali,1,2,"বাংলালিংক থেকে আপনার নাম্বারে ১০,০০০ টাকা লোন অনুমোদিত হয়েছে। টাকার জন্য আপনার PIN কোড দিন এই লিঙ্কে: banglalink-loan247.net।","বাংলালিংক থেকে আপনার নাম্বারে ১০,০০০ টাকা লোন অনুমোদিত হয়েছে। টাকার জন্য আপনার PIN কোড দিন এই লিঙ্কে: banglalink-loan247.net।",['banglalink-loan247.net'],1,1,22,22,3,1,1,0,0,0,0,0,"বাংলালিংক থেকে আপনার নাম্বারে ১০,০০০ টাকা লোন অনুমোদিত হয়েছে। টাকার জন্য আপনার PIN কোড দিন এই লিঙ্কে:  [URL] ।",111,1,22,22,3,1,1,0,0,0,0,0,1,22,22,3,1,1,0,0,0,0,0
smish,"নগদ অ্যাকাউন্ট থেকে ৫,০০০ টাকা পুরস্কার জিতেছেন! বিস্তারিত জানতে কল করুন: +8801919899901",Bengali,0,2,"নগদ অ্যাকাউন্ট থেকে ৫,০০০ টাকা পুরস্কার জিতেছেন! বিস্তারিত জানতে কল করুন: +8801919899901","নগদ অ্যাকাউন্ট থেকে ৫,০০০ টাকা পুরস্কার জিতেছেন! বিস্তারিত জানতে কল করুন: +8801919899901",[],0,0,0,0,0,0,0,0,0,0,0,0,"নগদ অ্যাকাউন্ট থেকে ৫,০০০ টাকা পুরস্কার জিতেছেন! বিস্তারিত জানতে কল করুন: +8801919899901",88,0,0,0,0,0,0,0,0,0,0,0,0,0,0,0,0,0,0,0,0,0,0
smish,জনতা ব্যাংক থেকে জরুরি বার্তা। বিস্তারিত জানতে এখানে ক্লিক করুন: https://t.me/JanataUrgentBot2,Bengali,1,2,জনতা ব্যাংক থেকে জরুরি বার্তা। বিস্তারিত জানতে এখানে ক্লিক করুন: https://t.me/JanataUrgentBot2,জনতা ব্যাংক থেকে জরুরি বার্তা। বিস্তারিত জানতে এখানে ক্লিক করুন: https://t.me/JanataUrgentBot2,['https://t.me/JanataUrgentBot2'],1,1,29,29,1,1,0,3,1,0,0,0,জনতা ব্যাংক থেকে জরুরি বার্তা। বিস্তারিত জানতে এখানে ক্লিক করুন:  [URL] ,72,1,29,29,1,1,0,3,1,0,0,0,1,29,29,1,1,0,3,1,0,0,0
smish,আপনার ব্যাংক অ্যাকাউন্টের নোটিফিকেশন পাওয়া যাচ্ছে না। দয়া করে এখানে ক্লিক করুন: http://bit.ly/UpdateNotify,Bengali,1,2,আপনার ব্যাংক অ্যাকাউন্টের নোটিফিকেশন পাওয়া যাচ্ছে না। দয়া করে এখানে ক্লিক করুন: http://bit.ly/UpdateNotify,আপনার ব্যাংক অ্যাকাউন্টের নোটিফিকেশন পাওয়া যাচ্ছে না। দয়া করে এখানে ক্লিক করুন: http://bit.ly/UpdateNotify,['http://bit.ly/UpdateNotify'],1,1,26,26,0,1,0,3,0,0,0,1,আপনার ব্যাংক অ্যাকাউন্টের নোটিফিকেশন পাওয়া যাচ্ছে না। দয়া করে এখানে ক্লিক করুন:  [URL] ,89,1,26,26,0,1,0,3,0,0,0,1,1,26,26,0,1,0,3,0,0,0,1
smish,"গ্রামীণফোন গ্রাহক, আপনার সিম ব্লক হয়ে যাবে যদি ২৪ ঘণ্টার মধ্যে NID যাচাই না হয়। এখনই gpverify24.org এ লগইন করুন।",Bengali,1,2,"গ্রামীণফোন গ্রাহক, আপনার সিম ব্লক হয়ে যাবে যদি ২৪ ঘণ্টার মধ্যে NID যাচাই না হয়। এখনই gpverify24.org এ লগইন করুন।","গ্রামীণফোন গ্রাহক, আপনার সিম ব্লক হয়ে যাবে যদি ২৪ ঘণ্টার মধ্যে NID যাচাই না হয়। এখনই gpverify24.org এ লগইন করুন।",['gpverify24.org'],1,1,14,14,2,1,0,0,0,0,0,0,"গ্রামীণফোন গ্রাহক, আপনার সিম ব্লক হয়ে যাবে যদি ২৪ ঘণ্টার মধ্যে NID যাচাই না হয়। এখনই  [URL]  এ লগইন করুন।",107,1,14,14,2,1,0,0,0,0,0,0,1,14,14,2,1,0,0,0,0,0,0
smish,আপনার লেনদেন সুরক্ষার জন্য অবিলম্বে লগইন করুন: [securetransaction.com/LoginBD],Bengali,1,2,আপনার লেনদেন সুরক্ষার জন্য অবিলম্বে লগইন করুন: [securetransaction.com/LoginBD],আপনার লেনদেন সুরক্ষার জন্য অবিলম্বে লগইন করুন: [securetransaction.com/LoginBD],['securetransaction.com/LoginBD'],1,1,29,29,0,1,0,1,0,0,0,0,আপনার লেনদেন সুরক্ষার জন্য অবিলম্বে লগইন করুন: [ [URL] ],56,1,29,29,0,1,0,1,0,0,0,0,1,29,29,0,1,0,1,0,0,0,0
smish,"বিলম্বে আপনার টাকা পাবেন না, দ্রুত কল করুন: +8801912345678",Bengali,0,2,"বিলম্বে আপনার টাকা পাবেন না, দ্রুত কল করুন: +8801912345678","বিলম্বে আপনার টাকা পাবেন না, দ্রুত কল করুন: +8801912345678",[],0,0,0,0,0,0,0,0,0,0,0,0,"বিলম্বে আপনার টাকা পাবেন না, দ্রুত কল করুন: +8801912345678",58,0,0,0,0,0,0,0,0,0,0,0,0,0,0,0,0,0,0,0,0,0,0
normal,"আমি আজকে খুব ব্যস্ত ছিলাম অফিসে। বস হঠাৎ মিটিং ডেকেছিল। কাল দেখা করি, কফি খেতে যাই।",Bengali,0,0,"আমি আজকে খুব ব্যস্ত ছিলাম অফিসে। বস হঠাৎ মিটিং ডেকেছিল। কাল দেখা করি, কফি খেতে যাই।","আমি আজকে খুব ব্যস্ত ছিলাম অফিসে। বস হঠাৎ মিটিং ডেকেছিল। কাল দেখা করি, কফি খেতে যাই।",[],0,0,0,0,0,0,0,0,0,0,0,0,"আমি আজকে খুব ব্যস্ত ছিলাম অফিসে। বস হঠাৎ মিটিং ডেকেছিল। কাল দেখা করি, কফি খেতে যাই।",83,0,0,0,0,0,0,0,0,0,0,0,0,0,0,0,0,0,0,0,0,0,0
smish,"আসসালামুআলাইকুম!

আপনি কি বাড়িতে বসে কোন টাকা ইনভেস্টমেন্ট না করে টাকা ইনকাম করতে চান?
তাহলে আমাদের বট এ কাজ করুন। আমাদের বট এ আপনি কোন ইনভেস্টমেন্ট ছাড়া ইনকাম করতে পারবেন।

বট লিঙ্ক: https://t.me/free_online_income_24bot",Bengali,1,2,"আসসালামুআলাইকুম!

আপনি কি বাড়িতে বসে কোন টাকা ইনভেস্টমেন্ট না করে টাকা ইনকাম করতে চান?
তাহলে আমাদের বট এ কাজ করুন। আমাদের বট এ আপনি কোন ইনভেস্টমেন্ট ছাড়া ইনকাম করতে পারবেন।

বট লিঙ্ক: https://t.me/free_online_income_24bot",আসসালামুআলাইকুম! আপনি কি বাড়িতে বসে কোন টাকা ইনভেস্টমেন্ট না করে টাকা ইনকাম করতে চান? তাহলে আমাদের বট এ কাজ করুন। আমাদের বট এ আপনি কোন ইনভেস্টমেন্ট ছাড়া ইনকাম করতে পারবেন। বট লিঙ্ক: https://t.me/free_online_income_24bot,['https://t.me/free_online_income_24bot'],1,1,37,37,2,1,0,3,1,0,0,0,আসসালামুআলাইকুম! আপনি কি বাড়িতে বসে কোন টাকা ইনভেস্টমেন্ট না করে টাকা ইনকাম করতে চান? তাহলে আমাদের বট এ কাজ করুন। আমাদের বট এ আপনি কোন ইনভেস্টমেন্ট ছাড়া ইনকাম করতে পারবেন। বট লিঙ্ক:  [URL] ,191,1,37,37,2,1,0,3,1,0,0,0,1,37,37,2,1,0,3,1,0,0,0
promo,ওয়াচে মেগা অফার! স্মার্ট ওয়াচে ৫০০০ টাকা পর্যন্ত ছাড়।,Bengali,0,1,ওয়াচে মেগা অফার! স্মার্ট ওয়াচে ৫০০০ টাকা পর্যন্ত ছাড়।,ওয়াচে মেগা অফার! স্মার্ট ওয়াচে ৫০০০ টাকা পর্যন্ত ছাড়।,[],0,0,0,0,0,0,0,0,0,0,0,0,ওয়াচে মেগা অফার! স্মার্ট ওয়াচে ৫০০০ টাকা পর্যন্ত ছাড়।,56,0,0,0,0,0,0,0,0,0,0,0,0,0,0,0,0,0,0,0,0,0,0
promo,"Banglalink গ্রাহক, ১০০ টাকার রিচার্জে ২৫ মিনিট ফ্রি।",Bengali,0,1,"Banglalink গ্রাহক, ১০০ টাকার রিচার্জে ২৫ মিনিট ফ্রি।","Banglalink গ্রাহক, ১০০ টাকার রিচার্জে ২৫ মিনিট ফ্রি।",[],0,0,0,0,0,0,0,0,0,0,0,0,"Banglalink গ্রাহক, ১০০ টাকার রিচার্জে ২৫ মিনিট ফ্রি।",52,0,0,0,0,0,0,0,0,0,0,0,0,0,0,0,0,0,0,0,0,0,0
promo,"জানুয়ারী-২৪
রিচার্জ:0৳
খরচ:
ডেটা:0৳
ভয়েস:23৳
অন্যান্য:1৳",Bengali,0,1,"জানুয়ারী-২৪
রিচার্জ:0৳
খরচ:
ডেটা:0৳
ভয়েস:23৳
অন্যান্য:1৳",জানুয়ারী-২৪ রিচার্জ:0৳ খরচ: ডেটা:0৳ ভয়েস:23৳ অন্যান্য:1৳,[],0,0,0,0,0,0,0,0,0,0,0,0,জানুয়ারী-২৪ রিচার্জ:0৳ খরচ: ডেটা:0৳ ভয়েস:23৳ অন্যান্য:1৳,58,0,0,0,0,0,0,0,0,0,0,0,0,0,0,0,0,0,0,0,0,0,0
normal,তুমি কি সিনেমা হলে যাচ্ছো?,Bengali,0,0,তুমি কি সিনেমা হলে যাচ্ছো?,তুমি কি সিনেমা হলে যাচ্ছো?,[],0,0,0,0,0,0,0,0,0,0,0,0,তুমি কি সিনেমা হলে যাচ্ছো?,26,0,0,0,0,0,0,0,0,0,0,0,0,0,0,0,0,0,0,0,0,0,0
smish,মাশরাফির সাথে ফ্রি ট্রিপ জিততে আজই ক্যাসিনোতে বাজি ধরুন। ক্লিক করুন: xini.eu/00Qe,Bengali,1,2,মাশরাফির সাথে ফ্রি ট্রিপ জিততে আজই ক্যাসিনোতে বাজি ধরুন। ক্লিক করুন: xini.eu/00Qe,মাশরাফির সাথে ফ্রি ট্রিপ জিততে আজই ক্যাসিনোতে বাজি ধরুন। ক্লিক করুন: xini.eu/00Qe,['xini.eu/00Qe'],1,1,12,12,2,1,0,1,0,0,0,0,মাশরাফির সাথে ফ্রি ট্রিপ জিততে আজই ক্যাসিনোতে বাজি ধরুন। ক্লিক করুন:  [URL] ,76,1,12,12,2,1,0,1,0,0,0,0,1,12,12,2,1,0,1,0,0,0,0
promo,ক্যাশব্যাক পাও upto 99tk! skitto app থেকে চিল ডিলে- cutt.ly/aAhiAsI,Bengali,1,1,ক্যাশব্যাক পাও upto 99tk! skitto app থেকে চিল ডিলে- cutt.ly/aAhiAsI,ক্যাশব্যাক পাও upto 99tk! skitto app থেকে চিল ডিলে- cutt.ly/aAhiAsI,['cutt.ly/aAhiAsI'],1,1,15,15,0,1,0,1,0,0,0,1,ক্যাশব্যাক পাও upto 99tk! skitto app থেকে চিল ডিলে-  [URL] ,59,1,15,15,0,1,0,1,0,0,0,1,1,15,15,0,1,0,1,0,0,0,1
promo,"স্মার্টফোনে মেগা ডিসকাউন্ট! Samsung, Xiaomi এ ২৫০০০ টাকা পর্যন্ত ছাড়।",Bengali,0,1,"স্মার্টফোনে মেগা ডিসকাউন্ট! Samsung, Xiaomi এ ২৫০০০ টাকা পর্যন্ত ছাড়।","স্মার্টফোনে মেগা ডিসকাউন্ট! Samsung, Xiaomi এ ২৫০০০ টাকা পর্যন্ত ছাড়।",[],0,0,0,0,0,0,0,0,0,0,0,0,"স্মার্টফোনে মেগা ডিসকাউন্ট! Samsung, Xiaomi এ ২৫০০০ টাকা পর্যন্ত ছাড়।",70,0,0,0,0,0,0,0,0,0,0,0,0,0,0,0,0,0,0,0,0,0,0
smish,"DBBL Credit Card গ্রাহক, আপনার কার্ড লিমিট বাড়াতে এখনই আপনার পাসওয়ার্ড ও CVV দিন: secure-dbbl.net।",Bengali,1,2,"DBBL Credit Card গ্রাহক, আপনার কার্ড লিমিট বাড়াতে এখনই আপনার পাসওয়ার্ড ও CVV দিন: secure-dbbl.net।","DBBL Credit Card গ্রাহক, আপনার কার্ড লিমিট বাড়াতে এখনই আপনার পাসওয়ার্ড ও CVV দিন: secure-dbbl.net।",['secure-dbbl.net'],1,1,15,15,0,1,1,0,0,0,0,0,"DBBL Credit Card গ্রাহক, আপনার কার্ড লিমিট বাড়াতে এখনই আপনার পাসওয়ার্ড ও CVV দিন:  [URL] ।",92,1,15,15,0,1,1,0,0,0,0,0,1,15,15,0,1,1,0,0,0,0,0
promo,বিটিআরসি'র ডাটাবেজে হ্যান্ডসেটটি নিবন্ধিত নয়। হ্যান্ডসেটটি স্বয়ংক্রিয়ভাবে নিবন্ধন করা হবে।,Bengali,0,1,বিটিআরসি'র ডাটাবেজে হ্যান্ডসেটটি নিবন্ধিত নয়। হ্যান্ডসেটটি স্বয়ংক্রিয়ভাবে নিবন্ধন করা হবে।,বিটিআরসি'র ডাটাবেজে হ্যান্ডসেটটি নিবন্ধিত নয়। হ্যান্ডসেটটি স্বয়ংক্রিয়ভাবে নিবন্ধন করা হবে।,[],0,0,0,0,0,0,0,0,0,0,0,0,বিটিআরসি'র ডাটাবেজে হ্যান্ডসেটটি নিবন্ধিত নয়। হ্যান্ডসেটটি স্বয়ংক্রিয়ভাবে নিবন্ধন করা হবে।,93,0,0,0,0,0,0,0,0,0,0,0,0,0,0,0,0,0,0,0,0,0,0
smish,আপনার ডেবিট কার্ডের সীমা বৃদ্ধি করতে এখানে ক্লিক করুন: [securelimit.com/IncreaseBD],Bengali,1,2,আপনার ডেবিট কার্ডের সীমা বৃদ্ধি করতে এখানে ক্লিক করুন: [securelimit.com/IncreaseBD],আপনার ডেবিট কার্ডের সীমা বৃদ্ধি করতে এখানে ক্লিক করুন: [securelimit.com/IncreaseBD],['securelimit.com/IncreaseBD'],1,1,26,26,0,1,0,1,0,0,0,1,আপনার ডেবিট কার্ডের সীমা বৃদ্ধি করতে এখানে ক্লিক করুন: [ [URL] ],64,1,26,26,0,1,0,1,0,0,0,1,1,26,26,0,1,0,1,0,0,0,1
smish,আপনার কাছে Amazon থেকে $200 নগদ মূল্য রয়েছে 2 দিনের মধ্যে মেয়াদ শেষ হবে৷ আমরা আপনাকে $500 পর্যন্ত পাওনা দিতে পারি। একটি সাম্প্রতিক সিদ্ধান্তের কারণে গত বছর আমরা আপনাকে অনেক বেশি চার্জ করতে পেরেছি। আপনার স্বয়ংক্রিয় সঞ্চয় প্রস্তুত.,Bengali,0,2,আপনার কাছে Amazon থেকে $200 নগদ মূল্য রয়েছে 2 দিনের মধ্যে মেয়াদ শেষ হবে৷ আমরা আপনাকে $500 পর্যন্ত পাওনা দিতে পারি। একটি সাম্প্রতিক সিদ্ধান্তের কারণে গত বছর আমরা আপনাকে অনেক বেশি চার্জ করতে পেরেছি। আপনার স্বয়ংক্রিয় সঞ্চয় প্রস্তুত.,আপনার কাছে Amazon থেকে $200 নগদ মূল্য রয়েছে 2 দিনের মধ্যে মেয়াদ শেষ হবে। আমরা আপনাকে $500 পর্যন্ত পাওনা দিতে পারি। একটি সাম্প্রতিক সিদ্ধান্তের কারণে গত বছর আমরা আপনাকে অনেক বেশি চার্জ করতে পেরেছি। আপনার স্বয়ংক্রিয় সঞ্চয় প্রস্তুত.,[],0,0,0,0,0,0,0,0,0,0,0,0,আপনার কাছে Amazon থেকে $200 নগদ মূল্য রয়েছে 2 দিনের মধ্যে মেয়াদ শেষ হবে। আমরা আপনাকে $500 পর্যন্ত পাওনা দিতে পারি। একটি সাম্প্রতিক সিদ্ধান্তের কারণে গত বছর আমরা আপনাকে অনেক বেশি চার্জ করতে পেরেছি। আপনার স্বয়ংক্রিয় সঞ্চয় প্রস্তুত.,234,0,0,0,0,0,0,0,0,0,0,0,0,0,0,0,0,0,0,0,0,0,0
smish,"সোনালী ব্যাংক জানাচ্ছে, আপনার অ্যাকাউন্টে সন্দেহজনক লগইন চেষ্টা হয়েছে। যাচাই করতে www.sonali-verifybd.com ভিজিট করুন।",Bengali,1,2,"সোনালী ব্যাংক জানাচ্ছে, আপনার অ্যাকাউন্টে সন্দেহজনক লগইন চেষ্টা হয়েছে। যাচাই করতে www.sonali-verifybd.com ভিজিট করুন।","সোনালী ব্যাংক জানাচ্ছে, আপনার অ্যাকাউন্টে সন্দেহজনক লগইন চেষ্টা হয়েছে। যাচাই করতে www.sonali-verifybd.com ভিজিট করুন।","['www.', 'sonali-verifybd.com']",2,2,23,19,0,2,1,0,0,0,0,0,"সোনালী ব্যাংক জানাচ্ছে, আপনার অ্যাকাউন্টে সন্দেহজনক লগইন চেষ্টা হয়েছে। যাচাই করতে  [URL]  [URL]  ভিজিট করুন।",109,2,23,19,0,2,1,0,0,0,0,0,2,23,19,0,2,1,0,0,0,0,0
smish,আপনার সিভি আমাদের চাকরির জন্য নির্বাচিত হয়েছে। দিনে ২-৩ ঘণ্টা কাজ করেই বাড়ি বসে রোজ ৮ হাজার টাকা বেতন পাবেন। অফার লেটার গ্রহণ করতে এই লিঙ্কে ক্লিক করুন।,Bengali,0,2,আপনার সিভি আমাদের চাকরির জন্য নির্বাচিত হয়েছে। দিনে ২-৩ ঘণ্টা কাজ করেই বাড়ি বসে রোজ ৮ হাজার টাকা বেতন পাবেন। অফার লেটার গ্রহণ করতে এই লিঙ্কে ক্লিক করুন।,আপনার সিভি আমাদের চাকরির জন্য নির্বাচিত হয়েছে। দিনে ২-৩ ঘণ্টা কাজ করেই বাড়ি বসে রোজ ৮ হাজার টাকা বেতন পাবেন। অফার লেটার গ্রহণ করতে এই লিঙ্কে ক্লিক করুন।,[],0,0,0,0,0,0,0,0,0,0,0,0,আপনার সিভি আমাদের চাকরির জন্য নির্বাচিত হয়েছে। দিনে ২-৩ ঘণ্টা কাজ করেই বাড়ি বসে রোজ ৮ হাজার টাকা বেতন পাবেন। অফার লেটার গ্রহণ করতে এই লিঙ্কে ক্লিক করুন।,154,0,0,0,0,0,0,0,0,0,0,0,0,0,0,0,0,0,0,0,0,0,0
smish,আপনার ব্যবসার জন্য ডিজাইন এবং মার্কেটিং সম্পর্কে জানুন! প্রফেশনাল পরামর্শ পান এবং ব্যবসা পরিচালনা এর দিকে তাকিয়ে চলুন। যোগাযোগ করুন বিস্তারিত জানতে এই লিঙ্কে ক্লিক করুন:https://www.etsy.com/search?,Bengali,1,2,আপনার ব্যবসার জন্য ডিজাইন এবং মার্কেটিং সম্পর্কে জানুন! প্রফেশনাল পরামর্শ পান এবং ব্যবসা পরিচালনা এর দিকে তাকিয়ে চলুন। যোগাযোগ করুন বিস্তারিত জানতে এই লিঙ্কে ক্লিক করুন:https://www.etsy.com/search?,আপনার ব্যবসার জন্য ডিজাইন এবং মার্কেটিং সম্পর্কে জানুন! প্রফেশনাল পরামর্শ পান এবং ব্যবসা পরিচালনা এর দিকে তাকিয়ে চলুন। যোগাযোগ করুন বিস্তারিত জানতে এই লিঙ্কে ক্লিক করুন:https://www.etsy.com/search?,"['https://www.', 'etsy.com/search?']",2,2,28,16,0,2,0,3,1,0,0,0,আপনার ব্যবসার জন্য ডিজাইন এবং মার্কেটিং সম্পর্কে জানুন! প্রফেশনাল পরামর্শ পান এবং ব্যবসা পরিচালনা এর দিকে তাকিয়ে চলুন। যোগাযোগ করুন বিস্তারিত জানতে এই লিঙ্কে ক্লিক করুন: [URL]  [URL] ,184,2,28,16,0,2,0,3,1,0,0,0,2,28,16,0,2,0,3,1,0,0,0
normal,আজ সন্ধ্যায় শাহবাগে দেখা করবো? অনেকদিন আড্ডা হয় না।,Bengali,0,0,আজ সন্ধ্যায় শাহবাগে দেখা করবো? অনেকদিন আড্ডা হয় না।,আজ সন্ধ্যায় শাহবাগে দেখা করবো? অনেকদিন আড্ডা হয় না।,[],0,0,0,0,0,0,0,0,0,0,0,0,আজ সন্ধ্যায় শাহবাগে দেখা করবো? অনেকদিন আড্ডা হয় না।,53,0,0,0,0,0,0,0,0,0,0,0,0,0,0,0,0,0,0,0,0,0,0
promo,বিকাশ অ্যাপে skitto deals এ ৩০টাকা পর্যন্ত ক্যাশব্যাক cutt.ly/8HBaVWF,Bengali,1,1,বিকাশ অ্যাপে skitto deals এ ৩০টাকা পর্যন্ত ক্যাশব্যাক cutt.ly/8HBaVWF,বিকাশ অ্যাপে skitto deals এ ৩০টাকা পর্যন্ত ক্যাশব্যাক cutt.ly/8HBaVWF,['cutt.ly/8HBaVWF'],1,1,15,15,1,1,0,1,0,0,0,1,বিকাশ অ্যাপে skitto deals এ ৩০টাকা পর্যন্ত ক্যাশব্যাক  [URL] ,61,1,15,15,1,1,0,1,0,0,0,1,1,15,15,1,1,0,1,0,0,0,1
smish,"গ্রামীণফোন জানাচ্ছে, আপনার নম্বরে ভুয়া কল শনাক্ত হয়েছে। আপনার সিম ব্লক এড়াতে এখনই gp-care24.net এ গিয়ে NID ও জন্মতারিখ দিন। যাচাই না করলে ২৪ ঘণ্টার মধ্যে সেবা স্থগিত হবে।",Bengali,1,2,"গ্রামীণফোন জানাচ্ছে, আপনার নম্বরে ভুয়া কল শনাক্ত হয়েছে। আপনার সিম ব্লক এড়াতে এখনই gp-care24.net এ গিয়ে NID ও জন্মতারিখ দিন। যাচাই না করলে ২৪ ঘণ্টার মধ্যে সেবা স্থগিত হবে।","গ্রামীণফোন জানাচ্ছে, আপনার নম্বরে ভুয়া কল শনাক্ত হয়েছে। আপনার সিম ব্লক এড়াতে এখনই gp-care24.net এ গিয়ে NID ও জন্মতারিখ দিন। যাচাই না করলে ২৪ ঘণ্টার মধ্যে সেবা স্থগিত হবে।",['gp-care24.net'],1,1,13,13,2,1,1,0,0,0,0,0,"গ্রামীণফোন জানাচ্ছে, আপনার নম্বরে ভুয়া কল শনাক্ত হয়েছে। আপনার সিম ব্লক এড়াতে এখনই  [URL]  এ গিয়ে NID ও জন্মতারিখ দিন। যাচাই না করলে ২৪ ঘণ্টার মধ্যে সেবা স্থগিত হবে।",168,1,13,13,2,1,1,0,0,0,0,0,1,13,13,2,1,1,0,0,0,0,0
normal,তুমি কি বিশ্ববিদ্যালয়ে যাচ্ছো?,Bengali,0,0,তুমি কি বিশ্ববিদ্যালয়ে যাচ্ছো?,তুমি কি বিশ্ববিদ্যালয়ে যাচ্ছো?,[],0,0,0,0,0,0,0,0,0,0,0,0,তুমি কি বিশ্ববিদ্যালয়ে যাচ্ছো?,31,0,0,0,0,0,0,0,0,0,0,0,0,0,0,0,0,0,0,0,0,0,0
normal,তুমি কি নতুন গানটা শুনেছো? সত্যিই দারুণ লেগেছে।,Bengali,0,0,তুমি কি নতুন গানটা শুনেছো? সত্যিই দারুণ লেগেছে।,তুমি কি নতুন গানটা শুনেছো? সত্যিই দারুণ লেগেছে।,[],0,0,0,0,0,0,0,0,0,0,0,0,তুমি কি নতুন গানটা শুনেছো? সত্যিই দারুণ লেগেছে।,47,0,0,0,0,0,0,0,0,0,0,0,0,0,0,0,0,0,0,0,0,0,0
smish,জরুরি নোটিশ: আপনার মেডিকেল রেকর্ড চুরি। সুরক্ষিত: protect-medical.ml,Bengali,1,2,জরুরি নোটিশ: আপনার মেডিকেল রেকর্ড চুরি। সুরক্ষিত: protect-medical.ml,জরুরি নোটিশ: আপনার মেডিকেল রেকর্ড চুরি। সুরক্ষিত: protect-medical.ml,['protect-medical.ml'],1,1,18,18,0,1,1,0,0,0,0,0,জরুরি নোটিশ: আপনার মেডিকেল রেকর্ড চুরি। সুরক্ষিত:  [URL] ,57,1,18,18,0,1,1,0,0,0,0,0,1,18,18,0,1,1,0,0,0,0,0
promo,"লি কুপার লন্ডনের
উইন্টার কালেকশন
মোকাসিন সু, পোলো শার্ট, জিন্স
জলদি",Bengali,0,1,"লি কুপার লন্ডনের
উইন্টার কালেকশন
মোকাসিন সু, পোলো শার্ট, জিন্স
জলদি","লি কুপার লন্ডনের উইন্টার কালেকশন মোকাসিন সু, পোলো শার্ট, জিন্স জলদি",[],0,0,0,0,0,0,0,0,0,0,0,0,"লি কুপার লন্ডনের উইন্টার কালেকশন মোকাসিন সু, পোলো শার্ট, জিন্স জলদি",67,0,0,0,0,0,0,0,0,0,0,0,0,0,0,0,0,0,0,0,0,0,0
smish,"আপনার ডাচ্-বাংলা ব্যাংক ক্রেডিট কার্ডে অননুমোদিত ৭৫,০০০ টাকা চার্জ হয়েছে। বাতিল করতে দ্রুত http://dbbl-secure-payments.com এ লগইন করুন এবং OTP প্রদান করুন।",Bengali,1,2,"আপনার ডাচ্-বাংলা ব্যাংক ক্রেডিট কার্ডে অননুমোদিত ৭৫,০০০ টাকা চার্জ হয়েছে। বাতিল করতে দ্রুত http://dbbl-secure-payments.com এ লগইন করুন এবং OTP প্রদান করুন।","আপনার ডাচ্-বাংলা ব্যাংক ক্রেডিট কার্ডে অননুমোদিত ৭৫,০০০ টাকা চার্জ হয়েছে। বাতিল করতে দ্রুত http://dbbl-secure-payments.com এ লগইন করুন এবং OTP প্রদান করুন।",['http://dbbl-secure-payments.com'],1,1,31,31,0,1,2,2,0,0,0,0,"আপনার ডাচ্-বাংলা ব্যাংক ক্রেডিট কার্ডে অননুমোদিত ৭৫,০০০ টাকা চার্জ হয়েছে। বাতিল করতে দ্রুত  [URL]  এ লগইন করুন এবং OTP প্রদান করুন।",132,1,31,31,0,1,2,2,0,0,0,0,1,31,31,0,1,2,2,0,0,0,0
smish,আপনার রবি অ্যাকাউন্ট ব্লক করা হবে। পুনরায় চালু করতে robiverify24.net এ গিয়ে লগইন করুন।,Bengali,1,2,আপনার রবি অ্যাকাউন্ট ব্লক করা হবে। পুনরায় চালু করতে robiverify24.net এ গিয়ে লগইন করুন।,আপনার রবি অ্যাকাউন্ট ব্লক করা হবে। পুনরায় চালু করতে robiverify24.net এ গিয়ে লগইন করুন।,['robiverify24.net'],1,1,16,16,2,1,0,0,0,0,0,0,আপনার রবি অ্যাকাউন্ট ব্লক করা হবে। পুনরায় চালু করতে  [URL]  এ গিয়ে লগইন করুন।,79,1,16,16,2,1,0,0,0,0,0,0,1,16,16,2,1,0,0,0,0,0,0
promo,আজকেই শেষ ৳১০০ ক্যাশব্যাক! ৫০জিবি @৳৩৯৮ ৩০দিন: cutt.ly/hwltB5hC,Bengali,1,1,আজকেই শেষ ৳১০০ ক্যাশব্যাক! ৫০জিবি @৳৩৯৮ ৩০দিন: cutt.ly/hwltB5hC,আজকেই শেষ ৳১০০ ক্যাশব্যাক! ৫০জিবি @৳৩৯৮ ৩০দিন: cutt.ly/hwltB5hC,['cutt.ly/hwltB5hC'],1,1,16,16,1,1,0,1,0,0,0,1,আজকেই শেষ ৳১০০ ক্যাশব্যাক! ৫০জিবি @৳৩৯৮ ৩০দিন:  [URL] ,54,1,16,16,1,1,0,1,0,0,0,1,1,16,16,1,1,0,1,0,0,0,1
smish,আপনার bKash অ্যাকাউন্ট ব্লক হয়েছে। পুনরায় সক্রিয় করতে এখানে ক্লিক করুন: https://wa.me/8801719876543,Bengali,1,2,আপনার bKash অ্যাকাউন্ট ব্লক হয়েছে। পুনরায় সক্রিয় করতে এখানে ক্লিক করুন: https://wa.me/8801719876543,আপনার bKash অ্যাকাউন্ট ব্লক হয়েছে। পুনরায় সক্রিয় করতে এখানে ক্লিক করুন: https://wa.me/8801719876543,['https://wa.me/8801719876543'],1,1,27,27,13,1,0,3,1,0,0,0,আপনার bKash অ্যাকাউন্ট ব্লক হয়েছে। পুনরায় সক্রিয় করতে এখানে ক্লিক করুন:  [URL] ,82,1,27,27,13,1,0,3,1,0,0,0,1,27,27,13,1,0,3,1,0,0,0
promo,"ক্যামেরায় বিশেষ ছাড়! DSLR, অ্যাকশন ক্যামেরায় ৩৫% কমতি।",Bengali,0,1,"ক্যামেরায় বিশেষ ছাড়! DSLR, অ্যাকশন ক্যামেরায় ৩৫% কমতি।","ক্যামেরায় বিশেষ ছাড়! DSLR, অ্যাকশন ক্যামেরায় ৩৫% কমতি।",[],0,0,0,0,0,0,0,0,0,0,0,0,"ক্যামেরায় বিশেষ ছাড়! DSLR, অ্যাকশন ক্যামেরায় ৩৫% কমতি।",57,0,0,0,0,0,0,0,0,0,0,0,0,0,0,0,0,0,0,0,0,0,0
normal,আজ তোমার পাশে থাকতে পারি না। আমি আপনার পাশে রয়েছি।,Bengali,0,0,আজ তোমার পাশে থাকতে পারি না। আমি আপনার পাশে রয়েছি।,আজ তোমার পাশে থাকতে পারি না। আমি আপনার পাশে রয়েছি।,[],0,0,0,0,0,0,0,0,0,0,0,0,আজ তোমার পাশে থাকতে পারি না। আমি আপনার পাশে রয়েছি।,51,0,0,0,0,0,0,0,0,0,0,0,0,0,0,0,0,0,0,0,0,0,0
smish,"আপনার বিকাশ অ্যাকাউন্ট থেকে ৯,৮৫০ টাকা কেটে নেওয়া হয়েছে। ভুল হলে এখনই এই লিঙ্কে গিয়ে (bKash-refund.me) তথ্য দিন।",Bengali,1,2,"আপনার বিকাশ অ্যাকাউন্ট থেকে ৯,৮৫০ টাকা কেটে নেওয়া হয়েছে। ভুল হলে এখনই এই লিঙ্কে গিয়ে (bKash-refund.me) তথ্য দিন।","আপনার বিকাশ অ্যাকাউন্ট থেকে ৯,৮৫০ টাকা কেটে নেওয়া হয়েছে। ভুল হলে এখনই এই লিঙ্কে গিয়ে (bKash-refund.me) তথ্য দিন।",['bKash-refund.me'],1,1,15,15,0,1,1,0,0,0,0,0,"আপনার বিকাশ অ্যাকাউন্ট থেকে ৯,৮৫০ টাকা কেটে নেওয়া হয়েছে। ভুল হলে এখনই এই লিঙ্কে গিয়ে ( [URL] ) তথ্য দিন।",107,1,15,15,0,1,1,0,0,0,0,0,1,15,15,0,1,1,0,0,0,0,0
smish,"যেটা থেকে প্রতি কাজ করার পর আপনি ১২০০ টাকা পাবেন,,, এই জবটা করার জন্য আপনার একটা টাকা ইনভেস্ট করতে হবে না ফ্রি তে এই জব করতে পারবেন।",Bengali,0,2,"যেটা থেকে প্রতি কাজ করার পর আপনি ১২০০ টাকা পাবেন,,, এই জবটা করার জন্য আপনার একটা টাকা ইনভেস্ট করতে হবে না ফ্রি তে এই জব করতে পারবেন।","যেটা থেকে প্রতি কাজ করার পর আপনি ১২০০ টাকা পাবেন,,, এই জবটা করার জন্য আপনার একটা টাকা ইনভেস্ট করতে হবে না ফ্রি তে এই জব করতে পারবেন।",[],0,0,0,0,0,0,0,0,0,0,0,0,"যেটা থেকে প্রতি কাজ করার পর আপনি ১২০০ টাকা পাবেন,,, এই জবটা করার জন্য আপনার একটা টাকা ইনভেস্ট করতে হবে না ফ্রি তে এই জব করতে পারবেন।",132,0,0,0,0,0,0,0,0,0,0,0,0,0,0,0,0,0,0,0,0,0,0
promo,"মানবাধিকার দিবস-২০২৩
এবারের প্রতিপাদ্য “সবার জন্য স্বাধীনতা, সমতা এবং ন্যায়বিচার”। জাতীয় মানবাধিকার কমিশন।",Bengali,0,1,"মানবাধিকার দিবস-২০২৩
এবারের প্রতিপাদ্য “সবার জন্য স্বাধীনতা, সমতা এবং ন্যায়বিচার”। জাতীয় মানবাধিকার কমিশন।","মানবাধিকার দিবস-২০২৩ এবারের প্রতিপাদ্য ""সবার জন্য স্বাধীনতা, সমতা এবং ন্যায়বিচার""। জাতীয় মানবাধিকার কমিশন।",[],0,0,0,0,0,0,0,0,0,0,0,0,"মানবাধিকার দিবস-২০২৩ এবারের প্রতিপাদ্য ""সবার জন্য স্বাধীনতা, সমতা এবং ন্যায়বিচার""। জাতীয় মানবাধিকার কমিশন।",108,0,0,0,0,0,0,0,0,0,0,0,0,0,0,0,0,0,0,0,0,0,0
promo,"৮০মিনিট মাত্র ৫৯টাকা (৫দিন), নিতে ডায়াল করুন *১২১*৪২০৫#",Bengali,0,1,"৮০মিনিট মাত্র ৫৯টাকা (৫দিন), নিতে ডায়াল করুন *১২১*৪২০৫#","৮০মিনিট মাত্র ৫৯টাকা (৫দিন), নিতে ডায়াল করুন *১২১*৪২০৫#",[],0,0,0,0,0,0,0,0,0,0,0,0,"৮০মিনিট মাত্র ৫৯টাকা (৫দিন), নিতে ডায়াল করুন *১২১*৪২০৫#",56,0,0,0,0,0,0,0,0,0,0,0,0,0,0,0,0,0,0,0,0,0,0
promo,বোনাস সহ ৩জিবি-৬০টাকা-৩দিন। ডায়াল *১২১*৫৬৯৯# বা https://mygp.li/mo,Bengali,1,1,বোনাস সহ ৩জিবি-৬০টাকা-৩দিন। ডায়াল *১২১*৫৬৯৯# বা https://mygp.li/mo,বোনাস সহ ৩জিবি-৬০টাকা-৩দিন। ডায়াল *১২১*৫৬৯৯# বা https://mygp.li/mo,['https://mygp.li/mo'],1,1,18,18,0,1,0,3,1,0,0,0,বোনাস সহ ৩জিবি-৬০টাকা-৩দিন। ডায়াল *১২১*৫৬৯৯# বা  [URL] ,56,1,18,18,0,1,0,3,1,0,0,0,1,18,18,0,1,0,3,1,0,0,0
normal,তুমি কি কনসার্টে যাচ্ছো?,Bengali,0,0,তুমি কি কনসার্টে যাচ্ছো?,তুমি কি কনসার্টে যাচ্ছো?,[],0,0,0,0,0,0,0,0,0,0,0,0,তুমি কি কনসার্টে যাচ্ছো?,24,0,0,0,0,0,0,0,0,0,0,0,0,0,0,0,0,0,0,0,0,0,0
smish,"E-comerch Platform ( No Fee )
আমাদের কোম্পানিতে কাজ করে প্রতিদিন $10/$15 USDT আয় করতে চাইলে Inbox",Bengali,0,2,"E-comerch Platform ( No Fee )
আমাদের কোম্পানিতে কাজ করে প্রতিদিন $10/$15 USDT আয় করতে চাইলে Inbox",E-comerch Platform ( No Fee ) আমাদের কোম্পানিতে কাজ করে প্রতিদিন $10/$15 USDT আয় করতে চাইলে Inbox,[],0,0,0,0,0,0,0,0,0,0,0,0,E-comerch Platform ( No Fee ) আমাদের কোম্পানিতে কাজ করে প্রতিদিন $10/$15 USDT আয় করতে চাইলে Inbox,98,0,0,0,0,0,0,0,0,0,0,0,0,0,0,0,0,0,0,0,0,0,0
normal,"আব্দুল, কাল রাতে সিনেমা দেখতে যাবে নাকি? ‘হাওয়া’ চলছে স্টার সিনেপ্লেক্সে, টিকিট বুক করি?",Bengali,0,0,"আব্দুল, কাল রাতে সিনেমা দেখতে যাবে নাকি? ‘হাওয়া’ চলছে স্টার সিনেপ্লেক্সে, টিকিট বুক করি?","আব্দুল, কাল রাতে সিনেমা দেখতে যাবে নাকি? 'হাওয়া' চলছে স্টার সিনেপ্লেক্সে, টিকিট বুক করি?",[],0,0,0,0,0,0,0,0,0,0,0,0,"আব্দুল, কাল রাতে সিনেমা দেখতে যাবে নাকি? 'হাওয়া' চলছে স্টার সিনেপ্লেক্সে, টিকিট বুক করি?",89,0,0,0,0,0,0,0,0,0,0,0,0,0,0,0,0,0,0,0,0,0,0
promo,GP FlexiPlan-এ আজ সব ইন্টারনেট বান্ডেল ২০% ডিসকাউন্ট।,Bengali,0,1,GP FlexiPlan-এ আজ সব ইন্টারনেট বান্ডেল ২০% ডিসকাউন্ট।,GP FlexiPlan-এ আজ সব ইন্টারনেট বান্ডেল ২০% ডিসকাউন্ট।,[],0,0,0,0,0,0,0,0,0,0,0,0,GP FlexiPlan-এ আজ সব ইন্টারনেট বান্ডেল ২০% ডিসকাউন্ট।,53,0,0,0,0,0,0,0,0,0,0,0,0,0,0,0,0,0,0,0,0,0,0
smish,"আপনার সোনালী ব্যাংক অ্যাকাউন্টে সন্দেহজনক লেনদেন শনাক্ত হয়েছে। এখনই যাচাই করতে এই লিঙ্কে যান: http://secure-sonalibank-bd.com এবং আপনার OTP দিন, না হলে অ্যাকাউন্ট স্থগিত হবে।",Bengali,1,2,"আপনার সোনালী ব্যাংক অ্যাকাউন্টে সন্দেহজনক লেনদেন শনাক্ত হয়েছে। এখনই যাচাই করতে এই লিঙ্কে যান: http://secure-sonalibank-bd.com এবং আপনার OTP দিন, না হলে অ্যাকাউন্ট স্থগিত হবে।","আপনার সোনালী ব্যাংক অ্যাকাউন্টে সন্দেহজনক লেনদেন শনাক্ত হয়েছে। এখনই যাচাই করতে এই লিঙ্কে যান: http://secure-sonalibank-bd.com এবং আপনার OTP দিন, না হলে অ্যাকাউন্ট স্থগিত হবে।",['http://secure-sonalibank-bd.com'],1,1,31,31,0,1,2,2,0,0,0,0,"আপনার সোনালী ব্যাংক অ্যাকাউন্টে সন্দেহজনক লেনদেন শনাক্ত হয়েছে। এখনই যাচাই করতে এই লিঙ্কে যান:  [URL]  এবং আপনার OTP দিন, না হলে অ্যাকাউন্ট স্থগিত হবে।",151,1,31,31,0,1,2,2,0,0,0,0,1,31,31,0,1,2,2,0,0,0,0
normal,আজ বিকেলে পার্কে হাঁটতে গিয়েছিলাম। বাতাসে হাঁটা খুব আরামদায়ক ছিল।,Bengali,0,0,আজ বিকেলে পার্কে হাঁটতে গিয়েছিলাম। বাতাসে হাঁটা খুব আরামদায়ক ছিল।,আজ বিকেলে পার্কে হাঁটতে গিয়েছিলাম। বাতাসে হাঁটা খুব আরামদায়ক ছিল।,[],0,0,0,0,0,0,0,0,0,0,0,0,আজ বিকেলে পার্কে হাঁটতে গিয়েছিলাম। বাতাসে হাঁটা খুব আরামদায়ক ছিল।,67,0,0,0,0,0,0,0,0,0,0,0,0,0,0,0,0,0,0,0,0,0,0
smish,"ঘরে বসে অনেক ভাবে ইনকাম করা যায়। যেমন কেউ ইউটিউবে ভিডিও তৈরি করে কেউ ব্লক তৈরি করে কেউ রিভিউ দেয় ইত্যাদি করে ইনকাম করা যায়। যদি আপনি এগুলা করতে না পারেন আরো সহ্জ পদ্ধতিতে দিতে ইনকাম করতে পারেন। এই অ্যাপসটা থেকে আমি অনেক টাকা ইনকাম করেছি। মাত্র ৫০ টাকা হলেই টাকা বিকাশে উইড্রো করা যায়। ভালো লাগলে অন্যদের সাথেও শেয়ার করুন আর নিচের দেয়া লিংক থেকে অ্যাপসটি ডাউনলোড করে নিবেন।

বি: দ্রষ্টব্য: গেমটি ডাউনলোড হতে একটু সময় লাগে তাই ধৈর্য ধরে Download দিয়ে রাখুন।

Join MSL to play exciting games online and WIN real CASH daily. Download MSL APP Now

https://refer.mslgames.com/YfrcqEcoToos53HN7",Bengali,1,2,"ঘরে বসে অনেক ভাবে ইনকাম করা যায়। যেমন কেউ ইউটিউবে ভিডিও তৈরি করে কেউ ব্লক তৈরি করে কেউ রিভিউ দেয় ইত্যাদি করে ইনকাম করা যায়। যদি আপনি এগুলা করতে না পারেন আরো সহ্জ পদ্ধতিতে দিতে ইনকাম করতে পারেন। এই অ্যাপসটা থেকে আমি অনেক টাকা ইনকাম করেছি। মাত্র ৫০ টাকা হলেই টাকা বিকাশে উইড্রো করা যায়। ভালো লাগলে অন্যদের সাথেও শেয়ার করুন আর নিচের দেয়া লিংক থেকে অ্যাপসটি ডাউনলোড করে নিবেন।

বি: দ্রষ্টব্য: গেমটি ডাউনলোড হতে একটু সময় লাগে তাই ধৈর্য ধরে Download দিয়ে রাখুন।

Join MSL to play exciting games online and WIN real CASH daily. Download MSL APP Now

https://refer.mslgames.com/YfrcqEcoToos53HN7",ঘরে বসে অনেক ভাবে ইনকাম করা যায়। যেমন কেউ ইউটিউবে ভিডিও তৈরি করে কেউ ব্লক তৈরি করে কেউ রিভিউ দেয় ইত্যাদি করে ইনকাম করা যায়। যদি আপনি এগুলা করতে না পারেন আরো সহ্জ পদ্ধতিতে দিতে ইনকাম করতে পারেন। এই অ্যাপসটা থেকে আমি অনেক টাকা ইনকাম করেছি। মাত্র ৫০ টাকা হলেই টাকা বিকাশে উইড্রো করা যায়। ভালো লাগলে অন্যদের সাথেও শেয়ার করুন আর নিচের দেয়া লিংক থেকে অ্যাপসটি ডাউনলোড করে নিবেন। বি: দ্রষ্টব্য: গেমটি ডাউনলোড হতে একটু সময় লাগে তাই ধৈর্য ধরে Download দিয়ে রাখুন। Join MSL to play exciting games online and WIN real CASH daily. Download MSL APP Now https://refer.mslgames.com/YfrcqEcoToos53HN7,['https://refer.mslgames.com/YfrcqEcoToos53HN7'],1,1,44,44,3,2,0,3,1,0,0,0,ঘরে বসে অনেক ভাবে ইনকাম করা যায়। যেমন কেউ ইউটিউবে ভিডিও তৈরি করে কেউ ব্লক তৈরি করে কেউ রিভিউ দেয় ইত্যাদি করে ইনকাম করা যায়। যদি আপনি এগুলা করতে না পারেন আরো সহ্জ পদ্ধতিতে দিতে ইনকাম করতে পারেন। এই অ্যাপসটা থেকে আমি অনেক টাকা ইনকাম করেছি। মাত্র ৫০ টাকা হলেই টাকা বিকাশে উইড্রো করা যায়। ভালো লাগলে অন্যদের সাথেও শেয়ার করুন আর নিচের দেয়া লিংক থেকে অ্যাপসটি ডাউনলোড করে নিবেন। বি: দ্রষ্টব্য: গেমটি ডাউনলোড হতে একটু সময় লাগে তাই ধৈর্য ধরে Download দিয়ে রাখুন। Join MSL to play exciting games online and WIN real CASH daily. Download MSL APP Now  [URL] ,555,1,44,44,3,2,0,3,1,0,0,0,1,44,44,3,2,0,3,1,0,0,0
smish,বাংলাদেশ ব্যাংক অ্যাকাউন্ট আপডেট করতে এখানে ক্লিক করুন: https://wa.me/8801915566778,Bengali,1,2,বাংলাদেশ ব্যাংক অ্যাকাউন্ট আপডেট করতে এখানে ক্লিক করুন: https://wa.me/8801915566778,বাংলাদেশ ব্যাংক অ্যাকাউন্ট আপডেট করতে এখানে ক্লিক করুন: https://wa.me/8801915566778,['https://wa.me/8801915566778'],1,1,27,27,13,1,0,3,1,0,0,0,বাংলাদেশ ব্যাংক অ্যাকাউন্ট আপডেট করতে এখানে ক্লিক করুন:  [URL] ,63,1,27,27,13,1,0,3,1,0,0,0,1,27,27,13,1,0,3,1,0,0,0
normal,"বন্ধু, তোমার নতুন চাকরি কেমন লাগছে? বস ভালো তো?",Bengali,0,0,"বন্ধু, তোমার নতুন চাকরি কেমন লাগছে? বস ভালো তো?","বন্ধু, তোমার নতুন চাকরি কেমন লাগছে? বস ভালো তো?",[],0,0,0,0,0,0,0,0,0,0,0,0,"বন্ধু, তোমার নতুন চাকরি কেমন লাগছে? বস ভালো তো?",47,0,0,0,0,0,0,0,0,0,0,0,0,0,0,0,0,0,0,0,0,0,0
normal,"ভাই, তোমার গাড়ি ধার দিবে? আমার জরুরি কাজ আছে।",Bengali,0,0,"ভাই, তোমার গাড়ি ধার দিবে? আমার জরুরি কাজ আছে।","ভাই, তোমার গাড়ি ধার দিবে? আমার জরুরি কাজ আছে।",[],0,0,0,0,0,0,0,0,0,0,0,0,"ভাই, তোমার গাড়ি ধার দিবে? আমার জরুরি কাজ আছে।",46,0,0,0,0,0,0,0,0,0,0,0,0,0,0,0,0,0,0,0,0,0,0
promo,সব ডিভিডিতে ১০% ছাড়। অফারটি সীমিত সময়ের জন্য।,Bengali,0,1,সব ডিভিডিতে ১০% ছাড়। অফারটি সীমিত সময়ের জন্য।,সব ডিভিডিতে ১০% ছাড়। অফারটি সীমিত সময়ের জন্য।,[],0,0,0,0,0,0,0,0,0,0,0,0,সব ডিভিডিতে ১০% ছাড়। অফারটি সীমিত সময়ের জন্য।,47,0,0,0,0,0,0,0,0,0,0,0,0,0,0,0,0,0,0,0,0,0,0
promo,১ ডিলেই সপ্তাহের সব ইন্টারনেটিং- নাও ১০জিবি@৳১৫৮: cutt.ly/FwUC6vhp,Bengali,1,1,১ ডিলেই সপ্তাহের সব ইন্টারনেটিং- নাও ১০জিবি@৳১৫৮: cutt.ly/FwUC6vhp,১ ডিলেই সপ্তাহের সব ইন্টারনেটিং- নাও ১০জিবি@৳১৫৮: cutt.ly/FwUC6vhp,['cutt.ly/FwUC6vhp'],1,1,16,16,1,1,0,1,0,0,0,1,১ ডিলেই সপ্তাহের সব ইন্টারনেটিং- নাও ১০জিবি@৳১৫৮:  [URL] ,57,1,16,16,1,1,0,1,0,0,0,1,1,16,16,1,1,0,1,0,0,0,1
normal,আজকে দুপুরে মোবাইলের চার্জ শেষ হয়ে গিয়েছিলো। একেবারে অফলাইনে ছিলাম।,Bengali,0,0,আজকে দুপুরে মোবাইলের চার্জ শেষ হয়ে গিয়েছিলো। একেবারে অফলাইনে ছিলাম।,আজকে দুপুরে মোবাইলের চার্জ শেষ হয়ে গিয়েছিলো। একেবারে অফলাইনে ছিলাম।,[],0,0,0,0,0,0,0,0,0,0,0,0,আজকে দুপুরে মোবাইলের চার্জ শেষ হয়ে গিয়েছিলো। একেবারে অফলাইনে ছিলাম।,69,0,0,0,0,0,0,0,0,0,0,0,0,0,0,0,0,0,0,0,0,0,0
promo,"অনূর্ধ্ব ১৮ বছর বয়সী বাংলাদেশী শিশু-কিশোর এবং সংশ্লিষ্ট প্রতিষ্ঠানসমূহ হতে ‘শেখ রাসেল পদক’ এর আবেদনপত্র অনলাইনে আহবান করা যাচ্ছে। আবেদনের শেষ সময় ২০ মে, ২০২৩। বিস্তারিতঃ www.award.sheikhrussel.gov.bd",Bengali,1,1,"অনূর্ধ্ব ১৮ বছর বয়সী বাংলাদেশী শিশু-কিশোর এবং সংশ্লিষ্ট প্রতিষ্ঠানসমূহ হতে ‘শেখ রাসেল পদক’ এর আবেদনপত্র অনলাইনে আহবান করা যাচ্ছে। আবেদনের শেষ সময় ২০ মে, ২০২৩। বিস্তারিতঃ www.award.sheikhrussel.gov.bd","অনূর্ধ্ব ১৮ বছর বয়সী বাংলাদেশী শিশু-কিশোর এবং সংশ্লিষ্ট প্রতিষ্ঠানসমূহ হতে 'শেখ রাসেল পদক' এর আবেদনপত্র অনলাইনে আহবান করা যাচ্ছে। আবেদনের শেষ সময় ২০ মে, ২০২৩। বিস্তারিতঃ www.award.sheikhrussel.gov.bd","['www.', 'award.sheikhrussel.gov.bd']",2,2,29,25,0,4,0,0,0,0,0,0,"অনূর্ধ্ব ১৮ বছর বয়সী বাংলাদেশী শিশু-কিশোর এবং সংশ্লিষ্ট প্রতিষ্ঠানসমূহ হতে 'শেখ রাসেল পদক' এর আবেদনপত্র অনলাইনে আহবান করা যাচ্ছে। আবেদনের শেষ সময় ২০ মে, ২০২৩। বিস্তারিতঃ  [URL]  [URL] ",186,2,29,25,0,4,0,0,0,0,0,0,2,29,25,0,4,0,0,0,0,0,0
promo,“১৬১২২ নম্বরে কল করে অথবা land.gov.bd ভিজিট করে ঘরে বসেই ভূমিসেবা গ্রহণ করুন।’’-ভূমি মন্ত্রণালয়।,Bengali,1,1,“১৬১২২ নম্বরে কল করে অথবা land.gov.bd ভিজিট করে ঘরে বসেই ভূমিসেবা গ্রহণ করুন।’’-ভূমি মন্ত্রণালয়।,"""১৬১২২ নম্বরে কল করে অথবা land.gov.bd ভিজিট করে ঘরে বসেই ভূমিসেবা গ্রহণ করুন।''-ভূমি মন্ত্রণালয়।",['land.gov.bd'],1,1,11,11,0,2,0,0,0,0,0,0,"""১৬১২২ নম্বরে কল করে অথবা  [URL]  ভিজিট করে ঘরে বসেই ভূমিসেবা গ্রহণ করুন।''-ভূমি মন্ত্রণালয়।",93,1,11,11,0,2,0,0,0,0,0,0,1,11,11,0,2,0,0,0,0,0,0
normal,আজ বিকেলে বন্ধুদের সঙ্গে চা খেয়েছি। অনেকদিন পর আড্ডা দিলাম।,Bengali,0,0,আজ বিকেলে বন্ধুদের সঙ্গে চা খেয়েছি। অনেকদিন পর আড্ডা দিলাম।,আজ বিকেলে বন্ধুদের সঙ্গে চা খেয়েছি। অনেকদিন পর আড্ডা দিলাম।,[],0,0,0,0,0,0,0,0,0,0,0,0,আজ বিকেলে বন্ধুদের সঙ্গে চা খেয়েছি। অনেকদিন পর আড্ডা দিলাম।,60,0,0,0,0,0,0,0,0,0,0,0,0,0,0,0,0,0,0,0,0,0,0
normal,তুমি কি ট্রেনে যাচ্ছো?,Bengali,0,0,তুমি কি ট্রেনে যাচ্ছো?,তুমি কি ট্রেনে যাচ্ছো?,[],0,0,0,0,0,0,0,0,0,0,0,0,তুমি কি ট্রেনে যাচ্ছো?,22,0,0,0,0,0,0,0,0,0,0,0,0,0,0,0,0,0,0,0,0,0,0
smish,GP App লগইন ব্যর্থ হয়েছে। এখনই gp-appresetbd.org এ লগইন করে পাসওয়ার্ড রিসেট করুন। না হলে ২৪ ঘণ্টার মধ্যে অ্যাকাউন্ট সাসপেন্ড হবে।,Bengali,1,2,GP App লগইন ব্যর্থ হয়েছে। এখনই gp-appresetbd.org এ লগইন করে পাসওয়ার্ড রিসেট করুন। না হলে ২৪ ঘণ্টার মধ্যে অ্যাকাউন্ট সাসপেন্ড হবে।,GP App লগইন ব্যর্থ হয়েছে। এখনই gp-appresetbd.org এ লগইন করে পাসওয়ার্ড রিসেট করুন। না হলে ২৪ ঘণ্টার মধ্যে অ্যাকাউন্ট সাসপেন্ড হবে।,['gp-appresetbd.org'],1,1,17,17,0,1,1,0,0,0,0,0,GP App লগইন ব্যর্থ হয়েছে। এখনই  [URL]  এ লগইন করে পাসওয়ার্ড রিসেট করুন। না হলে ২৪ ঘণ্টার মধ্যে অ্যাকাউন্ট সাসপেন্ড হবে।,121,1,17,17,0,1,1,0,0,0,0,0,1,17,17,0,1,1,0,0,0,0,0
promo,দারাজে মেগা সেল! সকল পণ্যে ৫০% পর্যন্ত ছাড়। আজই কিনুন!,Bengali,0,1,দারাজে মেগা সেল! সকল পণ্যে ৫০% পর্যন্ত ছাড়। আজই কিনুন!,দারাজে মেগা সেল! সকল পণ্যে ৫০% পর্যন্ত ছাড়। আজই কিনুন!,[],0,0,0,0,0,0,0,0,0,0,0,0,দারাজে মেগা সেল! সকল পণ্যে ৫০% পর্যন্ত ছাড়। আজই কিনুন!,55,0,0,0,0,0,0,0,0,0,0,0,0,0,0,0,0,0,0,0,0,0,0
smish,"প্রিয় গ্রাহক, আপনি বাংলাদেশ লটারি থেকে ৫ লক্ষ টাকা জিতেছেন! দাবি করতে এখনই passport কপি এবং মোবাইল নম্বর পাঠান bdlottery@cashwin.org এ।",Bengali,1,2,"প্রিয় গ্রাহক, আপনি বাংলাদেশ লটারি থেকে ৫ লক্ষ টাকা জিতেছেন! দাবি করতে এখনই passport কপি এবং মোবাইল নম্বর পাঠান bdlottery@cashwin.org এ।","প্রিয় গ্রাহক, আপনি বাংলাদেশ লটারি থেকে ৫ লক্ষ টাকা জিতেছেন! দাবি করতে এখনই passport কপি এবং মোবাইল নম্বর পাঠান bdlottery@cashwin.org এ।",['cashwin.org'],1,1,11,11,0,1,0,0,0,0,0,0,"প্রিয় গ্রাহক, আপনি বাংলাদেশ লটারি থেকে ৫ লক্ষ টাকা জিতেছেন! দাবি করতে এখনই passport কপি এবং মোবাইল নম্বর পাঠান bdlottery@ [URL]  এ।",132,1,11,11,0,1,0,0,0,0,0,0,1,11,11,0,1,0,0,0,0,0,0
smish,"প্রিয় ব্যবহারকারী, আপনি একটি বিনামূল্যের কনসার্টের টিকিট জিতেছেন। এই বার্তায় 'CONCERT' উত্তর দিন।",Bengali,0,2,"প্রিয় ব্যবহারকারী, আপনি একটি বিনামূল্যের কনসার্টের টিকিট জিতেছেন। এই বার্তায় 'CONCERT' উত্তর দিন।","প্রিয় ব্যবহারকারী, আপনি একটি বিনামূল্যের কনসার্টের টিকিট জিতেছেন। এই বার্তায় 'CONCERT' উত্তর দিন।",[],0,0,0,0,0,0,0,0,0,0,0,0,"প্রিয় ব্যবহারকারী, আপনি একটি বিনামূল্যের কনসার্টের টিকিট জিতেছেন। এই বার্তায় 'CONCERT' উত্তর দিন।",99,0,0,0,0,0,0,0,0,0,0,0,0,0,0,0,0,0,0,0,0,0,0
smish,বাংলাদেশ ব্যাংক থেকে গুরুত্বপূর্ণ বার্তা। বিস্তারিত জানতে এখানে ক্লিক করুন: https://wa.me/8801914344356,Bengali,1,2,বাংলাদেশ ব্যাংক থেকে গুরুত্বপূর্ণ বার্তা। বিস্তারিত জানতে এখানে ক্লিক করুন: https://wa.me/8801914344356,বাংলাদেশ ব্যাংক থেকে গুরুত্বপূর্ণ বার্তা। বিস্তারিত জানতে এখানে ক্লিক করুন: https://wa.me/8801914344356,['https://wa.me/8801914344356'],1,1,27,27,13,1,0,3,1,0,0,0,বাংলাদেশ ব্যাংক থেকে গুরুত্বপূর্ণ বার্তা। বিস্তারিত জানতে এখানে ক্লিক করুন:  [URL] ,83,1,27,27,13,1,0,3,1,0,0,0,1,27,27,13,1,0,3,1,0,0,0
smish,"এখনই খেলুন এবং জিতে নিন ১০টি Xiaomi স্মার্টফোন! দ্রুত করুন, ক্লিক: https://cutt.ly/CeoPN2O8",Bengali,1,2,"এখনই খেলুন এবং জিতে নিন ১০টি Xiaomi স্মার্টফোন! দ্রুত করুন, ক্লিক: https://cutt.ly/CeoPN2O8","এখনই খেলুন এবং জিতে নিন ১০টি Xiaomi স্মার্টফোন! দ্রুত করুন, ক্লিক: https://cutt.ly/CeoPN2O8",['https://cutt.ly/CeoPN2O8'],1,1,24,24,2,1,0,3,1,0,0,1,"এখনই খেলুন এবং জিতে নিন ১০টি Xiaomi স্মার্টফোন! দ্রুত করুন, ক্লিক:  [URL] ",74,1,24,24,2,1,0,3,1,0,0,1,1,24,24,2,1,0,3,1,0,0,1
normal,"তুমি কি কালকে ফ্রি আছো? একসাথে নিউ মার্কেট ঘুরতে যাই, কয়েকটা বই কিনতে চাই।",Bengali,0,0,"তুমি কি কালকে ফ্রি আছো? একসাথে নিউ মার্কেট ঘুরতে যাই, কয়েকটা বই কিনতে চাই।","তুমি কি কালকে ফ্রি আছো? একসাথে নিউ মার্কেট ঘুরতে যাই, কয়েকটা বই কিনতে চাই।",[],0,0,0,0,0,0,0,0,0,0,0,0,"তুমি কি কালকে ফ্রি আছো? একসাথে নিউ মার্কেট ঘুরতে যাই, কয়েকটা বই কিনতে চাই।",75,0,0,0,0,0,0,0,0,0,0,0,0,0,0,0,0,0,0,0,0,0,0
smish,"যুক্তরাজ্যে নিবন্ধিত নার্স হিসাবে একটি ক্যারিয়ার তৈরি করুন , মাসিক মিনিমাম সহ 2 বছরের কাজের ভিসা। প্রারম্ভিক বেতন ৩ লাখ টাকা বিএসবি,ঢাকা Please Contact Us: 01332518402 , 01332518406",Bengali,0,2,"যুক্তরাজ্যে নিবন্ধিত নার্স হিসাবে একটি ক্যারিয়ার তৈরি করুন , মাসিক মিনিমাম সহ 2 বছরের কাজের ভিসা। প্রারম্ভিক বেতন ৩ লাখ টাকা বিএসবি,ঢাকা Please Contact Us: 01332518402 , 01332518406","যুক্তরাজ্যে নিবন্ধিত নার্স হিসাবে একটি ক্যারিয়ার তৈরি করুন , মাসিক মিনিমাম সহ 2 বছরের কাজের ভিসা। প্রারম্ভিক বেতন ৩ লাখ টাকা বিএসবি,ঢাকা Please Contact Us: 01332518402 , 01332518406",[],0,0,0,0,0,0,0,0,0,0,0,0,"যুক্তরাজ্যে নিবন্ধিত নার্স হিসাবে একটি ক্যারিয়ার তৈরি করুন , মাসিক মিনিমাম সহ 2 বছরের কাজের ভিসা। প্রারম্ভিক বেতন ৩ লাখ টাকা বিএসবি,ঢাকা Please Contact Us: 01332518402 , 01332518406",182,0,0,0,0,0,0,0,0,0,0,0,0,0,0,0,0,0,0,0,0,0,0
smish,"গ্রামীণফোন গ্রাহক, আপনার সিম বন্ধ হয়ে যাবে যদি NID যাচাই না করেন। ভিজিট করুন: gpupdate-bd.org।",Bengali,1,2,"গ্রামীণফোন গ্রাহক, আপনার সিম বন্ধ হয়ে যাবে যদি NID যাচাই না করেন। ভিজিট করুন: gpupdate-bd.org।","গ্রামীণফোন গ্রাহক, আপনার সিম বন্ধ হয়ে যাবে যদি NID যাচাই না করেন। ভিজিট করুন: gpupdate-bd.org।",['gpupdate-bd.org'],1,1,15,15,0,1,1,0,0,0,0,0,"গ্রামীণফোন গ্রাহক, আপনার সিম বন্ধ হয়ে যাবে যদি NID যাচাই না করেন। ভিজিট করুন:  [URL] ।",87,1,15,15,0,1,1,0,0,0,0,0,1,15,15,0,1,1,0,0,0,0,0
normal,তোমার ভাইবোন কেমন আছে?,Bengali,0,0,তোমার ভাইবোন কেমন আছে?,তোমার ভাইবোন কেমন আছে?,[],0,0,0,0,0,0,0,0,0,0,0,0,তোমার ভাইবোন কেমন আছে?,22,0,0,0,0,0,0,0,0,0,0,0,0,0,0,0,0,0,0,0,0,0,0
smish,বিপিএলে বাজি ধরুন এবং ৭ দিনের জন্য একটি ফ্রি ছুটি জিতুন। শুরু করুন: super1000.info/docs,Bengali,1,2,বিপিএলে বাজি ধরুন এবং ৭ দিনের জন্য একটি ফ্রি ছুটি জিতুন। শুরু করুন: super1000.info/docs,বিপিএলে বাজি ধরুন এবং ৭ দিনের জন্য একটি ফ্রি ছুটি জিতুন। শুরু করুন: super1000.info/docs,['super1000.info/docs'],1,1,19,19,4,1,0,1,0,0,0,0,বিপিএলে বাজি ধরুন এবং ৭ দিনের জন্য একটি ফ্রি ছুটি জিতুন। শুরু করুন:  [URL] ,75,1,19,19,4,1,0,1,0,0,0,0,1,19,19,4,1,0,1,0,0,0,0
normal,শুভ ভালোবাসা দিবস!,Bengali,0,0,শুভ ভালোবাসা দিবস!,শুভ ভালোবাসা দিবস!,[],0,0,0,0,0,0,0,0,0,0,0,0,শুভ ভালোবাসা দিবস!,18,0,0,0,0,0,0,0,0,0,0,0,0,0,0,0,0,0,0,0,0,0,0
promo,হোম ক্লিনিং সার্ভিস! প্রথম সার্ভিসে ৫০% ছাড়। বুকিং দিন।,Bengali,0,1,হোম ক্লিনিং সার্ভিস! প্রথম সার্ভিসে ৫০% ছাড়। বুকিং দিন।,হোম ক্লিনিং সার্ভিস! প্রথম সার্ভিসে ৫০% ছাড়। বুকিং দিন।,[],0,0,0,0,0,0,0,0,0,0,0,0,হোম ক্লিনিং সার্ভিস! প্রথম সার্ভিসে ৫০% ছাড়। বুকিং দিন।,56,0,0,0,0,0,0,0,0,0,0,0,0,0,0,0,0,0,0,0,0,0,0
normal,০১৭৩৮২৭৩৮২৮ এই নাম্বারে জরুরি টাকা পাঠান।,Bengali,0,0,০১৭৩৮২৭৩৮২৮ এই নাম্বারে জরুরি টাকা পাঠান।,০১৭৩৮২৭৩৮২৮ এই নাম্বারে জরুরি টাকা পাঠান।,[],0,0,0,0,0,0,0,0,0,0,0,0,০১৭৩৮২৭৩৮২৮ এই নাম্বারে জরুরি টাকা পাঠান।,41,0,0,0,0,0,0,0,0,0,0,0,0,0,0,0,0,0,0,0,0,0,0
normal,ভাইয়া ভর্তির জন্য কি বাবার আয়ের সনদ দিতেই হয়??  বলবেন একটু,Bengali,0,0,ভাইয়া ভর্তির জন্য কি বাবার আয়ের সনদ দিতেই হয়??  বলবেন একটু,ভাইয়া ভর্তির জন্য কি বাবার আয়ের সনদ দিতেই হয়?? বলবেন একটু,[],0,0,0,0,0,0,0,0,0,0,0,0,ভাইয়া ভর্তির জন্য কি বাবার আয়ের সনদ দিতেই হয়?? বলবেন একটু,60,0,0,0,0,0,0,0,0,0,0,0,0,0,0,0,0,0,0,0,0,0,0
smish,শাকিব আল হাসানের সাথে একান্ত সাক্ষাতকারের সুযোগ পেতে বেটিং করুন। এখনই ক্লিক করুন: ebayisapidlld.altervista.org/,Bengali,1,2,শাকিব আল হাসানের সাথে একান্ত সাক্ষাতকারের সুযোগ পেতে বেটিং করুন। এখনই ক্লিক করুন: ebayisapidlld.altervista.org/,শাকিব আল হাসানের সাথে একান্ত সাক্ষাতকারের সুযোগ পেতে বেটিং করুন। এখনই ক্লিক করুন: ebayisapidlld.altervista.org/,['ebayisapidlld.altervista.org/'],1,1,29,29,0,2,0,1,0,0,0,0,শাকিব আল হাসানের সাথে একান্ত সাক্ষাতকারের সুযোগ পেতে বেটিং করুন। এখনই ক্লিক করুন:  [URL] ,89,1,29,29,0,2,0,1,0,0,0,0,1,29,29,0,2,0,1,0,0,0,0
promo,"বাংলাদেশ নৌবাহিনীতে সরাসরি কমিশন্ড অফিসার পদে নিয়োগ চলছে। 
ভিজিট করুনঃ www.joinnavy.navy.mil.bd",Bengali,1,1,"বাংলাদেশ নৌবাহিনীতে সরাসরি কমিশন্ড অফিসার পদে নিয়োগ চলছে। 
ভিজিট করুনঃ www.joinnavy.navy.mil.bd",বাংলাদেশ নৌবাহিনীতে সরাসরি কমিশন্ড অফিসার পদে নিয়োগ চলছে। ভিজিট করুনঃ www.joinnavy.navy.mil.bd,"['www.', 'joinnavy.navy.mil.bd']",2,2,24,20,0,4,0,0,0,0,0,0,বাংলাদেশ নৌবাহিনীতে সরাসরি কমিশন্ড অফিসার পদে নিয়োগ চলছে। ভিজিট করুনঃ  [URL]  [URL] ,85,2,24,20,0,4,0,0,0,0,0,0,2,24,20,0,4,0,0,0,0,0,0
normal,পাখিরা গাছে খুব সুন্দর গান গায়।,Bengali,0,0,পাখিরা গাছে খুব সুন্দর গান গায়।,পাখিরা গাছে খুব সুন্দর গান গায়।,[],0,0,0,0,0,0,0,0,0,0,0,0,পাখিরা গাছে খুব সুন্দর গান গায়।,32,0,0,0,0,0,0,0,0,0,0,0,0,0,0,0,0,0,0,0,0,0,0
promo,মাত্র ৯৭৳ ৩০দিন বিশ্বকাপ ক্রিকেট + ১জিবি ডাটা নিতে: cutt.ly/YwmtpRRj,Bengali,1,1,মাত্র ৯৭৳ ৩০দিন বিশ্বকাপ ক্রিকেট + ১জিবি ডাটা নিতে: cutt.ly/YwmtpRRj,মাত্র ৯৭৳ ৩০দিন বিশ্বকাপ ক্রিকেট + ১জিবি ডাটা নিতে: cutt.ly/YwmtpRRj,['cutt.ly/YwmtpRRj'],1,1,16,16,0,1,0,1,0,0,0,1,মাত্র ৯৭৳ ৩০দিন বিশ্বকাপ ক্রিকেট + ১জিবি ডাটা নিতে:  [URL] ,59,1,16,16,0,1,0,1,0,0,0,1,1,16,16,0,1,0,1,0,0,0,1
promo,"হ্যাপি নিউ ইয়ার - ২০২৪
স্মার্ট ব্যাংকিং সেবায় সোনালী ব্যাংক
সর্বদাই আপনার পাশে
মোঃ আফজাল করিম
সিইও এন্ড এমডি",Bengali,0,1,"হ্যাপি নিউ ইয়ার - ২০২৪
স্মার্ট ব্যাংকিং সেবায় সোনালী ব্যাংক
সর্বদাই আপনার পাশে
মোঃ আফজাল করিম
সিইও এন্ড এমডি",হ্যাপি নিউ ইয়ার - ২০২৪ স্মার্ট ব্যাংকিং সেবায় সোনালী ব্যাংক সর্বদাই আপনার পাশে মোঃ আফজাল করিম সিইও এন্ড এমডি,[],0,0,0,0,0,0,0,0,0,0,0,0,হ্যাপি নিউ ইয়ার - ২০২৪ স্মার্ট ব্যাংকিং সেবায় সোনালী ব্যাংক সর্বদাই আপনার পাশে মোঃ আফজাল করিম সিইও এন্ড এমডি,110,0,0,0,0,0,0,0,0,0,0,0,0,0,0,0,0,0,0,0,0,0,0
smish,অভিনন্দন! আপনি ডাচ বাংলা ব্যাংক উপবৃত্তির জন্য নির্বাচিত হয়েছেন। সঠিকভাবে নিশ্চায়ন এবং টাকাও উত্তোলনের নিয়ম জানতে নিচের লিংকে ক্লিক করুন।,Bengali,0,2,অভিনন্দন! আপনি ডাচ বাংলা ব্যাংক উপবৃত্তির জন্য নির্বাচিত হয়েছেন। সঠিকভাবে নিশ্চায়ন এবং টাকাও উত্তোলনের নিয়ম জানতে নিচের লিংকে ক্লিক করুন।,অভিনন্দন! আপনি ডাচ বাংলা ব্যাংক উপবৃত্তির জন্য নির্বাচিত হয়েছেন। সঠিকভাবে নিশ্চায়ন এবং টাকাও উত্তোলনের নিয়ম জানতে নিচের লিংকে ক্লিক করুন।,[],0,0,0,0,0,0,0,0,0,0,0,0,অভিনন্দন! আপনি ডাচ বাংলা ব্যাংক উপবৃত্তির জন্য নির্বাচিত হয়েছেন। সঠিকভাবে নিশ্চায়ন এবং টাকাও উত্তোলনের নিয়ম জানতে নিচের লিংকে ক্লিক করুন।,140,0,0,0,0,0,0,0,0,0,0,0,0,0,0,0,0,0,0,0,0,0,0
normal,আজ কি সিনেমা দেখবে?,Bengali,0,0,আজ কি সিনেমা দেখবে?,আজ কি সিনেমা দেখবে?,[],0,0,0,0,0,0,0,0,0,0,0,0,আজ কি সিনেমা দেখবে?,19,0,0,0,0,0,0,0,0,0,0,0,0,0,0,0,0,0,0,0,0,0,0
normal,মিঠু ভাইয়ের নাম্বারে টাকা দিয়ে তারপর আসিস।,Bengali,0,0,মিঠু ভাইয়ের নাম্বারে টাকা দিয়ে তারপর আসিস।,মিঠু ভাইয়ের নাম্বারে টাকা দিয়ে তারপর আসিস।,[],0,0,0,0,0,0,0,0,0,0,0,0,মিঠু ভাইয়ের নাম্বারে টাকা দিয়ে তারপর আসিস।,44,0,0,0,0,0,0,0,0,0,0,0,0,0,0,0,0,0,0,0,0,0,0
normal,০১৮২৭৩৮২৭৩৯ এই নাম্বারে দ্রুত টাকা পাঠাও।,Bengali,0,0,০১৮২৭৩৮২৭৩৯ এই নাম্বারে দ্রুত টাকা পাঠাও।,০১৮২৭৩৮২৭৩৯ এই নাম্বারে দ্রুত টাকা পাঠাও।,[],0,0,0,0,0,0,0,0,0,0,0,0,০১৮২৭৩৮২৭৩৯ এই নাম্বারে দ্রুত টাকা পাঠাও।,41,0,0,0,0,0,0,0,0,0,0,0,0,0,0,0,0,0,0,0,0,0,0
normal,সকালে বাসে ভিড় লাগছে।,Bengali,0,0,সকালে বাসে ভিড় লাগছে।,সকালে বাসে ভিড় লাগছে।,[],0,0,0,0,0,0,0,0,0,0,0,0,সকালে বাসে ভিড় লাগছে।,22,0,0,0,0,0,0,0,0,0,0,0,0,0,0,0,0,0,0,0,0,0,0
smish,সোনালী ব্যাংক ইন্টারনেট ব্যাংকিং সাসপেন্ড হয়েছে। sonali-ibverify24.org এ যান এবং ডিটেইলস দিন।,Bengali,1,2,সোনালী ব্যাংক ইন্টারনেট ব্যাংকিং সাসপেন্ড হয়েছে। sonali-ibverify24.org এ যান এবং ডিটেইলস দিন।,সোনালী ব্যাংক ইন্টারনেট ব্যাংকিং সাসপেন্ড হয়েছে। sonali-ibverify24.org এ যান এবং ডিটেইলস দিন।,['sonali-ibverify24.org'],1,1,21,21,2,1,1,0,0,0,0,0,সোনালী ব্যাংক ইন্টারনেট ব্যাংকিং সাসপেন্ড হয়েছে।  [URL]  এ যান এবং ডিটেইলস দিন।,80,1,21,21,2,1,1,0,0,0,0,0,1,21,21,2,1,1,0,0,0,0,0
smish,আপনার পরিচয় নিশ্চিত করতে হবে। এখানে ক্লিক করুন: [identityverify.com/VerifyBD],Bengali,1,2,আপনার পরিচয় নিশ্চিত করতে হবে। এখানে ক্লিক করুন: [identityverify.com/VerifyBD],আপনার পরিচয় নিশ্চিত করতে হবে। এখানে ক্লিক করুন: [identityverify.com/VerifyBD],['identityverify.com/VerifyBD'],1,1,27,27,0,1,0,1,0,0,0,0,আপনার পরিচয় নিশ্চিত করতে হবে। এখানে ক্লিক করুন: [ [URL] ],58,1,27,27,0,1,0,1,0,0,0,0,1,27,27,0,1,0,1,0,0,0,0
promo,"ফুলঅন আড্ডা+ইন্টারনেটিং করতে ৬১জিবি+১০০০মি@৳৮৯৯,৩০দিন cutt.ly/LwEXIUPL",Bengali,1,1,"ফুলঅন আড্ডা+ইন্টারনেটিং করতে ৬১জিবি+১০০০মি@৳৮৯৯,৩০দিন cutt.ly/LwEXIUPL","ফুলঅন আড্ডা+ইন্টারনেটিং করতে ৬১জিবি+১০০০মি@৳৮৯৯,৩০দিন cutt.ly/LwEXIUPL",['cutt.ly/LwEXIUPL'],1,1,16,16,0,1,0,1,0,0,0,1,"ফুলঅন আড্ডা+ইন্টারনেটিং করতে ৬১জিবি+১০০০মি@৳৮৯৯,৩০দিন  [URL] ",61,1,16,16,0,1,0,1,0,0,0,1,1,16,16,0,1,0,1,0,0,0,1
smish,জনতা ব্যাংক অ্যাকাউন্ট ব্লক হয়েছে। পুনরায় চালু করতে এখানে ক্লিক করুন: https://t.me/JanataActivateBot,Bengali,1,2,জনতা ব্যাংক অ্যাকাউন্ট ব্লক হয়েছে। পুনরায় চালু করতে এখানে ক্লিক করুন: https://t.me/JanataActivateBot,জনতা ব্যাংক অ্যাকাউন্ট ব্লক হয়েছে। পুনরায় চালু করতে এখানে ক্লিক করুন: https://t.me/JanataActivateBot,['https://t.me/JanataActivateBot'],1,1,30,30,0,1,0,3,1,0,0,0,জনতা ব্যাংক অ্যাকাউন্ট ব্লক হয়েছে। পুনরায় চালু করতে এখানে ক্লিক করুন:  [URL] ,79,1,30,30,0,1,0,3,1,0,0,0,1,30,30,0,1,0,3,1,0,0,0
normal,"০১৮৭৩৮২৭৩৮৪ এই নাম্বারে কল করুন, জরুরি।",Bengali,0,0,"০১৮৭৩৮২৭৩৮৪ এই নাম্বারে কল করুন, জরুরি।","০১৮৭৩৮২৭৩৮৪ এই নাম্বারে কল করুন, জরুরি।",[],0,0,0,0,0,0,0,0,0,0,0,0,"০১৮৭৩৮২৭৩৮৪ এই নাম্বারে কল করুন, জরুরি।",39,0,0,0,0,0,0,0,0,0,0,0,0,0,0,0,0,0,0,0,0,0,0
promo,Pathao Food-এ এই সপ্তাহে সব অর্ডারে ফ্রি ডেলিভারি। এখনই অর্ডার করুন।,Bengali,0,1,Pathao Food-এ এই সপ্তাহে সব অর্ডারে ফ্রি ডেলিভারি। এখনই অর্ডার করুন।,Pathao Food-এ এই সপ্তাহে সব অর্ডারে ফ্রি ডেলিভারি। এখনই অর্ডার করুন।,[],0,0,0,0,0,0,0,0,0,0,0,0,Pathao Food-এ এই সপ্তাহে সব অর্ডারে ফ্রি ডেলিভারি। এখনই অর্ডার করুন।,68,0,0,0,0,0,0,0,0,0,0,0,0,0,0,0,0,0,0,0,0,0,0
promo,৩০জিবি (বোনাস সহ) ৩০০টাকা ৩০দিন। ডায়াল *১২১*৫২৫৪# বা mygp.li/mo,Bengali,1,1,৩০জিবি (বোনাস সহ) ৩০০টাকা ৩০দিন। ডায়াল *১২১*৫২৫৪# বা mygp.li/mo,৩০জিবি (বোনাস সহ) ৩০০টাকা ৩০দিন। ডায়াল *১২১*৫২৫৪# বা mygp.li/mo,['mygp.li/mo'],1,1,10,10,0,1,0,1,0,0,0,0,৩০জিবি (বোনাস সহ) ৩০০টাকা ৩০দিন। ডায়াল *১২১*৫২৫৪# বা  [URL] ,61,1,10,10,0,1,0,1,0,0,0,0,1,10,10,0,1,0,1,0,0,0,0
normal,বাবা আজ বাড়ির পাশে রয়েছেন।,Bengali,0,0,বাবা আজ বাড়ির পাশে রয়েছেন।,বাবা আজ বাড়ির পাশে রয়েছেন।,[],0,0,0,0,0,0,0,0,0,0,0,0,বাবা আজ বাড়ির পাশে রয়েছেন।,28,0,0,0,0,0,0,0,0,0,0,0,0,0,0,0,0,0,0,0,0,0,0
smish,"গভঃ রেজিঃ  - ১৮০৭২৭/২০২২ National agancy company পার্ট-টাইম চাকরি
পড়াশোনার পাশাপাশি অনলাইন প্লাটফর্মে বিজ্ঞাপন প্রচার করার জন্য ছেলে মেয়ে কর্মী নিয়োগ চলছে।
পদের_নামঃ কল সেন্টার
মাসিক বেতনঃ 10/12 হাজার 
দৈনিক কাজের সময়ঃ ৪/৫ঘন্টা
আগ্রহী আপুরা ও ভাইয়েরা সরাসরি ইনবক্স_এ যোগাযোগ করুন।বা ফোন . 01984766558",Bengali,0,2,"গভঃ রেজিঃ  - ১৮০৭২৭/২০২২ National agancy company পার্ট-টাইম চাকরি
পড়াশোনার পাশাপাশি অনলাইন প্লাটফর্মে বিজ্ঞাপন প্রচার করার জন্য ছেলে মেয়ে কর্মী নিয়োগ চলছে।
পদের_নামঃ কল সেন্টার
মাসিক বেতনঃ 10/12 হাজার 
দৈনিক কাজের সময়ঃ ৪/৫ঘন্টা
আগ্রহী আপুরা ও ভাইয়েরা সরাসরি ইনবক্স_এ যোগাযোগ করুন।বা ফোন . 01984766558",গভঃ রেজিঃ - ১৮০৭২৭/২০২২ National agancy company পার্ট-টাইম চাকরি পড়াশোনার পাশাপাশি অনলাইন প্লাটফর্মে বিজ্ঞাপন প্রচার করার জন্য ছেলে মেয়ে কর্মী নিয়োগ চলছে। পদের_নামঃ কল সেন্টার মাসিক বেতনঃ 10/12 হাজার দৈনিক কাজের সময়ঃ ৪/৫ঘন্টা আগ্রহী আপুরা ও ভাইয়েরা সরাসরি ইনবক্স_এ যোগাযোগ করুন।বা ফোন . 01984766558,[],0,0,0,0,0,0,0,0,0,0,0,0,গভঃ রেজিঃ - ১৮০৭২৭/২০২২ National agancy company পার্ট-টাইম চাকরি পড়াশোনার পাশাপাশি অনলাইন প্লাটফর্মে বিজ্ঞাপন প্রচার করার জন্য ছেলে মেয়ে কর্মী নিয়োগ চলছে। পদের_নামঃ কল সেন্টার মাসিক বেতনঃ 10/12 হাজার দৈনিক কাজের সময়ঃ ৪/৫ঘন্টা আগ্রহী আপুরা ও ভাইয়েরা সরাসরি ইনবক্স_এ যোগাযোগ করুন।বা ফোন . 01984766558,303,0,0,0,0,0,0,0,0,0,0,0,0,0,0,0,0,0,0,0,0,0,0
smish,আপনার টেলিফোন বিল ৩ মাস বকেয়া। লাইন কাটা হবে: pay-phone.cf,Bengali,1,2,আপনার টেলিফোন বিল ৩ মাস বকেয়া। লাইন কাটা হবে: pay-phone.cf,আপনার টেলিফোন বিল ৩ মাস বকেয়া। লাইন কাটা হবে: pay-phone.cf,['pay-phone.cf'],1,1,12,12,0,1,1,0,0,0,0,0,আপনার টেলিফোন বিল ৩ মাস বকেয়া। লাইন কাটা হবে:  [URL] ,54,1,12,12,0,1,1,0,0,0,0,0,1,12,12,0,1,1,0,0,0,0,0
normal,তুমি কি পার্টিতে যাচ্ছো?,Bengali,0,0,তুমি কি পার্টিতে যাচ্ছো?,তুমি কি পার্টিতে যাচ্ছো?,[],0,0,0,0,0,0,0,0,0,0,0,0,তুমি কি পার্টিতে যাচ্ছো?,24,0,0,0,0,0,0,0,0,0,0,0,0,0,0,0,0,0,0,0,0,0,0
normal,"সব ঠিক হয়ে যাবে, সাহস রেখো।",Bengali,0,0,"সব ঠিক হয়ে যাবে, সাহস রেখো।","সব ঠিক হয়ে যাবে, সাহস রেখো।",[],0,0,0,0,0,0,0,0,0,0,0,0,"সব ঠিক হয়ে যাবে, সাহস রেখো।",28,0,0,0,0,0,0,0,0,0,0,0,0,0,0,0,0,0,0,0,0,0,0
promo,“দ্বাদশ জাতীয় সংসদ নির্বাচনে অংশগ্রহণে ইচ্ছুক প্রার্থীগণ প্রচলিত পদ্ধতির পাশাপাশি অনলাইনেও মনোনয়নপত্র দাখিল করতে পারবেন। অনলাইনে মনোনয়ন দাখিল করতে কমিশনের ওয়েবসাইট www.ecs.gov.bd-এ প্রবেশ করুন”-ইসি,Bengali,1,1,“দ্বাদশ জাতীয় সংসদ নির্বাচনে অংশগ্রহণে ইচ্ছুক প্রার্থীগণ প্রচলিত পদ্ধতির পাশাপাশি অনলাইনেও মনোনয়নপত্র দাখিল করতে পারবেন। অনলাইনে মনোনয়ন দাখিল করতে কমিশনের ওয়েবসাইট www.ecs.gov.bd-এ প্রবেশ করুন”-ইসি,"""দ্বাদশ জাতীয় সংসদ নির্বাচনে অংশগ্রহণে ইচ্ছুক প্রার্থীগণ প্রচলিত পদ্ধতির পাশাপাশি অনলাইনেও মনোনয়নপত্র দাখিল করতে পারবেন। অনলাইনে মনোনয়ন দাখিল করতে কমিশনের ওয়েবসাইট www.ecs.gov.bd-এ প্রবেশ করুন""-ইসি","['www.', 'ecs.gov.bd']",2,2,14,10,0,3,0,0,0,0,0,0,"""দ্বাদশ জাতীয় সংসদ নির্বাচনে অংশগ্রহণে ইচ্ছুক প্রার্থীগণ প্রচলিত পদ্ধতির পাশাপাশি অনলাইনেও মনোনয়নপত্র দাখিল করতে পারবেন। অনলাইনে মনোনয়ন দাখিল করতে কমিশনের ওয়েবসাইট  [URL]  [URL] -এ প্রবেশ করুন""-ইসি",201,2,14,10,0,3,0,0,0,0,0,0,2,14,10,0,3,0,0,0,0,0,0
smish,"জরুরি সতর্কবার্তা! আপনার সোনালী ব্যাংক সেভিংস অ্যাকাউন্ট নং ১২৩৪৫৬৭৮৯০ থেকে গত রাত ২টায় ৫০,০০০ টাকা অননুমোদিত লেনদেন হয়েছে। আপনার অ্যাকাউন্টের নিরাপত্তার জন্য আমরা এটি অস্থায়ীভাবে ব্লক করেছি। অবিলম্বে ০১৭১১২২৩৩৪৪ নম্বরে কল করে আপনার পিন নাম্বার ও OTP দিয়ে অ্যাকাউন্ট আনব্লক করুন।",Bengali,0,2,"জরুরি সতর্কবার্তা! আপনার সোনালী ব্যাংক সেভিংস অ্যাকাউন্ট নং ১২৩৪৫৬৭৮৯০ থেকে গত রাত ২টায় ৫০,০০০ টাকা অননুমোদিত লেনদেন হয়েছে। আপনার অ্যাকাউন্টের নিরাপত্তার জন্য আমরা এটি অস্থায়ীভাবে ব্লক করেছি। অবিলম্বে ০১৭১১২২৩৩৪৪ নম্বরে কল করে আপনার পিন নাম্বার ও OTP দিয়ে অ্যাকাউন্ট আনব্লক করুন।","জরুরি সতর্কবার্তা! আপনার সোনালী ব্যাংক সেভিংস অ্যাকাউন্ট নং ১২৩৪৫৬৭৮৯০ থেকে গত রাত ২টায় ৫০,০০০ টাকা অননুমোদিত লেনদেন হয়েছে। আপনার অ্যাকাউন্টের নিরাপত্তার জন্য আমরা এটি অস্থায়ীভাবে ব্লক করেছি। অবিলম্বে ০১৭১১২২৩৩৪৪ নম্বরে কল করে আপনার পিন নাম্বার ও OTP দিয়ে অ্যাকাউন্ট আনব্লক করুন।",[],0,0,0,0,0,0,0,0,0,0,0,0,"জরুরি সতর্কবার্তা! আপনার সোনালী ব্যাংক সেভিংস অ্যাকাউন্ট নং ১২৩৪৫৬৭৮৯০ থেকে গত রাত ২টায় ৫০,০০০ টাকা অননুমোদিত লেনদেন হয়েছে। আপনার অ্যাকাউন্টের নিরাপত্তার জন্য আমরা এটি অস্থায়ীভাবে ব্লক করেছি। অবিলম্বে ০১৭১১২২৩৩৪৪ নম্বরে কল করে আপনার পিন নাম্বার ও OTP দিয়ে অ্যাকাউন্ট আনব্লক করুন।",283,0,0,0,0,0,0,0,0,0,0,0,0,0,0,0,0,0,0,0,0,0,0
normal,শুভ সপ্তাহের প্রথম দিন!,Bengali,0,0,শুভ সপ্তাহের প্রথম দিন!,শুভ সপ্তাহের প্রথম দিন!,[],0,0,0,0,0,0,0,0,0,0,0,0,শুভ সপ্তাহের প্রথম দিন!,23,0,0,0,0,0,0,0,0,0,0,0,0,0,0,0,0,0,0,0,0,0,0
smish,অভিনন্দন! আপনি ১ কোটি টাকা লটারি জিতেছেন। আপনার পুরস্কার সংগ্রহ করতে আমাদের সাথে যোগাযোগ করুন। যোগাযোগ:০১৫৬৭৫৪৬৩৯০,Bengali,0,2,অভিনন্দন! আপনি ১ কোটি টাকা লটারি জিতেছেন। আপনার পুরস্কার সংগ্রহ করতে আমাদের সাথে যোগাযোগ করুন। যোগাযোগ:০১৫৬৭৫৪৬৩৯০,অভিনন্দন! আপনি ১ কোটি টাকা লটারি জিতেছেন। আপনার পুরস্কার সংগ্রহ করতে আমাদের সাথে যোগাযোগ করুন। যোগাযোগ:০১৫৬৭৫৪৬৩৯০,[],0,0,0,0,0,0,0,0,0,0,0,0,অভিনন্দন! আপনি ১ কোটি টাকা লটারি জিতেছেন। আপনার পুরস্কার সংগ্রহ করতে আমাদের সাথে যোগাযোগ করুন। যোগাযোগ:০১৫৬৭৫৪৬৩৯০,114,0,0,0,0,0,0,0,0,0,0,0,0,0,0,0,0,0,0,0,0,0,0
smish,লটারি জয়ী! আপনি ২০ লক্ষ টাকা পেয়েছেন। ক্লেইম করুন: lottery-claim.cf,Bengali,1,2,লটারি জয়ী! আপনি ২০ লক্ষ টাকা পেয়েছেন। ক্লেইম করুন: lottery-claim.cf,লটারি জয়ী! আপনি ২০ লক্ষ টাকা পেয়েছেন। ক্লেইম করুন: lottery-claim.cf,['lottery-claim.cf'],1,1,16,16,0,1,1,0,0,0,0,0,লটারি জয়ী! আপনি ২০ লক্ষ টাকা পেয়েছেন। ক্লেইম করুন:  [URL] ,60,1,16,16,0,1,1,0,0,0,0,0,1,16,16,0,1,1,0,0,0,0,0
normal,আজকের আপনার দিন কেমন কাটছে?,Bengali,0,0,আজকের আপনার দিন কেমন কাটছে?,আজকের আপনার দিন কেমন কাটছে?,[],0,0,0,0,0,0,0,0,0,0,0,0,আজকের আপনার দিন কেমন কাটছে?,27,0,0,0,0,0,0,0,0,0,0,0,0,0,0,0,0,0,0,0,0,0,0
normal,এটি IQ পরীক্ষা পর্বের একটি অংশ।,Bengali,0,0,এটি IQ পরীক্ষা পর্বের একটি অংশ।,এটি IQ পরীক্ষা পর্বের একটি অংশ।,[],0,0,0,0,0,0,0,0,0,0,0,0,এটি IQ পরীক্ষা পর্বের একটি অংশ।,31,0,0,0,0,0,0,0,0,0,0,0,0,0,0,0,0,0,0,0,0,0,0
promo,"৳৩৫ ক্যাশব্যাকে এবার আরো বেশি ডাটা ৫০জিবি@৳৪৬৩,৩০দিন cutt.ly/HwOETkke",Bengali,1,1,"৳৩৫ ক্যাশব্যাকে এবার আরো বেশি ডাটা ৫০জিবি@৳৪৬৩,৩০দিন cutt.ly/HwOETkke","৳৩৫ ক্যাশব্যাকে এবার আরো বেশি ডাটা ৫০জিবি@৳৪৬৩,৩০দিন cutt.ly/HwOETkke",['cutt.ly/HwOETkke'],1,1,16,16,0,1,0,1,0,0,0,1,"৳৩৫ ক্যাশব্যাকে এবার আরো বেশি ডাটা ৫০জিবি@৳৪৬৩,৩০দিন  [URL] ",60,1,16,16,0,1,0,1,0,0,0,1,1,16,16,0,1,0,1,0,0,0,1
normal,"০১৮২৭৩৮২৭৮৫ এই নাম্বারে কল করুন, টাকা দরকার।",Bengali,0,0,"০১৮২৭৩৮২৭৮৫ এই নাম্বারে কল করুন, টাকা দরকার।","০১৮২৭৩৮২৭৮৫ এই নাম্বারে কল করুন, টাকা দরকার।",[],0,0,0,0,0,0,0,0,0,0,0,0,"০১৮২৭৩৮২৭৮৫ এই নাম্বারে কল করুন, টাকা দরকার।",44,0,0,0,0,0,0,0,0,0,0,0,0,0,0,0,0,0,0,0,0,0,0
smish,আপনার ক্রেডিট কার্ডে অজানা একটি ট্রানজাকশন সনাক্ত করা হয়েছে। নিশ্চিতকরণের জন্য অনুগ্রহ করে এখানে লগইন করুন: http://bit.ly/CardSecure,Bengali,1,2,আপনার ক্রেডিট কার্ডে অজানা একটি ট্রানজাকশন সনাক্ত করা হয়েছে। নিশ্চিতকরণের জন্য অনুগ্রহ করে এখানে লগইন করুন: http://bit.ly/CardSecure,আপনার ক্রেডিট কার্ডে অজানা একটি ট্রানজাকশন সনাক্ত করা হয়েছে। নিশ্চিতকরণের জন্য অনুগ্রহ করে এখানে লগইন করুন: http://bit.ly/CardSecure,['http://bit.ly/CardSecure'],1,1,24,24,0,1,0,3,0,0,0,1,আপনার ক্রেডিট কার্ডে অজানা একটি ট্রানজাকশন সনাক্ত করা হয়েছে। নিশ্চিতকরণের জন্য অনুগ্রহ করে এখানে লগইন করুন:  [URL] ,116,1,24,24,0,1,0,3,0,0,0,1,1,24,24,0,1,0,3,0,0,0,1
promo,"শেখ হাসিনা সরকারের সাফল্যঃ
মাননীয় প্রধানমন্ত্রী শেখ হাসিনার নির্দেশে এখন পর্যন্ত ১৩ লাখ গৃহহীন পরিবারকে জমিসহ ঘর নির্মাণ করে দিয়েছে সরকার। ফলে ভাগ্য বদলে গেছে প্রায় ৫০ লাখ অসহায় মানুষের।",Bengali,0,1,"শেখ হাসিনা সরকারের সাফল্যঃ
মাননীয় প্রধানমন্ত্রী শেখ হাসিনার নির্দেশে এখন পর্যন্ত ১৩ লাখ গৃহহীন পরিবারকে জমিসহ ঘর নির্মাণ করে দিয়েছে সরকার। ফলে ভাগ্য বদলে গেছে প্রায় ৫০ লাখ অসহায় মানুষের।",শেখ হাসিনা সরকারের সাফল্যঃ মাননীয় প্রধানমন্ত্রী শেখ হাসিনার নির্দেশে এখন পর্যন্ত ১৩ লাখ গৃহহীন পরিবারকে জমিসহ ঘর নির্মাণ করে দিয়েছে সরকার। ফলে ভাগ্য বদলে গেছে প্রায় ৫০ লাখ অসহায় মানুষের।,[],0,0,0,0,0,0,0,0,0,0,0,0,শেখ হাসিনা সরকারের সাফল্যঃ মাননীয় প্রধানমন্ত্রী শেখ হাসিনার নির্দেশে এখন পর্যন্ত ১৩ লাখ গৃহহীন পরিবারকে জমিসহ ঘর নির্মাণ করে দিয়েছে সরকার। ফলে ভাগ্য বদলে গেছে প্রায় ৫০ লাখ অসহায় মানুষের।,190,0,0,0,0,0,0,0,0,0,0,0,0,0,0,0,0,0,0,0,0,0,0
promo,"৩০৳ ক্যাশব্যাক! ৩১জিবি+৪৫০মি.@৪৬৯৳ ৩০দিন, নিয়ে নাও: cutt.ly/hwTmxGd8",Bengali,1,1,"৩০৳ ক্যাশব্যাক! ৩১জিবি+৪৫০মি.@৪৬৯৳ ৩০দিন, নিয়ে নাও: cutt.ly/hwTmxGd8","৩০৳ ক্যাশব্যাক! ৩১জিবি+৪৫০মি.@৪৬৯৳ ৩০দিন, নিয়ে নাও: cutt.ly/hwTmxGd8",['cutt.ly/hwTmxGd8'],1,1,16,16,1,1,0,1,0,0,0,1,"৩০৳ ক্যাশব্যাক! ৩১জিবি+৪৫০মি.@৪৬৯৳ ৩০দিন, নিয়ে নাও:  [URL] ",60,1,16,16,1,1,0,1,0,0,0,1,1,16,16,1,1,0,1,0,0,0,1
normal,"এটা রাকিবের নাম্বার, ০১৭৬৩৮৩৯৮৫৪ কল দিস।",Bengali,0,0,"এটা রাকিবের নাম্বার, ০১৭৬৩৮৩৯৮৫৪ কল দিস।","এটা রাকিবের নাম্বার, ০১৭৬৩৮৩৯৮৫৪ কল দিস।",[],0,0,0,0,0,0,0,0,0,0,0,0,"এটা রাকিবের নাম্বার, ০১৭৬৩৮৩৯৮৫৪ কল দিস।",40,0,0,0,0,0,0,0,0,0,0,0,0,0,0,0,0,0,0,0,0,0,0
promo,Banglalink Game Portal সাবস্ক্রিপশন এখন মাত্র ১০ টাকা প্রতিদিন।,Bengali,0,1,Banglalink Game Portal সাবস্ক্রিপশন এখন মাত্র ১০ টাকা প্রতিদিন।,Banglalink Game Portal সাবস্ক্রিপশন এখন মাত্র ১০ টাকা প্রতিদিন।,[],0,0,0,0,0,0,0,0,0,0,0,0,Banglalink Game Portal সাবস্ক্রিপশন এখন মাত্র ১০ টাকা প্রতিদিন।,63,0,0,0,0,0,0,0,0,0,0,0,0,0,0,0,0,0,0,0,0,0,0
smish,সোনালী ব্যাংক অ্যাকাউন্টে সমস্যা হয়েছে। বিস্তারিত জানতে এখানে ক্লিক করুন: https://wa.me/8801811011123,Bengali,1,2,সোনালী ব্যাংক অ্যাকাউন্টে সমস্যা হয়েছে। বিস্তারিত জানতে এখানে ক্লিক করুন: https://wa.me/8801811011123,সোনালী ব্যাংক অ্যাকাউন্টে সমস্যা হয়েছে। বিস্তারিত জানতে এখানে ক্লিক করুন: https://wa.me/8801811011123,['https://wa.me/8801811011123'],1,1,27,27,13,1,0,3,1,0,0,0,সোনালী ব্যাংক অ্যাকাউন্টে সমস্যা হয়েছে। বিস্তারিত জানতে এখানে ক্লিক করুন:  [URL] ,82,1,27,27,13,1,0,3,1,0,0,0,1,27,27,13,1,0,3,1,0,0,0
normal,কি খুব ভালো প্রশ্ন!,Bengali,0,0,কি খুব ভালো প্রশ্ন!,কি খুব ভালো প্রশ্ন!,[],0,0,0,0,0,0,0,0,0,0,0,0,কি খুব ভালো প্রশ্ন!,19,0,0,0,0,0,0,0,0,0,0,0,0,0,0,0,0,0,0,0,0,0,0
normal,"আপনার মেয়ে হাসপাতালে, জলদি টাকা পাঠান ০১৮২৮১৭৩৯১২।",Bengali,0,0,"আপনার মেয়ে হাসপাতালে, জলদি টাকা পাঠান ০১৮২৮১৭৩৯১২।","আপনার মেয়ে হাসপাতালে, জলদি টাকা পাঠান ০১৮২৮১৭৩৯১২।",[],0,0,0,0,0,0,0,0,0,0,0,0,"আপনার মেয়ে হাসপাতালে, জলদি টাকা পাঠান ০১৮২৮১৭৩৯১২।",51,0,0,0,0,0,0,0,0,0,0,0,0,0,0,0,0,0,0,0,0,0,0
promo,"Robi গ্রাহকগণ, রবিবারে ৫ জিবি মাত্র ৮৯ টাকা।",Bengali,0,1,"Robi গ্রাহকগণ, রবিবারে ৫ জিবি মাত্র ৮৯ টাকা।","Robi গ্রাহকগণ, রবিবারে ৫ জিবি মাত্র ৮৯ টাকা।",[],0,0,0,0,0,0,0,0,0,0,0,0,"Robi গ্রাহকগণ, রবিবারে ৫ জিবি মাত্র ৮৯ টাকা।",44,0,0,0,0,0,0,0,0,0,0,0,0,0,0,0,0,0,0,0,0,0,0
smish,"আপনাদের চাকরির আবেদন মঞ্জুর হয়েছে এবং বেতন প্রতিদিন ৩০০০ টাকা।

যোগাযোগের তথ্য: [https://wa.me/8801929757090](https://wa.me/8801929757090)",Bengali,1,2,"আপনাদের চাকরির আবেদন মঞ্জুর হয়েছে এবং বেতন প্রতিদিন ৩০০০ টাকা।

যোগাযোগের তথ্য: [https://wa.me/8801929757090](https://wa.me/8801929757090)",আপনাদের চাকরির আবেদন মঞ্জুর হয়েছে এবং বেতন প্রতিদিন ৩০০০ টাকা। যোগাযোগের তথ্য: [https://wa.me/8801929757090](https://wa.me/8801929757090),"['https://wa.me/8801929757090', 'https://wa.me/8801929757090)']",2,2,55,28,26,2,0,6,1,0,0,0,আপনাদের চাকরির আবেদন মঞ্জুর হয়েছে এবং বেতন প্রতিদিন ৩০০০ টাকা। যোগাযোগের তথ্য: [ [URL] ]( [URL] ,97,2,55,28,26,2,0,6,1,0,0,0,2,55,28,26,2,0,6,1,0,0,0
smish,আপনার GP অ্যাকাউন্ট ২৪ ঘণ্টার মধ্যে ব্লক হবে যদি এখনই gp-safe24.org এ লগইন না করেন। নাম্বার ও OTP দিন।,Bengali,1,2,আপনার GP অ্যাকাউন্ট ২৪ ঘণ্টার মধ্যে ব্লক হবে যদি এখনই gp-safe24.org এ লগইন না করেন। নাম্বার ও OTP দিন।,আপনার GP অ্যাকাউন্ট ২৪ ঘণ্টার মধ্যে ব্লক হবে যদি এখনই gp-safe24.org এ লগইন না করেন। নাম্বার ও OTP দিন।,['gp-safe24.org'],1,1,13,13,2,1,1,0,0,0,0,0,আপনার GP অ্যাকাউন্ট ২৪ ঘণ্টার মধ্যে ব্লক হবে যদি এখনই  [URL]  এ লগইন না করেন। নাম্বার ও OTP দিন।,96,1,13,13,2,1,1,0,0,0,0,0,1,13,13,2,1,1,0,0,0,0,0
promo,"‘করবো বীমা, গড়বো দেশ
স্মার্ট হবে বাংলাদেশ।’ বীমা উন্নয়ন ও নিয়ন্ত্রণ কর্তৃপক্ষ এবং আর্থিক প্রতিষ্ঠান বিভাগ অর্থ মন্ত্রণালয়।",Bengali,0,1,"‘করবো বীমা, গড়বো দেশ
স্মার্ট হবে বাংলাদেশ।’ বীমা উন্নয়ন ও নিয়ন্ত্রণ কর্তৃপক্ষ এবং আর্থিক প্রতিষ্ঠান বিভাগ অর্থ মন্ত্রণালয়।","'করবো বীমা, গড়বো দেশ স্মার্ট হবে বাংলাদেশ।' বীমা উন্নয়ন ও নিয়ন্ত্রণ কর্তৃপক্ষ এবং আর্থিক প্রতিষ্ঠান বিভাগ অর্থ মন্ত্রণালয়।",[],0,0,0,0,0,0,0,0,0,0,0,0,"'করবো বীমা, গড়বো দেশ স্মার্ট হবে বাংলাদেশ।' বীমা উন্নয়ন ও নিয়ন্ত্রণ কর্তৃপক্ষ এবং আর্থিক প্রতিষ্ঠান বিভাগ অর্থ মন্ত্রণালয়।",126,0,0,0,0,0,0,0,0,0,0,0,0,0,0,0,0,0,0,0,0,0,0
normal,"দিদি, তোমার এক্সাম কেমন গেলো? সব প্রশ্ন করতে পেরেছো?",Bengali,0,0,"দিদি, তোমার এক্সাম কেমন গেলো? সব প্রশ্ন করতে পেরেছো?","দিদি, তোমার এক্সাম কেমন গেলো? সব প্রশ্ন করতে পেরেছো?",[],0,0,0,0,0,0,0,0,0,0,0,0,"দিদি, তোমার এক্সাম কেমন গেলো? সব প্রশ্ন করতে পেরেছো?",52,0,0,0,0,0,0,0,0,0,0,0,0,0,0,0,0,0,0,0,0,0,0
promo,Daraz Mall-এ শপিং করলে ২০০ টাকা ডিসকাউন্ট ভাউচার ফ্রি। নতুন ইউজারদের জন্য।,Bengali,0,1,Daraz Mall-এ শপিং করলে ২০০ টাকা ডিসকাউন্ট ভাউচার ফ্রি। নতুন ইউজারদের জন্য।,Daraz Mall-এ শপিং করলে ২০০ টাকা ডিসকাউন্ট ভাউচার ফ্রি। নতুন ইউজারদের জন্য।,[],0,0,0,0,0,0,0,0,0,0,0,0,Daraz Mall-এ শপিং করলে ২০০ টাকা ডিসকাউন্ট ভাউচার ফ্রি। নতুন ইউজারদের জন্য।,74,0,0,0,0,0,0,0,0,0,0,0,0,0,0,0,0,0,0,0,0,0,0
smish,"https://t.me/Referincomebd4536_bot?start=r04697367725

ফ্রি আবারো আসলো আপনাদের মাঝে নতুন একটি ইনকাম বট যেটি প্রতি রেফারে দিচ্ছে ৭৫ টাকা করে তাই আর দেরি না করে কাজে লেগে পরুন ☺️🫰",Bengali,1,2,"https://t.me/Referincomebd4536_bot?start=r04697367725

ফ্রি আবারো আসলো আপনাদের মাঝে নতুন একটি ইনকাম বট যেটি প্রতি রেফারে দিচ্ছে ৭৫ টাকা করে তাই আর দেরি না করে কাজে লেগে পরুন ☺️🫰",https://t.me/Referincomebd4536_bot?start=r04697367725 ফ্রি আবারো আসলো আপনাদের মাঝে নতুন একটি ইনকাম বট যেটি প্রতি রেফারে দিচ্ছে ৭৫ টাকা করে তাই আর দেরি না করে কাজে লেগে পরুন ☺️🫰,['https://t.me/Referincomebd4536_bot?start=r04697367725'],1,1,53,53,15,1,0,3,1,0,0,0, [URL]  ফ্রি আবারো আসলো আপনাদের মাঝে নতুন একটি ইনকাম বট যেটি প্রতি রেফারে দিচ্ছে ৭৫ টাকা করে তাই আর দেরি না করে কাজে লেগে পরুন ☺️🫰,130,1,53,53,15,1,0,3,1,0,0,0,1,53,53,15,1,0,3,1,0,0,0
normal,"০১৬৭২৫৮৩৭৮৯ নাম্বারে কল করুন, আমার টাকা দরকার।",Bengali,0,0,"০১৬৭২৫৮৩৭৮৯ নাম্বারে কল করুন, আমার টাকা দরকার।","০১৬৭২৫৮৩৭৮৯ নাম্বারে কল করুন, আমার টাকা দরকার।",[],0,0,0,0,0,0,0,0,0,0,0,0,"০১৬৭২৫৮৩৭৮৯ নাম্বারে কল করুন, আমার টাকা দরকার।",46,0,0,0,0,0,0,0,0,0,0,0,0,0,0,0,0,0,0,0,0,0,0
normal,তোমার জন্য একটি গল্প আছে?,Bengali,0,0,তোমার জন্য একটি গল্প আছে?,তোমার জন্য একটি গল্প আছে?,[],0,0,0,0,0,0,0,0,0,0,0,0,তোমার জন্য একটি গল্প আছে?,25,0,0,0,0,0,0,0,0,0,0,0,0,0,0,0,0,0,0,0,0,0,0
normal,"ধৈর্য ধরো, সব ঠিক হয়ে যাবে।",Bengali,0,0,"ধৈর্য ধরো, সব ঠিক হয়ে যাবে।","ধৈর্য ধরো, সব ঠিক হয়ে যাবে।",[],0,0,0,0,0,0,0,0,0,0,0,0,"ধৈর্য ধরো, সব ঠিক হয়ে যাবে।",28,0,0,0,0,0,0,0,0,0,0,0,0,0,0,0,0,0,0,0,0,0,0
smish,🤑প্রতিদিন ৪০০-৫০০ টাকা 💸। ইনকাম‌ করুন মাত্র পাঁচ মিনিটের মধ্যে।    লিংকের মধ্যে রয়েছে বিস্তারিত 🤗 🗣️ টেলিগ্রাম থাকতে হবে 💁🏼https://t.me/Referincomebd4536_bot?start=r05291672775,Bengali,1,2,🤑প্রতিদিন ৪০০-৫০০ টাকা 💸। ইনকাম‌ করুন মাত্র পাঁচ মিনিটের মধ্যে।    লিংকের মধ্যে রয়েছে বিস্তারিত 🤗 🗣️ টেলিগ্রাম থাকতে হবে 💁🏼https://t.me/Referincomebd4536_bot?start=r05291672775,🤑প্রতিদিন ৪০০-৫০০ টাকা 💸। ইনকাম‌ করুন মাত্র পাঁচ মিনিটের মধ্যে। লিংকের মধ্যে রয়েছে বিস্তারিত 🤗 🗣️ টেলিগ্রাম থাকতে হবে 💁🏼https://t.me/Referincomebd4536_bot?start=r05291672775,['https://t.me/Referincomebd4536_bot?start=r05291672775'],1,1,53,53,15,1,0,3,1,0,0,0,🤑প্রতিদিন ৪০০-৫০০ টাকা 💸। ইনকাম‌ করুন মাত্র পাঁচ মিনিটের মধ্যে। লিংকের মধ্যে রয়েছে বিস্তারিত 🤗 🗣️ টেলিগ্রাম থাকতে হবে 💁🏼 [URL] ,128,1,53,53,15,1,0,3,1,0,0,0,1,53,53,15,1,0,3,1,0,0,0
normal,০১৮২৭২৮৩৭৪৭ নাম্বারে বিকাশ করুন।,Bengali,0,0,০১৮২৭২৮৩৭৪৭ নাম্বারে বিকাশ করুন।,০১৮২৭২৮৩৭৪৭ নাম্বারে বিকাশ করুন।,[],0,0,0,0,0,0,0,0,0,0,0,0,০১৮২৭২৮৩৭৪৭ নাম্বারে বিকাশ করুন।,32,0,0,0,0,0,0,0,0,0,0,0,0,0,0,0,0,0,0,0,0,0,0
normal,আপনি কি খবর?,Bengali,0,0,আপনি কি খবর?,আপনি কি খবর?,[],0,0,0,0,0,0,0,0,0,0,0,0,আপনি কি খবর?,12,0,0,0,0,0,0,0,0,0,0,0,0,0,0,0,0,0,0,0,0,0,0
smish,একটি ক্লিকে বিস্তারিত জানুন কীভাবে ইনকাম করতে হয়! ঘরে বসে মোবাইল থেকে টাকা ইনকাম করুন: https://refer.mslgames.com/YfrcqEcoToos53HN7,Bengali,1,2,একটি ক্লিকে বিস্তারিত জানুন কীভাবে ইনকাম করতে হয়! ঘরে বসে মোবাইল থেকে টাকা ইনকাম করুন: https://refer.mslgames.com/YfrcqEcoToos53HN7,একটি ক্লিকে বিস্তারিত জানুন কীভাবে ইনকাম করতে হয়! ঘরে বসে মোবাইল থেকে টাকা ইনকাম করুন: https://refer.mslgames.com/YfrcqEcoToos53HN7,['https://refer.mslgames.com/YfrcqEcoToos53HN7'],1,1,44,44,3,2,0,3,1,0,0,0,একটি ক্লিকে বিস্তারিত জানুন কীভাবে ইনকাম করতে হয়! ঘরে বসে মোবাইল থেকে টাকা ইনকাম করুন:  [URL] ,95,1,44,44,3,2,0,3,1,0,0,0,1,44,44,3,2,0,3,1,0,0,0
normal,"আপনার বিদ্যুৎ বিল বাকি আছে ৭২০০/- টাকা, জরুরি।",Bengali,0,0,"আপনার বিদ্যুৎ বিল বাকি আছে ৭২০০/- টাকা, জরুরি।","আপনার বিদ্যুৎ বিল বাকি আছে ৭২০০/- টাকা, জরুরি।",[],0,0,0,0,0,0,0,0,0,0,0,0,"আপনার বিদ্যুৎ বিল বাকি আছে ৭২০০/- টাকা, জরুরি।",46,0,0,0,0,0,0,0,0,0,0,0,0,0,0,0,0,0,0,0,0,0,0
smish,অভিনন্দন! আপনি Amazon উপহার কার্ডে $1000 জিতেছেন। দাবি করতে নীচের লিঙ্কে ক্লিক করুন. bit.ly/45673,Bengali,1,2,অভিনন্দন! আপনি Amazon উপহার কার্ডে $1000 জিতেছেন। দাবি করতে নীচের লিঙ্কে ক্লিক করুন. bit.ly/45673,অভিনন্দন! আপনি Amazon উপহার কার্ডে $1000 জিতেছেন। দাবি করতে নীচের লিঙ্কে ক্লিক করুন. bit.ly/45673,['bit.ly/45673'],1,1,12,12,5,1,0,1,0,0,0,1,অভিনন্দন! আপনি Amazon উপহার কার্ডে $1000 জিতেছেন। দাবি করতে নীচের লিঙ্কে ক্লিক করুন.  [URL] ,92,1,12,12,5,1,0,1,0,0,0,1,1,12,12,5,1,0,1,0,0,0,1
smish,"মাত্র ২০০ টাকা ইনভেস্ট করে জিতুন ২০০% পর্যন্ত স্বাগত বোনাস Nagad88 এ, যে কোনো পরিমাণ টাকা তুলতে পারবেন।",Bengali,0,2,"মাত্র ২০০ টাকা ইনভেস্ট করে জিতুন ২০০% পর্যন্ত স্বাগত বোনাস Nagad88 এ, যে কোনো পরিমাণ টাকা তুলতে পারবেন।","মাত্র ২০০ টাকা ইনভেস্ট করে জিতুন ২০০% পর্যন্ত স্বাগত বোনাস Nagad88 এ, যে কোনো পরিমাণ টাকা তুলতে পারবেন।",[],0,0,0,0,0,0,0,0,0,0,0,0,"মাত্র ২০০ টাকা ইনভেস্ট করে জিতুন ২০০% পর্যন্ত স্বাগত বোনাস Nagad88 এ, যে কোনো পরিমাণ টাকা তুলতে পারবেন।",103,0,0,0,0,0,0,0,0,0,0,0,0,0,0,0,0,0,0,0,0,0,0
promo,"ঈদ কেনাকাটা হোক ডায়মন্ড ওয়ার্ল্ডের সাথে, উপভোগ করুন ডায়মন্ড গহনায় ২৫%ছাড় ও গোল্ডের আকর্ষণীয় কালেকশন। ভিজিট:qrco.de/beuAOs, ০১৭১৩১৯৯২৭০",Bengali,1,1,"ঈদ কেনাকাটা হোক ডায়মন্ড ওয়ার্ল্ডের সাথে, উপভোগ করুন ডায়মন্ড গহনায় ২৫%ছাড় ও গোল্ডের আকর্ষণীয় কালেকশন। ভিজিট:qrco.de/beuAOs, ০১৭১৩১৯৯২৭০","ঈদ কেনাকাটা হোক ডায়মন্ড ওয়ার্ল্ডের সাথে, উপভোগ করুন ডায়মন্ড গহনায় ২৫%ছাড় ও গোল্ডের আকর্ষণীয় কালেকশন। ভিজিট:qrco.de/beuAOs, ০১৭১৩১৯৯২৭০","['qrco.de/beuAOs,']",1,1,15,15,0,1,0,1,0,0,0,0,"ঈদ কেনাকাটা হোক ডায়মন্ড ওয়ার্ল্ডের সাথে, উপভোগ করুন ডায়মন্ড গহনায় ২৫%ছাড় ও গোল্ডের আকর্ষণীয় কালেকশন। ভিজিট: [URL]  ০১৭১৩১৯৯২৭০",132,1,15,15,0,1,0,1,0,0,0,0,1,15,15,0,1,0,1,0,0,0,0
promo,"২০০৳ ক্যাশব্যাক শেষ দিন! ৬১জিবি+১০০০মি@৳৬৯৯,৩০দিন: cutt.ly/OwG5T3ub",Bengali,1,1,"২০০৳ ক্যাশব্যাক শেষ দিন! ৬১জিবি+১০০০মি@৳৬৯৯,৩০দিন: cutt.ly/OwG5T3ub","২০০৳ ক্যাশব্যাক শেষ দিন! ৬১জিবি+১০০০মি@৳৬৯৯,৩০দিন: cutt.ly/OwG5T3ub",['cutt.ly/OwG5T3ub'],1,1,16,16,2,1,0,1,0,0,0,1,"২০০৳ ক্যাশব্যাক শেষ দিন! ৬১জিবি+১০০০মি@৳৬৯৯,৩০দিন:  [URL] ",58,1,16,16,2,1,0,1,0,0,0,1,1,16,16,2,1,0,1,0,0,0,1
normal,"সবকিছু ঠিকঠাক হবে, চিন্তা কোরো না।",Bengali,0,0,"সবকিছু ঠিকঠাক হবে, চিন্তা কোরো না।","সবকিছু ঠিকঠাক হবে, চিন্তা কোরো না।",[],0,0,0,0,0,0,0,0,0,0,0,0,"সবকিছু ঠিকঠাক হবে, চিন্তা কোরো না।",34,0,0,0,0,0,0,0,0,0,0,0,0,0,0,0,0,0,0,0,0,0,0
smish,জনতা ব্যাংক থেকে জরুরি বার্তা। কল করুন: +8801719900112,Bengali,0,2,জনতা ব্যাংক থেকে জরুরি বার্তা। কল করুন: +8801719900112,জনতা ব্যাংক থেকে জরুরি বার্তা। কল করুন: +8801719900112,[],0,0,0,0,0,0,0,0,0,0,0,0,জনতা ব্যাংক থেকে জরুরি বার্তা। কল করুন: +8801719900112,54,0,0,0,0,0,0,0,0,0,0,0,0,0,0,0,0,0,0,0,0,0,0
promo,"১০০৳ ক্যাশব্যাকে ৩১জিবি+৪৫০মি.@৩৯৯৳,৩০দিন, নিয়ে নাও: cutt.ly/2wQlYv6U",Bengali,1,1,"১০০৳ ক্যাশব্যাকে ৩১জিবি+৪৫০মি.@৩৯৯৳,৩০দিন, নিয়ে নাও: cutt.ly/2wQlYv6U","১০০৳ ক্যাশব্যাকে ৩১জিবি+৪৫০মি.@৩৯৯৳,৩০দিন, নিয়ে নাও: cutt.ly/2wQlYv6U",['cutt.ly/2wQlYv6U'],1,1,16,16,2,1,0,1,0,0,0,1,"১০০৳ ক্যাশব্যাকে ৩১জিবি+৪৫০মি.@৩৯৯৳,৩০দিন, নিয়ে নাও:  [URL] ",61,1,16,16,2,1,0,1,0,0,0,1,1,16,16,2,1,0,1,0,0,0,1
smish,ফুটবলে বাজি ধরুন এবং একটি বিলাসবহুল গাড়ি জিতুন। ক্লিক করুন: phlebolog.com.ua/libraries/joomla/results.php,Bengali,1,2,ফুটবলে বাজি ধরুন এবং একটি বিলাসবহুল গাড়ি জিতুন। ক্লিক করুন: phlebolog.com.ua/libraries/joomla/results.php,ফুটবলে বাজি ধরুন এবং একটি বিলাসবহুল গাড়ি জিতুন। ক্লিক করুন: phlebolog.com.ua/libraries/joomla/results.php,['phlebolog.com.ua/libraries/joomla/results.php'],1,1,45,45,0,3,0,3,0,0,0,0,ফুটবলে বাজি ধরুন এবং একটি বিলাসবহুল গাড়ি জিতুন। ক্লিক করুন:  [URL] ,68,1,45,45,0,3,0,3,0,0,0,0,1,45,45,0,3,0,3,0,0,0,0
normal,"আব্বু, আজ বৃষ্টি হচ্ছে। আপনি ছাতা নিয়ে বের হবেন।",Bengali,0,0,"আব্বু, আজ বৃষ্টি হচ্ছে। আপনি ছাতা নিয়ে বের হবেন।","আব্বু, আজ বৃষ্টি হচ্ছে। আপনি ছাতা নিয়ে বের হবেন।",[],0,0,0,0,0,0,0,0,0,0,0,0,"আব্বু, আজ বৃষ্টি হচ্ছে। আপনি ছাতা নিয়ে বের হবেন।",49,0,0,0,0,0,0,0,0,0,0,0,0,0,0,0,0,0,0,0,0,0,0
normal,এখানে অবস্থান করতে চাও?,Bengali,0,0,এখানে অবস্থান করতে চাও?,এখানে অবস্থান করতে চাও?,[],0,0,0,0,0,0,0,0,0,0,0,0,এখানে অবস্থান করতে চাও?,23,0,0,0,0,0,0,0,0,0,0,0,0,0,0,0,0,0,0,0,0,0,0
smish,সতর্কতা ! অর্ডার আইডি #MFHK98Z SONY Alpha SLT-A55 DSLR ক্যামেরার জন্য AMZ-এ আপনার কার্ড থেকে $765.00 চার্জ করা হয়েছে। বাতিল এবং ফেরত পেতে? আমাদের কল করুন + 1844 6620 383,Bengali,0,2,সতর্কতা ! অর্ডার আইডি #MFHK98Z SONY Alpha SLT-A55 DSLR ক্যামেরার জন্য AMZ-এ আপনার কার্ড থেকে $765.00 চার্জ করা হয়েছে। বাতিল এবং ফেরত পেতে? আমাদের কল করুন + 1844 6620 383,সতর্কতা ! অর্ডার আইডি #MFHK98Z SONY Alpha SLT-A55 DSLR ক্যামেরার জন্য AMZ-এ আপনার কার্ড থেকে $765.00 চার্জ করা হয়েছে। বাতিল এবং ফেরত পেতে? আমাদের কল করুন + 1844 6620 383,[],0,0,0,0,0,0,0,0,0,0,0,0,সতর্কতা ! অর্ডার আইডি #MFHK98Z SONY Alpha SLT-A55 DSLR ক্যামেরার জন্য AMZ-এ আপনার কার্ড থেকে $765.00 চার্জ করা হয়েছে। বাতিল এবং ফেরত পেতে? আমাদের কল করুন + 1844 6620 383,170,0,0,0,0,0,0,0,0,0,0,0,0,0,0,0,0,0,0,0,0,0,0
normal,আগামীকাল ঈদের শপিং করতে যাবো। তুমি কি যাবে সাথে?,Bengali,0,0,আগামীকাল ঈদের শপিং করতে যাবো। তুমি কি যাবে সাথে?,আগামীকাল ঈদের শপিং করতে যাবো। তুমি কি যাবে সাথে?,[],0,0,0,0,0,0,0,0,0,0,0,0,আগামীকাল ঈদের শপিং করতে যাবো। তুমি কি যাবে সাথে?,48,0,0,0,0,0,0,0,0,0,0,0,0,0,0,0,0,0,0,0,0,0,0
promo,নতুন ফ্যাশন কালেকশনে ২০% ডিসকাউন্ট। আজই আসুন!,Bengali,0,1,নতুন ফ্যাশন কালেকশনে ২০% ডিসকাউন্ট। আজই আসুন!,নতুন ফ্যাশন কালেকশনে ২০% ডিসকাউন্ট। আজই আসুন!,[],0,0,0,0,0,0,0,0,0,0,0,0,নতুন ফ্যাশন কালেকশনে ২০% ডিসকাউন্ট। আজই আসুন!,45,0,0,0,0,0,0,0,0,0,0,0,0,0,0,0,0,0,0,0,0,0,0
smish,"আজই আইপিএলে বাজি ধরুন এবং ১০,০০০ টাকা ক্যাশব্যাক জিতুন। শুরু করুন: promusic.co/components/interbank.com/",Bengali,1,2,"আজই আইপিএলে বাজি ধরুন এবং ১০,০০০ টাকা ক্যাশব্যাক জিতুন। শুরু করুন: promusic.co/components/interbank.com/","আজই আইপিএলে বাজি ধরুন এবং ১০,০০০ টাকা ক্যাশব্যাক জিতুন। শুরু করুন: promusic.co/components/interbank.com/",['promusic.co/components/interbank.com/'],1,1,37,37,0,2,0,3,0,0,0,0,"আজই আইপিএলে বাজি ধরুন এবং ১০,০০০ টাকা ক্যাশব্যাক জিতুন। শুরু করুন:  [URL] ",74,1,37,37,0,2,0,3,0,0,0,0,1,37,37,0,2,0,3,0,0,0,0
promo,"Daraz Electronics Fair চলছে! ল্যাপটপ, হেডফোন আর টিভি কিনুন সর্বোচ্চ ৪০% ডিসকাউন্টে। অফার শেষ হবে ৩ দিনের মধ্যে।",Bengali,0,1,"Daraz Electronics Fair চলছে! ল্যাপটপ, হেডফোন আর টিভি কিনুন সর্বোচ্চ ৪০% ডিসকাউন্টে। অফার শেষ হবে ৩ দিনের মধ্যে।","Daraz Electronics Fair চলছে! ল্যাপটপ, হেডফোন আর টিভি কিনুন সর্বোচ্চ ৪০% ডিসকাউন্টে। অফার শেষ হবে ৩ দিনের মধ্যে।",[],0,0,0,0,0,0,0,0,0,0,0,0,"Daraz Electronics Fair চলছে! ল্যাপটপ, হেডফোন আর টিভি কিনুন সর্বোচ্চ ৪০% ডিসকাউন্টে। অফার শেষ হবে ৩ দিনের মধ্যে।",111,0,0,0,0,0,0,0,0,0,0,0,0,0,0,0,0,0,0,0,0,0,0
promo,"১৫০৳ ক্যাশব্যাকে সেরা অফার ৬১জিবি+১০০০মি@ ৳৭৪৯, ৩০দিন: cutt.ly/NwYKElsc",Bengali,1,1,"১৫০৳ ক্যাশব্যাকে সেরা অফার ৬১জিবি+১০০০মি@ ৳৭৪৯, ৩০দিন: cutt.ly/NwYKElsc","১৫০৳ ক্যাশব্যাকে সেরা অফার ৬১জিবি+১০০০মি@ ৳৭৪৯, ৩০দিন: cutt.ly/NwYKElsc",['cutt.ly/NwYKElsc'],1,1,16,16,0,1,0,1,0,0,0,1,"১৫০৳ ক্যাশব্যাকে সেরা অফার ৬১জিবি+১০০০মি@ ৳৭৪৯, ৩০দিন:  [URL] ",62,1,16,16,0,1,0,1,0,0,0,1,1,16,16,0,1,0,1,0,0,0,1
smish,"প্রিয় ব্যবহারকারী, আপনার ফেসবুক একাউন্ট স্থগিত হবে। পুনরুদ্ধার করতে আপনার মোবাইল OTP দিন এই লিঙ্কে: facebook-bdverify.org।",Bengali,1,2,"প্রিয় ব্যবহারকারী, আপনার ফেসবুক একাউন্ট স্থগিত হবে। পুনরুদ্ধার করতে আপনার মোবাইল OTP দিন এই লিঙ্কে: facebook-bdverify.org।","প্রিয় ব্যবহারকারী, আপনার ফেসবুক একাউন্ট স্থগিত হবে। পুনরুদ্ধার করতে আপনার মোবাইল OTP দিন এই লিঙ্কে: facebook-bdverify.org।",['facebook-bdverify.org'],1,1,21,21,0,1,1,0,0,0,0,0,"প্রিয় ব্যবহারকারী, আপনার ফেসবুক একাউন্ট স্থগিত হবে। পুনরুদ্ধার করতে আপনার মোবাইল OTP দিন এই লিঙ্কে:  [URL] ।",109,1,21,21,0,1,1,0,0,0,0,0,1,21,21,0,1,1,0,0,0,0,0
normal,পরের সপ্তাহে কক্সবাজার যাওয়ার প্ল্যান করছি। সমুদ্র দেখতে উত্তেজনা আছে।,Bengali,0,0,পরের সপ্তাহে কক্সবাজার যাওয়ার প্ল্যান করছি। সমুদ্র দেখতে উত্তেজনা আছে।,পরের সপ্তাহে কক্সবাজার যাওয়ার প্ল্যান করছি। সমুদ্র দেখতে উত্তেজনা আছে।,[],0,0,0,0,0,0,0,0,0,0,0,0,পরের সপ্তাহে কক্সবাজার যাওয়ার প্ল্যান করছি। সমুদ্র দেখতে উত্তেজনা আছে।,71,0,0,0,0,0,0,0,0,0,0,0,0,0,0,0,0,0,0,0,0,0,0
smish,আপনার ক্রেডিট স্কোর আপডেট করতে কল করুন +8801715566778,Bengali,0,2,আপনার ক্রেডিট স্কোর আপডেট করতে কল করুন +8801715566778,আপনার ক্রেডিট স্কোর আপডেট করতে কল করুন +8801715566778,[],0,0,0,0,0,0,0,0,0,0,0,0,আপনার ক্রেডিট স্কোর আপডেট করতে কল করুন +8801715566778,53,0,0,0,0,0,0,0,0,0,0,0,0,0,0,0,0,0,0,0,0,0,0
smish,জনতা ব্যাংক অ্যাকাউন্ট আপডেট করতে এখানে ক্লিক করুন: https://t.me/JanataUpdateBot3,Bengali,1,2,জনতা ব্যাংক অ্যাকাউন্ট আপডেট করতে এখানে ক্লিক করুন: https://t.me/JanataUpdateBot3,জনতা ব্যাংক অ্যাকাউন্ট আপডেট করতে এখানে ক্লিক করুন: https://t.me/JanataUpdateBot3,['https://t.me/JanataUpdateBot3'],1,1,29,29,1,1,0,3,1,0,0,0,জনতা ব্যাংক অ্যাকাউন্ট আপডেট করতে এখানে ক্লিক করুন:  [URL] ,59,1,29,29,1,1,0,3,1,0,0,0,1,29,29,1,1,0,3,1,0,0,0
normal,আজকের পরিকল্পনা কি?,Bengali,0,0,আজকের পরিকল্পনা কি?,আজকের পরিকল্পনা কি?,[],0,0,0,0,0,0,0,0,0,0,0,0,আজকের পরিকল্পনা কি?,19,0,0,0,0,0,0,0,0,0,0,0,0,0,0,0,0,0,0,0,0,0,0
promo,Banglalink Game Portal-এ সাবস্ক্রিপশন এখন মাত্র ১২ টাকা প্রতিদিন। খেলা হোক আরও মজার। সক্রিয় করতে *5000# ডায়াল করুন।,Bengali,0,1,Banglalink Game Portal-এ সাবস্ক্রিপশন এখন মাত্র ১২ টাকা প্রতিদিন। খেলা হোক আরও মজার। সক্রিয় করতে *5000# ডায়াল করুন।,Banglalink Game Portal-এ সাবস্ক্রিপশন এখন মাত্র ১২ টাকা প্রতিদিন। খেলা হোক আরও মজার। সক্রিয় করতে *5000# ডায়াল করুন।,[],0,0,0,0,0,0,0,0,0,0,0,0,Banglalink Game Portal-এ সাবস্ক্রিপশন এখন মাত্র ১২ টাকা প্রতিদিন। খেলা হোক আরও মজার। সক্রিয় করতে *5000# ডায়াল করুন।,117,0,0,0,0,0,0,0,0,0,0,0,0,0,0,0,0,0,0,0,0,0,0
normal,"আমি ঠিক আছি, আপনি কেমন আছেন?",Bengali,0,0,"আমি ঠিক আছি, আপনি কেমন আছেন?","আমি ঠিক আছি, আপনি কেমন আছেন?",[],0,0,0,0,0,0,0,0,0,0,0,0,"আমি ঠিক আছি, আপনি কেমন আছেন?",28,0,0,0,0,0,0,0,0,0,0,0,0,0,0,0,0,0,0,0,0,0,0
normal,"আজকে দুপুরে কাবাব খেতে খেতে মনে পড়লো, তুমি গত বছর বলেছিলে এই রেস্টুরেন্টে যেও। সত্যিই দারুণ লেগেছে।",Bengali,0,0,"আজকে দুপুরে কাবাব খেতে খেতে মনে পড়লো, তুমি গত বছর বলেছিলে এই রেস্টুরেন্টে যেও। সত্যিই দারুণ লেগেছে।","আজকে দুপুরে কাবাব খেতে খেতে মনে পড়লো, তুমি গত বছর বলেছিলে এই রেস্টুরেন্টে যেও। সত্যিই দারুণ লেগেছে।",[],0,0,0,0,0,0,0,0,0,0,0,0,"আজকে দুপুরে কাবাব খেতে খেতে মনে পড়লো, তুমি গত বছর বলেছিলে এই রেস্টুরেন্টে যেও। সত্যিই দারুণ লেগেছে।",100,0,0,0,0,0,0,0,0,0,0,0,0,0,0,0,0,0,0,0,0,0,0
normal,আজ বিকেলে এক কাপ চা খেতে খেতে হঠাৎ পুরোনো দিনের কথা মনে পড়ছিলো। স্কুলের সময়কার আড্ডাগুলো সত্যিই অসাধারণ ছিল।,Bengali,0,0,আজ বিকেলে এক কাপ চা খেতে খেতে হঠাৎ পুরোনো দিনের কথা মনে পড়ছিলো। স্কুলের সময়কার আড্ডাগুলো সত্যিই অসাধারণ ছিল।,আজ বিকেলে এক কাপ চা খেতে খেতে হঠাৎ পুরোনো দিনের কথা মনে পড়ছিলো। স্কুলের সময়কার আড্ডাগুলো সত্যিই অসাধারণ ছিল।,[],0,0,0,0,0,0,0,0,0,0,0,0,আজ বিকেলে এক কাপ চা খেতে খেতে হঠাৎ পুরোনো দিনের কথা মনে পড়ছিলো। স্কুলের সময়কার আড্ডাগুলো সত্যিই অসাধারণ ছিল।,110,0,0,0,0,0,0,0,0,0,0,0,0,0,0,0,0,0,0,0,0,0,0
promo,সেনাবাহিনীতে সৈনিক পদে যোগদানের জন্য ১০ জানুয়ারি ২০২৪ হতে ১৫ ফেব্রুয়ারি ২০২৪ পর্যন্ত আবেদন আহবান করা হচ্ছে। নিয়োগ বিজ্ঞপ্তিতে প্রকাশিত নির্দেশনা অনুযায়ী টেলিটক সিমের মাধ্যমে আবেদন করতে হবে,Bengali,0,1,সেনাবাহিনীতে সৈনিক পদে যোগদানের জন্য ১০ জানুয়ারি ২০২৪ হতে ১৫ ফেব্রুয়ারি ২০২৪ পর্যন্ত আবেদন আহবান করা হচ্ছে। নিয়োগ বিজ্ঞপ্তিতে প্রকাশিত নির্দেশনা অনুযায়ী টেলিটক সিমের মাধ্যমে আবেদন করতে হবে,সেনাবাহিনীতে সৈনিক পদে যোগদানের জন্য ১০ জানুয়ারি ২০২৪ হতে ১৫ ফেব্রুয়ারি ২০২৪ পর্যন্ত আবেদন আহবান করা হচ্ছে। নিয়োগ বিজ্ঞপ্তিতে প্রকাশিত নির্দেশনা অনুযায়ী টেলিটক সিমের মাধ্যমে আবেদন করতে হবে,[],0,0,0,0,0,0,0,0,0,0,0,0,সেনাবাহিনীতে সৈনিক পদে যোগদানের জন্য ১০ জানুয়ারি ২০২৪ হতে ১৫ ফেব্রুয়ারি ২০২৪ পর্যন্ত আবেদন আহবান করা হচ্ছে। নিয়োগ বিজ্ঞপ্তিতে প্রকাশিত নির্দেশনা অনুযায়ী টেলিটক সিমের মাধ্যমে আবেদন করতে হবে,192,0,0,0,0,0,0,0,0,0,0,0,0,0,0,0,0,0,0,0,0,0,0
normal,আমি আমার পরিবারের সঙ্গে আমি সময় কাটাতে চাই।,Bengali,0,0,আমি আমার পরিবারের সঙ্গে আমি সময় কাটাতে চাই।,আমি আমার পরিবারের সঙ্গে আমি সময় কাটাতে চাই।,[],0,0,0,0,0,0,0,0,0,0,0,0,আমি আমার পরিবারের সঙ্গে আমি সময় কাটাতে চাই।,44,0,0,0,0,0,0,0,0,0,0,0,0,0,0,0,0,0,0,0,0,0,0
normal,আমি এ ব্যাপারে আশাবাদী যে প্রতিবাদ লক্ষ্য মোটেও আবার প্রতিবাদ ডেকে আনা নয়। বরং প্রতিবাদের লক্ষ্য হলো নতুন কিছু এনে পরিবর্তন সাধন করা। — ডে রে ম্যাকেসন,Bengali,0,0,আমি এ ব্যাপারে আশাবাদী যে প্রতিবাদ লক্ষ্য মোটেও আবার প্রতিবাদ ডেকে আনা নয়। বরং প্রতিবাদের লক্ষ্য হলো নতুন কিছু এনে পরিবর্তন সাধন করা। — ডে রে ম্যাকেসন,আমি এ ব্যাপারে আশাবাদী যে প্রতিবাদ লক্ষ্য মোটেও আবার প্রতিবাদ ডেকে আনা নয়। বরং প্রতিবাদের লক্ষ্য হলো নতুন কিছু এনে পরিবর্তন সাধন করা। - ডে রে ম্যাকেসন,[],0,0,0,0,0,0,0,0,0,0,0,0,আমি এ ব্যাপারে আশাবাদী যে প্রতিবাদ লক্ষ্য মোটেও আবার প্রতিবাদ ডেকে আনা নয়। বরং প্রতিবাদের লক্ষ্য হলো নতুন কিছু এনে পরিবর্তন সাধন করা। - ডে রে ম্যাকেসন,151,0,0,0,0,0,0,0,0,0,0,0,0,0,0,0,0,0,0,0,0,0,0
smish,প্রতিদিন ৫০০-৭০০ টাকা ইনকাম করুন নতুন সিম নিয়ে! বিস্তারিত জানতে ইনবক্স করুন।,Bengali,0,2,প্রতিদিন ৫০০-৭০০ টাকা ইনকাম করুন নতুন সিম নিয়ে! বিস্তারিত জানতে ইনবক্স করুন।,প্রতিদিন ৫০০-৭০০ টাকা ইনকাম করুন নতুন সিম নিয়ে! বিস্তারিত জানতে ইনবক্স করুন।,[],0,0,0,0,0,0,0,0,0,0,0,0,প্রতিদিন ৫০০-৭০০ টাকা ইনকাম করুন নতুন সিম নিয়ে! বিস্তারিত জানতে ইনবক্স করুন।,77,0,0,0,0,0,0,0,0,0,0,0,0,0,0,0,0,0,0,0,0,0,0
normal,আজকে বাসে এক ঘন্টা দেরি হলো। ঢাকা শহরের জ্যামের কোনো সমাধান নেই।,Bengali,0,0,আজকে বাসে এক ঘন্টা দেরি হলো। ঢাকা শহরের জ্যামের কোনো সমাধান নেই।,আজকে বাসে এক ঘন্টা দেরি হলো। ঢাকা শহরের জ্যামের কোনো সমাধান নেই।,[],0,0,0,0,0,0,0,0,0,0,0,0,আজকে বাসে এক ঘন্টা দেরি হলো। ঢাকা শহরের জ্যামের কোনো সমাধান নেই।,64,0,0,0,0,0,0,0,0,0,0,0,0,0,0,0,0,0,0,0,0,0,0
promo,শুধু আজকের অফার! ৪০জিবি (বোনাসসহ) ৫০০টাকা ৩০দিন।ডায়াল *১২১*৫০৪৯# বা mygp.li/mo,Bengali,1,1,শুধু আজকের অফার! ৪০জিবি (বোনাসসহ) ৫০০টাকা ৩০দিন।ডায়াল *১২১*৫০৪৯# বা mygp.li/mo,শুধু আজকের অফার! ৪০জিবি (বোনাসসহ) ৫০০টাকা ৩০দিন।ডায়াল *১২১*৫০৪৯# বা mygp.li/mo,['mygp.li/mo'],1,1,10,10,0,1,0,1,0,0,0,0,শুধু আজকের অফার! ৪০জিবি (বোনাসসহ) ৫০০টাকা ৩০দিন।ডায়াল *১২১*৫০৪৯# বা  [URL] ,76,1,10,10,0,1,0,1,0,0,0,0,1,10,10,0,1,0,1,0,0,0,0
normal,সকালে হাঁটতে যাবে?,Bengali,0,0,সকালে হাঁটতে যাবে?,সকালে হাঁটতে যাবে?,[],0,0,0,0,0,0,0,0,0,0,0,0,সকালে হাঁটতে যাবে?,18,0,0,0,0,0,0,0,0,0,0,0,0,0,0,0,0,0,0,0,0,0,0
smish,"ডেইলি ৫০০,৭০০,১০০০ টাকা ইনকাম
ইমারজে'ন্সি লোক লাগবে।
কেউ করতে চাইলে আমাকে মে'সেজ দিন।",Bengali,0,2,"ডেইলি ৫০০,৭০০,১০০০ টাকা ইনকাম
ইমারজে'ন্সি লোক লাগবে।
কেউ করতে চাইলে আমাকে মে'সেজ দিন।","ডেইলি ৫০০,৭০০,১০০০ টাকা ইনকাম ইমারজে'ন্সি লোক লাগবে। কেউ করতে চাইলে আমাকে মে'সেজ দিন।",[],0,0,0,0,0,0,0,0,0,0,0,0,"ডেইলি ৫০০,৭০০,১০০০ টাকা ইনকাম ইমারজে'ন্সি লোক লাগবে। কেউ করতে চাইলে আমাকে মে'সেজ দিন।",85,0,0,0,0,0,0,0,0,0,0,0,0,0,0,0,0,0,0,0,0,0,0
smish,আপনার চাকরির পেমেন্ট পেন্ডিং। ক্লেইম করুন: claim-salary.tk,Bengali,1,2,আপনার চাকরির পেমেন্ট পেন্ডিং। ক্লেইম করুন: claim-salary.tk,আপনার চাকরির পেমেন্ট পেন্ডিং। ক্লেইম করুন: claim-salary.tk,['claim-salary.tk'],1,1,15,15,0,1,1,0,0,0,0,0,আপনার চাকরির পেমেন্ট পেন্ডিং। ক্লেইম করুন:  [URL] ,50,1,15,15,0,1,1,0,0,0,0,0,1,15,15,0,1,1,0,0,0,0,0
promo,<#> আপনার মাইজিপি পিন (code) হচ্ছে: 7433. ভেরিফাই করতে এই পিনটি ব্যবহার করুন. অপব্যবহার ঠেকাতে এই পিনটি ফরওয়ার্ড অথবা কারো সাথে শেয়ার করবেন না FyXTPoy9ZDa,Bengali,0,1,<#> আপনার মাইজিপি পিন (code) হচ্ছে: 7433. ভেরিফাই করতে এই পিনটি ব্যবহার করুন. অপব্যবহার ঠেকাতে এই পিনটি ফরওয়ার্ড অথবা কারো সাথে শেয়ার করবেন না FyXTPoy9ZDa,<#> আপনার মাইজিপি পিন (code) হচ্ছে: 7433. ভেরিফাই করতে এই পিনটি ব্যবহার করুন. অপব্যবহার ঠেকাতে এই পিনটি ফরওয়ার্ড অথবা কারো সাথে শেয়ার করবেন না FyXTPoy9ZDa,[],0,0,0,0,0,0,0,0,0,0,0,0,<#> আপনার মাইজিপি পিন (code) হচ্ছে: 7433. ভেরিফাই করতে এই পিনটি ব্যবহার করুন. অপব্যবহার ঠেকাতে এই পিনটি ফরওয়ার্ড অথবা কারো সাথে শেয়ার করবেন না FyXTPoy9ZDa,156,0,0,0,0,0,0,0,0,0,0,0,0,0,0,0,0,0,0,0,0,0,0
smish,শুধু মোবাইল থাকলে আপনিও পারবেন মাসে কমপক্ষে ১৫০০০-২০০০০ টাকা আয় করতে। বিস্তারিত জানতে ০১৭৮৩৬২৭২৮৪,Bengali,0,2,শুধু মোবাইল থাকলে আপনিও পারবেন মাসে কমপক্ষে ১৫০০০-২০০০০ টাকা আয় করতে। বিস্তারিত জানতে ০১৭৮৩৬২৭২৮৪,শুধু মোবাইল থাকলে আপনিও পারবেন মাসে কমপক্ষে ১৫০০০-২০০০০ টাকা আয় করতে। বিস্তারিত জানতে ০১৭৮৩৬২৭২৮৪,[],0,0,0,0,0,0,0,0,0,0,0,0,শুধু মোবাইল থাকলে আপনিও পারবেন মাসে কমপক্ষে ১৫০০০-২০০০০ টাকা আয় করতে। বিস্তারিত জানতে ০১৭৮৩৬২৭২৮৪,98,0,0,0,0,0,0,0,0,0,0,0,0,0,0,0,0,0,0,0,0,0,0
smish,আপনার পাসপোর্ট রিনিউ করার সময় হয়েছে। এখনই আবেদন: renew-passport.tk,Bengali,1,2,আপনার পাসপোর্ট রিনিউ করার সময় হয়েছে। এখনই আবেদন: renew-passport.tk,আপনার পাসপোর্ট রিনিউ করার সময় হয়েছে। এখনই আবেদন: renew-passport.tk,['renew-passport.tk'],1,1,17,17,0,1,1,0,0,0,0,0,আপনার পাসপোর্ট রিনিউ করার সময় হয়েছে। এখনই আবেদন:  [URL] ,58,1,17,17,0,1,1,0,0,0,0,0,1,17,17,0,1,1,0,0,0,0,0
promo,মে মাসে ৫জিবির বেশি ব্যবহার করে পাও ৪৫প/মিন কলরেট- cutt.ly/0AA4sic,Bengali,1,1,মে মাসে ৫জিবির বেশি ব্যবহার করে পাও ৪৫প/মিন কলরেট- cutt.ly/0AA4sic,মে মাসে ৫জিবির বেশি ব্যবহার করে পাও ৪৫প/মিন কলরেট- cutt.ly/0AA4sic,['cutt.ly/0AA4sic'],1,1,15,15,2,1,0,1,0,0,0,1,মে মাসে ৫জিবির বেশি ব্যবহার করে পাও ৪৫প/মিন কলরেট-  [URL] ,58,1,15,15,2,1,0,1,0,0,0,1,1,15,15,2,1,0,1,0,0,0,1
smish,"আপনার জন্য ৮500 বিনামূল্যে।
এটি এখানে পান: https://cutt
.ly/betvi",Bengali,0,2,"আপনার জন্য ৮500 বিনামূল্যে।
এটি এখানে পান: https://cutt
.ly/betvi",আপনার জন্য ৮500 বিনামূল্যে। এটি এখানে পান: https://cutt .ly/betvi,[],0,0,0,0,0,0,0,0,0,0,0,0,আপনার জন্য ৮500 বিনামূল্যে। এটি এখানে পান: https://cutt .ly/betvi,65,0,0,0,0,0,0,0,0,0,0,0,0,0,0,0,0,0,0,0,0,0,0
normal,কঠোর পরিশ্রমই সাফল্যের পথ।,Bengali,0,0,কঠোর পরিশ্রমই সাফল্যের পথ।,কঠোর পরিশ্রমই সাফল্যের পথ।,[],0,0,0,0,0,0,0,0,0,0,0,0,কঠোর পরিশ্রমই সাফল্যের পথ।,26,0,0,0,0,0,0,0,0,0,0,0,0,0,0,0,0,0,0,0,0,0,0
normal,আজ দুপুরে অফিসে প্রচুর চাপ ছিল। বস আবার নতুন প্রজেক্ট নিয়ে মিটিং ডাকলো।,Bengali,0,0,আজ দুপুরে অফিসে প্রচুর চাপ ছিল। বস আবার নতুন প্রজেক্ট নিয়ে মিটিং ডাকলো।,আজ দুপুরে অফিসে প্রচুর চাপ ছিল। বস আবার নতুন প্রজেক্ট নিয়ে মিটিং ডাকলো।,[],0,0,0,0,0,0,0,0,0,0,0,0,আজ দুপুরে অফিসে প্রচুর চাপ ছিল। বস আবার নতুন প্রজেক্ট নিয়ে মিটিং ডাকলো।,72,0,0,0,0,0,0,0,0,0,0,0,0,0,0,0,0,0,0,0,0,0,0
normal,কাল রাতে বাংলাদেশ আর পাকিস্তানের খেলা দেখেছো? ম্যাচটা একেবারে শেষ পর্যন্ত উত্তেজনাপূর্ণ ছিল। সবাই ক্যাফেতে বসে দারুণ আনন্দ করেছি।,Bengali,0,0,কাল রাতে বাংলাদেশ আর পাকিস্তানের খেলা দেখেছো? ম্যাচটা একেবারে শেষ পর্যন্ত উত্তেজনাপূর্ণ ছিল। সবাই ক্যাফেতে বসে দারুণ আনন্দ করেছি।,কাল রাতে বাংলাদেশ আর পাকিস্তানের খেলা দেখেছো? ম্যাচটা একেবারে শেষ পর্যন্ত উত্তেজনাপূর্ণ ছিল। সবাই ক্যাফেতে বসে দারুণ আনন্দ করেছি।,[],0,0,0,0,0,0,0,0,0,0,0,0,কাল রাতে বাংলাদেশ আর পাকিস্তানের খেলা দেখেছো? ম্যাচটা একেবারে শেষ পর্যন্ত উত্তেজনাপূর্ণ ছিল। সবাই ক্যাফেতে বসে দারুণ আনন্দ করেছি।,129,0,0,0,0,0,0,0,0,0,0,0,0,0,0,0,0,0,0,0,0,0,0
normal,আমার মনে হয় আমাদের গ্রুপ স্টাডি আবার শুরু করা উচিত। পরীক্ষার সময় কাছেই।,Bengali,0,0,আমার মনে হয় আমাদের গ্রুপ স্টাডি আবার শুরু করা উচিত। পরীক্ষার সময় কাছেই।,আমার মনে হয় আমাদের গ্রুপ স্টাডি আবার শুরু করা উচিত। পরীক্ষার সময় কাছেই।,[],0,0,0,0,0,0,0,0,0,0,0,0,আমার মনে হয় আমাদের গ্রুপ স্টাডি আবার শুরু করা উচিত। পরীক্ষার সময় কাছেই।,73,0,0,0,0,0,0,0,0,0,0,0,0,0,0,0,0,0,0,0,0,0,0
normal,সুপ্রভাত!,Bengali,0,0,সুপ্রভাত!,সুপ্রভাত!,[],0,0,0,0,0,0,0,0,0,0,0,0,সুপ্রভাত!,9,0,0,0,0,0,0,0,0,0,0,0,0,0,0,0,0,0,0,0,0,0,0
smish,bKash অ্যাকাউন্ট ব্লক হয়েছে। পুনরায় চালু করতে কল করুন: +8801718899001,Bengali,0,2,bKash অ্যাকাউন্ট ব্লক হয়েছে। পুনরায় চালু করতে কল করুন: +8801718899001,bKash অ্যাকাউন্ট ব্লক হয়েছে। পুনরায় চালু করতে কল করুন: +8801718899001,[],0,0,0,0,0,0,0,0,0,0,0,0,bKash অ্যাকাউন্ট ব্লক হয়েছে। পুনরায় চালু করতে কল করুন: +8801718899001,71,0,0,0,0,0,0,0,0,0,0,0,0,0,0,0,0,0,0,0,0,0,0
normal,তোমার প্রিয় ঋতু কোনটা?,Bengali,0,0,তোমার প্রিয় ঋতু কোনটা?,তোমার প্রিয় ঋতু কোনটা?,[],0,0,0,0,0,0,0,0,0,0,0,0,তোমার প্রিয় ঋতু কোনটা?,23,0,0,0,0,0,0,0,0,0,0,0,0,0,0,0,0,0,0,0,0,0,0
promo,"পেট ফুড ও সাপ্লাইতে ছাড়! কুকুর, বিড়ালের খাবারে ২৫% কমতি।",Bengali,0,1,"পেট ফুড ও সাপ্লাইতে ছাড়! কুকুর, বিড়ালের খাবারে ২৫% কমতি।","পেট ফুড ও সাপ্লাইতে ছাড়! কুকুর, বিড়ালের খাবারে ২৫% কমতি।",[],0,0,0,0,0,0,0,0,0,0,0,0,"পেট ফুড ও সাপ্লাইতে ছাড়! কুকুর, বিড়ালের খাবারে ২৫% কমতি।",58,0,0,0,0,0,0,0,0,0,0,0,0,0,0,0,0,0,0,0,0,0,0
normal,কাল কি করব?,Bengali,0,0,কাল কি করব?,কাল কি করব?,[],0,0,0,0,0,0,0,0,0,0,0,0,কাল কি করব?,11,0,0,0,0,0,0,0,0,0,0,0,0,0,0,0,0,0,0,0,0,0,0
smish,"সোনালী ব্যাংক কার্ডধারী, আপনার ৯৮,০০০ টাকার অনলাইন ট্রানজেকশন অস্বাভাবিক মনে হচ্ছে। যাচাই করতে sonali-cardcheck.org এ লগইন করুন। না করলে কার্ড বাতিল হবে।",Bengali,1,2,"সোনালী ব্যাংক কার্ডধারী, আপনার ৯৮,০০০ টাকার অনলাইন ট্রানজেকশন অস্বাভাবিক মনে হচ্ছে। যাচাই করতে sonali-cardcheck.org এ লগইন করুন। না করলে কার্ড বাতিল হবে।","সোনালী ব্যাংক কার্ডধারী, আপনার ৯৮,০০০ টাকার অনলাইন ট্রানজেকশন অস্বাভাবিক মনে হচ্ছে। যাচাই করতে sonali-cardcheck.org এ লগইন করুন। না করলে কার্ড বাতিল হবে।",['sonali-cardcheck.org'],1,1,20,20,0,1,1,0,0,0,0,0,"সোনালী ব্যাংক কার্ডধারী, আপনার ৯৮,০০০ টাকার অনলাইন ট্রানজেকশন অস্বাভাবিক মনে হচ্ছে। যাচাই করতে  [URL]  এ লগইন করুন। না করলে কার্ড বাতিল হবে।",140,1,20,20,0,1,1,0,0,0,0,0,1,20,20,0,1,1,0,0,0,0,0
promo,Banglalink গ্রাহকরা ১০০ টাকা রিচার্জে পাচ্ছেন ১০০ এসএমএস ফ্রি। অফার বৈধ আজ রাত পর্যন্ত।,Bengali,0,1,Banglalink গ্রাহকরা ১০০ টাকা রিচার্জে পাচ্ছেন ১০০ এসএমএস ফ্রি। অফার বৈধ আজ রাত পর্যন্ত।,Banglalink গ্রাহকরা ১০০ টাকা রিচার্জে পাচ্ছেন ১০০ এসএমএস ফ্রি। অফার বৈধ আজ রাত পর্যন্ত।,[],0,0,0,0,0,0,0,0,0,0,0,0,Banglalink গ্রাহকরা ১০০ টাকা রিচার্জে পাচ্ছেন ১০০ এসএমএস ফ্রি। অফার বৈধ আজ রাত পর্যন্ত।,87,0,0,0,0,0,0,0,0,0,0,0,0,0,0,0,0,0,0,0,0,0,0
normal,"দাদু, আজ আপনার জন্য মিষ্টি এনেছি। খুশি হবেন।",Bengali,0,0,"দাদু, আজ আপনার জন্য মিষ্টি এনেছি। খুশি হবেন।","দাদু, আজ আপনার জন্য মিষ্টি এনেছি। খুশি হবেন।",[],0,0,0,0,0,0,0,0,0,0,0,0,"দাদু, আজ আপনার জন্য মিষ্টি এনেছি। খুশি হবেন।",44,0,0,0,0,0,0,0,0,0,0,0,0,0,0,0,0,0,0,0,0,0,0
promo,"বাড়ির ডেকোর আইটেমে ২০% ছাড়। স্টক সীমিত, দেরি করবেন না।",Bengali,0,1,"বাড়ির ডেকোর আইটেমে ২০% ছাড়। স্টক সীমিত, দেরি করবেন না।","বাড়ির ডেকোর আইটেমে ২০% ছাড়। স্টক সীমিত, দেরি করবেন না।",[],0,0,0,0,0,0,0,0,0,0,0,0,"বাড়ির ডেকোর আইটেমে ২০% ছাড়। স্টক সীমিত, দেরি করবেন না।",56,0,0,0,0,0,0,0,0,0,0,0,0,0,0,0,0,0,0,0,0,0,0
normal,শুভ জন্মদিন অভিনন্দন!,Bengali,0,0,শুভ জন্মদিন অভিনন্দন!,শুভ জন্মদিন অভিনন্দন!,[],0,0,0,0,0,0,0,0,0,0,0,0,শুভ জন্মদিন অভিনন্দন!,21,0,0,0,0,0,0,0,0,0,0,0,0,0,0,0,0,0,0,0,0,0,0
smish,গুরুত্বপূর্ণ: আপনার প্রপার্টি ট্যাক্স অপরিশোধিত। পেমেন্ট: property-tax.ml,Bengali,1,2,গুরুত্বপূর্ণ: আপনার প্রপার্টি ট্যাক্স অপরিশোধিত। পেমেন্ট: property-tax.ml,গুরুত্বপূর্ণ: আপনার প্রপার্টি ট্যাক্স অপরিশোধিত। পেমেন্ট: property-tax.ml,['property-tax.ml'],1,1,15,15,0,1,1,0,0,0,0,0,গুরুত্বপূর্ণ: আপনার প্রপার্টি ট্যাক্স অপরিশোধিত। পেমেন্ট:  [URL] ,65,1,15,15,0,1,1,0,0,0,0,0,1,15,15,0,1,1,0,0,0,0,0
promo,"৳৮০ ক্যাশব্যাকে বেশি বেশি ডাটা ৩০জিবি@৳৩১৯, ৩০দিন cutt.ly/aw59tNYD",Bengali,1,1,"৳৮০ ক্যাশব্যাকে বেশি বেশি ডাটা ৩০জিবি@৳৩১৯, ৩০দিন cutt.ly/aw59tNYD","৳৮০ ক্যাশব্যাকে বেশি বেশি ডাটা ৩০জিবি@৳৩১৯, ৩০দিন cutt.ly/aw59tNYD",['cutt.ly/aw59tNYD'],1,1,16,16,2,1,0,1,0,0,0,1,"৳৮০ ক্যাশব্যাকে বেশি বেশি ডাটা ৩০জিবি@৳৩১৯, ৩০দিন  [URL] ",57,1,16,16,2,1,0,1,0,0,0,1,1,16,16,2,1,0,1,0,0,0,1
smish,আপনার নম্বরটি পুরস্কার জিতেছে। বিস্তারিত জানতে কল করুন +8801713344556,Bengali,0,2,আপনার নম্বরটি পুরস্কার জিতেছে। বিস্তারিত জানতে কল করুন +8801713344556,আপনার নম্বরটি পুরস্কার জিতেছে। বিস্তারিত জানতে কল করুন +8801713344556,[],0,0,0,0,0,0,0,0,0,0,0,0,আপনার নম্বরটি পুরস্কার জিতেছে। বিস্তারিত জানতে কল করুন +8801713344556,69,0,0,0,0,0,0,0,0,0,0,0,0,0,0,0,0,0,0,0,0,0,0
normal,"তোমার আগে কোনো বই পড়েছি? হ্যাঁ, অনেক বই পড়েছি। তুমি কি?",Bengali,0,0,"তোমার আগে কোনো বই পড়েছি? হ্যাঁ, অনেক বই পড়েছি। তুমি কি?","তোমার আগে কোনো বই পড়েছি? হ্যাঁ, অনেক বই পড়েছি। তুমি কি?",[],0,0,0,0,0,0,0,0,0,0,0,0,"তোমার আগে কোনো বই পড়েছি? হ্যাঁ, অনেক বই পড়েছি। তুমি কি?",57,0,0,0,0,0,0,0,0,0,0,0,0,0,0,0,0,0,0,0,0,0,0
smish,আপনার নম্বরটি একটি বিশেষ অফারে নির্বাচিত হয়েছে! পুরস্কার পেতে কল করুন +8801716677889,Bengali,0,2,আপনার নম্বরটি একটি বিশেষ অফারে নির্বাচিত হয়েছে! পুরস্কার পেতে কল করুন +8801716677889,আপনার নম্বরটি একটি বিশেষ অফারে নির্বাচিত হয়েছে! পুরস্কার পেতে কল করুন +8801716677889,[],0,0,0,0,0,0,0,0,0,0,0,0,আপনার নম্বরটি একটি বিশেষ অফারে নির্বাচিত হয়েছে! পুরস্কার পেতে কল করুন +8801716677889,85,0,0,0,0,0,0,0,0,0,0,0,0,0,0,0,0,0,0,0,0,0,0
normal,"হাই, কি খবর?",Bengali,0,0,"হাই, কি খবর?","হাই, কি খবর?",[],0,0,0,0,0,0,0,0,0,0,0,0,"হাই, কি খবর?",12,0,0,0,0,0,0,0,0,0,0,0,0,0,0,0,0,0,0,0,0,0,0
normal,"নানু, আজ আপনার কাছে বেড়াতে যাবো। কিছু লাগবে?",Bengali,0,0,"নানু, আজ আপনার কাছে বেড়াতে যাবো। কিছু লাগবে?","নানু, আজ আপনার কাছে বেড়াতে যাবো। কিছু লাগবে?",[],0,0,0,0,0,0,0,0,0,0,0,0,"নানু, আজ আপনার কাছে বেড়াতে যাবো। কিছু লাগবে?",45,0,0,0,0,0,0,0,0,0,0,0,0,0,0,0,0,0,0,0,0,0,0
promo,"বেশি বেশি আড্ডা+ইন্টারনেটিং,নাও ৫জিবি+১৫০মি@৳১৪৯,৭দিন cutt.ly/owEyhCVt",Bengali,1,1,"বেশি বেশি আড্ডা+ইন্টারনেটিং,নাও ৫জিবি+১৫০মি@৳১৪৯,৭দিন cutt.ly/owEyhCVt","বেশি বেশি আড্ডা+ইন্টারনেটিং,নাও ৫জিবি+১৫০মি@৳১৪৯,৭দিন cutt.ly/owEyhCVt",['cutt.ly/owEyhCVt'],1,1,16,16,0,1,0,1,0,0,0,1,"বেশি বেশি আড্ডা+ইন্টারনেটিং,নাও ৫জিবি+১৫০মি@৳১৪৯,৭দিন  [URL] ",61,1,16,16,0,1,0,1,0,0,0,1,1,16,16,0,1,0,1,0,0,0,1
smish,"আপনি চাকরির পর্যালোচনায় পাস হয়েছেন এবং প্রতিদিন ২,০০০ টাকা বেতন পাবেন। যোগাযোগ : https://wa.me/8801726768680",Bengali,1,2,"আপনি চাকরির পর্যালোচনায় পাস হয়েছেন এবং প্রতিদিন ২,০০০ টাকা বেতন পাবেন। যোগাযোগ : https://wa.me/8801726768680","আপনি চাকরির পর্যালোচনায় পাস হয়েছেন এবং প্রতিদিন ২,০০০ টাকা বেতন পাবেন। যোগাযোগ : https://wa.me/8801726768680",['https://wa.me/8801726768680'],1,1,27,27,13,1,0,3,1,0,0,0,"আপনি চাকরির পর্যালোচনায় পাস হয়েছেন এবং প্রতিদিন ২,০০০ টাকা বেতন পাবেন। যোগাযোগ :  [URL] ",90,1,27,27,13,1,0,3,1,0,0,0,1,27,27,13,1,0,3,1,0,0,0
smish,"বেকার যুবক, যুবতী, গৃহিণী, রিটায়ার্ড ব্যক্তিদের জন্য ঘরে বসে অনলাইনে স্বল্প সময়ে প্রচুর টাকা উপার্জন করার
সুবর্ণ সুযোগ",Bengali,0,2,"বেকার যুবক, যুবতী, গৃহিণী, রিটায়ার্ড ব্যক্তিদের জন্য ঘরে বসে অনলাইনে স্বল্প সময়ে প্রচুর টাকা উপার্জন করার
সুবর্ণ সুযোগ","বেকার যুবক, যুবতী, গৃহিণী, রিটায়ার্ড ব্যক্তিদের জন্য ঘরে বসে অনলাইনে স্বল্প সময়ে প্রচুর টাকা উপার্জন করার সুবর্ণ সুযোগ",[],0,0,0,0,0,0,0,0,0,0,0,0,"বেকার যুবক, যুবতী, গৃহিণী, রিটায়ার্ড ব্যক্তিদের জন্য ঘরে বসে অনলাইনে স্বল্প সময়ে প্রচুর টাকা উপার্জন করার সুবর্ণ সুযোগ",120,0,0,0,0,0,0,0,0,0,0,0,0,0,0,0,0,0,0,0,0,0,0
normal,কেমন চলছে তোমার দিনটি?,Bengali,0,0,কেমন চলছে তোমার দিনটি?,কেমন চলছে তোমার দিনটি?,[],0,0,0,0,0,0,0,0,0,0,0,0,কেমন চলছে তোমার দিনটি?,22,0,0,0,0,0,0,0,0,0,0,0,0,0,0,0,0,0,0,0,0,0,0
normal,শুভ পয়লা বৈশাখের প্রীতি ও শুভেচ্ছা!,Bengali,0,0,শুভ পয়লা বৈশাখের প্রীতি ও শুভেচ্ছা!,শুভ পয়লা বৈশাখের প্রীতি ও শুভেচ্ছা!,[],0,0,0,0,0,0,0,0,0,0,0,0,শুভ পয়লা বৈশাখের প্রীতি ও শুভেচ্ছা!,36,0,0,0,0,0,0,0,0,0,0,0,0,0,0,0,0,0,0,0,0,0,0
normal,"ভাই, 
আযহার ভাই আপনার সাথে দেখা করতে বললো। এম. ফিল এর Synopsis নিয়ে",Bengali,0,0,"ভাই, 
আযহার ভাই আপনার সাথে দেখা করতে বললো। এম. ফিল এর Synopsis নিয়ে","ভাই, আযহার ভাই আপনার সাথে দেখা করতে বললো। এম. ফিল এর Synopsis নিয়ে",[],0,0,0,0,0,0,0,0,0,0,0,0,"ভাই, আযহার ভাই আপনার সাথে দেখা করতে বললো। এম. ফিল এর Synopsis নিয়ে",67,0,0,0,0,0,0,0,0,0,0,0,0,0,0,0,0,0,0,0,0,0,0
promo,"DBBL কার্ডে শপিং করলে ১০% ক্যাশব্যাক, সর্বোচ্চ ৫০০ টাকা পর্যন্ত। অফার বৈধ এই মাসের শেষ পর্যন্ত।",Bengali,0,1,"DBBL কার্ডে শপিং করলে ১০% ক্যাশব্যাক, সর্বোচ্চ ৫০০ টাকা পর্যন্ত। অফার বৈধ এই মাসের শেষ পর্যন্ত।","DBBL কার্ডে শপিং করলে ১০% ক্যাশব্যাক, সর্বোচ্চ ৫০০ টাকা পর্যন্ত। অফার বৈধ এই মাসের শেষ পর্যন্ত।",[],0,0,0,0,0,0,0,0,0,0,0,0,"DBBL কার্ডে শপিং করলে ১০% ক্যাশব্যাক, সর্বোচ্চ ৫০০ টাকা পর্যন্ত। অফার বৈধ এই মাসের শেষ পর্যন্ত।",95,0,0,0,0,0,0,0,0,0,0,0,0,0,0,0,0,0,0,0,0,0,0
promo,"আড্ডা+ইন্টারনেটিংয়ে নতুন ডিল ১০জিবি+২৫০মি@২৫৮৳,৩০দিন cutt.ly/wwCctHGF",Bengali,1,1,"আড্ডা+ইন্টারনেটিংয়ে নতুন ডিল ১০জিবি+২৫০মি@২৫৮৳,৩০দিন cutt.ly/wwCctHGF","আড্ডা+ইন্টারনেটিংয়ে নতুন ডিল ১০জিবি+২৫০মি@২৫৮৳,৩০দিন cutt.ly/wwCctHGF",['cutt.ly/wwCctHGF'],1,1,16,16,0,1,0,1,0,0,0,1,"আড্ডা+ইন্টারনেটিংয়ে নতুন ডিল ১০জিবি+২৫০মি@২৫৮৳,৩০দিন  [URL] ",61,1,16,16,0,1,0,1,0,0,0,1,1,16,16,0,1,0,1,0,0,0,1
smish,জরুরি নোটিশ: আপনার ইলেকট্রিক মিটার রিডিং ভুল। সংশোধন: correct-meter.ga,Bengali,1,2,জরুরি নোটিশ: আপনার ইলেকট্রিক মিটার রিডিং ভুল। সংশোধন: correct-meter.ga,জরুরি নোটিশ: আপনার ইলেকট্রিক মিটার রিডিং ভুল। সংশোধন: correct-meter.ga,['correct-meter.ga'],1,1,16,16,0,1,1,0,0,0,0,0,জরুরি নোটিশ: আপনার ইলেকট্রিক মিটার রিডিং ভুল। সংশোধন:  [URL] ,61,1,16,16,0,1,1,0,0,0,0,0,1,16,16,0,1,1,0,0,0,0,0
smish,৮.২০০ বিনামূল্যে বোনাস! ৮.৫০০০ জেতার সুযোগ। https://cutt.ly/Cr1ket,Bengali,1,2,৮.২০০ বিনামূল্যে বোনাস! ৮.৫০০০ জেতার সুযোগ। https://cutt.ly/Cr1ket,৮.২০০ বিনামূল্যে বোনাস! ৮.৫০০০ জেতার সুযোগ। https://cutt.ly/Cr1ket,['https://cutt.ly/Cr1ket'],1,1,22,22,1,1,0,3,1,0,0,1,৮.২০০ বিনামূল্যে বোনাস! ৮.৫০০০ জেতার সুযোগ।  [URL] ,51,1,22,22,1,1,0,3,1,0,0,1,1,22,22,1,1,0,3,1,0,0,1
smish,আপনার মোবাইল সিম পুনরায় চালু করতে কল করুন +8801910011223,Bengali,0,2,আপনার মোবাইল সিম পুনরায় চালু করতে কল করুন +8801910011223,আপনার মোবাইল সিম পুনরায় চালু করতে কল করুন +8801910011223,[],0,0,0,0,0,0,0,0,0,0,0,0,আপনার মোবাইল সিম পুনরায় চালু করতে কল করুন +8801910011223,57,0,0,0,0,0,0,0,0,0,0,0,0,0,0,0,0,0,0,0,0,0,0
normal,আপনি কি চিন্তা করছেন?,Bengali,0,0,আপনি কি চিন্তা করছেন?,আপনি কি চিন্তা করছেন?,[],0,0,0,0,0,0,0,0,0,0,0,0,আপনি কি চিন্তা করছেন?,21,0,0,0,0,0,0,0,0,0,0,0,0,0,0,0,0,0,0,0,0,0,0
promo,টেলিটক নতুন সিম! প্রথম রিচার্জে বোনাস ১০০% পর্যন্ত। কাছের রিটেইলার থেকে নিন।,Bengali,0,1,টেলিটক নতুন সিম! প্রথম রিচার্জে বোনাস ১০০% পর্যন্ত। কাছের রিটেইলার থেকে নিন।,টেলিটক নতুন সিম! প্রথম রিচার্জে বোনাস ১০০% পর্যন্ত। কাছের রিটেইলার থেকে নিন।,[],0,0,0,0,0,0,0,0,0,0,0,0,টেলিটক নতুন সিম! প্রথম রিচার্জে বোনাস ১০০% পর্যন্ত। কাছের রিটেইলার থেকে নিন।,76,0,0,0,0,0,0,0,0,0,0,0,0,0,0,0,0,0,0,0,0,0,0
normal,"আমি ঠিক আছি, ধন্যবাদ।",Bengali,0,0,"আমি ঠিক আছি, ধন্যবাদ।","আমি ঠিক আছি, ধন্যবাদ।",[],0,0,0,0,0,0,0,0,0,0,0,0,"আমি ঠিক আছি, ধন্যবাদ।",21,0,0,0,0,0,0,0,0,0,0,0,0,0,0,0,0,0,0,0,0,0,0
promo,"৩০জিবি @৩০০৳,৩০দিন! ফুল-অন ইন্টারনেটিং করতে নাও- cutt.ly/jwkuSC76",Bengali,1,1,"৩০জিবি @৩০০৳,৩০দিন! ফুল-অন ইন্টারনেটিং করতে নাও- cutt.ly/jwkuSC76","৩০জিবি @৩০০৳,৩০দিন! ফুল-অন ইন্টারনেটিং করতে নাও- cutt.ly/jwkuSC76",['cutt.ly/jwkuSC76'],1,1,16,16,2,1,0,1,0,0,0,1,"৩০জিবি @৩০০৳,৩০দিন! ফুল-অন ইন্টারনেটিং করতে নাও-  [URL] ",56,1,16,16,2,1,0,1,0,0,0,1,1,16,16,2,1,0,1,0,0,0,1
promo,"ফুলঅন ইন্টারনেটিংয়ে পকেট সেভিং,নাও ২জিবি@৳৬৯,৭ দিন- cutt.ly/CwUPKGTR",Bengali,1,1,"ফুলঅন ইন্টারনেটিংয়ে পকেট সেভিং,নাও ২জিবি@৳৬৯,৭ দিন- cutt.ly/CwUPKGTR","ফুলঅন ইন্টারনেটিংয়ে পকেট সেভিং,নাও ২জিবি@৳৬৯,৭ দিন- cutt.ly/CwUPKGTR",['cutt.ly/CwUPKGTR'],1,1,16,16,0,1,0,1,0,0,0,1,"ফুলঅন ইন্টারনেটিংয়ে পকেট সেভিং,নাও ২জিবি@৳৬৯,৭ দিন-  [URL] ",60,1,16,16,0,1,0,1,0,0,0,1,1,16,16,0,1,0,1,0,0,0,1
promo,"২০০৳ সুপার ক্যাশব্যাকে নাও ৬১জিবি+১০০০মি@৳৬৯৯,৩০দিন: cutt.ly/OwG5T3ub",Bengali,1,1,"২০০৳ সুপার ক্যাশব্যাকে নাও ৬১জিবি+১০০০মি@৳৬৯৯,৩০দিন: cutt.ly/OwG5T3ub","২০০৳ সুপার ক্যাশব্যাকে নাও ৬১জিবি+১০০০মি@৳৬৯৯,৩০দিন: cutt.ly/OwG5T3ub",['cutt.ly/OwG5T3ub'],1,1,16,16,2,1,0,1,0,0,0,1,"২০০৳ সুপার ক্যাশব্যাকে নাও ৬১জিবি+১০০০মি@৳৬৯৯,৩০দিন:  [URL] ",60,1,16,16,2,1,0,1,0,0,0,1,1,16,16,2,1,0,1,0,0,0,1
normal,তুমি কি আমার কাছে আসতে চাও?,Bengali,0,0,তুমি কি আমার কাছে আসতে চাও?,তুমি কি আমার কাছে আসতে চাও?,[],0,0,0,0,0,0,0,0,0,0,0,0,তুমি কি আমার কাছে আসতে চাও?,27,0,0,0,0,0,0,0,0,0,0,0,0,0,0,0,0,0,0,0,0,0,0
normal,আমি এখানে।,Bengali,0,0,আমি এখানে।,আমি এখানে।,[],0,0,0,0,0,0,0,0,0,0,0,0,আমি এখানে।,10,0,0,0,0,0,0,0,0,0,0,0,0,0,0,0,0,0,0,0,0,0,0
promo,"৪০৳ চিল ক্যাশব্যাকে ৩৫জিবি+৫০০মি.@৪৫৯৳ ৩০দিন, নাও: cutt.ly/0wO6Jggn",Bengali,1,1,"৪০৳ চিল ক্যাশব্যাকে ৩৫জিবি+৫০০মি.@৪৫৯৳ ৩০দিন, নাও: cutt.ly/0wO6Jggn","৪০৳ চিল ক্যাশব্যাকে ৩৫জিবি+৫০০মি.@৪৫৯৳ ৩০দিন, নাও: cutt.ly/0wO6Jggn",['cutt.ly/0wO6Jggn'],1,1,16,16,2,1,0,1,0,0,0,1,"৪০৳ চিল ক্যাশব্যাকে ৩৫জিবি+৫০০মি.@৪৫৯৳ ৩০দিন, নাও:  [URL] ",58,1,16,16,2,1,0,1,0,0,0,1,1,16,16,2,1,0,1,0,0,0,1
smish,আপনার ক্রেডিট কার্ডের নিরাপত্তা নিশ্চিত করতে এখানে ক্লিক করুন: http://bit.ly/SecureCard,Bengali,1,2,আপনার ক্রেডিট কার্ডের নিরাপত্তা নিশ্চিত করতে এখানে ক্লিক করুন: http://bit.ly/SecureCard,আপনার ক্রেডিট কার্ডের নিরাপত্তা নিশ্চিত করতে এখানে ক্লিক করুন: http://bit.ly/SecureCard,['http://bit.ly/SecureCard'],1,1,24,24,0,1,0,3,0,0,0,1,আপনার ক্রেডিট কার্ডের নিরাপত্তা নিশ্চিত করতে এখানে ক্লিক করুন:  [URL] ,70,1,24,24,0,1,0,3,0,0,0,1,1,24,24,0,1,0,3,0,0,0,1
smish,সোনালী ব্যাংক অ্যাকাউন্টে ত্রুটি দেখা দিয়েছে। কল করুন: +8801914455667,Bengali,0,2,সোনালী ব্যাংক অ্যাকাউন্টে ত্রুটি দেখা দিয়েছে। কল করুন: +8801914455667,সোনালী ব্যাংক অ্যাকাউন্টে ত্রুটি দেখা দিয়েছে। কল করুন: +8801914455667,[],0,0,0,0,0,0,0,0,0,0,0,0,সোনালী ব্যাংক অ্যাকাউন্টে ত্রুটি দেখা দিয়েছে। কল করুন: +8801914455667,70,0,0,0,0,0,0,0,0,0,0,0,0,0,0,0,0,0,0,0,0,0,0
promo,"৳৩০ ক্যাশব্যাকে এবার আরো বেশি ডাটা ৫০জিবি@৳৪৬৮, ৩০দিন cutt.ly/QwE5OlXt",Bengali,1,1,"৳৩০ ক্যাশব্যাকে এবার আরো বেশি ডাটা ৫০জিবি@৳৪৬৮, ৩০দিন cutt.ly/QwE5OlXt","৳৩০ ক্যাশব্যাকে এবার আরো বেশি ডাটা ৫০জিবি@৳৪৬৮, ৩০দিন cutt.ly/QwE5OlXt",['cutt.ly/QwE5OlXt'],1,1,16,16,1,1,0,1,0,0,0,1,"৳৩০ ক্যাশব্যাকে এবার আরো বেশি ডাটা ৫০জিবি@৳৪৬৮, ৩০দিন  [URL] ",61,1,16,16,1,1,0,1,0,0,0,1,1,16,16,1,1,0,1,0,0,0,1
smish,"২০,০০০ টাকা বিনিয়োগে ৬০,০০০ টাকা পান! কল করুন: +8801916566678",Bengali,0,2,"২০,০০০ টাকা বিনিয়োগে ৬০,০০০ টাকা পান! কল করুন: +8801916566678","২০,০০০ টাকা বিনিয়োগে ৬০,০০০ টাকা পান! কল করুন: +8801916566678",[],0,0,0,0,0,0,0,0,0,0,0,0,"২০,০০০ টাকা বিনিয়োগে ৬০,০০০ টাকা পান! কল করুন: +8801916566678",62,0,0,0,0,0,0,0,0,0,0,0,0,0,0,0,0,0,0,0,0,0,0
smish,বিটকয়েন দিয়ে সহজে অর্থ উপার্জন করুন! আজই শুরু করুন: http://bit.ly/EasyCrypto,Bengali,1,2,বিটকয়েন দিয়ে সহজে অর্থ উপার্জন করুন! আজই শুরু করুন: http://bit.ly/EasyCrypto,বিটকয়েন দিয়ে সহজে অর্থ উপার্জন করুন! আজই শুরু করুন: http://bit.ly/EasyCrypto,['http://bit.ly/EasyCrypto'],1,1,24,24,0,1,0,3,0,0,0,1,বিটকয়েন দিয়ে সহজে অর্থ উপার্জন করুন! আজই শুরু করুন:  [URL] ,61,1,24,24,0,1,0,3,0,0,0,1,1,24,24,0,1,0,3,0,0,0,1
normal,সুবর্ণ সন্ধ্যা!,Bengali,0,0,সুবর্ণ সন্ধ্যা!,সুবর্ণ সন্ধ্যা!,[],0,0,0,0,0,0,0,0,0,0,0,0,সুবর্ণ সন্ধ্যা!,15,0,0,0,0,0,0,0,0,0,0,0,0,0,0,0,0,0,0,0,0,0,0
normal,তুমি কি রবিবার বাসায় আসবে? মা অনেকদিন ধরে তোমার সাথে দেখা করতে চাচ্ছে।,Bengali,0,0,তুমি কি রবিবার বাসায় আসবে? মা অনেকদিন ধরে তোমার সাথে দেখা করতে চাচ্ছে।,তুমি কি রবিবার বাসায় আসবে? মা অনেকদিন ধরে তোমার সাথে দেখা করতে চাচ্ছে।,[],0,0,0,0,0,0,0,0,0,0,0,0,তুমি কি রবিবার বাসায় আসবে? মা অনেকদিন ধরে তোমার সাথে দেখা করতে চাচ্ছে।,71,0,0,0,0,0,0,0,0,0,0,0,0,0,0,0,0,0,0,0,0,0,0
smish,"https://t.me/DailyEarn_Money_bot?start=r08368814246
উপরে দেওয়া লিং এ ক্লিক করে ডেলি ২০০ থেকে ৩০০ টাকা ইনকাম করতে চাইলে এখনি ক্লিক করুন",Bengali,1,2,"https://t.me/DailyEarn_Money_bot?start=r08368814246
উপরে দেওয়া লিং এ ক্লিক করে ডেলি ২০০ থেকে ৩০০ টাকা ইনকাম করতে চাইলে এখনি ক্লিক করুন",https://t.me/DailyEarn_Money_bot?start=r08368814246 উপরে দেওয়া লিং এ ক্লিক করে ডেলি ২০০ থেকে ৩০০ টাকা ইনকাম করতে চাইলে এখনি ক্লিক করুন,['https://t.me/DailyEarn_Money_bot?start=r08368814246'],1,1,51,51,11,1,0,3,1,0,0,0, [URL]  উপরে দেওয়া লিং এ ক্লিক করে ডেলি ২০০ থেকে ৩০০ টাকা ইনকাম করতে চাইলে এখনি ক্লিক করুন,91,1,51,51,11,1,0,3,1,0,0,0,1,51,51,11,1,0,3,1,0,0,0
smish,প্রাই মিনিটস লেপটপ স্কিমের আওতায় লেপটপের জন্য আবেদন করুন https://laptop.vkxd.top/?ok=8yYRANEs,Bengali,1,2,প্রাই মিনিটস লেপটপ স্কিমের আওতায় লেপটপের জন্য আবেদন করুন https://laptop.vkxd.top/?ok=8yYRANEs,প্রাই মিনিটস লেপটপ স্কিমের আওতায় লেপটপের জন্য আবেদন করুন https://laptop.vkxd.top/?ok=8yYRANEs,['https://laptop.vkxd.top/?ok=8yYRANEs'],1,1,36,36,1,2,0,3,1,0,0,0,প্রাই মিনিটস লেপটপ স্কিমের আওতায় লেপটপের জন্য আবেদন করুন  [URL] ,65,1,36,36,1,2,0,3,1,0,0,0,1,36,36,1,2,0,3,1,0,0,0
smish,আপনার মোবাইল ব্যাংকিং অ্যাকাউন্ট আপডেট করতে কল করুন +8801916677889,Bengali,0,2,আপনার মোবাইল ব্যাংকিং অ্যাকাউন্ট আপডেট করতে কল করুন +8801916677889,আপনার মোবাইল ব্যাংকিং অ্যাকাউন্ট আপডেট করতে কল করুন +8801916677889,[],0,0,0,0,0,0,0,0,0,0,0,0,আপনার মোবাইল ব্যাংকিং অ্যাকাউন্ট আপডেট করতে কল করুন +8801916677889,66,0,0,0,0,0,0,0,0,0,0,0,0,0,0,0,0,0,0,0,0,0,0
promo,অনলাইন শপিংয়ে ২০% পর্যন্ত ডিসকাউন্ট! কোড ব্যবহার করে সুবিধা নিন।,Bengali,0,1,অনলাইন শপিংয়ে ২০% পর্যন্ত ডিসকাউন্ট! কোড ব্যবহার করে সুবিধা নিন।,অনলাইন শপিংয়ে ২০% পর্যন্ত ডিসকাউন্ট! কোড ব্যবহার করে সুবিধা নিন।,[],0,0,0,0,0,0,0,0,0,0,0,0,অনলাইন শপিংয়ে ২০% পর্যন্ত ডিসকাউন্ট! কোড ব্যবহার করে সুবিধা নিন।,65,0,0,0,0,0,0,0,0,0,0,0,0,0,0,0,0,0,0,0,0,0,0
normal,আমাদের কলেজে আগামী সপ্তাহে সাংস্কৃতিক অনুষ্ঠান হবে। সবাই প্রস্তুতি নিচ্ছে। আমরা একটা নাটক মঞ্চস্থ করার পরিকল্পনা করছি। তুমি কি দেখতে আসবে?,Bengali,0,0,আমাদের কলেজে আগামী সপ্তাহে সাংস্কৃতিক অনুষ্ঠান হবে। সবাই প্রস্তুতি নিচ্ছে। আমরা একটা নাটক মঞ্চস্থ করার পরিকল্পনা করছি। তুমি কি দেখতে আসবে?,আমাদের কলেজে আগামী সপ্তাহে সাংস্কৃতিক অনুষ্ঠান হবে। সবাই প্রস্তুতি নিচ্ছে। আমরা একটা নাটক মঞ্চস্থ করার পরিকল্পনা করছি। তুমি কি দেখতে আসবে?,[],0,0,0,0,0,0,0,0,0,0,0,0,আমাদের কলেজে আগামী সপ্তাহে সাংস্কৃতিক অনুষ্ঠান হবে। সবাই প্রস্তুতি নিচ্ছে। আমরা একটা নাটক মঞ্চস্থ করার পরিকল্পনা করছি। তুমি কি দেখতে আসবে?,138,0,0,0,0,0,0,0,0,0,0,0,0,0,0,0,0,0,0,0,0,0,0
normal,"তুমি একা নও, আমরা আছি তোমার পাশে।",Bengali,0,0,"তুমি একা নও, আমরা আছি তোমার পাশে।","তুমি একা নও, আমরা আছি তোমার পাশে।",[],0,0,0,0,0,0,0,0,0,0,0,0,"তুমি একা নও, আমরা আছি তোমার পাশে।",33,0,0,0,0,0,0,0,0,0,0,0,0,0,0,0,0,0,0,0,0,0,0
normal,আজ বেলায় আমি স্কুলে গিয়েছিলাম।,Bengali,0,0,আজ বেলায় আমি স্কুলে গিয়েছিলাম।,আজ বেলায় আমি স্কুলে গিয়েছিলাম।,[],0,0,0,0,0,0,0,0,0,0,0,0,আজ বেলায় আমি স্কুলে গিয়েছিলাম।,32,0,0,0,0,0,0,0,0,0,0,0,0,0,0,0,0,0,0,0,0,0,0
promo,২৬ জানুয়ারি ২০২৪ আন্তর্জাতিক কাস্টমস দিবস উদযাপিত হচ্ছে। এবারের প্রতিপাদ্য বিষয় ‘‘মিলে নবীন-পুরনো অংশীজন/কাস্টমস করবে লক্ষ্য অর্জন”। জাতীয় রাজস্ব বোর্ড,Bengali,0,1,২৬ জানুয়ারি ২০২৪ আন্তর্জাতিক কাস্টমস দিবস উদযাপিত হচ্ছে। এবারের প্রতিপাদ্য বিষয় ‘‘মিলে নবীন-পুরনো অংশীজন/কাস্টমস করবে লক্ষ্য অর্জন”। জাতীয় রাজস্ব বোর্ড,"২৬ জানুয়ারি ২০২৪ আন্তর্জাতিক কাস্টমস দিবস উদযাপিত হচ্ছে। এবারের প্রতিপাদ্য বিষয় ''মিলে নবীন-পুরনো অংশীজন/কাস্টমস করবে লক্ষ্য অর্জন""। জাতীয় রাজস্ব বোর্ড",[],0,0,0,0,0,0,0,0,0,0,0,0,"২৬ জানুয়ারি ২০২৪ আন্তর্জাতিক কাস্টমস দিবস উদযাপিত হচ্ছে। এবারের প্রতিপাদ্য বিষয় ''মিলে নবীন-পুরনো অংশীজন/কাস্টমস করবে লক্ষ্য অর্জন""। জাতীয় রাজস্ব বোর্ড",154,0,0,0,0,0,0,0,0,0,0,0,0,0,0,0,0,0,0,0,0,0,0
normal,"আজকে নতুন রেস্টুরেন্টে খেতে গিয়েছিলাম। খাবারের স্বাদ বেশ ভালো, দামও ঠিক।",Bengali,0,0,"আজকে নতুন রেস্টুরেন্টে খেতে গিয়েছিলাম। খাবারের স্বাদ বেশ ভালো, দামও ঠিক।","আজকে নতুন রেস্টুরেন্টে খেতে গিয়েছিলাম। খাবারের স্বাদ বেশ ভালো, দামও ঠিক।",[],0,0,0,0,0,0,0,0,0,0,0,0,"আজকে নতুন রেস্টুরেন্টে খেতে গিয়েছিলাম। খাবারের স্বাদ বেশ ভালো, দামও ঠিক।",73,0,0,0,0,0,0,0,0,0,0,0,0,0,0,0,0,0,0,0,0,0,0
smish,বাংলাদেশ ব্যাংক থেকে একটি জরুরি বার্তা এসেছে। কল করুন: +8801914567890,Bengali,0,2,বাংলাদেশ ব্যাংক থেকে একটি জরুরি বার্তা এসেছে। কল করুন: +8801914567890,বাংলাদেশ ব্যাংক থেকে একটি জরুরি বার্তা এসেছে। কল করুন: +8801914567890,[],0,0,0,0,0,0,0,0,0,0,0,0,বাংলাদেশ ব্যাংক থেকে একটি জরুরি বার্তা এসেছে। কল করুন: +8801914567890,69,0,0,0,0,0,0,0,0,0,0,0,0,0,0,0,0,0,0,0,0,0,0
smish,আপনার ডাচ বাংলা ব্যাঙ্ক অ্যাকাউন্টে বিলিং সমস্যা হয়েছে। সমস্যা সমাধানের জন্য এখানে ক্লিক করুন:cutt.ly/U6zMFTY,Bengali,1,2,আপনার ডাচ বাংলা ব্যাঙ্ক অ্যাকাউন্টে বিলিং সমস্যা হয়েছে। সমস্যা সমাধানের জন্য এখানে ক্লিক করুন:cutt.ly/U6zMFTY,আপনার ডাচ বাংলা ব্যাঙ্ক অ্যাকাউন্টে বিলিং সমস্যা হয়েছে। সমস্যা সমাধানের জন্য এখানে ক্লিক করুন:cutt.ly/U6zMFTY,['cutt.ly/U6zMFTY'],1,1,15,15,1,1,0,1,0,0,0,1,আপনার ডাচ বাংলা ব্যাঙ্ক অ্যাকাউন্টে বিলিং সমস্যা হয়েছে। সমস্যা সমাধানের জন্য এখানে ক্লিক করুন: [URL] ,102,1,15,15,1,1,0,1,0,0,0,1,1,15,15,1,1,0,1,0,0,0,1
normal,কালকে স্কুলে গিয়েছিলাম। নতুন শিক্ষক দারুণভাবে ক্লাস নিলেন।,Bengali,0,0,কালকে স্কুলে গিয়েছিলাম। নতুন শিক্ষক দারুণভাবে ক্লাস নিলেন।,কালকে স্কুলে গিয়েছিলাম। নতুন শিক্ষক দারুণভাবে ক্লাস নিলেন।,[],0,0,0,0,0,0,0,0,0,0,0,0,কালকে স্কুলে গিয়েছিলাম। নতুন শিক্ষক দারুণভাবে ক্লাস নিলেন।,59,0,0,0,0,0,0,0,0,0,0,0,0,0,0,0,0,0,0,0,0,0,0
smish,"প্রিয় গ্রাহক, আপনার কার্ডের তথ্য আপডেট করতে হবে। দয়া করে দ্রুত নিচের নম্বরে কল করুন এবং আপনার পিন নাম্বারটি বলুন। যোগাযোগের নম্বর: ০১৩৪৫৬৭৮৯৫৬",Bengali,0,2,"প্রিয় গ্রাহক, আপনার কার্ডের তথ্য আপডেট করতে হবে। দয়া করে দ্রুত নিচের নম্বরে কল করুন এবং আপনার পিন নাম্বারটি বলুন। যোগাযোগের নম্বর: ০১৩৪৫৬৭৮৯৫৬","প্রিয় গ্রাহক, আপনার কার্ডের তথ্য আপডেট করতে হবে। দয়া করে দ্রুত নিচের নম্বরে কল করুন এবং আপনার পিন নাম্বারটি বলুন। যোগাযোগের নম্বর: ০১৩৪৫৬৭৮৯৫৬",[],0,0,0,0,0,0,0,0,0,0,0,0,"প্রিয় গ্রাহক, আপনার কার্ডের তথ্য আপডেট করতে হবে। দয়া করে দ্রুত নিচের নম্বরে কল করুন এবং আপনার পিন নাম্বারটি বলুন। যোগাযোগের নম্বর: ০১৩৪৫৬৭৮৯৫৬",144,0,0,0,0,0,0,0,0,0,0,0,0,0,0,0,0,0,0,0,0,0,0
smish,জরুরি আপডেট: আপনার PF একাউন্ট ব্লক। আনব্লক করতে OTP: 8743 দিন।,Bengali,0,2,জরুরি আপডেট: আপনার PF একাউন্ট ব্লক। আনব্লক করতে OTP: 8743 দিন।,জরুরি আপডেট: আপনার PF একাউন্ট ব্লক। আনব্লক করতে OTP: 8743 দিন।,[],0,0,0,0,0,0,0,0,0,0,0,0,জরুরি আপডেট: আপনার PF একাউন্ট ব্লক। আনব্লক করতে OTP: 8743 দিন।,62,0,0,0,0,0,0,0,0,0,0,0,0,0,0,0,0,0,0,0,0,0,0
smish,আপনার সঞ্চয় দ্বিগুণ করার সুযোগ! কল করুন: +8801711011023,Bengali,0,2,আপনার সঞ্চয় দ্বিগুণ করার সুযোগ! কল করুন: +8801711011023,আপনার সঞ্চয় দ্বিগুণ করার সুযোগ! কল করুন: +8801711011023,[],0,0,0,0,0,0,0,0,0,0,0,0,আপনার সঞ্চয় দ্বিগুণ করার সুযোগ! কল করুন: +8801711011023,56,0,0,0,0,0,0,0,0,0,0,0,0,0,0,0,0,0,0,0,0,0,0
smish,"প্রিয় গ্রাহক, বাংলাদেশ জাতীয় লটারি থেকে আপনাকে জানানো যাচ্ছে যে আপনি ২৫,০০,০০০ টাকার গ্র্যান্ড প্রাইজ জিতেছেন। পুরস্কার দাবি করতে আপনার NID কপি ও বিকাশ নাম্বার পাঠান bdlottery-prize.net এ।",Bengali,1,2,"প্রিয় গ্রাহক, বাংলাদেশ জাতীয় লটারি থেকে আপনাকে জানানো যাচ্ছে যে আপনি ২৫,০০,০০০ টাকার গ্র্যান্ড প্রাইজ জিতেছেন। পুরস্কার দাবি করতে আপনার NID কপি ও বিকাশ নাম্বার পাঠান bdlottery-prize.net এ।","প্রিয় গ্রাহক, বাংলাদেশ জাতীয় লটারি থেকে আপনাকে জানানো যাচ্ছে যে আপনি ২৫,০০,০০০ টাকার গ্র্যান্ড প্রাইজ জিতেছেন। পুরস্কার দাবি করতে আপনার NID কপি ও বিকাশ নাম্বার পাঠান bdlottery-prize.net এ।",['bdlottery-prize.net'],1,1,19,19,0,1,1,0,0,0,0,0,"প্রিয় গ্রাহক, বাংলাদেশ জাতীয় লটারি থেকে আপনাকে জানানো যাচ্ছে যে আপনি ২৫,০০,০০০ টাকার গ্র্যান্ড প্রাইজ জিতেছেন। পুরস্কার দাবি করতে আপনার NID কপি ও বিকাশ নাম্বার পাঠান  [URL]  এ।",178,1,19,19,0,1,1,0,0,0,0,0,1,19,19,0,1,1,0,0,0,0,0
promo,Shohoz Food অর্ডার করুন আর কোড: YUMMY25 ব্যবহার করে ২৫% ছাড় পান। সর্বোচ্চ ছাড় ২০০ টাকা পর্যন্ত। আজই বন্ধুদের সাথে আড্ডার জন্য অর্ডার দিন।,Bengali,0,1,Shohoz Food অর্ডার করুন আর কোড: YUMMY25 ব্যবহার করে ২৫% ছাড় পান। সর্বোচ্চ ছাড় ২০০ টাকা পর্যন্ত। আজই বন্ধুদের সাথে আড্ডার জন্য অর্ডার দিন।,Shohoz Food অর্ডার করুন আর কোড: YUMMY25 ব্যবহার করে ২৫% ছাড় পান। সর্বোচ্চ ছাড় ২০০ টাকা পর্যন্ত। আজই বন্ধুদের সাথে আড্ডার জন্য অর্ডার দিন।,[],0,0,0,0,0,0,0,0,0,0,0,0,Shohoz Food অর্ডার করুন আর কোড: YUMMY25 ব্যবহার করে ২৫% ছাড় পান। সর্বোচ্চ ছাড় ২০০ টাকা পর্যন্ত। আজই বন্ধুদের সাথে আড্ডার জন্য অর্ডার দিন।,139,0,0,0,0,0,0,0,0,0,0,0,0,0,0,0,0,0,0,0,0,0,0
normal,তোমার সাহস অসাধারণ।,Bengali,0,0,তোমার সাহস অসাধারণ।,তোমার সাহস অসাধারণ।,[],0,0,0,0,0,0,0,0,0,0,0,0,তোমার সাহস অসাধারণ।,19,0,0,0,0,0,0,0,0,0,0,0,0,0,0,0,0,0,0,0,0,0,0
normal,"০১৯২৭২৮৩৭৬৫ এই নাম্বারে বিকাশ করুন, দ্রুত।",Bengali,0,0,"০১৯২৭২৮৩৭৬৫ এই নাম্বারে বিকাশ করুন, দ্রুত।","০১৯২৭২৮৩৭৬৫ এই নাম্বারে বিকাশ করুন, দ্রুত।",[],0,0,0,0,0,0,0,0,0,0,0,0,"০১৯২৭২৮৩৭৬৫ এই নাম্বারে বিকাশ করুন, দ্রুত।",42,0,0,0,0,0,0,0,0,0,0,0,0,0,0,0,0,0,0,0,0,0,0
smish,আপনার পাসওয়ার্ড রিসেট করতে হবে। এখানে ক্লিক করুন: [passwordreset.com/ResetBD],Bengali,1,2,আপনার পাসওয়ার্ড রিসেট করতে হবে। এখানে ক্লিক করুন: [passwordreset.com/ResetBD],আপনার পাসওয়ার্ড রিসেট করতে হবে। এখানে ক্লিক করুন: [passwordreset.com/ResetBD],['passwordreset.com/ResetBD'],1,1,25,25,0,1,0,1,0,0,0,1,আপনার পাসওয়ার্ড রিসেট করতে হবে। এখানে ক্লিক করুন: [ [URL] ],60,1,25,25,0,1,0,1,0,0,0,1,1,25,25,0,1,0,1,0,0,0,1
promo,"৪০৳ ক্যাশব্যাক! ৪৬জিবি @৪৫৮৳, ৩০দিন, নিয়ে নাও এখনই: cutt.ly/GwWYCCfJ",Bengali,1,1,"৪০৳ ক্যাশব্যাক! ৪৬জিবি @৪৫৮৳, ৩০দিন, নিয়ে নাও এখনই: cutt.ly/GwWYCCfJ","৪০৳ ক্যাশব্যাক! ৪৬জিবি @৪৫৮৳, ৩০দিন, নিয়ে নাও এখনই: cutt.ly/GwWYCCfJ",['cutt.ly/GwWYCCfJ'],1,1,16,16,0,1,0,1,0,0,0,1,"৪০৳ ক্যাশব্যাক! ৪৬জিবি @৪৫৮৳, ৩০দিন, নিয়ে নাও এখনই:  [URL] ",60,1,16,16,0,1,0,1,0,0,0,1,1,16,16,0,1,0,1,0,0,0,1
smish,অভিনন্দন! আপনি Radisson Blu-তে দুজনের জন্য একটি বিনামূল্যের ডিনার জিতেছেন। আপনার টেবিল বুক করতে কল করুন 017XXXXXXXX।,Bengali,0,2,অভিনন্দন! আপনি Radisson Blu-তে দুজনের জন্য একটি বিনামূল্যের ডিনার জিতেছেন। আপনার টেবিল বুক করতে কল করুন 017XXXXXXXX।,অভিনন্দন! আপনি Radisson Blu-তে দুজনের জন্য একটি বিনামূল্যের ডিনার জিতেছেন। আপনার টেবিল বুক করতে কল করুন 017XXXXXXXX।,[],0,0,0,0,0,0,0,0,0,0,0,0,অভিনন্দন! আপনি Radisson Blu-তে দুজনের জন্য একটি বিনামূল্যের ডিনার জিতেছেন। আপনার টেবিল বুক করতে কল করুন 017XXXXXXXX।,116,0,0,0,0,0,0,0,0,0,0,0,0,0,0,0,0,0,0,0,0,0,0
normal,"আপনার একাউন্ট থেকে ১৫০০/- টাকা কাটা হয়েছে, বিস্তারিত জানতে কল করুন।",Bengali,0,0,"আপনার একাউন্ট থেকে ১৫০০/- টাকা কাটা হয়েছে, বিস্তারিত জানতে কল করুন।","আপনার একাউন্ট থেকে ১৫০০/- টাকা কাটা হয়েছে, বিস্তারিত জানতে কল করুন।",[],0,0,0,0,0,0,0,0,0,0,0,0,"আপনার একাউন্ট থেকে ১৫০০/- টাকা কাটা হয়েছে, বিস্তারিত জানতে কল করুন।",68,0,0,0,0,0,0,0,0,0,0,0,0,0,0,0,0,0,0,0,0,0,0
normal,"প্রিয় শিক্ষার্থী, আপনার টিউশন ফি আজ পর্যন্ত ২২,৯০০.০০ টাকা বকেয়া আছে। (পূর্বের লেট ফাইন ও বকেয়াসহ) চলতি মাসের টিউশন ফি (জরিমানা ছাড়া) ২০ই সেপ্টেম্বর, ২০২৪ মধ্যে পরিশোধ করুন। বিস্তারিত https://student.ulab.edu.bd/ লগইন করুন। (ULAB)",Bengali,1,0,"প্রিয় শিক্ষার্থী, আপনার টিউশন ফি আজ পর্যন্ত ২২,৯০০.০০ টাকা বকেয়া আছে। (পূর্বের লেট ফাইন ও বকেয়াসহ) চলতি মাসের টিউশন ফি (জরিমানা ছাড়া) ২০ই সেপ্টেম্বর, ২০২৪ মধ্যে পরিশোধ করুন। বিস্তারিত https://student.ulab.edu.bd/ লগইন করুন। (ULAB)","প্রিয় শিক্ষার্থী, আপনার টিউশন ফি আজ পর্যন্ত ২২,৯০০.০০ টাকা বকেয়া আছে। (পূর্বের লেট ফাইন ও বকেয়াসহ) চলতি মাসের টিউশন ফি (জরিমানা ছাড়া) ২০ই সেপ্টেম্বর, ২০২৪ মধ্যে পরিশোধ করুন। বিস্তারিত https://student.ulab.edu.bd/ লগইন করুন। (ULAB)",['https://student.ulab.edu.bd/'],1,1,28,28,0,3,0,3,1,0,0,0,"প্রিয় শিক্ষার্থী, আপনার টিউশন ফি আজ পর্যন্ত ২২,৯০০.০০ টাকা বকেয়া আছে। (পূর্বের লেট ফাইন ও বকেয়াসহ) চলতি মাসের টিউশন ফি (জরিমানা ছাড়া) ২০ই সেপ্টেম্বর, ২০২৪ মধ্যে পরিশোধ করুন। বিস্তারিত  [URL]  লগইন করুন। (ULAB)",213,1,28,28,0,3,0,3,1,0,0,0,1,28,28,0,3,0,3,1,0,0,0
promo,"আজ ১৫ মার্চ বিশ্ব ভোক্তা-অধিকার দিবস। দিবসের প্রতিপাদ্য- ‘স্মার্ট বাংলাদেশ গড়ি, ভোক্তার স্বার্থে কৃত্রিম বুদ্ধিমত্তা ব্যবহার করি’। জাতীয় ভোক্তা-অধিকার সংরক্ষণ অধিদপ্তর, বাণিজ্য মন্ত্রণালয়।",Bengali,0,1,"আজ ১৫ মার্চ বিশ্ব ভোক্তা-অধিকার দিবস। দিবসের প্রতিপাদ্য- ‘স্মার্ট বাংলাদেশ গড়ি, ভোক্তার স্বার্থে কৃত্রিম বুদ্ধিমত্তা ব্যবহার করি’। জাতীয় ভোক্তা-অধিকার সংরক্ষণ অধিদপ্তর, বাণিজ্য মন্ত্রণালয়।","আজ ১৫ মার্চ বিশ্ব ভোক্তা-অধিকার দিবস। দিবসের প্রতিপাদ্য- 'স্মার্ট বাংলাদেশ গড়ি, ভোক্তার স্বার্থে কৃত্রিম বুদ্ধিমত্তা ব্যবহার করি'। জাতীয় ভোক্তা-অধিকার সংরক্ষণ অধিদপ্তর, বাণিজ্য মন্ত্রণালয়।",[],0,0,0,0,0,0,0,0,0,0,0,0,"আজ ১৫ মার্চ বিশ্ব ভোক্তা-অধিকার দিবস। দিবসের প্রতিপাদ্য- 'স্মার্ট বাংলাদেশ গড়ি, ভোক্তার স্বার্থে কৃত্রিম বুদ্ধিমত্তা ব্যবহার করি'। জাতীয় ভোক্তা-অধিকার সংরক্ষণ অধিদপ্তর, বাণিজ্য মন্ত্রণালয়।",191,0,0,0,0,0,0,0,0,0,0,0,0,0,0,0,0,0,0,0,0,0,0
promo,"ডাটা মিক্সারে করো পকেট সেভিং, নাও ৬০জিবি@৳৫৬৯, ৩০দিন: cutt.ly/HwQzEu9E",Bengali,1,1,"ডাটা মিক্সারে করো পকেট সেভিং, নাও ৬০জিবি@৳৫৬৯, ৩০দিন: cutt.ly/HwQzEu9E","ডাটা মিক্সারে করো পকেট সেভিং, নাও ৬০জিবি@৳৫৬৯, ৩০দিন: cutt.ly/HwQzEu9E",['cutt.ly/HwQzEu9E'],1,1,16,16,1,1,0,1,0,0,0,1,"ডাটা মিক্সারে করো পকেট সেভিং, নাও ৬০জিবি@৳৫৬৯, ৩০দিন:  [URL] ",61,1,16,16,1,1,0,1,0,0,0,1,1,16,16,1,1,0,1,0,0,0,1
smish,মাশরাফির সই করা ব্যাট জিততে ক্যাসিনোতে বাজি ধরুন। এখনই যোগ দিন: promusic.co/components/interbank.com/,Bengali,1,2,মাশরাফির সই করা ব্যাট জিততে ক্যাসিনোতে বাজি ধরুন। এখনই যোগ দিন: promusic.co/components/interbank.com/,মাশরাফির সই করা ব্যাট জিততে ক্যাসিনোতে বাজি ধরুন। এখনই যোগ দিন: promusic.co/components/interbank.com/,['promusic.co/components/interbank.com/'],1,1,37,37,0,2,0,3,0,0,0,0,মাশরাফির সই করা ব্যাট জিততে ক্যাসিনোতে বাজি ধরুন। এখনই যোগ দিন:  [URL] ,71,1,37,37,0,2,0,3,0,0,0,0,1,37,37,0,2,0,3,0,0,0,0
smish,"এই লিঙ্কটি অনুসরণ করুন আপনার বিনামূল্যের পুরস্কার দাবি করতে, যোগাযোগ করুন: 01956789215",Bengali,0,2,"এই লিঙ্কটি অনুসরণ করুন আপনার বিনামূল্যের পুরস্কার দাবি করতে, যোগাযোগ করুন: 01956789215","এই লিঙ্কটি অনুসরণ করুন আপনার বিনামূল্যের পুরস্কার দাবি করতে, যোগাযোগ করুন: 01956789215",[],0,0,0,0,0,0,0,0,0,0,0,0,"এই লিঙ্কটি অনুসরণ করুন আপনার বিনামূল্যের পুরস্কার দাবি করতে, যোগাযোগ করুন: 01956789215",86,0,0,0,0,0,0,0,0,0,0,0,0,0,0,0,0,0,0,0,0,0,0
normal,ঈদ মোবারক!,Bengali,0,0,ঈদ মোবারক!,ঈদ মোবারক!,[],0,0,0,0,0,0,0,0,0,0,0,0,ঈদ মোবারক!,10,0,0,0,0,0,0,0,0,0,0,0,0,0,0,0,0,0,0,0,0,0,0
smish,"""শুভেচ্ছা, আপনি একটি বিশেষ ডিসকাউন্ট কুপন পেয়েছেন! বিস্তারিত জানতে এখানে ক্লিক করুন: www.face3b00kwebsite.com""",Bengali,1,2,"""শুভেচ্ছা, আপনি একটি বিশেষ ডিসকাউন্ট কুপন পেয়েছেন! বিস্তারিত জানতে এখানে ক্লিক করুন: www.face3b00kwebsite.com""","""শুভেচ্ছা, আপনি একটি বিশেষ ডিসকাউন্ট কুপন পেয়েছেন! বিস্তারিত জানতে এখানে ক্লিক করুন: www.face3b00kwebsite.com""","['www.', 'face3b00kwebsite.com']",2,2,24,20,3,2,0,0,0,0,0,0,"""শুভেচ্ছা, আপনি একটি বিশেষ ডিসকাউন্ট কুপন পেয়েছেন! বিস্তারিত জানতে এখানে ক্লিক করুন:  [URL]  [URL] """,101,2,24,20,3,2,0,0,0,0,0,0,2,24,20,3,2,0,0,0,0,0,0
normal,"আম্মা তোমাকে খুঁজছিলো। সে বললো, দুপুরে ফোন করতে ভুলোনা।",Bengali,0,0,"আম্মা তোমাকে খুঁজছিলো। সে বললো, দুপুরে ফোন করতে ভুলোনা।","আম্মা তোমাকে খুঁজছিলো। সে বললো, দুপুরে ফোন করতে ভুলোনা।",[],0,0,0,0,0,0,0,0,0,0,0,0,"আম্মা তোমাকে খুঁজছিলো। সে বললো, দুপুরে ফোন করতে ভুলোনা।",55,0,0,0,0,0,0,0,0,0,0,0,0,0,0,0,0,0,0,0,0,0,0
normal,"ভাই, আজ আমার পরীক্ষা ভালো হয়েছে। সব প্রশ্নের উত্তর দিতে পেরেছি।",Bengali,0,0,"ভাই, আজ আমার পরীক্ষা ভালো হয়েছে। সব প্রশ্নের উত্তর দিতে পেরেছি।","ভাই, আজ আমার পরীক্ষা ভালো হয়েছে। সব প্রশ্নের উত্তর দিতে পেরেছি।",[],0,0,0,0,0,0,0,0,0,0,0,0,"ভাই, আজ আমার পরীক্ষা ভালো হয়েছে। সব প্রশ্নের উত্তর দিতে পেরেছি।",64,0,0,0,0,0,0,0,0,0,0,0,0,0,0,0,0,0,0,0,0,0,0
smish,"নগদ থেকে ১,০০০ টাকা পুরস্কার জিতেছেন! বিস্তারিত জানতে এখানে ক্লিক করুন: https://t.me/NagadPrizeBot",Bengali,1,2,"নগদ থেকে ১,০০০ টাকা পুরস্কার জিতেছেন! বিস্তারিত জানতে এখানে ক্লিক করুন: https://t.me/NagadPrizeBot","নগদ থেকে ১,০০০ টাকা পুরস্কার জিতেছেন! বিস্তারিত জানতে এখানে ক্লিক করুন: https://t.me/NagadPrizeBot",['https://t.me/NagadPrizeBot'],1,1,26,26,0,1,0,3,1,0,0,0,"নগদ থেকে ১,০০০ টাকা পুরস্কার জিতেছেন! বিস্তারিত জানতে এখানে ক্লিক করুন:  [URL] ",79,1,26,26,0,1,0,3,1,0,0,0,1,26,26,0,1,0,3,1,0,0,0
smish,আপনার পাসওয়ার্ডটি রিসেট করতে হবে। এখানে ক্লিক করুন: [passwordupdate.org/ResetBD],Bengali,1,2,আপনার পাসওয়ার্ডটি রিসেট করতে হবে। এখানে ক্লিক করুন: [passwordupdate.org/ResetBD],আপনার পাসওয়ার্ডটি রিসেট করতে হবে। এখানে ক্লিক করুন: [passwordupdate.org/ResetBD],['passwordupdate.org/ResetBD'],1,1,26,26,0,1,0,1,0,0,0,0,আপনার পাসওয়ার্ডটি রিসেট করতে হবে। এখানে ক্লিক করুন: [ [URL] ],62,1,26,26,0,1,0,1,0,0,0,0,1,26,26,0,1,0,1,0,0,0,0
normal,০১৮২৭৩৮২৯১৮ এই নাম্বারে জরুরি টাকা পাঠান।,Bengali,0,0,০১৮২৭৩৮২৯১৮ এই নাম্বারে জরুরি টাকা পাঠান।,০১৮২৭৩৮২৯১৮ এই নাম্বারে জরুরি টাকা পাঠান।,[],0,0,0,0,0,0,0,0,0,0,0,0,০১৮২৭৩৮২৯১৮ এই নাম্বারে জরুরি টাকা পাঠান।,41,0,0,0,0,0,0,0,0,0,0,0,0,0,0,0,0,0,0,0,0,0,0
smish,আইপিএল ফাইনালে বাজি ধরুন এবং ১ কোটি টাকা জিতুন। এখনই শুরু করুন: smilesvoegol.servebbs.org/voegol.php,Bengali,1,2,আইপিএল ফাইনালে বাজি ধরুন এবং ১ কোটি টাকা জিতুন। এখনই শুরু করুন: smilesvoegol.servebbs.org/voegol.php,আইপিএল ফাইনালে বাজি ধরুন এবং ১ কোটি টাকা জিতুন। এখনই শুরু করুন: smilesvoegol.servebbs.org/voegol.php,['smilesvoegol.servebbs.org/voegol.php'],1,1,36,36,0,3,0,1,0,0,0,0,আইপিএল ফাইনালে বাজি ধরুন এবং ১ কোটি টাকা জিতুন। এখনই শুরু করুন:  [URL] ,71,1,36,36,0,3,0,1,0,0,0,0,1,36,36,0,3,0,1,0,0,0,0
smish,আপনার অ্যাকাউন্টে সন্দেহজনক কার্যকলাপ হয়েছে। লগইন করে যাচাই করুন: [accountverify.com/VerifyBD],Bengali,1,2,আপনার অ্যাকাউন্টে সন্দেহজনক কার্যকলাপ হয়েছে। লগইন করে যাচাই করুন: [accountverify.com/VerifyBD],আপনার অ্যাকাউন্টে সন্দেহজনক কার্যকলাপ হয়েছে। লগইন করে যাচাই করুন: [accountverify.com/VerifyBD],['accountverify.com/VerifyBD'],1,1,26,26,0,1,0,1,0,0,0,0,আপনার অ্যাকাউন্টে সন্দেহজনক কার্যকলাপ হয়েছে। লগইন করে যাচাই করুন: [ [URL] ],76,1,26,26,0,1,0,1,0,0,0,0,1,26,26,0,1,0,1,0,0,0,0
smish,শাকিব আল হাসানের সাথে ফ্রি ম্যাচ টিকিট জিততে আজই আইপিএলে বাজি ধরুন। ক্লিক করুন: xini.eu/00Qe,Bengali,1,2,শাকিব আল হাসানের সাথে ফ্রি ম্যাচ টিকিট জিততে আজই আইপিএলে বাজি ধরুন। ক্লিক করুন: xini.eu/00Qe,শাকিব আল হাসানের সাথে ফ্রি ম্যাচ টিকিট জিততে আজই আইপিএলে বাজি ধরুন। ক্লিক করুন: xini.eu/00Qe,['xini.eu/00Qe'],1,1,12,12,2,1,0,1,0,0,0,0,শাকিব আল হাসানের সাথে ফ্রি ম্যাচ টিকিট জিততে আজই আইপিএলে বাজি ধরুন। ক্লিক করুন:  [URL] ,87,1,12,12,2,1,0,1,0,0,0,0,1,12,12,2,1,0,1,0,0,0,0
promo,"আজ ও কাল মেন্স ওয়ার্ল্ড এর সকল শাখায় ফ্ল্যাট ৫০% ডিসকাউন্ট
cutt.ly/fmw",Bengali,1,1,"আজ ও কাল মেন্স ওয়ার্ল্ড এর সকল শাখায় ফ্ল্যাট ৫০% ডিসকাউন্ট
cutt.ly/fmw",আজ ও কাল মেন্স ওয়ার্ল্ড এর সকল শাখায় ফ্ল্যাট ৫০% ডিসকাউন্ট cutt.ly/fmw,['cutt.ly/fmw'],1,1,11,11,0,1,0,1,0,0,0,1,আজ ও কাল মেন্স ওয়ার্ল্ড এর সকল শাখায় ফ্ল্যাট ৫০% ডিসকাউন্ট  [URL] ,68,1,11,11,0,1,0,1,0,0,0,1,1,11,11,0,1,0,1,0,0,0,1
normal,তোমার প্রতিভা সীমাহীন।,Bengali,0,0,তোমার প্রতিভা সীমাহীন।,তোমার প্রতিভা সীমাহীন।,[],0,0,0,0,0,0,0,0,0,0,0,0,তোমার প্রতিভা সীমাহীন।,22,0,0,0,0,0,0,0,0,0,0,0,0,0,0,0,0,0,0,0,0,0,0
smish,"আপনার ব্যাংক অ্যাকাউন্টে ৫০,০০০ টাকা জমা হয়েছে! নিশ্চিত করতে কল করুন: +8801711234567",Bengali,0,2,"আপনার ব্যাংক অ্যাকাউন্টে ৫০,০০০ টাকা জমা হয়েছে! নিশ্চিত করতে কল করুন: +8801711234567","আপনার ব্যাংক অ্যাকাউন্টে ৫০,০০০ টাকা জমা হয়েছে! নিশ্চিত করতে কল করুন: +8801711234567",[],0,0,0,0,0,0,0,0,0,0,0,0,"আপনার ব্যাংক অ্যাকাউন্টে ৫০,০০০ টাকা জমা হয়েছে! নিশ্চিত করতে কল করুন: +8801711234567",85,0,0,0,0,0,0,0,0,0,0,0,0,0,0,0,0,0,0,0,0,0,0
promo,সোনালী ব্যাংকের সেভিংস অ্যাকাউন্টে এখন ১০% পর্যন্ত সুদ। আজই খুলুন এবং বোনাস ৫০০ টাকা পান।,Bengali,0,1,সোনালী ব্যাংকের সেভিংস অ্যাকাউন্টে এখন ১০% পর্যন্ত সুদ। আজই খুলুন এবং বোনাস ৫০০ টাকা পান।,সোনালী ব্যাংকের সেভিংস অ্যাকাউন্টে এখন ১০% পর্যন্ত সুদ। আজই খুলুন এবং বোনাস ৫০০ টাকা পান।,[],0,0,0,0,0,0,0,0,0,0,0,0,সোনালী ব্যাংকের সেভিংস অ্যাকাউন্টে এখন ১০% পর্যন্ত সুদ। আজই খুলুন এবং বোনাস ৫০০ টাকা পান।,89,0,0,0,0,0,0,0,0,0,0,0,0,0,0,0,0,0,0,0,0,0,0
smish,আমাদের কোম্পানির জন্য কাজ করুন। আপনার মোবাইল/কম্পিউটার দিয়ে অনলাইনে বসে আয় করুন। যোগাযোগের নম্বর: 01720577099,Bengali,0,2,আমাদের কোম্পানির জন্য কাজ করুন। আপনার মোবাইল/কম্পিউটার দিয়ে অনলাইনে বসে আয় করুন। যোগাযোগের নম্বর: 01720577099,আমাদের কোম্পানির জন্য কাজ করুন। আপনার মোবাইল/কম্পিউটার দিয়ে অনলাইনে বসে আয় করুন। যোগাযোগের নম্বর: 01720577099,[],0,0,0,0,0,0,0,0,0,0,0,0,আমাদের কোম্পানির জন্য কাজ করুন। আপনার মোবাইল/কম্পিউটার দিয়ে অনলাইনে বসে আয় করুন। যোগাযোগের নম্বর: 01720577099,111,0,0,0,0,0,0,0,0,0,0,0,0,0,0,0,0,0,0,0,0,0,0
smish,"https://t.me/DailyEarn_Money_bot?start=r07709397116 ফ্রী ইনকাম করতে চাইলে ক্লিক করুন,🤞",Bengali,1,2,"https://t.me/DailyEarn_Money_bot?start=r07709397116 ফ্রী ইনকাম করতে চাইলে ক্লিক করুন,🤞","https://t.me/DailyEarn_Money_bot?start=r07709397116 ফ্রী ইনকাম করতে চাইলে ক্লিক করুন,🤞",['https://t.me/DailyEarn_Money_bot?start=r07709397116'],1,1,51,51,11,1,0,3,1,0,0,0," [URL]  ফ্রী ইনকাম করতে চাইলে ক্লিক করুন,🤞",42,1,51,51,11,1,0,3,1,0,0,0,1,51,51,11,1,0,3,1,0,0,0
promo,"৳৪১৯ এ ৳৪৯৯ এর অফার! নাও ৩৫জিবি+৫০০মি.,৩০দিন: cutt.ly/4w77ohWY",Bengali,1,1,"৳৪১৯ এ ৳৪৯৯ এর অফার! নাও ৩৫জিবি+৫০০মি.,৩০দিন: cutt.ly/4w77ohWY","৳৪১৯ এ ৳৪৯৯ এর অফার! নাও ৩৫জিবি+৫০০মি.,৩০দিন: cutt.ly/4w77ohWY",['cutt.ly/4w77ohWY'],1,1,16,16,3,1,0,1,0,0,0,1,"৳৪১৯ এ ৳৪৯৯ এর অফার! নাও ৩৫জিবি+৫০০মি.,৩০দিন:  [URL] ",53,1,16,16,3,1,0,1,0,0,0,1,1,16,16,3,1,0,1,0,0,0,1
promo,GP App দিয়ে প্রথমবার রিচার্জে পাচ্ছেন ৫০ টাকা বোনাস। আজই চেষ্টা করুন।,Bengali,0,1,GP App দিয়ে প্রথমবার রিচার্জে পাচ্ছেন ৫০ টাকা বোনাস। আজই চেষ্টা করুন।,GP App দিয়ে প্রথমবার রিচার্জে পাচ্ছেন ৫০ টাকা বোনাস। আজই চেষ্টা করুন।,[],0,0,0,0,0,0,0,0,0,0,0,0,GP App দিয়ে প্রথমবার রিচার্জে পাচ্ছেন ৫০ টাকা বোনাস। আজই চেষ্টা করুন।,70,0,0,0,0,0,0,0,0,0,0,0,0,0,0,0,0,0,0,0,0,0,0
promo,"নগদ থেকে গ্রামীণফোনে ১১৮টাকা রিচার্জে ১১৮টাকা ক্যাশব্যাক! ৬মে, বিকাল ৩টা-সন্ধ্যা ৭টা, মিনিটে ১ম জন। সাথে ৫জিবি, ৭দিন! ডায়াল *১৬৭#",Bengali,0,1,"নগদ থেকে গ্রামীণফোনে ১১৮টাকা রিচার্জে ১১৮টাকা ক্যাশব্যাক! ৬মে, বিকাল ৩টা-সন্ধ্যা ৭টা, মিনিটে ১ম জন। সাথে ৫জিবি, ৭দিন! ডায়াল *১৬৭#","নগদ থেকে গ্রামীণফোনে ১১৮টাকা রিচার্জে ১১৮টাকা ক্যাশব্যাক! ৬মে, বিকাল ৩টা-সন্ধ্যা ৭টা, মিনিটে ১ম জন। সাথে ৫জিবি, ৭দিন! ডায়াল *১৬৭#",[],0,0,0,0,0,0,0,0,0,0,0,0,"নগদ থেকে গ্রামীণফোনে ১১৮টাকা রিচার্জে ১১৮টাকা ক্যাশব্যাক! ৬মে, বিকাল ৩টা-সন্ধ্যা ৭টা, মিনিটে ১ম জন। সাথে ৫জিবি, ৭দিন! ডায়াল *১৬৭#",130,0,0,0,0,0,0,0,0,0,0,0,0,0,0,0,0,0,0,0,0,0,0
promo,"শেখ হাসিনা সরকারের সাফল্য: 
কৃষকবান্ধব সরকার সারের মূল্য কমিয়ে টিএসপি ৮০ টাকা থেকে ২৭ টাকা, ডিএপি ৯০ টাকা থেকে ২১ টাকা এবং এমওপি ৭০ টাকা থেকে ২০ টাকা করা হয়।",Bengali,0,1,"শেখ হাসিনা সরকারের সাফল্য: 
কৃষকবান্ধব সরকার সারের মূল্য কমিয়ে টিএসপি ৮০ টাকা থেকে ২৭ টাকা, ডিএপি ৯০ টাকা থেকে ২১ টাকা এবং এমওপি ৭০ টাকা থেকে ২০ টাকা করা হয়।","শেখ হাসিনা সরকারের সাফল্য: কৃষকবান্ধব সরকার সারের মূল্য কমিয়ে টিএসপি ৮০ টাকা থেকে ২৭ টাকা, ডিএপি ৯০ টাকা থেকে ২১ টাকা এবং এমওপি ৭০ টাকা থেকে ২০ টাকা করা হয়।",[],0,0,0,0,0,0,0,0,0,0,0,0,"শেখ হাসিনা সরকারের সাফল্য: কৃষকবান্ধব সরকার সারের মূল্য কমিয়ে টিএসপি ৮০ টাকা থেকে ২৭ টাকা, ডিএপি ৯০ টাকা থেকে ২১ টাকা এবং এমওপি ৭০ টাকা থেকে ২০ টাকা করা হয়।",158,0,0,0,0,0,0,0,0,0,0,0,0,0,0,0,0,0,0,0,0,0,0
normal,০১৯২৭৩৮২৮৯৪ নাম্বারে কল করুন।,Bengali,0,0,০১৯২৭৩৮২৮৯৪ নাম্বারে কল করুন।,০১৯২৭৩৮২৮৯৪ নাম্বারে কল করুন।,[],0,0,0,0,0,0,0,0,0,0,0,0,০১৯২৭৩৮২৮৯৪ নাম্বারে কল করুন।,29,0,0,0,0,0,0,0,0,0,0,0,0,0,0,0,0,0,0,0,0,0,0
