label,text,source,has_url,label_id,text_original,text_normalized,urls,url_count,url_count.1,url_total_length,url_max_length,url_digit_count,url_dot_count,url_hyphen_count,url_slash_count,url_has_https,url_has_ip,url_has_at,url_is_shortened,text_for_model,character_length,url_count.2,url_total_length.1,url_max_length.1,url_digit_count.1,url_dot_count.1,url_hyphen_count.1,url_slash_count.1,url_has_https.1,url_has_ip.1,url_has_at.1,url_is_shortened.1,url_count,url_total_length,url_max_length,url_digit_count,url_dot_count,url_hyphen_count,url_slash_count,url_has_https,url_has_ip,url_has_at,url_is_shortened,text_unicode,text_clean,phone_count,has_phone,digit_count,number_count,has_digits,char_count,word_count,exclamation_count,question_count,comma_count,dot_count,colon_count,special_char_count,currency_count,has_currency,security_keyword_count,has_security_keyword,bangla_char_count,english_char_count,bangla_ratio,english_ratio,has_bangla,has_english
normal,কেমন আছেন?,Bengali,0,0,কেমন আছেন?,কেমন আছেন?,[],0,0,0,0,0,0,0,0,0,0,0,0,কেমন আছেন?,10,0,0,0,0,0,0,0,0,0,0,0,0,0,0,0,0,0,0,0,0,0,0,কেমন আছেন?,কেমন আছেন?,0,0,0,0,0,10,2,0,1,0,0,0,3,0,0,0,0,8,0,1.0,0.0,1,0
smish,আপনার প্যাকেজ ডেলিভারি করতে একটি নতুন ঠিকানা প্রয়োজন। এখানে ক্লিক করুন: [packageupdate.net/AddressBD],Bengali,1,2,আপনার প্যাকেজ ডেলিভারি করতে একটি নতুন ঠিকানা প্রয়োজন। এখানে ক্লিক করুন: [packageupdate.net/AddressBD],আপনার প্যাকেজ ডেলিভারি করতে একটি নতুন ঠিকানা প্রয়োজন। এখানে ক্লিক করুন: [packageupdate.net/AddressBD],['packageupdate.net/AddressBD'],1,1,27,27,0,1,0,1,0,0,0,0,আপনার প্যাকেজ ডেলিভারি করতে একটি নতুন ঠিকানা প্রয়োজন। এখানে ক্লিক করুন: [ [URL] ],82,1,27,27,0,1,0,1,0,0,0,0,1,27,27,0,1,0,1,0,0,0,0,আপনার প্যাকেজ ডেলিভারি করতে একটি নতুন ঠিকানা প্রয়োজন। এখানে ক্লিক করুন: [packageupdate.net/AddressBD],আপনার প্যাকেজ ডেলিভারি করতে একটি নতুন ঠিকানা প্রয়োজন। এখানে ক্লিক করুন: [packageupdate.net/AddressBD],0,0,0,0,0,102,12,0,0,0,1,1,28,0,0,0,0,60,25,0.7058823529411765,0.29411764705882354,1,1
normal,আজকে আমি একটি নতুন রেস্টুরেন্টে যাব।,Bengali,0,0,আজকে আমি একটি নতুন রেস্টুরেন্টে যাব।,আজকে আমি একটি নতুন রেস্টুরেন্টে যাব।,[],0,0,0,0,0,0,0,0,0,0,0,0,আজকে আমি একটি নতুন রেস্টুরেন্টে যাব।,36,0,0,0,0,0,0,0,0,0,0,0,0,0,0,0,0,0,0,0,0,0,0,আজকে আমি একটি নতুন রেস্টুরেন্টে যাব।,আজকে আমি একটি নতুন রেস্টুরেন্টে যাব।,0,0,0,0,0,36,6,0,0,0,0,0,12,0,0,0,0,30,0,1.0,0.0,1,0
smish,জরুরি নোটিশ: আপনার মেডিকেল রেকর্ড চুরি। সুরক্ষিত: protect-medical.ml,Bengali,1,2,জরুরি নোটিশ: আপনার মেডিকেল রেকর্ড চুরি। সুরক্ষিত: protect-medical.ml,জরুরি নোটিশ: আপনার মেডিকেল রেকর্ড চুরি। সুরক্ষিত: protect-medical.ml,['protect-medical.ml'],1,1,18,18,0,1,1,0,0,0,0,0,জরুরি নোটিশ: আপনার মেডিকেল রেকর্ড চুরি। সুরক্ষিত:  [URL] ,57,1,18,18,0,1,1,0,0,0,0,0,1,18,18,0,1,1,0,0,0,0,0,জরুরি নোটিশ: আপনার মেডিকেল রেকর্ড চুরি। সুরক্ষিত: protect-medical.ml,জরুরি নোটিশ: আপনার মেডিকেল রেকর্ড চুরি। সুরক্ষিত: protect-medical.ml,0,0,0,0,0,68,8,0,0,0,1,2,20,0,0,0,0,40,16,0.7142857142857143,0.2857142857142857,1,1
smish,মাশরাফির সই করা ব্যাট জিততে ক্যাসিনোতে বাজি ধরুন। এখনই যোগ দিন: promusic.co/components/interbank.com/,Bengali,1,2,মাশরাফির সই করা ব্যাট জিততে ক্যাসিনোতে বাজি ধরুন। এখনই যোগ দিন: promusic.co/components/interbank.com/,মাশরাফির সই করা ব্যাট জিততে ক্যাসিনোতে বাজি ধরুন। এখনই যোগ দিন: promusic.co/components/interbank.com/,['promusic.co/components/interbank.com/'],1,1,37,37,0,2,0,3,0,0,0,0,মাশরাফির সই করা ব্যাট জিততে ক্যাসিনোতে বাজি ধরুন। এখনই যোগ দিন:  [URL] ,71,1,37,37,0,2,0,3,0,0,0,0,1,37,37,0,2,0,3,0,0,0,0,মাশরাফির সই করা ব্যাট জিততে ক্যাসিনোতে বাজি ধরুন। এখনই যোগ দিন: promusic.co/components/interbank.com/,মাশরাফির সই করা ব্যাট জিততে ক্যাসিনোতে বাজি ধরুন। এখনই যোগ দিন: promusic.co/components/interbank.com/,0,0,0,0,0,101,12,0,0,0,2,1,25,0,0,0,0,51,32,0.6144578313253012,0.3855421686746988,1,1
smish,"https://t.me/DailyEarn_Money_bot?start=r08368814246
উপরে দেওয়া লিং এ ক্লিক করে ডেলি ২০০ থেকে ৩০০ টাকা ইনকাম করতে চাইলে এখনি ক্লিক করুন",Bengali,1,2,"https://t.me/DailyEarn_Money_bot?start=r08368814246
উপরে দেওয়া লিং এ ক্লিক করে ডেলি ২০০ থেকে ৩০০ টাকা ইনকাম করতে চাইলে এখনি ক্লিক করুন",https://t.me/DailyEarn_Money_bot?start=r08368814246 উপরে দেওয়া লিং এ ক্লিক করে ডেলি ২০০ থেকে ৩০০ টাকা ইনকাম করতে চাইলে এখনি ক্লিক করুন,['https://t.me/DailyEarn_Money_bot?start=r08368814246'],1,1,51,51,11,1,0,3,1,0,0,0, [URL]  উপরে দেওয়া লিং এ ক্লিক করে ডেলি ২০০ থেকে ৩০০ টাকা ইনকাম করতে চাইলে এখনি ক্লিক করুন,91,1,51,51,11,1,0,3,1,0,0,0,1,51,51,11,1,0,3,1,0,0,0,"https://t.me/DailyEarn_Money_bot?start=r08368814246
উপরে দেওয়া লিং এ ক্লিক করে ডেলি ২০০ থেকে ৩০০ টাকা ইনকাম করতে চাইলে এখনি ক্লিক করুন",https://t.me/DailyEarn_Money_bot?start=r08368814246 উপরে দেওয়া লিং এ ক্লিক করে ডেলি ২০০ থেকে ৩০০ টাকা ইনকাম করতে চাইলে এখনি ক্লিক করুন,0,0,17,3,1,135,18,0,1,0,1,1,30,1,1,0,0,67,31,0.6836734693877551,0.3163265306122449,1,1
smish,শাকিব আল হাসানের সাথে ফ্রি ম্যাচ টিকিট জিততে আজই আইপিএলে বাজি ধরুন। ক্লিক করুন: xini.eu/00Qe,Bengali,1,2,শাকিব আল হাসানের সাথে ফ্রি ম্যাচ টিকিট জিততে আজই আইপিএলে বাজি ধরুন। ক্লিক করুন: xini.eu/00Qe,শাকিব আল হাসানের সাথে ফ্রি ম্যাচ টিকিট জিততে আজই আইপিএলে বাজি ধরুন। ক্লিক করুন: xini.eu/00Qe,['xini.eu/00Qe'],1,1,12,12,2,1,0,1,0,0,0,0,শাকিব আল হাসানের সাথে ফ্রি ম্যাচ টিকিট জিততে আজই আইপিএলে বাজি ধরুন। ক্লিক করুন:  [URL] ,87,1,12,12,2,1,0,1,0,0,0,0,1,12,12,2,1,0,1,0,0,0,0,শাকিব আল হাসানের সাথে ফ্রি ম্যাচ টিকিট জিততে আজই আইপিএলে বাজি ধরুন। ক্লিক করুন: xini.eu/00Qe,শাকিব আল হাসানের সাথে ফ্রি ম্যাচ টিকিট জিততে আজই আইপিএলে বাজি ধরুন। ক্লিক করুন: xini.eu/00Qe,0,0,2,1,1,92,15,0,0,0,1,1,27,0,0,0,0,64,8,0.8888888888888888,0.1111111111111111,1,1
promo,Banglalink গ্রাহকরা ১০০ টাকা রিচার্জে পাচ্ছেন ১০০ এসএমএস ফ্রি। অফার বৈধ আজ রাত পর্যন্ত।,Bengali,0,1,Banglalink গ্রাহকরা ১০০ টাকা রিচার্জে পাচ্ছেন ১০০ এসএমএস ফ্রি। অফার বৈধ আজ রাত পর্যন্ত।,Banglalink গ্রাহকরা ১০০ টাকা রিচার্জে পাচ্ছেন ১০০ এসএমএস ফ্রি। অফার বৈধ আজ রাত পর্যন্ত।,[],0,0,0,0,0,0,0,0,0,0,0,0,Banglalink গ্রাহকরা ১০০ টাকা রিচার্জে পাচ্ছেন ১০০ এসএমএস ফ্রি। অফার বৈধ আজ রাত পর্যন্ত।,87,0,0,0,0,0,0,0,0,0,0,0,0,0,0,0,0,0,0,0,0,0,0,Banglalink গ্রাহকরা ১০০ টাকা রিচার্জে পাচ্ছেন ১০০ এসএমএস ফ্রি। অফার বৈধ আজ রাত পর্যন্ত।,Banglalink গ্রাহকরা ১০০ টাকা রিচার্জে পাচ্ছেন ১০০ এসএমএস ফ্রি। অফার বৈধ আজ রাত পর্যন্ত।,0,0,6,2,1,87,14,0,0,0,0,0,21,1,1,0,0,62,10,0.8611111111111112,0.1388888888888889,1,1
normal,বিকেলে কি করছো?,Bengali,0,0,বিকেলে কি করছো?,বিকেলে কি করছো?,[],0,0,0,0,0,0,0,0,0,0,0,0,বিকেলে কি করছো?,15,0,0,0,0,0,0,0,0,0,0,0,0,0,0,0,0,0,0,0,0,0,0,বিকেলে কি করছো?,বিকেলে কি করছো?,0,0,0,0,0,15,3,0,1,0,0,0,6,0,0,0,0,12,0,1.0,0.0,1,0
promo,"১৭ই মে, ২০২৪ বিশ্ব টেলিযোগাযোগ ও তথ্য সংঘ দিবস (WTISD) উপলক্ষ্যে অনলাইন রচনা প্রতিযোগিতা আয়োজন করা হয়েছে। অংশ গ্রহণ করতে ক্লিক করুনঃ https://bit.ly/wtisd24",Bengali,1,1,"১৭ই মে, ২০২৪ বিশ্ব টেলিযোগাযোগ ও তথ্য সংঘ দিবস (WTISD) উপলক্ষ্যে অনলাইন রচনা প্রতিযোগিতা আয়োজন করা হয়েছে। অংশ গ্রহণ করতে ক্লিক করুনঃ https://bit.ly/wtisd24","১৭ই মে, ২০২৪ বিশ্ব টেলিযোগাযোগ ও তথ্য সংঘ দিবস (WTISD) উপলক্ষ্যে অনলাইন রচনা প্রতিযোগিতা আয়োজন করা হয়েছে। অংশ গ্রহণ করতে ক্লিক করুনঃ https://bit.ly/wtisd24",['https://bit.ly/wtisd24'],1,1,22,22,2,1,0,3,1,0,0,1,"১৭ই মে, ২০২৪ বিশ্ব টেলিযোগাযোগ ও তথ্য সংঘ দিবস (WTISD) উপলক্ষ্যে অনলাইন রচনা প্রতিযোগিতা আয়োজন করা হয়েছে। অংশ গ্রহণ করতে ক্লিক করুনঃ  [URL] ",142,1,22,22,2,1,0,3,1,0,0,1,1,22,22,2,1,0,3,1,0,0,1,"১৭ই মে, ২০২৪ বিশ্ব টেলিযোগাযোগ ও তথ্য সংঘ দিবস (WTISD) উপলক্ষ্যে অনলাইন রচনা প্রতিযোগিতা আয়োজন করা হয়েছে। অংশ গ্রহণ করতে ক্লিক করুনঃ https://bit.ly/wtisd24","১৭ই মে, ২০২৪ বিশ্ব টেলিযোগাযোগ ও তথ্য সংঘ দিবস (WTISD) উপলক্ষ্যে অনলাইন রচনা প্রতিযোগিতা আয়োজন করা হয়েছে। অংশ গ্রহণ করতে ক্লিক করুনঃ https://bit.ly/wtisd24",0,0,8,3,1,157,23,0,0,1,1,1,43,0,0,0,0,104,20,0.8387096774193549,0.16129032258064516,1,1
smish,"Robi ব্যবহারকারী, আপনার অ্যাকাউন্ট সাসপেন্ড হওয়ার ঝুঁকিতে আছে। পুনরায় চালু রাখতে robicare24-update.org এ গিয়ে আপনার ফোন নম্বর ও OTP প্রদান করুন। সময়সীমা শেষ হলে সেবা আর পাওয়া যাবে না।",Bengali,1,2,"Robi ব্যবহারকারী, আপনার অ্যাকাউন্ট সাসপেন্ড হওয়ার ঝুঁকিতে আছে। পুনরায় চালু রাখতে robicare24-update.org এ গিয়ে আপনার ফোন নম্বর ও OTP প্রদান করুন। সময়সীমা শেষ হলে সেবা আর পাওয়া যাবে না।","Robi ব্যবহারকারী, আপনার অ্যাকাউন্ট সাসপেন্ড হওয়ার ঝুঁকিতে আছে। পুনরায় চালু রাখতে robicare24-update.org এ গিয়ে আপনার ফোন নম্বর ও OTP প্রদান করুন। সময়সীমা শেষ হলে সেবা আর পাওয়া যাবে না।",['robicare24-update.org'],1,1,21,21,2,1,1,0,0,0,0,0,"Robi ব্যবহারকারী, আপনার অ্যাকাউন্ট সাসপেন্ড হওয়ার ঝুঁকিতে আছে। পুনরায় চালু রাখতে  [URL]  এ গিয়ে আপনার ফোন নম্বর ও OTP প্রদান করুন। সময়সীমা শেষ হলে সেবা আর পাওয়া যাবে না।",174,1,21,21,2,1,1,0,0,0,0,0,1,21,21,2,1,1,0,0,0,0,0,"Robi ব্যবহারকারী, আপনার অ্যাকাউন্ট সাসপেন্ড হওয়ার ঝুঁকিতে আছে। পুনরায় চালু রাখতে robicare24-update.org এ গিয়ে আপনার ফোন নম্বর ও OTP প্রদান করুন। সময়সীমা শেষ হলে সেবা আর পাওয়া যাবে না।","Robi ব্যবহারকারী, আপনার অ্যাকাউন্ট সাসপেন্ড হওয়ার ঝুঁকিতে আছে। পুনরায় চালু রাখতে robicare24-update.org এ গিয়ে আপনার ফোন নম্বর ও OTP প্রদান করুন। সময়সীমা শেষ হলে সেবা আর পাওয়া যাবে না।",0,0,2,1,1,188,29,0,0,1,1,0,54,0,0,2,1,128,24,0.8421052631578947,0.15789473684210525,1,1
normal,"ক্ষমতা হলো সূর্যের আলোর মতো, তাতে কেউ আলোকিত হয় আবার কেউ পুড়ে শেষ হয়ে যায়।",Bengali,0,0,"ক্ষমতা হলো সূর্যের আলোর মতো, তাতে কেউ আলোকিত হয় আবার কেউ পুড়ে শেষ হয়ে যায়।","ক্ষমতা হলো সূর্যের আলোর মতো, তাতে কেউ আলোকিত হয় আবার কেউ পুড়ে শেষ হয়ে যায়।",[],0,0,0,0,0,0,0,0,0,0,0,0,"ক্ষমতা হলো সূর্যের আলোর মতো, তাতে কেউ আলোকিত হয় আবার কেউ পুড়ে শেষ হয়ে যায়।",78,0,0,0,0,0,0,0,0,0,0,0,0,0,0,0,0,0,0,0,0,0,0,"ক্ষমতা হলো সূর্যের আলোর মতো, তাতে কেউ আলোকিত হয় আবার কেউ পুড়ে শেষ হয়ে যায়।","ক্ষমতা হলো সূর্যের আলোর মতো, তাতে কেউ আলোকিত হয় আবার কেউ পুড়ে শেষ হয়ে যায়।",0,0,0,0,0,78,15,0,0,1,0,0,26,0,0,0,0,62,0,1.0,0.0,1,0
normal,"হাই, কি খবর?",Bengali,0,0,"হাই, কি খবর?","হাই, কি খবর?",[],0,0,0,0,0,0,0,0,0,0,0,0,"হাই, কি খবর?",12,0,0,0,0,0,0,0,0,0,0,0,0,0,0,0,0,0,0,0,0,0,0,"হাই, কি খবর?","হাই, কি খবর?",0,0,0,0,0,12,3,0,1,1,0,0,4,0,0,0,0,8,0,1.0,0.0,1,0
normal,তুমি কি নতুন গানটা শুনেছো? আরিফের গলায় দারুণ লাগছে। গানটা একেবারে বারবার শোনা যায়। কালকে কফিশপে গিয়ে শুনেছিলাম।,Bengali,0,0,তুমি কি নতুন গানটা শুনেছো? আরিফের গলায় দারুণ লাগছে। গানটা একেবারে বারবার শোনা যায়। কালকে কফিশপে গিয়ে শুনেছিলাম।,তুমি কি নতুন গানটা শুনেছো? আরিফের গলায় দারুণ লাগছে। গানটা একেবারে বারবার শোনা যায়। কালকে কফিশপে গিয়ে শুনেছিলাম।,[],0,0,0,0,0,0,0,0,0,0,0,0,তুমি কি নতুন গানটা শুনেছো? আরিফের গলায় দারুণ লাগছে। গানটা একেবারে বারবার শোনা যায়। কালকে কফিশপে গিয়ে শুনেছিলাম।,114,0,0,0,0,0,0,0,0,0,0,0,0,0,0,0,0,0,0,0,0,0,0,তুমি কি নতুন গানটা শুনেছো? আরিফের গলায় দারুণ লাগছে। গানটা একেবারে বারবার শোনা যায়। কালকে কফিশপে গিয়ে শুনেছিলাম।,তুমি কি নতুন গানটা শুনেছো? আরিফের গলায় দারুণ লাগছে। গানটা একেবারে বারবার শোনা যায়। কালকে কফিশপে গিয়ে শুনেছিলাম।,0,0,0,0,0,114,18,0,1,0,0,0,43,0,0,0,0,93,0,1.0,0.0,1,0
normal,"তুমি অসাধারণ, নিজের উপর বিশ্বাস রাখো।",Bengali,0,0,"তুমি অসাধারণ, নিজের উপর বিশ্বাস রাখো।","তুমি অসাধারণ, নিজের উপর বিশ্বাস রাখো।",[],0,0,0,0,0,0,0,0,0,0,0,0,"তুমি অসাধারণ, নিজের উপর বিশ্বাস রাখো।",37,0,0,0,0,0,0,0,0,0,0,0,0,0,0,0,0,0,0,0,0,0,0,"তুমি অসাধারণ, নিজের উপর বিশ্বাস রাখো।","তুমি অসাধারণ, নিজের উপর বিশ্বাস রাখো।",0,0,0,0,0,37,6,0,0,1,0,0,13,0,0,0,0,30,0,1.0,0.0,1,0
normal,"প্রিয় শিক্ষার্থী, আপনার টিউশন ফি আজ পর্যন্ত ২২,৯০০.০০ টাকা বকেয়া আছে। (পূর্বের লেট ফাইন ও বকেয়াসহ) চলতি মাসের টিউশন ফি (জরিমানা ছাড়া) ২০ই সেপ্টেম্বর, ২০২৪ মধ্যে পরিশোধ করুন। বিস্তারিত https://student.ulab.edu.bd/ লগইন করুন। (ULAB)",Bengali,1,0,"প্রিয় শিক্ষার্থী, আপনার টিউশন ফি আজ পর্যন্ত ২২,৯০০.০০ টাকা বকেয়া আছে। (পূর্বের লেট ফাইন ও বকেয়াসহ) চলতি মাসের টিউশন ফি (জরিমানা ছাড়া) ২০ই সেপ্টেম্বর, ২০২৪ মধ্যে পরিশোধ করুন। বিস্তারিত https://student.ulab.edu.bd/ লগইন করুন। (ULAB)","প্রিয় শিক্ষার্থী, আপনার টিউশন ফি আজ পর্যন্ত ২২,৯০০.০০ টাকা বকেয়া আছে। (পূর্বের লেট ফাইন ও বকেয়াসহ) চলতি মাসের টিউশন ফি (জরিমানা ছাড়া) ২০ই সেপ্টেম্বর, ২০২৪ মধ্যে পরিশোধ করুন। বিস্তারিত https://student.ulab.edu.bd/ লগইন করুন। (ULAB)",['https://student.ulab.edu.bd/'],1,1,28,28,0,3,0,3,1,0,0,0,"প্রিয় শিক্ষার্থী, আপনার টিউশন ফি আজ পর্যন্ত ২২,৯০০.০০ টাকা বকেয়া আছে। (পূর্বের লেট ফাইন ও বকেয়াসহ) চলতি মাসের টিউশন ফি (জরিমানা ছাড়া) ২০ই সেপ্টেম্বর, ২০২৪ মধ্যে পরিশোধ করুন। বিস্তারিত  [URL]  লগইন করুন। (ULAB)",213,1,28,28,0,3,0,3,1,0,0,0,1,28,28,0,3,0,3,1,0,0,0,"প্রিয় শিক্ষার্থী, আপনার টিউশন ফি আজ পর্যন্ত ২২,৯০০.০০ টাকা বকেয়া আছে। (পূর্বের লেট ফাইন ও বকেয়াসহ) চলতি মাসের টিউশন ফি (জরিমানা ছাড়া) ২০ই সেপ্টেম্বর, ২০২৪ মধ্যে পরিশোধ করুন। বিস্তারিত https://student.ulab.edu.bd/ লগইন করুন। (ULAB)","প্রিয় শিক্ষার্থী, আপনার টিউশন ফি আজ পর্যন্ত ২২,৯০০.০০ টাকা বকেয়া আছে। (পূর্বের লেট ফাইন ও বকেয়াসহ) চলতি মাসের টিউশন ফি (জরিমানা ছাড়া) ২০ই সেপ্টেম্বর, ২০২৪ মধ্যে পরিশোধ করুন। বিস্তারিত https://student.ulab.edu.bd/ লগইন করুন। (ULAB)",0,0,13,4,1,234,33,0,0,3,4,1,72,1,1,0,0,157,25,0.8626373626373627,0.13736263736263737,1,1
normal,আমাকে জরুরি কল দিন ০১৭২৪৮৩৯৮৫৬ এই নাম্বারে।,Bengali,0,0,আমাকে জরুরি কল দিন ০১৭২৪৮৩৯৮৫৬ এই নাম্বারে।,আমাকে জরুরি কল দিন ০১৭২৪৮৩৯৮৫৬ এই নাম্বারে।,[],0,0,0,0,0,0,0,0,0,0,0,0,আমাকে জরুরি কল দিন ০১৭২৪৮৩৯৮৫৬ এই নাম্বারে।,43,0,0,0,0,0,0,0,0,0,0,0,0,0,0,0,0,0,0,0,0,0,0,আমাকে জরুরি কল দিন ০১৭২৪৮৩৯৮৫৬ এই নাম্বারে।,আমাকে জরুরি কল দিন ০১৭২৪৮৩৯৮৫৬ এই নাম্বারে।,0,0,11,1,1,43,7,0,0,0,0,0,10,0,0,0,0,36,0,1.0,0.0,1,0
smish,Emergency! আপনার ক্রেডিট কার্ড ব্লক। আনব্লক: unblock-credit.cf,Bengali,1,2,Emergency! আপনার ক্রেডিট কার্ড ব্লক। আনব্লক: unblock-credit.cf,Emergency! আপনার ক্রেডিট কার্ড ব্লক। আনব্লক: unblock-credit.cf,['unblock-credit.cf'],1,1,17,17,0,1,1,0,0,0,0,0,Emergency! আপনার ক্রেডিট কার্ড ব্লক। আনব্লক:  [URL] ,52,1,17,17,0,1,1,0,0,0,0,0,1,17,17,0,1,1,0,0,0,0,0,Emergency! আপনার ক্রেডিট কার্ড ব্লক। আনব্লক: unblock-credit.cf,Emergency! আপনার ক্রেডিট কার্ড ব্লক। আনব্লক: unblock-credit.cf,0,0,0,0,0,62,7,1,0,0,1,1,13,0,0,0,0,27,24,0.5294117647058824,0.47058823529411764,1,1
smish,"""আপনার ATM কার্ড ব্লক করা হয়েছে। পুনরায় সক্রিয় করতে এই নম্বরে আপনার কার্ড নম্বর পাঠান: 0123456789""",Bengali,0,2,"""আপনার ATM কার্ড ব্লক করা হয়েছে। পুনরায় সক্রিয় করতে এই নম্বরে আপনার কার্ড নম্বর পাঠান: 0123456789""","""আপনার ATM কার্ড ব্লক করা হয়েছে। পুনরায় সক্রিয় করতে এই নম্বরে আপনার কার্ড নম্বর পাঠান: 0123456789""",[],0,0,0,0,0,0,0,0,0,0,0,0,"""আপনার ATM কার্ড ব্লক করা হয়েছে। পুনরায় সক্রিয় করতে এই নম্বরে আপনার কার্ড নম্বর পাঠান: 0123456789""",101,0,0,0,0,0,0,0,0,0,0,0,0,0,0,0,0,0,0,0,0,0,0,"""আপনার ATM কার্ড ব্লক করা হয়েছে। পুনরায় সক্রিয় করতে এই নম্বরে আপনার কার্ড নম্বর পাঠান: 0123456789""","""আপনার ATM কার্ড ব্লক করা হয়েছে। পুনরায় সক্রিয় করতে এই নম্বরে আপনার কার্ড নম্বর পাঠান: 0123456789""",0,0,10,1,1,101,16,0,0,0,0,1,27,0,0,0,0,69,3,0.9583333333333334,0.041666666666666664,1,1
smish,আপনার ইমেইল বাক্সটি পূর্ণ। ক্লিয়ার করতে এখানে ক্লিক করুন: [emailclean.com/ClearBD],Bengali,1,2,আপনার ইমেইল বাক্সটি পূর্ণ। ক্লিয়ার করতে এখানে ক্লিক করুন: [emailclean.com/ClearBD],আপনার ইমেইল বাক্সটি পূর্ণ। ক্লিয়ার করতে এখানে ক্লিক করুন: [emailclean.com/ClearBD],['emailclean.com/ClearBD'],1,1,22,22,0,1,0,1,0,0,0,0,আপনার ইমেইল বাক্সটি পূর্ণ। ক্লিয়ার করতে এখানে ক্লিক করুন: [ [URL] ],68,1,22,22,0,1,0,1,0,0,0,0,1,22,22,0,1,0,1,0,0,0,0,আপনার ইমেইল বাক্সটি পূর্ণ। ক্লিয়ার করতে এখানে ক্লিক করুন: [emailclean.com/ClearBD],আপনার ইমেইল বাক্সটি পূর্ণ। ক্লিয়ার করতে এখানে ক্লিক করুন: [emailclean.com/ClearBD],0,0,0,0,0,83,10,0,0,0,1,1,23,0,0,0,0,48,20,0.7058823529411765,0.29411764705882354,1,1
promo,রবিতে নতুন প্যাকেজ! ৩০ দিনের জন্য আনলিমিটেড কল মাত্র ২৯৯ টাকা। *১২৩*৩*৪# ডায়াল করুন।,Bengali,0,1,রবিতে নতুন প্যাকেজ! ৩০ দিনের জন্য আনলিমিটেড কল মাত্র ২৯৯ টাকা। *১২৩*৩*৪# ডায়াল করুন।,রবিতে নতুন প্যাকেজ! ৩০ দিনের জন্য আনলিমিটেড কল মাত্র ২৯৯ টাকা। *১২৩*৩*৪# ডায়াল করুন।,[],0,0,0,0,0,0,0,0,0,0,0,0,রবিতে নতুন প্যাকেজ! ৩০ দিনের জন্য আনলিমিটেড কল মাত্র ২৯৯ টাকা। *১২৩*৩*৪# ডায়াল করুন।,85,0,0,0,0,0,0,0,0,0,0,0,0,0,0,0,0,0,0,0,0,0,0,রবিতে নতুন প্যাকেজ! ৩০ দিনের জন্য আনলিমিটেড কল মাত্র ২৯৯ টাকা। *১২৩*৩*৪# ডায়াল করুন।,রবিতে নতুন প্যাকেজ! ৩০ দিনের জন্য আনলিমিটেড কল মাত্র ২৯৯ টাকা। *১২৩*৩*৪# ডায়াল করুন।,0,0,10,5,1,85,14,1,0,0,0,0,27,1,1,0,0,65,0,1.0,0.0,1,0
smish,গ্রামীণফোন অ্যাপ লগইন ব্যর্থ হয়েছে। এখনই gp-appreset.net এ লগইন করে আপনার পাসওয়ার্ড রিসেট করুন। অন্যথায় ২৪ ঘণ্টার মধ্যে অ্যাকাউন্ট সাসপেন্ড হবে।,Bengali,1,2,গ্রামীণফোন অ্যাপ লগইন ব্যর্থ হয়েছে। এখনই gp-appreset.net এ লগইন করে আপনার পাসওয়ার্ড রিসেট করুন। অন্যথায় ২৪ ঘণ্টার মধ্যে অ্যাকাউন্ট সাসপেন্ড হবে।,গ্রামীণফোন অ্যাপ লগইন ব্যর্থ হয়েছে। এখনই gp-appreset.net এ লগইন করে আপনার পাসওয়ার্ড রিসেট করুন। অন্যথায় ২৪ ঘণ্টার মধ্যে অ্যাকাউন্ট সাসপেন্ড হবে।,['gp-appreset.net'],1,1,15,15,0,1,1,0,0,0,0,0,গ্রামীণফোন অ্যাপ লগইন ব্যর্থ হয়েছে। এখনই  [URL]  এ লগইন করে আপনার পাসওয়ার্ড রিসেট করুন। অন্যথায় ২৪ ঘণ্টার মধ্যে অ্যাকাউন্ট সাসপেন্ড হবে।,139,1,15,15,0,1,1,0,0,0,0,0,1,15,15,0,1,1,0,0,0,0,0,গ্রামীণফোন অ্যাপ লগইন ব্যর্থ হয়েছে। এখনই gp-appreset.net এ লগইন করে আপনার পাসওয়ার্ড রিসেট করুন। অন্যথায় ২৪ ঘণ্টার মধ্যে অ্যাকাউন্ট সাসপেন্ড হবে।,গ্রামীণফোন অ্যাপ লগইন ব্যর্থ হয়েছে। এখনই gp-appreset.net এ লগইন করে আপনার পাসওয়ার্ড রিসেট করুন। অন্যথায় ২৪ ঘণ্টার মধ্যে অ্যাকাউন্ট সাসপেন্ড হবে।,0,0,2,1,1,147,21,0,0,0,1,0,40,0,0,2,1,109,13,0.8934426229508197,0.10655737704918032,1,1
normal,তুমি কি ট্রেনে যাচ্ছো?,Bengali,0,0,তুমি কি ট্রেনে যাচ্ছো?,তুমি কি ট্রেনে যাচ্ছো?,[],0,0,0,0,0,0,0,0,0,0,0,0,তুমি কি ট্রেনে যাচ্ছো?,22,0,0,0,0,0,0,0,0,0,0,0,0,0,0,0,0,0,0,0,0,0,0,তুমি কি ট্রেনে যাচ্ছো?,তুমি কি ট্রেনে যাচ্ছো?,0,0,0,0,0,22,4,0,1,0,0,0,10,0,0,0,0,18,0,1.0,0.0,1,0
normal,শুভ জন্মদিন অভিনন্দন!,Bengali,0,0,শুভ জন্মদিন অভিনন্দন!,শুভ জন্মদিন অভিনন্দন!,[],0,0,0,0,0,0,0,0,0,0,0,0,শুভ জন্মদিন অভিনন্দন!,21,0,0,0,0,0,0,0,0,0,0,0,0,0,0,0,0,0,0,0,0,0,0,শুভ জন্মদিন অভিনন্দন!,শুভ জন্মদিন অভিনন্দন!,0,0,0,0,0,21,3,1,0,0,0,0,6,0,0,0,0,18,0,1.0,0.0,1,0
normal,"রাগ করে কখনো ভালোবাসার মানুষকে কষ্ট দিতে নেই। রাগ কড়ে বেশি অবহেলা করতে নেই, ভালোবাসার মানুষকে। এতে করে জীবনের সবচেয়ে দামী জিনিস, ভালোবাসার মানুষকে হারাতে হয়।",Bengali,0,0,"রাগ করে কখনো ভালোবাসার মানুষকে কষ্ট দিতে নেই। রাগ কড়ে বেশি অবহেলা করতে নেই, ভালোবাসার মানুষকে। এতে করে জীবনের সবচেয়ে দামী জিনিস, ভালোবাসার মানুষকে হারাতে হয়।","রাগ করে কখনো ভালোবাসার মানুষকে কষ্ট দিতে নেই। রাগ কড়ে বেশি অবহেলা করতে নেই, ভালোবাসার মানুষকে। এতে করে জীবনের সবচেয়ে দামী জিনিস, ভালোবাসার মানুষকে হারাতে হয়।",[],0,0,0,0,0,0,0,0,0,0,0,0,"রাগ করে কখনো ভালোবাসার মানুষকে কষ্ট দিতে নেই। রাগ কড়ে বেশি অবহেলা করতে নেই, ভালোবাসার মানুষকে। এতে করে জীবনের সবচেয়ে দামী জিনিস, ভালোবাসার মানুষকে হারাতে হয়।",160,0,0,0,0,0,0,0,0,0,0,0,0,0,0,0,0,0,0,0,0,0,0,"রাগ করে কখনো ভালোবাসার মানুষকে কষ্ট দিতে নেই। রাগ কড়ে বেশি অবহেলা করতে নেই, ভালোবাসার মানুষকে। এতে করে জীবনের সবচেয়ে দামী জিনিস, ভালোবাসার মানুষকে হারাতে হয়।","রাগ করে কখনো ভালোবাসার মানুষকে কষ্ট দিতে নেই। রাগ কড়ে বেশি অবহেলা করতে নেই, ভালোবাসার মানুষকে। এতে করে জীবনের সবচেয়ে দামী জিনিস, ভালোবাসার মানুষকে হারাতে হয়।",0,0,0,0,0,160,26,0,0,2,0,0,57,0,0,0,0,130,0,1.0,0.0,1,0
promo,"Robi গ্রাহকদের জন্য রবিবার স্পেশাল অফার: ৬ জিবি মাত্র ৯৯ টাকা, বৈধতা ৭ দিন। ডায়াল করুন *123*99#। অফার সীমিত সময়ের জন্য।",Bengali,0,1,"Robi গ্রাহকদের জন্য রবিবার স্পেশাল অফার: ৬ জিবি মাত্র ৯৯ টাকা, বৈধতা ৭ দিন। ডায়াল করুন *123*99#। অফার সীমিত সময়ের জন্য।","Robi গ্রাহকদের জন্য রবিবার স্পেশাল অফার: ৬ জিবি মাত্র ৯৯ টাকা, বৈধতা ৭ দিন। ডায়াল করুন *123*99#। অফার সীমিত সময়ের জন্য।",[],0,0,0,0,0,0,0,0,0,0,0,0,"Robi গ্রাহকদের জন্য রবিবার স্পেশাল অফার: ৬ জিবি মাত্র ৯৯ টাকা, বৈধতা ৭ দিন। ডায়াল করুন *123*99#। অফার সীমিত সময়ের জন্য।",121,0,0,0,0,0,0,0,0,0,0,0,0,0,0,0,0,0,0,0,0,0,0,"Robi গ্রাহকদের জন্য রবিবার স্পেশাল অফার: ৬ জিবি মাত্র ৯৯ টাকা, বৈধতা ৭ দিন। ডায়াল করুন *123*99#। অফার সীমিত সময়ের জন্য।","Robi গ্রাহকদের জন্য রবিবার স্পেশাল অফার: ৬ জিবি মাত্র ৯৯ টাকা, বৈধতা ৭ দিন। ডায়াল করুন *123*99#। অফার সীমিত সময়ের জন্য।",0,0,9,5,1,121,21,0,0,1,0,1,37,1,1,0,0,84,4,0.9545454545454546,0.045454545454545456,1,1
normal,তুমি কি গাড়ি চালাচ্ছো?,Bengali,0,0,তুমি কি গাড়ি চালাচ্ছো?,তুমি কি গাড়ি চালাচ্ছো?,[],0,0,0,0,0,0,0,0,0,0,0,0,তুমি কি গাড়ি চালাচ্ছো?,23,0,0,0,0,0,0,0,0,0,0,0,0,0,0,0,0,0,0,0,0,0,0,তুমি কি গাড়ি চালাচ্ছো?,তুমি কি গাড়ি চালাচ্ছো?,0,0,0,0,0,23,4,0,1,0,0,0,11,0,0,0,0,19,0,1.0,0.0,1,0
smish,প্রিয়জনের মুখে হাসি ফুটাতে ডায়াল *213*6551# চার্জ ৮২.৬৭ প্রতিদিন,Bengali,0,2,প্রিয়জনের মুখে হাসি ফুটাতে ডায়াল *213*6551# চার্জ ৮২.৬৭ প্রতিদিন,প্রিয়জনের মুখে হাসি ফুটাতে ডায়াল *213*6551# চার্জ ৮২.৬৭ প্রতিদিন,[],0,0,0,0,0,0,0,0,0,0,0,0,প্রিয়জনের মুখে হাসি ফুটাতে ডায়াল *213*6551# চার্জ ৮২.৬৭ প্রতিদিন,66,0,0,0,0,0,0,0,0,0,0,0,0,0,0,0,0,0,0,0,0,0,0,প্রিয়জনের মুখে হাসি ফুটাতে ডায়াল *213*6551# চার্জ ৮২.৬৭ প্রতিদিন,প্রিয়জনের মুখে হাসি ফুটাতে ডায়াল *213*6551# চার্জ ৮২.৬৭ প্রতিদিন,0,0,11,3,1,66,9,0,0,0,1,0,23,0,0,0,0,47,0,1.0,0.0,1,0
promo,বিকাশ আ্যপ থেকে নাও তোমার পছন্দের স্কিটো প্যাকস এখনই: cutt.ly/Zwcqh6YQ,Bengali,1,1,বিকাশ আ্যপ থেকে নাও তোমার পছন্দের স্কিটো প্যাকস এখনই: cutt.ly/Zwcqh6YQ,বিকাশ আ্যপ থেকে নাও তোমার পছন্দের স্কিটো প্যাকস এখনই: cutt.ly/Zwcqh6YQ,['cutt.ly/Zwcqh6YQ'],1,1,16,16,1,1,0,1,0,0,0,1,বিকাশ আ্যপ থেকে নাও তোমার পছন্দের স্কিটো প্যাকস এখনই:  [URL] ,61,1,16,16,1,1,0,1,0,0,0,1,1,16,16,1,1,0,1,0,0,0,1,বিকাশ আ্যপ থেকে নাও তোমার পছন্দের স্কিটো প্যাকস এখনই: cutt.ly/Zwcqh6YQ,বিকাশ আ্যপ থেকে নাও তোমার পছন্দের স্কিটো প্যাকস এখনই: cutt.ly/Zwcqh6YQ,0,0,1,1,1,70,10,0,0,0,1,1,18,0,0,0,0,44,13,0.7719298245614035,0.22807017543859648,1,1
smish,"DBBL কার্ড ব্যবহারকারী, আপনার ৭০,০০০ টাকা পেমেন্ট অস্বাভাবিক মনে হচ্ছে। যাচাই করতে cancel-dbbltxn.org এ প্রবেশ করুন। ৩০ মিনিটের মধ্যে তথ্য না দিলে কার্ড ব্লক হবে।",Bengali,1,2,"DBBL কার্ড ব্যবহারকারী, আপনার ৭০,০০০ টাকা পেমেন্ট অস্বাভাবিক মনে হচ্ছে। যাচাই করতে cancel-dbbltxn.org এ প্রবেশ করুন। ৩০ মিনিটের মধ্যে তথ্য না দিলে কার্ড ব্লক হবে।","DBBL কার্ড ব্যবহারকারী, আপনার ৭০,০০০ টাকা পেমেন্ট অস্বাভাবিক মনে হচ্ছে। যাচাই করতে cancel-dbbltxn.org এ প্রবেশ করুন। ৩০ মিনিটের মধ্যে তথ্য না দিলে কার্ড ব্লক হবে।",['cancel-dbbltxn.org'],1,1,18,18,0,1,1,0,0,0,0,0,"DBBL কার্ড ব্যবহারকারী, আপনার ৭০,০০০ টাকা পেমেন্ট অস্বাভাবিক মনে হচ্ছে। যাচাই করতে  [URL]  এ প্রবেশ করুন। ৩০ মিনিটের মধ্যে তথ্য না দিলে কার্ড ব্লক হবে।",151,1,18,18,0,1,1,0,0,0,0,0,1,18,18,0,1,1,0,0,0,0,0,"DBBL কার্ড ব্যবহারকারী, আপনার ৭০,০০০ টাকা পেমেন্ট অস্বাভাবিক মনে হচ্ছে। যাচাই করতে cancel-dbbltxn.org এ প্রবেশ করুন। ৩০ মিনিটের মধ্যে তথ্য না দিলে কার্ড ব্লক হবে।","DBBL কার্ড ব্যবহারকারী, আপনার ৭০,০০০ টাকা পেমেন্ট অস্বাভাবিক মনে হচ্ছে। যাচাই করতে cancel-dbbltxn.org এ প্রবেশ করুন। ৩০ মিনিটের মধ্যে তথ্য না দিলে কার্ড ব্লক হবে।",0,0,7,2,1,162,25,0,0,2,1,0,45,1,1,1,1,111,20,0.8473282442748091,0.15267175572519084,1,1
smish,"প্রিয় গ্রাহক, আপনি বাংলাদেশ ব্যাংক থেকে নির্বাচিত হয়েছেন ২,০০,০০০ টাকা বোনাস লোনের জন্য। এটি দাবি করতে আপনার বিকাশ নাম্বার ও পিন দিন bdloan-grant.org এ।",Bengali,1,2,"প্রিয় গ্রাহক, আপনি বাংলাদেশ ব্যাংক থেকে নির্বাচিত হয়েছেন ২,০০,০০০ টাকা বোনাস লোনের জন্য। এটি দাবি করতে আপনার বিকাশ নাম্বার ও পিন দিন bdloan-grant.org এ।","প্রিয় গ্রাহক, আপনি বাংলাদেশ ব্যাংক থেকে নির্বাচিত হয়েছেন ২,০০,০০০ টাকা বোনাস লোনের জন্য। এটি দাবি করতে আপনার বিকাশ নাম্বার ও পিন দিন bdloan-grant.org এ।",['bdloan-grant.org'],1,1,16,16,0,1,1,0,0,0,0,0,"প্রিয় গ্রাহক, আপনি বাংলাদেশ ব্যাংক থেকে নির্বাচিত হয়েছেন ২,০০,০০০ টাকা বোনাস লোনের জন্য। এটি দাবি করতে আপনার বিকাশ নাম্বার ও পিন দিন  [URL]  এ।",145,1,16,16,0,1,1,0,0,0,0,0,1,16,16,0,1,1,0,0,0,0,0,"প্রিয় গ্রাহক, আপনি বাংলাদেশ ব্যাংক থেকে নির্বাচিত হয়েছেন ২,০০,০০০ টাকা বোনাস লোনের জন্য। এটি দাবি করতে আপনার বিকাশ নাম্বার ও পিন দিন bdloan-grant.org এ।","প্রিয় গ্রাহক, আপনি বাংলাদেশ ব্যাংক থেকে নির্বাচিত হয়েছেন ২,০০,০০০ টাকা বোনাস লোনের জন্য। এটি দাবি করতে আপনার বিকাশ নাম্বার ও পিন দিন bdloan-grant.org এ।",0,0,6,2,1,154,24,0,0,3,1,0,48,1,1,1,1,110,14,0.8870967741935484,0.11290322580645161,1,1
normal,"চাচা, আজ জুম্মার নামাজ পড়ে আসলাম। আপনি গেছেন?",Bengali,0,0,"চাচা, আজ জুম্মার নামাজ পড়ে আসলাম। আপনি গেছেন?","চাচা, আজ জুম্মার নামাজ পড়ে আসলাম। আপনি গেছেন?",[],0,0,0,0,0,0,0,0,0,0,0,0,"চাচা, আজ জুম্মার নামাজ পড়ে আসলাম। আপনি গেছেন?",46,0,0,0,0,0,0,0,0,0,0,0,0,0,0,0,0,0,0,0,0,0,0,"চাচা, আজ জুম্মার নামাজ পড়ে আসলাম। আপনি গেছেন?","চাচা, আজ জুম্মার নামাজ পড়ে আসলাম। আপনি গেছেন?",0,0,0,0,0,46,8,0,1,1,0,0,16,0,0,0,0,36,0,1.0,0.0,1,0
smish,আপনার গ্যাস বিল বকেয়া রয়েছে। অবিলম্বে পেমেন্ট করুন। কল করুন +8801814455667,Bengali,0,2,আপনার গ্যাস বিল বকেয়া রয়েছে। অবিলম্বে পেমেন্ট করুন। কল করুন +8801814455667,আপনার গ্যাস বিল বকেয়া রয়েছে। অবিলম্বে পেমেন্ট করুন। কল করুন +8801814455667,[],0,0,0,0,0,0,0,0,0,0,0,0,আপনার গ্যাস বিল বকেয়া রয়েছে। অবিলম্বে পেমেন্ট করুন। কল করুন +8801814455667,76,0,0,0,0,0,0,0,0,0,0,0,0,0,0,0,0,0,0,0,0,0,0,আপনার গ্যাস বিল বকেয়া রয়েছে। অবিলম্বে পেমেন্ট করুন। কল করুন +8801814455667,আপনার গ্যাস বিল বকেয়া রয়েছে। অবিলম্বে পেমেন্ট করুন। কল করুন +8801814455667,1,1,13,1,1,76,11,0,0,0,0,0,21,0,0,0,0,50,0,1.0,0.0,1,0
normal,০১৮২৭২৮১৭৩৯ এই নাম্বারে রকেটে ৫০০ টাকা দাও।,Bengali,0,0,০১৮২৭২৮১৭৩৯ এই নাম্বারে রকেটে ৫০০ টাকা দাও।,০১৮২৭২৮১৭৩৯ এই নাম্বারে রকেটে ৫০০ টাকা দাও।,[],0,0,0,0,0,0,0,0,0,0,0,0,০১৮২৭২৮১৭৩৯ এই নাম্বারে রকেটে ৫০০ টাকা দাও।,43,0,0,0,0,0,0,0,0,0,0,0,0,0,0,0,0,0,0,0,0,0,0,০১৮২৭২৮১৭৩৯ এই নাম্বারে রকেটে ৫০০ টাকা দাও।,০১৮২৭২৮১৭৩৯ এই নাম্বারে রকেটে ৫০০ টাকা দাও।,0,0,14,2,1,43,7,0,0,0,0,0,10,1,1,0,0,36,0,1.0,0.0,1,0
normal,ভালো সময় আবার আসবে।,Bengali,0,0,ভালো সময় আবার আসবে।,ভালো সময় আবার আসবে।,[],0,0,0,0,0,0,0,0,0,0,0,0,ভালো সময় আবার আসবে।,20,0,0,0,0,0,0,0,0,0,0,0,0,0,0,0,0,0,0,0,0,0,0,ভালো সময় আবার আসবে।,ভালো সময় আবার আসবে।,0,0,0,0,0,20,4,0,0,0,0,0,6,0,0,0,0,16,0,1.0,0.0,1,0
promo,Daraz Mall-এ শপিং করলে ২০০ টাকা ডিসকাউন্ট ভাউচার ফ্রি। নতুন ইউজারদের জন্য।,Bengali,0,1,Daraz Mall-এ শপিং করলে ২০০ টাকা ডিসকাউন্ট ভাউচার ফ্রি। নতুন ইউজারদের জন্য।,Daraz Mall-এ শপিং করলে ২০০ টাকা ডিসকাউন্ট ভাউচার ফ্রি। নতুন ইউজারদের জন্য।,[],0,0,0,0,0,0,0,0,0,0,0,0,Daraz Mall-এ শপিং করলে ২০০ টাকা ডিসকাউন্ট ভাউচার ফ্রি। নতুন ইউজারদের জন্য।,74,0,0,0,0,0,0,0,0,0,0,0,0,0,0,0,0,0,0,0,0,0,0,Daraz Mall-এ শপিং করলে ২০০ টাকা ডিসকাউন্ট ভাউচার ফ্রি। নতুন ইউজারদের জন্য।,Daraz Mall-এ শপিং করলে ২০০ টাকা ডিসকাউন্ট ভাউচার ফ্রি। নতুন ইউজারদের জন্য।,0,0,3,1,1,74,12,0,0,0,0,0,19,1,1,0,0,51,9,0.85,0.15,1,1
smish,নগদ অ্যাকাউন্ট ব্লক হয়েছে। পুনরায় চালু করতে কল করুন: +8801716566678,Bengali,0,2,নগদ অ্যাকাউন্ট ব্লক হয়েছে। পুনরায় চালু করতে কল করুন: +8801716566678,নগদ অ্যাকাউন্ট ব্লক হয়েছে। পুনরায় চালু করতে কল করুন: +8801716566678,[],0,0,0,0,0,0,0,0,0,0,0,0,নগদ অ্যাকাউন্ট ব্লক হয়েছে। পুনরায় চালু করতে কল করুন: +8801716566678,69,0,0,0,0,0,0,0,0,0,0,0,0,0,0,0,0,0,0,0,0,0,0,নগদ অ্যাকাউন্ট ব্লক হয়েছে। পুনরায় চালু করতে কল করুন: +8801716566678,নগদ অ্যাকাউন্ট ব্লক হয়েছে। পুনরায় চালু করতে কল করুন: +8801716566678,1,1,13,1,1,69,10,0,0,0,0,1,18,0,0,1,1,44,0,1.0,0.0,1,0
normal,কেমন চলছে তোমার দিনটি?,Bengali,0,0,কেমন চলছে তোমার দিনটি?,কেমন চলছে তোমার দিনটি?,[],0,0,0,0,0,0,0,0,0,0,0,0,কেমন চলছে তোমার দিনটি?,22,0,0,0,0,0,0,0,0,0,0,0,0,0,0,0,0,0,0,0,0,0,0,কেমন চলছে তোমার দিনটি?,কেমন চলছে তোমার দিনটি?,0,0,0,0,0,22,4,0,1,0,0,0,7,0,0,0,0,18,0,1.0,0.0,1,0
normal,এই পবিত্র মাসে তোমার সবকিছু ভালো হোক!,Bengali,0,0,এই পবিত্র মাসে তোমার সবকিছু ভালো হোক!,এই পবিত্র মাসে তোমার সবকিছু ভালো হোক!,[],0,0,0,0,0,0,0,0,0,0,0,0,এই পবিত্র মাসে তোমার সবকিছু ভালো হোক!,37,0,0,0,0,0,0,0,0,0,0,0,0,0,0,0,0,0,0,0,0,0,0,এই পবিত্র মাসে তোমার সবকিছু ভালো হোক!,এই পবিত্র মাসে তোমার সবকিছু ভালো হোক!,0,0,0,0,0,37,7,1,0,0,0,0,12,0,0,0,0,30,0,1.0,0.0,1,0
smish,লটারি জয়ী! আপনি ২০ লক্ষ টাকা পেয়েছেন। ক্লেইম করুন: lottery-claim.cf,Bengali,1,2,লটারি জয়ী! আপনি ২০ লক্ষ টাকা পেয়েছেন। ক্লেইম করুন: lottery-claim.cf,লটারি জয়ী! আপনি ২০ লক্ষ টাকা পেয়েছেন। ক্লেইম করুন: lottery-claim.cf,['lottery-claim.cf'],1,1,16,16,0,1,1,0,0,0,0,0,লটারি জয়ী! আপনি ২০ লক্ষ টাকা পেয়েছেন। ক্লেইম করুন:  [URL] ,60,1,16,16,0,1,1,0,0,0,0,0,1,16,16,0,1,1,0,0,0,0,0,লটারি জয়ী! আপনি ২০ লক্ষ টাকা পেয়েছেন। ক্লেইম করুন: lottery-claim.cf,লটারি জয়ী! আপনি ২০ লক্ষ টাকা পেয়েছেন। ক্লেইম করুন: lottery-claim.cf,0,0,2,1,1,69,10,1,0,0,1,1,20,1,1,0,0,41,14,0.7454545454545455,0.2545454545454545,1,1
normal,অন্যায়ের প্রতি আনুগত্য সম্মান এর পথে বাধা হয়ে দাড়াতে পারে। — সংগৃহীত,Bengali,0,0,অন্যায়ের প্রতি আনুগত্য সম্মান এর পথে বাধা হয়ে দাড়াতে পারে। — সংগৃহীত,অন্যায়ের প্রতি আনুগত্য সম্মান এর পথে বাধা হয়ে দাড়াতে পারে। - সংগৃহীত,[],0,0,0,0,0,0,0,0,0,0,0,0,অন্যায়ের প্রতি আনুগত্য সম্মান এর পথে বাধা হয়ে দাড়াতে পারে। - সংগৃহীত,71,0,0,0,0,0,0,0,0,0,0,0,0,0,0,0,0,0,0,0,0,0,0,অন্যায়ের প্রতি আনুগত্য সম্মান এর পথে বাধা হয়ে দাড়াতে পারে। — সংগৃহীত,অন্যায়ের প্রতি আনুগত্য সম্মান এর পথে বাধা হয়ে দাড়াতে পারে। — সংগৃহীত,0,0,0,0,0,71,12,0,0,0,0,0,26,0,0,0,0,58,0,1.0,0.0,1,0
smish,"প্রিয় গ্রাহক, আপনার ডাচ্-বাংলা ব্যাংক অ্যাকাউন্টে অস্বাভাবিক লেনদেন শনাক্ত হয়েছে। নিরাপত্তার কারণে অ্যাকাউন্ট ব্লক করা হয়েছে। এখনই www.dbbl-verification-bd.com এ লগইন করে আপনার কার্ড নম্বর ও OTP দিন, না হলে অ্যাকাউন্ট স্থায়ীভাবে বন্ধ হয়ে যাবে।",Bengali,1,2,"প্রিয় গ্রাহক, আপনার ডাচ্-বাংলা ব্যাংক অ্যাকাউন্টে অস্বাভাবিক লেনদেন শনাক্ত হয়েছে। নিরাপত্তার কারণে অ্যাকাউন্ট ব্লক করা হয়েছে। এখনই www.dbbl-verification-bd.com এ লগইন করে আপনার কার্ড নম্বর ও OTP দিন, না হলে অ্যাকাউন্ট স্থায়ীভাবে বন্ধ হয়ে যাবে।","প্রিয় গ্রাহক, আপনার ডাচ্-বাংলা ব্যাংক অ্যাকাউন্টে অস্বাভাবিক লেনদেন শনাক্ত হয়েছে। নিরাপত্তার কারণে অ্যাকাউন্ট ব্লক করা হয়েছে। এখনই www.dbbl-verification-bd.com এ লগইন করে আপনার কার্ড নম্বর ও OTP দিন, না হলে অ্যাকাউন্ট স্থায়ীভাবে বন্ধ হয়ে যাবে।","['www.', 'dbbl-verification-bd.com']",2,2,28,24,0,2,2,0,0,0,0,0,"প্রিয় গ্রাহক, আপনার ডাচ্-বাংলা ব্যাংক অ্যাকাউন্টে অস্বাভাবিক লেনদেন শনাক্ত হয়েছে। নিরাপত্তার কারণে অ্যাকাউন্ট ব্লক করা হয়েছে। এখনই  [URL]  [URL]  এ লগইন করে আপনার কার্ড নম্বর ও OTP দিন, না হলে অ্যাকাউন্ট স্থায়ীভাবে বন্ধ হয়ে যাবে।",234,2,28,24,0,2,2,0,0,0,0,0,2,28,24,0,2,2,0,0,0,0,0,"প্রিয় গ্রাহক, আপনার ডাচ্-বাংলা ব্যাংক অ্যাকাউন্টে অস্বাভাবিক লেনদেন শনাক্ত হয়েছে। নিরাপত্তার কারণে অ্যাকাউন্ট ব্লক করা হয়েছে। এখনই www.dbbl-verification-bd.com এ লগইন করে আপনার কার্ড নম্বর ও OTP দিন, না হলে অ্যাকাউন্ট স্থায়ীভাবে বন্ধ হয়ে যাবে।","প্রিয় গ্রাহক, আপনার ডাচ্-বাংলা ব্যাংক অ্যাকাউন্টে অস্বাভাবিক লেনদেন শনাক্ত হয়েছে। নিরাপত্তার কারণে অ্যাকাউন্ট ব্লক করা হয়েছে। এখনই www.dbbl-verification-bd.com এ লগইন করে আপনার কার্ড নম্বর ও OTP দিন, না হলে অ্যাকাউন্ট স্থায়ীভাবে বন্ধ হয়ে যাবে।",0,0,0,0,0,248,34,0,0,2,2,0,78,0,0,3,1,178,27,0.8682926829268293,0.13170731707317074,1,1
normal,আমি এই বছরে অনেক বই পড়তে চাই।,Bengali,0,0,আমি এই বছরে অনেক বই পড়তে চাই।,আমি এই বছরে অনেক বই পড়তে চাই।,[],0,0,0,0,0,0,0,0,0,0,0,0,আমি এই বছরে অনেক বই পড়তে চাই।,30,0,0,0,0,0,0,0,0,0,0,0,0,0,0,0,0,0,0,0,0,0,0,আমি এই বছরে অনেক বই পড়তে চাই।,আমি এই বছরে অনেক বই পড়তে চাই।,0,0,0,0,0,30,7,0,0,0,0,0,7,0,0,0,0,23,0,1.0,0.0,1,0
smish,আপনার Robi SIM বন্ধ হয়ে যাবে যদি সাথে সাথে robicare-safe.net এ লগইন না করেন। যাচাইয়ের জন্য মোবাইল OTP দিন।,Bengali,1,2,আপনার Robi SIM বন্ধ হয়ে যাবে যদি সাথে সাথে robicare-safe.net এ লগইন না করেন। যাচাইয়ের জন্য মোবাইল OTP দিন।,আপনার Robi SIM বন্ধ হয়ে যাবে যদি সাথে সাথে robicare-safe.net এ লগইন না করেন। যাচাইয়ের জন্য মোবাইল OTP দিন।,['robicare-safe.net'],1,1,17,17,0,1,1,0,0,0,0,0,আপনার Robi SIM বন্ধ হয়ে যাবে যদি সাথে সাথে  [URL]  এ লগইন না করেন। যাচাইয়ের জন্য মোবাইল OTP দিন।,98,1,17,17,0,1,1,0,0,0,0,0,1,17,17,0,1,1,0,0,0,0,0,আপনার Robi SIM বন্ধ হয়ে যাবে যদি সাথে সাথে robicare-safe.net এ লগইন না করেন। যাচাইয়ের জন্য মোবাইল OTP দিন।,আপনার Robi SIM বন্ধ হয়ে যাবে যদি সাথে সাথে robicare-safe.net এ লগইন না করেন। যাচাইয়ের জন্য মোবাইল OTP দিন।,0,0,0,0,0,108,19,0,0,0,1,0,25,0,0,2,1,61,25,0.7093023255813954,0.29069767441860467,1,1
normal,"সাফল্য তোমার দিকে আসবে, ধৈর্য ধরো।",Bengali,0,0,"সাফল্য তোমার দিকে আসবে, ধৈর্য ধরো।","সাফল্য তোমার দিকে আসবে, ধৈর্য ধরো।",[],0,0,0,0,0,0,0,0,0,0,0,0,"সাফল্য তোমার দিকে আসবে, ধৈর্য ধরো।",34,0,0,0,0,0,0,0,0,0,0,0,0,0,0,0,0,0,0,0,0,0,0,"সাফল্য তোমার দিকে আসবে, ধৈর্য ধরো।","সাফল্য তোমার দিকে আসবে, ধৈর্য ধরো।",0,0,0,0,0,34,6,0,0,1,0,0,12,0,0,0,0,27,0,1.0,0.0,1,0
normal,আজকের আপনার দিন কেমন কাটছে?,Bengali,0,0,আজকের আপনার দিন কেমন কাটছে?,আজকের আপনার দিন কেমন কাটছে?,[],0,0,0,0,0,0,0,0,0,0,0,0,আজকের আপনার দিন কেমন কাটছে?,27,0,0,0,0,0,0,0,0,0,0,0,0,0,0,0,0,0,0,0,0,0,0,আজকের আপনার দিন কেমন কাটছে?,আজকের আপনার দিন কেমন কাটছে?,0,0,0,0,0,27,5,0,1,0,0,0,7,0,0,0,0,22,0,1.0,0.0,1,0
smish,আপনার মোবাইল রিচার্জ করতে কল করুন: +8801812233445,Bengali,0,2,আপনার মোবাইল রিচার্জ করতে কল করুন: +8801812233445,আপনার মোবাইল রিচার্জ করতে কল করুন: +8801812233445,[],0,0,0,0,0,0,0,0,0,0,0,0,আপনার মোবাইল রিচার্জ করতে কল করুন: +8801812233445,49,0,0,0,0,0,0,0,0,0,0,0,0,0,0,0,0,0,0,0,0,0,0,আপনার মোবাইল রিচার্জ করতে কল করুন: +8801812233445,আপনার মোবাইল রিচার্জ করতে কল করুন: +8801812233445,1,1,13,1,1,49,7,0,0,0,0,1,10,0,0,0,0,28,0,1.0,0.0,1,0
smish,আপনার ব্যাংক অ্যাকাউন্টে লগইন সমস্যা হচ্ছে? এখানে ক্লিক করুন: http://bit.ly/LoginHelp,Bengali,1,2,আপনার ব্যাংক অ্যাকাউন্টে লগইন সমস্যা হচ্ছে? এখানে ক্লিক করুন: http://bit.ly/LoginHelp,আপনার ব্যাংক অ্যাকাউন্টে লগইন সমস্যা হচ্ছে? এখানে ক্লিক করুন: http://bit.ly/LoginHelp,['http://bit.ly/LoginHelp'],1,1,23,23,0,1,0,3,0,0,0,1,আপনার ব্যাংক অ্যাকাউন্টে লগইন সমস্যা হচ্ছে? এখানে ক্লিক করুন:  [URL] ,69,1,23,23,0,1,0,3,0,0,0,1,1,23,23,0,1,0,3,0,0,0,1,আপনার ব্যাংক অ্যাকাউন্টে লগইন সমস্যা হচ্ছে? এখানে ক্লিক করুন: http://bit.ly/LoginHelp,আপনার ব্যাংক অ্যাকাউন্টে লগইন সমস্যা হচ্ছে? এখানে ক্লিক করুন: http://bit.ly/LoginHelp,0,0,0,0,0,85,10,0,1,0,1,2,25,0,0,2,1,51,18,0.7391304347826086,0.2608695652173913,1,1
smish,আপনার কাছে Amazon থেকে $200 নগদ মূল্য রয়েছে 2 দিনের মধ্যে মেয়াদ শেষ হবে৷ আমরা আপনাকে $500 পর্যন্ত পাওনা দিতে পারি। একটি সাম্প্রতিক সিদ্ধান্তের কারণে গত বছর আমরা আপনাকে অনেক বেশি চার্জ করতে পেরেছি। আপনার স্বয়ংক্রিয় সঞ্চয় প্রস্তুত.,Bengali,0,2,আপনার কাছে Amazon থেকে $200 নগদ মূল্য রয়েছে 2 দিনের মধ্যে মেয়াদ শেষ হবে৷ আমরা আপনাকে $500 পর্যন্ত পাওনা দিতে পারি। একটি সাম্প্রতিক সিদ্ধান্তের কারণে গত বছর আমরা আপনাকে অনেক বেশি চার্জ করতে পেরেছি। আপনার স্বয়ংক্রিয় সঞ্চয় প্রস্তুত.,আপনার কাছে Amazon থেকে $200 নগদ মূল্য রয়েছে 2 দিনের মধ্যে মেয়াদ শেষ হবে। আমরা আপনাকে $500 পর্যন্ত পাওনা দিতে পারি। একটি সাম্প্রতিক সিদ্ধান্তের কারণে গত বছর আমরা আপনাকে অনেক বেশি চার্জ করতে পেরেছি। আপনার স্বয়ংক্রিয় সঞ্চয় প্রস্তুত.,[],0,0,0,0,0,0,0,0,0,0,0,0,আপনার কাছে Amazon থেকে $200 নগদ মূল্য রয়েছে 2 দিনের মধ্যে মেয়াদ শেষ হবে। আমরা আপনাকে $500 পর্যন্ত পাওনা দিতে পারি। একটি সাম্প্রতিক সিদ্ধান্তের কারণে গত বছর আমরা আপনাকে অনেক বেশি চার্জ করতে পেরেছি। আপনার স্বয়ংক্রিয় সঞ্চয় প্রস্তুত.,234,0,0,0,0,0,0,0,0,0,0,0,0,0,0,0,0,0,0,0,0,0,0,আপনার কাছে Amazon থেকে $200 নগদ মূল্য রয়েছে 2 দিনের মধ্যে মেয়াদ শেষ হবে৷ আমরা আপনাকে $500 পর্যন্ত পাওনা দিতে পারি। একটি সাম্প্রতিক সিদ্ধান্তের কারণে গত বছর আমরা আপনাকে অনেক বেশি চার্জ করতে পেরেছি। আপনার স্বয়ংক্রিয় সঞ্চয় প্রস্তুত.,আপনার কাছে Amazon থেকে $200 নগদ মূল্য রয়েছে 2 দিনের মধ্যে মেয়াদ শেষ হবে৷ আমরা আপনাকে $500 পর্যন্ত পাওনা দিতে পারি। একটি সাম্প্রতিক সিদ্ধান্তের কারণে গত বছর আমরা আপনাকে অনেক বেশি চার্জ করতে পেরেছি। আপনার স্বয়ংক্রিয় সঞ্চয় প্রস্তুত.,0,0,7,3,1,234,38,0,0,0,1,0,71,2,1,0,0,179,6,0.9675675675675676,0.032432432432432434,1,1
smish,শুধুমাত্র আপুদের জন্যে😍😍 ঘরে বসেই ফোন এর মাধ্যমে কাজটি করতে পারবেন☺ অযথা fb তে সময় না কাটিয়ে সেই সময়টুকু ব্যবহার করে দৈনিক ২০০ -৪০০ টাকা এবং মাসে ৬০০০-১২০০০ টাকা ইনকাম করতে পারবেন In sha Allah😍,Bengali,0,2,শুধুমাত্র আপুদের জন্যে😍😍 ঘরে বসেই ফোন এর মাধ্যমে কাজটি করতে পারবেন☺ অযথা fb তে সময় না কাটিয়ে সেই সময়টুকু ব্যবহার করে দৈনিক ২০০ -৪০০ টাকা এবং মাসে ৬০০০-১২০০০ টাকা ইনকাম করতে পারবেন In sha Allah😍,শুধুমাত্র আপুদের জন্যে😍😍 ঘরে বসেই ফোন এর মাধ্যমে কাজটি করতে পারবেন☺ অযথা fb তে সময় না কাটিয়ে সেই সময়টুকু ব্যবহার করে দৈনিক ২০০ -৪০০ টাকা এবং মাসে ৬০০০-১২০০০ টাকা ইনকাম করতে পারবেন In sha Allah😍,[],0,0,0,0,0,0,0,0,0,0,0,0,শুধুমাত্র আপুদের জন্যে😍😍 ঘরে বসেই ফোন এর মাধ্যমে কাজটি করতে পারবেন☺ অযথা fb তে সময় না কাটিয়ে সেই সময়টুকু ব্যবহার করে দৈনিক ২০০ -৪০০ টাকা এবং মাসে ৬০০০-১২০০০ টাকা ইনকাম করতে পারবেন In sha Allah😍,196,0,0,0,0,0,0,0,0,0,0,0,0,0,0,0,0,0,0,0,0,0,0,শুধুমাত্র আপুদের জন্যে😍😍 ঘরে বসেই ফোন এর মাধ্যমে কাজটি করতে পারবেন☺ অযথা fb তে সময় না কাটিয়ে সেই সময়টুকু ব্যবহার করে দৈনিক ২০০ -৪০০ টাকা এবং মাসে ৬০০০-১২০০০ টাকা ইনকাম করতে পারবেন In sha Allah😍,শুধুমাত্র আপুদের জন্যে😍😍 ঘরে বসেই ফোন এর মাধ্যমে কাজটি করতে পারবেন☺ অযথা fb তে সময় না কাটিয়ে সেই সময়টুকু ব্যবহার করে দৈনিক ২০০ -৪০০ টাকা এবং মাসে ৬০০০-১২০০০ টাকা ইনকাম করতে পারবেন In sha Allah😍,0,0,15,4,1,196,35,0,0,0,0,0,53,2,1,0,0,144,12,0.9230769230769231,0.07692307692307693,1,1
normal,আম্মা বলছে তুমি অনেকদিন বাসায় আসোনি। এবার একদিন দেখা করে যেও।,Bengali,0,0,আম্মা বলছে তুমি অনেকদিন বাসায় আসোনি। এবার একদিন দেখা করে যেও।,আম্মা বলছে তুমি অনেকদিন বাসায় আসোনি। এবার একদিন দেখা করে যেও।,[],0,0,0,0,0,0,0,0,0,0,0,0,আম্মা বলছে তুমি অনেকদিন বাসায় আসোনি। এবার একদিন দেখা করে যেও।,62,0,0,0,0,0,0,0,0,0,0,0,0,0,0,0,0,0,0,0,0,0,0,আম্মা বলছে তুমি অনেকদিন বাসায় আসোনি। এবার একদিন দেখা করে যেও।,আম্মা বলছে তুমি অনেকদিন বাসায় আসোনি। এবার একদিন দেখা করে যেও।,0,0,0,0,0,62,11,0,0,0,0,0,20,0,0,0,0,50,0,1.0,0.0,1,0
normal,"আমি কাল লাইব্রেরি থেকে নতুন বই নিয়েছি, চাইলে তুমি পড়তে পারো।",Bengali,0,0,"আমি কাল লাইব্রেরি থেকে নতুন বই নিয়েছি, চাইলে তুমি পড়তে পারো।","আমি কাল লাইব্রেরি থেকে নতুন বই নিয়েছি, চাইলে তুমি পড়তে পারো।",[],0,0,0,0,0,0,0,0,0,0,0,0,"আমি কাল লাইব্রেরি থেকে নতুন বই নিয়েছি, চাইলে তুমি পড়তে পারো।",62,0,0,0,0,0,0,0,0,0,0,0,0,0,0,0,0,0,0,0,0,0,0,"আমি কাল লাইব্রেরি থেকে নতুন বই নিয়েছি, চাইলে তুমি পড়তে পারো।","আমি কাল লাইব্রেরি থেকে নতুন বই নিয়েছি, চাইলে তুমি পড়তে পারো।",0,0,0,0,0,62,11,0,0,1,0,0,23,0,0,0,0,50,0,1.0,0.0,1,0
promo,Shohoz Food অর্ডার করুন আর কোড: YUMMY25 ব্যবহার করে ২৫% ছাড় পান। সর্বোচ্চ ছাড় ২০০ টাকা পর্যন্ত। আজই বন্ধুদের সাথে আড্ডার জন্য অর্ডার দিন।,Bengali,0,1,Shohoz Food অর্ডার করুন আর কোড: YUMMY25 ব্যবহার করে ২৫% ছাড় পান। সর্বোচ্চ ছাড় ২০০ টাকা পর্যন্ত। আজই বন্ধুদের সাথে আড্ডার জন্য অর্ডার দিন।,Shohoz Food অর্ডার করুন আর কোড: YUMMY25 ব্যবহার করে ২৫% ছাড় পান। সর্বোচ্চ ছাড় ২০০ টাকা পর্যন্ত। আজই বন্ধুদের সাথে আড্ডার জন্য অর্ডার দিন।,[],0,0,0,0,0,0,0,0,0,0,0,0,Shohoz Food অর্ডার করুন আর কোড: YUMMY25 ব্যবহার করে ২৫% ছাড় পান। সর্বোচ্চ ছাড় ২০০ টাকা পর্যন্ত। আজই বন্ধুদের সাথে আড্ডার জন্য অর্ডার দিন।,139,0,0,0,0,0,0,0,0,0,0,0,0,0,0,0,0,0,0,0,0,0,0,Shohoz Food অর্ডার করুন আর কোড: YUMMY25 ব্যবহার করে ২৫% ছাড় পান। সর্বোচ্চ ছাড় ২০০ টাকা পর্যন্ত। আজই বন্ধুদের সাথে আড্ডার জন্য অর্ডার দিন।,Shohoz Food অর্ডার করুন আর কোড: YUMMY25 ব্যবহার করে ২৫% ছাড় পান। সর্বোচ্চ ছাড় ২০০ টাকা পর্যন্ত। আজই বন্ধুদের সাথে আড্ডার জন্য অর্ডার দিন।,0,0,7,3,1,139,24,0,0,0,0,1,35,1,1,0,0,94,15,0.8623853211009175,0.13761467889908258,1,1
smish,ক্যাসিনোতে বেট করুন এবং একটি ফ্রি হোটেল বুকিং জিতুন! আজই ক্লিক করুন: phlebolog.com.ua/libraries/joomla/results.php,Bengali,1,2,ক্যাসিনোতে বেট করুন এবং একটি ফ্রি হোটেল বুকিং জিতুন! আজই ক্লিক করুন: phlebolog.com.ua/libraries/joomla/results.php,ক্যাসিনোতে বেট করুন এবং একটি ফ্রি হোটেল বুকিং জিতুন! আজই ক্লিক করুন: phlebolog.com.ua/libraries/joomla/results.php,['phlebolog.com.ua/libraries/joomla/results.php'],1,1,45,45,0,3,0,3,0,0,0,0,ক্যাসিনোতে বেট করুন এবং একটি ফ্রি হোটেল বুকিং জিতুন! আজই ক্লিক করুন:  [URL] ,76,1,45,45,0,3,0,3,0,0,0,0,1,45,45,0,3,0,3,0,0,0,0,ক্যাসিনোতে বেট করুন এবং একটি ফ্রি হোটেল বুকিং জিতুন! আজই ক্লিক করুন: phlebolog.com.ua/libraries/joomla/results.php,ক্যাসিনোতে বেট করুন এবং একটি ফ্রি হোটেল বুকিং জিতুন! আজই ক্লিক করুন: phlebolog.com.ua/libraries/joomla/results.php,0,0,0,0,0,114,13,1,0,0,3,1,29,0,0,0,0,55,39,0.5851063829787234,0.4148936170212766,1,1
promo,"২০জিবি @৩০৯৳ ৩০দিন,মন মতো বানিয়ে নাও ডাটা মিক্সারে- cutt.ly/HwFKsbAy",Bengali,1,1,"২০জিবি @৩০৯৳ ৩০দিন,মন মতো বানিয়ে নাও ডাটা মিক্সারে- cutt.ly/HwFKsbAy","২০জিবি @৩০৯৳ ৩০দিন,মন মতো বানিয়ে নাও ডাটা মিক্সারে- cutt.ly/HwFKsbAy",['cutt.ly/HwFKsbAy'],1,1,16,16,0,1,0,1,0,0,0,1,"২০জিবি @৩০৯৳ ৩০দিন,মন মতো বানিয়ে নাও ডাটা মিক্সারে-  [URL] ",60,1,16,16,0,1,0,1,0,0,0,1,1,16,16,0,1,0,1,0,0,0,1,"২০জিবি @৩০৯৳ ৩০দিন,মন মতো বানিয়ে নাও ডাটা মিক্সারে- cutt.ly/HwFKsbAy","২০জিবি @৩০৯৳ ৩০দিন,মন মতো বানিয়ে নাও ডাটা মিক্সারে- cutt.ly/HwFKsbAy",0,0,7,3,1,69,9,0,0,1,1,0,21,1,1,0,0,42,14,0.75,0.25,1,1
promo,নতুন ক্লায়েন্টদের জন্য স্পেশাল অফার! আমাদের সার্ভিসে ২০% ছাড়।,Bengali,0,1,নতুন ক্লায়েন্টদের জন্য স্পেশাল অফার! আমাদের সার্ভিসে ২০% ছাড়।,নতুন ক্লায়েন্টদের জন্য স্পেশাল অফার! আমাদের সার্ভিসে ২০% ছাড়।,[],0,0,0,0,0,0,0,0,0,0,0,0,নতুন ক্লায়েন্টদের জন্য স্পেশাল অফার! আমাদের সার্ভিসে ২০% ছাড়।,63,0,0,0,0,0,0,0,0,0,0,0,0,0,0,0,0,0,0,0,0,0,0,নতুন ক্লায়েন্টদের জন্য স্পেশাল অফার! আমাদের সার্ভিসে ২০% ছাড়।,নতুন ক্লায়েন্টদের জন্য স্পেশাল অফার! আমাদের সার্ভিসে ২০% ছাড়।,0,0,2,1,1,63,9,1,0,0,0,0,23,0,0,0,0,52,0,1.0,0.0,1,0
smish,আপনার সঞ্চয় দ্বিগুণ করার সুযোগ! কল করুন: +8801711011023,Bengali,0,2,আপনার সঞ্চয় দ্বিগুণ করার সুযোগ! কল করুন: +8801711011023,আপনার সঞ্চয় দ্বিগুণ করার সুযোগ! কল করুন: +8801711011023,[],0,0,0,0,0,0,0,0,0,0,0,0,আপনার সঞ্চয় দ্বিগুণ করার সুযোগ! কল করুন: +8801711011023,56,0,0,0,0,0,0,0,0,0,0,0,0,0,0,0,0,0,0,0,0,0,0,আপনার সঞ্চয় দ্বিগুণ করার সুযোগ! কল করুন: +8801711011023,আপনার সঞ্চয় দ্বিগুণ করার সুযোগ! কল করুন: +8801711011023,1,1,13,1,1,56,8,1,0,0,0,1,13,0,0,0,0,33,0,1.0,0.0,1,0
normal,সকালে বাসে ভিড় লাগছে।,Bengali,0,0,সকালে বাসে ভিড় লাগছে।,সকালে বাসে ভিড় লাগছে।,[],0,0,0,0,0,0,0,0,0,0,0,0,সকালে বাসে ভিড় লাগছে।,22,0,0,0,0,0,0,0,0,0,0,0,0,0,0,0,0,0,0,0,0,0,0,সকালে বাসে ভিড় লাগছে।,সকালে বাসে ভিড় লাগছে।,0,0,0,0,0,22,4,0,0,0,0,0,9,0,0,0,0,18,0,1.0,0.0,1,0
normal,শুভ নববর্ষের অভিনন্দন!,Bengali,0,0,শুভ নববর্ষের অভিনন্দন!,শুভ নববর্ষের অভিনন্দন!,[],0,0,0,0,0,0,0,0,0,0,0,0,শুভ নববর্ষের অভিনন্দন!,22,0,0,0,0,0,0,0,0,0,0,0,0,0,0,0,0,0,0,0,0,0,0,শুভ নববর্ষের অভিনন্দন!,শুভ নববর্ষের অভিনন্দন!,0,0,0,0,0,22,3,1,0,0,0,0,6,0,0,0,0,19,0,1.0,0.0,1,0
normal,"টাকার কথা বললেই সে উঠে চলে যায়, আমি ওর কাছে ৩ লাখ টাকা পাই",Bengali,0,0,"টাকার কথা বললেই সে উঠে চলে যায়, আমি ওর কাছে ৩ লাখ টাকা পাই","টাকার কথা বললেই সে উঠে চলে যায়, আমি ওর কাছে ৩ লাখ টাকা পাই",[],0,0,0,0,0,0,0,0,0,0,0,0,"টাকার কথা বললেই সে উঠে চলে যায়, আমি ওর কাছে ৩ লাখ টাকা পাই",59,0,0,0,0,0,0,0,0,0,0,0,0,0,0,0,0,0,0,0,0,0,0,"টাকার কথা বললেই সে উঠে চলে যায়, আমি ওর কাছে ৩ লাখ টাকা পাই","টাকার কথা বললেই সে উঠে চলে যায়, আমি ওর কাছে ৩ লাখ টাকা পাই",0,0,1,1,1,59,14,0,0,1,0,0,17,2,1,0,0,45,0,1.0,0.0,1,0
smish,আপনার ব্যাংক অ্যাকাউন্টে সন্দেহজনক লগইন হয়েছে। নিরাপত্তার জন্য দ্রুত http://dbbl-loginhelp.com এ লগইন করুন এবং কার্ড তথ্য প্রদান করুন।,Bengali,1,2,আপনার ব্যাংক অ্যাকাউন্টে সন্দেহজনক লগইন হয়েছে। নিরাপত্তার জন্য দ্রুত http://dbbl-loginhelp.com এ লগইন করুন এবং কার্ড তথ্য প্রদান করুন।,আপনার ব্যাংক অ্যাকাউন্টে সন্দেহজনক লগইন হয়েছে। নিরাপত্তার জন্য দ্রুত http://dbbl-loginhelp.com এ লগইন করুন এবং কার্ড তথ্য প্রদান করুন।,['http://dbbl-loginhelp.com'],1,1,25,25,0,1,1,2,0,0,0,0,আপনার ব্যাংক অ্যাকাউন্টে সন্দেহজনক লগইন হয়েছে। নিরাপত্তার জন্য দ্রুত  [URL]  এ লগইন করুন এবং কার্ড তথ্য প্রদান করুন।,117,1,25,25,0,1,1,2,0,0,0,0,1,25,25,0,1,1,2,0,0,0,0,আপনার ব্যাংক অ্যাকাউন্টে সন্দেহজনক লগইন হয়েছে। নিরাপত্তার জন্য দ্রুত http://dbbl-loginhelp.com এ লগইন করুন এবং কার্ড তথ্য প্রদান করুন।,আপনার ব্যাংক অ্যাকাউন্টে সন্দেহজনক লগইন হয়েছে। নিরাপত্তার জন্য দ্রুত http://dbbl-loginhelp.com এ লগইন করুন এবং কার্ড তথ্য প্রদান করুন।,0,0,0,0,0,135,18,0,0,0,1,1,36,0,0,2,1,91,20,0.8198198198198198,0.18018018018018017,1,1
smish,আপনার ভিসা কার্ড থেকে ৫০০০০ টাকা উত্তোলন হয়েছে। বন্ধ করতে ক্লিক: shorturl.at/block-card,Bengali,1,2,আপনার ভিসা কার্ড থেকে ৫০০০০ টাকা উত্তোলন হয়েছে। বন্ধ করতে ক্লিক: shorturl.at/block-card,আপনার ভিসা কার্ড থেকে ৫০০০০ টাকা উত্তোলন হয়েছে। বন্ধ করতে ক্লিক: shorturl.at/block-card,['shorturl.at/block-card'],1,1,22,22,0,1,1,1,0,0,0,1,আপনার ভিসা কার্ড থেকে ৫০০০০ টাকা উত্তোলন হয়েছে। বন্ধ করতে ক্লিক:  [URL] ,73,1,22,22,0,1,1,1,0,0,0,1,1,22,22,0,1,1,1,0,0,0,1,আপনার ভিসা কার্ড থেকে ৫০০০০ টাকা উত্তোলন হয়েছে। বন্ধ করতে ক্লিক: shorturl.at/block-card,আপনার ভিসা কার্ড থেকে ৫০০০০ টাকা উত্তোলন হয়েছে। বন্ধ করতে ক্লিক: shorturl.at/block-card,0,0,5,1,1,88,12,0,0,0,1,1,23,1,1,0,0,53,19,0.7361111111111112,0.2638888888888889,1,1
promo,"Banglalink গ্রাহক, ১০০ টাকার রিচার্জে ২৫ মিনিট ফ্রি।",Bengali,0,1,"Banglalink গ্রাহক, ১০০ টাকার রিচার্জে ২৫ মিনিট ফ্রি।","Banglalink গ্রাহক, ১০০ টাকার রিচার্জে ২৫ মিনিট ফ্রি।",[],0,0,0,0,0,0,0,0,0,0,0,0,"Banglalink গ্রাহক, ১০০ টাকার রিচার্জে ২৫ মিনিট ফ্রি।",52,0,0,0,0,0,0,0,0,0,0,0,0,0,0,0,0,0,0,0,0,0,0,"Banglalink গ্রাহক, ১০০ টাকার রিচার্জে ২৫ মিনিট ফ্রি।","Banglalink গ্রাহক, ১০০ টাকার রিচার্জে ২৫ মিনিট ফ্রি।",0,0,5,2,1,52,8,0,0,1,0,0,14,1,1,0,0,33,10,0.7674418604651163,0.23255813953488372,1,1
smish,সোনালী ব্যাংক ইন্টারনেট ব্যাংকিং সাসপেন্ড হয়েছে। sonali-ibverify24.org এ যান এবং ডিটেইলস দিন।,Bengali,1,2,সোনালী ব্যাংক ইন্টারনেট ব্যাংকিং সাসপেন্ড হয়েছে। sonali-ibverify24.org এ যান এবং ডিটেইলস দিন।,সোনালী ব্যাংক ইন্টারনেট ব্যাংকিং সাসপেন্ড হয়েছে। sonali-ibverify24.org এ যান এবং ডিটেইলস দিন।,['sonali-ibverify24.org'],1,1,21,21,2,1,1,0,0,0,0,0,সোনালী ব্যাংক ইন্টারনেট ব্যাংকিং সাসপেন্ড হয়েছে।  [URL]  এ যান এবং ডিটেইলস দিন।,80,1,21,21,2,1,1,0,0,0,0,0,1,21,21,2,1,1,0,0,0,0,0,সোনালী ব্যাংক ইন্টারনেট ব্যাংকিং সাসপেন্ড হয়েছে। sonali-ibverify24.org এ যান এবং ডিটেইলস দিন।,সোনালী ব্যাংক ইন্টারনেট ব্যাংকিং সাসপেন্ড হয়েছে। sonali-ibverify24.org এ যান এবং ডিটেইলস দিন।,0,0,2,1,1,94,12,0,0,0,1,0,29,0,0,1,1,60,17,0.7792207792207793,0.22077922077922077,1,1
smish,"ফ্রি ইনকাম ।কাজ করতে চাইলে লিংক ক্লিক করে  একাউন্ট করেন ।

https://online-earn.beauty/371606448961",Bengali,1,2,"ফ্রি ইনকাম ।কাজ করতে চাইলে লিংক ক্লিক করে  একাউন্ট করেন ।

https://online-earn.beauty/371606448961",ফ্রি ইনকাম ।কাজ করতে চাইলে লিংক ক্লিক করে একাউন্ট করেন । https://online-earn.beauty/371606448961,['https://online-earn.beauty/371606448961'],1,1,39,39,12,1,1,3,1,0,0,0,ফ্রি ইনকাম ।কাজ করতে চাইলে লিংক ক্লিক করে একাউন্ট করেন ।  [URL] ,64,1,39,39,12,1,1,3,1,0,0,0,1,39,39,12,1,1,3,1,0,0,0,"ফ্রি ইনকাম ।কাজ করতে চাইলে লিংক ক্লিক করে  একাউন্ট করেন ।

https://online-earn.beauty/371606448961",ফ্রি ইনকাম ।কাজ করতে চাইলে লিংক ক্লিক করে একাউন্ট করেন । https://online-earn.beauty/371606448961,0,0,12,1,1,96,12,0,0,0,1,1,23,0,0,0,0,44,21,0.676923076923077,0.3230769230769231,1,1
normal,"আজকে শরীরটা ভালো লাগছে না। মাথা ধরেছে, তাই হয়তো আজ বাসাতেই থাকবো।",Bengali,0,0,"আজকে শরীরটা ভালো লাগছে না। মাথা ধরেছে, তাই হয়তো আজ বাসাতেই থাকবো।","আজকে শরীরটা ভালো লাগছে না। মাথা ধরেছে, তাই হয়তো আজ বাসাতেই থাকবো।",[],0,0,0,0,0,0,0,0,0,0,0,0,"আজকে শরীরটা ভালো লাগছে না। মাথা ধরেছে, তাই হয়তো আজ বাসাতেই থাকবো।",66,0,0,0,0,0,0,0,0,0,0,0,0,0,0,0,0,0,0,0,0,0,0,"আজকে শরীরটা ভালো লাগছে না। মাথা ধরেছে, তাই হয়তো আজ বাসাতেই থাকবো।","আজকে শরীরটা ভালো লাগছে না। মাথা ধরেছে, তাই হয়তো আজ বাসাতেই থাকবো।",0,0,0,0,0,66,12,0,0,1,0,0,23,0,0,0,0,52,0,1.0,0.0,1,0
normal,"০১৬৭২৫৮৩৭৮৯ নাম্বারে কল করুন, আমার টাকা দরকার।",Bengali,0,0,"০১৬৭২৫৮৩৭৮৯ নাম্বারে কল করুন, আমার টাকা দরকার।","০১৬৭২৫৮৩৭৮৯ নাম্বারে কল করুন, আমার টাকা দরকার।",[],0,0,0,0,0,0,0,0,0,0,0,0,"০১৬৭২৫৮৩৭৮৯ নাম্বারে কল করুন, আমার টাকা দরকার।",46,0,0,0,0,0,0,0,0,0,0,0,0,0,0,0,0,0,0,0,0,0,0,"০১৬৭২৫৮৩৭৮৯ নাম্বারে কল করুন, আমার টাকা দরকার।","০১৬৭২৫৮৩৭৮৯ নাম্বারে কল করুন, আমার টাকা দরকার।",0,0,11,1,1,46,7,0,0,1,0,0,11,1,1,0,0,38,0,1.0,0.0,1,0
smish,"প্রিয় গ্রাহক, আপনি বাংলাদেশ লটারি থেকে ৫ লক্ষ টাকা জিতেছেন! দাবি করতে এখনই passport কপি এবং মোবাইল নম্বর পাঠান bdlottery@cashwin.org এ।",Bengali,1,2,"প্রিয় গ্রাহক, আপনি বাংলাদেশ লটারি থেকে ৫ লক্ষ টাকা জিতেছেন! দাবি করতে এখনই passport কপি এবং মোবাইল নম্বর পাঠান bdlottery@cashwin.org এ।","প্রিয় গ্রাহক, আপনি বাংলাদেশ লটারি থেকে ৫ লক্ষ টাকা জিতেছেন! দাবি করতে এখনই passport কপি এবং মোবাইল নম্বর পাঠান bdlottery@cashwin.org এ।",['cashwin.org'],1,1,11,11,0,1,0,0,0,0,0,0,"প্রিয় গ্রাহক, আপনি বাংলাদেশ লটারি থেকে ৫ লক্ষ টাকা জিতেছেন! দাবি করতে এখনই passport কপি এবং মোবাইল নম্বর পাঠান bdlottery@ [URL]  এ।",132,1,11,11,0,1,0,0,0,0,0,0,1,11,11,0,1,0,0,0,0,0,0,"প্রিয় গ্রাহক, আপনি বাংলাদেশ লটারি থেকে ৫ লক্ষ টাকা জিতেছেন! দাবি করতে এখনই passport কপি এবং মোবাইল নম্বর পাঠান bdlottery@cashwin.org এ।","প্রিয় গ্রাহক, আপনি বাংলাদেশ লটারি থেকে ৫ লক্ষ টাকা জিতেছেন! দাবি করতে এখনই passport কপি এবং মোবাইল নম্বর পাঠান bdlottery@cashwin.org এ।",0,0,1,1,1,136,21,1,0,1,1,0,35,1,1,0,0,84,27,0.7567567567567568,0.24324324324324326,1,1
normal,কি করবে তুমি?,Bengali,0,0,কি করবে তুমি?,কি করবে তুমি?,[],0,0,0,0,0,0,0,0,0,0,0,0,কি করবে তুমি?,13,0,0,0,0,0,0,0,0,0,0,0,0,0,0,0,0,0,0,0,0,0,0,কি করবে তুমি?,কি করবে তুমি?,0,0,0,0,0,13,3,0,1,0,0,0,5,0,0,0,0,10,0,1.0,0.0,1,0
promo,এক্সক্লুসিভ অফার! আইফোনে ২০০০০ টাকা ক্যাশব্যাক। EMI তে কিনুন।,Bengali,0,1,এক্সক্লুসিভ অফার! আইফোনে ২০০০০ টাকা ক্যাশব্যাক। EMI তে কিনুন।,এক্সক্লুসিভ অফার! আইফোনে ২০০০০ টাকা ক্যাশব্যাক। EMI তে কিনুন।,[],0,0,0,0,0,0,0,0,0,0,0,0,এক্সক্লুসিভ অফার! আইফোনে ২০০০০ টাকা ক্যাশব্যাক। EMI তে কিনুন।,61,0,0,0,0,0,0,0,0,0,0,0,0,0,0,0,0,0,0,0,0,0,0,এক্সক্লুসিভ অফার! আইফোনে ২০০০০ টাকা ক্যাশব্যাক। EMI তে কিনুন।,এক্সক্লুসিভ অফার! আইফোনে ২০০০০ টাকা ক্যাশব্যাক। EMI তে কিনুন।,0,0,5,1,1,61,9,1,0,0,0,0,19,1,1,0,0,47,3,0.94,0.06,1,1
normal,তুমি সাফল্যের জন্য তৈরি।,Bengali,0,0,তুমি সাফল্যের জন্য তৈরি।,তুমি সাফল্যের জন্য তৈরি।,[],0,0,0,0,0,0,0,0,0,0,0,0,তুমি সাফল্যের জন্য তৈরি।,24,0,0,0,0,0,0,0,0,0,0,0,0,0,0,0,0,0,0,0,0,0,0,তুমি সাফল্যের জন্য তৈরি।,তুমি সাফল্যের জন্য তৈরি।,0,0,0,0,0,24,4,0,0,0,0,0,9,0,0,0,0,20,0,1.0,0.0,1,0
promo,আজকে মাত্র! আপনার Daraz অ্যাপে ১৫% ছাড় কোড: SAVE15। কিনুন যেকোনো প্রোডাক্টে এবং উপভোগ করুন সাশ্রয়।,Bengali,0,1,আজকে মাত্র! আপনার Daraz অ্যাপে ১৫% ছাড় কোড: SAVE15। কিনুন যেকোনো প্রোডাক্টে এবং উপভোগ করুন সাশ্রয়।,আজকে মাত্র! আপনার Daraz অ্যাপে ১৫% ছাড় কোড: SAVE15। কিনুন যেকোনো প্রোডাক্টে এবং উপভোগ করুন সাশ্রয়।,[],0,0,0,0,0,0,0,0,0,0,0,0,আজকে মাত্র! আপনার Daraz অ্যাপে ১৫% ছাড় কোড: SAVE15। কিনুন যেকোনো প্রোডাক্টে এবং উপভোগ করুন সাশ্রয়।,100,0,0,0,0,0,0,0,0,0,0,0,0,0,0,0,0,0,0,0,0,0,0,আজকে মাত্র! আপনার Daraz অ্যাপে ১৫% ছাড় কোড: SAVE15। কিনুন যেকোনো প্রোডাক্টে এবং উপভোগ করুন সাশ্রয়।,আজকে মাত্র! আপনার Daraz অ্যাপে ১৫% ছাড় কোড: SAVE15। কিনুন যেকোনো প্রোডাক্টে এবং উপভোগ করুন সাশ্রয়।,0,0,4,2,1,100,16,1,0,0,0,1,31,0,0,0,0,69,9,0.8846153846153846,0.11538461538461539,1,1
normal,"ভাইয়া, আমার ল্যাপটপ হ্যাং করছে। একটু দেখে দিবেন?",Bengali,0,0,"ভাইয়া, আমার ল্যাপটপ হ্যাং করছে। একটু দেখে দিবেন?","ভাইয়া, আমার ল্যাপটপ হ্যাং করছে। একটু দেখে দিবেন?",[],0,0,0,0,0,0,0,0,0,0,0,0,"ভাইয়া, আমার ল্যাপটপ হ্যাং করছে। একটু দেখে দিবেন?",49,0,0,0,0,0,0,0,0,0,0,0,0,0,0,0,0,0,0,0,0,0,0,"ভাইয়া, আমার ল্যাপটপ হ্যাং করছে। একটু দেখে দিবেন?","ভাইয়া, আমার ল্যাপটপ হ্যাং করছে। একটু দেখে দিবেন?",0,0,0,0,0,49,8,0,1,1,0,0,18,0,0,0,0,39,0,1.0,0.0,1,0
promo,"“সর্বজনীন পেনশন স্কিমে নিবন্ধন করুন;
উন্নত ও কল্যাণ রাষ্ট্র গঠনে অবদান রাখুন”-জাতীয় পেনশন কর্তৃপক্ষ।",Bengali,0,1,"“সর্বজনীন পেনশন স্কিমে নিবন্ধন করুন;
উন্নত ও কল্যাণ রাষ্ট্র গঠনে অবদান রাখুন”-জাতীয় পেনশন কর্তৃপক্ষ।","""সর্বজনীন পেনশন স্কিমে নিবন্ধন করুন; উন্নত ও কল্যাণ রাষ্ট্র গঠনে অবদান রাখুন""-জাতীয় পেনশন কর্তৃপক্ষ।",[],0,0,0,0,0,0,0,0,0,0,0,0,"""সর্বজনীন পেনশন স্কিমে নিবন্ধন করুন; উন্নত ও কল্যাণ রাষ্ট্র গঠনে অবদান রাখুন""-জাতীয় পেনশন কর্তৃপক্ষ।",101,0,0,0,0,0,0,0,0,0,0,0,0,0,0,0,0,0,0,0,0,0,0,"“সর্বজনীন পেনশন স্কিমে নিবন্ধন করুন;
উন্নত ও কল্যাণ রাষ্ট্র গঠনে অবদান রাখুন”-জাতীয় পেনশন কর্তৃপক্ষ।",“সর্বজনীন পেনশন স্কিমে নিবন্ধন করুন; উন্নত ও কল্যাণ রাষ্ট্র গঠনে অবদান রাখুন”-জাতীয় পেনশন কর্তৃপক্ষ।,0,0,0,0,0,101,14,0,0,0,0,0,31,0,0,0,0,83,0,1.0,0.0,1,0
normal,"কখনো অন্যায়, অত্যাচারের জন্য নিজের আওয়াজকে রুখে দিও সত্য ও ন্যায়ের কথা বলতে।",Bengali,0,0,"কখনো অন্যায়, অত্যাচারের জন্য নিজের আওয়াজকে রুখে দিও সত্য ও ন্যায়ের কথা বলতে।","কখনো অন্যায়, অত্যাচারের জন্য নিজের আওয়াজকে রুখে দিও সত্য ও ন্যায়ের কথা বলতে।",[],0,0,0,0,0,0,0,0,0,0,0,0,"কখনো অন্যায়, অত্যাচারের জন্য নিজের আওয়াজকে রুখে দিও সত্য ও ন্যায়ের কথা বলতে।",79,0,0,0,0,0,0,0,0,0,0,0,0,0,0,0,0,0,0,0,0,0,0,"কখনো অন্যায়, অত্যাচারের জন্য নিজের আওয়াজকে রুখে দিও সত্য ও ন্যায়ের কথা বলতে।","কখনো অন্যায়, অত্যাচারের জন্য নিজের আওয়াজকে রুখে দিও সত্য ও ন্যায়ের কথা বলতে।",0,0,0,0,0,79,13,0,0,1,0,0,26,0,0,0,0,65,0,1.0,0.0,1,0
normal,"কষ্ট পেয়ো না, আমি তোমার সাথে আছি।",Bengali,0,0,"কষ্ট পেয়ো না, আমি তোমার সাথে আছি।","কষ্ট পেয়ো না, আমি তোমার সাথে আছি।",[],0,0,0,0,0,0,0,0,0,0,0,0,"কষ্ট পেয়ো না, আমি তোমার সাথে আছি।",34,0,0,0,0,0,0,0,0,0,0,0,0,0,0,0,0,0,0,0,0,0,0,"কষ্ট পেয়ো না, আমি তোমার সাথে আছি।","কষ্ট পেয়ো না, আমি তোমার সাথে আছি।",0,0,0,0,0,34,7,0,0,1,0,0,13,0,0,0,0,26,0,1.0,0.0,1,0
smish,জনতা ব্যাংক থেকে জরুরি বার্তা। কল করুন: +8801913233245,Bengali,0,2,জনতা ব্যাংক থেকে জরুরি বার্তা। কল করুন: +8801913233245,জনতা ব্যাংক থেকে জরুরি বার্তা। কল করুন: +8801913233245,[],0,0,0,0,0,0,0,0,0,0,0,0,জনতা ব্যাংক থেকে জরুরি বার্তা। কল করুন: +8801913233245,54,0,0,0,0,0,0,0,0,0,0,0,0,0,0,0,0,0,0,0,0,0,0,জনতা ব্যাংক থেকে জরুরি বার্তা। কল করুন: +8801913233245,জনতা ব্যাংক থেকে জরুরি বার্তা। কল করুন: +8801913233245,1,1,13,1,1,54,8,0,0,0,0,1,15,0,0,0,0,31,0,1.0,0.0,1,0
promo,অনলাইন শপিংয়ে ২৫% ক্যাশব্যাক! কোড: SHOP25. দেরি না করে এখনই শপিং করুন।,Bengali,0,1,অনলাইন শপিংয়ে ২৫% ক্যাশব্যাক! কোড: SHOP25. দেরি না করে এখনই শপিং করুন।,অনলাইন শপিংয়ে ২৫% ক্যাশব্যাক! কোড: SHOP25. দেরি না করে এখনই শপিং করুন।,[],0,0,0,0,0,0,0,0,0,0,0,0,অনলাইন শপিংয়ে ২৫% ক্যাশব্যাক! কোড: SHOP25. দেরি না করে এখনই শপিং করুন।,71,0,0,0,0,0,0,0,0,0,0,0,0,0,0,0,0,0,0,0,0,0,0,অনলাইন শপিংয়ে ২৫% ক্যাশব্যাক! কোড: SHOP25. দেরি না করে এখনই শপিং করুন।,অনলাইন শপিংয়ে ২৫% ক্যাশব্যাক! কোড: SHOP25. দেরি না করে এখনই শপিং করুন।,0,0,4,2,1,71,12,1,0,0,1,1,22,0,0,0,0,49,4,0.9245283018867925,0.07547169811320754,1,1
promo,"ডাবলসেঞ্চুরি ক্যাশব্যাক ৳২০০!৬১জিবি+১০০০মি@৳৬৯৯,৩০দিন cutt.ly/FwQhpKHc",Bengali,1,1,"ডাবলসেঞ্চুরি ক্যাশব্যাক ৳২০০!৬১জিবি+১০০০মি@৳৬৯৯,৩০দিন cutt.ly/FwQhpKHc","ডাবলসেঞ্চুরি ক্যাশব্যাক ৳২০০!৬১জিবি+১০০০মি@৳৬৯৯,৩০দিন cutt.ly/FwQhpKHc",['cutt.ly/FwQhpKHc'],1,1,16,16,0,1,0,1,0,0,0,1,"ডাবলসেঞ্চুরি ক্যাশব্যাক ৳২০০!৬১জিবি+১০০০মি@৳৬৯৯,৩০দিন  [URL] ",61,1,16,16,0,1,0,1,0,0,0,1,1,16,16,0,1,0,1,0,0,0,1,"ডাবলসেঞ্চুরি ক্যাশব্যাক ৳২০০!৬১জিবি+১০০০মি@৳৬৯৯,৩০দিন cutt.ly/FwQhpKHc","ডাবলসেঞ্চুরি ক্যাশব্যাক ৳২০০!৬১জিবি+১০০০মি@৳৬৯৯,৩০দিন cutt.ly/FwQhpKHc",0,0,14,4,1,70,4,1,0,1,1,0,21,2,1,0,0,47,14,0.7704918032786885,0.22950819672131148,1,1
promo,"এয়ারটেলের বিপ্লবী অফার - 'স্মার্ট স্টুডেন্ট প্যাক'! বিশেষভাবে ছাত্র-ছাত্রীদের জন্য ডিজাইন করা এই প্যাকেজে মাত্র ২৪৯ টাকায় পাবেন ২৫ জিবি ইন্টারনেট, সব নেটওয়ার্কে ১৫০ মিনিট কল, এবং ৫০০ SMS। বিশেষ বোনাস হিসেবে পাবেন শিক্ষামূলক অ্যাপ যেমন Khan Academy, Coursera এবং Udemy তে আনলিমিটেড এক্সেস। এছাড়াও রাত ১২টা থেকে ভোর ৬টা পর্যন্ত সব ডেটা ফ্রি। এই অফার শুধুমাত্র স্টুডেন্ট ID কার্ড দেখিয়ে নিতে পারবেন।",Bengali,0,1,"এয়ারটেলের বিপ্লবী অফার - 'স্মার্ট স্টুডেন্ট প্যাক'! বিশেষভাবে ছাত্র-ছাত্রীদের জন্য ডিজাইন করা এই প্যাকেজে মাত্র ২৪৯ টাকায় পাবেন ২৫ জিবি ইন্টারনেট, সব নেটওয়ার্কে ১৫০ মিনিট কল, এবং ৫০০ SMS। বিশেষ বোনাস হিসেবে পাবেন শিক্ষামূলক অ্যাপ যেমন Khan Academy, Coursera এবং Udemy তে আনলিমিটেড এক্সেস। এছাড়াও রাত ১২টা থেকে ভোর ৬টা পর্যন্ত সব ডেটা ফ্রি। এই অফার শুধুমাত্র স্টুডেন্ট ID কার্ড দেখিয়ে নিতে পারবেন।","এয়ারটেলের বিপ্লবী অফার - 'স্মার্ট স্টুডেন্ট প্যাক'! বিশেষভাবে ছাত্র-ছাত্রীদের জন্য ডিজাইন করা এই প্যাকেজে মাত্র ২৪৯ টাকায় পাবেন ২৫ জিবি ইন্টারনেট, সব নেটওয়ার্কে ১৫০ মিনিট কল, এবং ৫০০ SMS। বিশেষ বোনাস হিসেবে পাবেন শিক্ষামূলক অ্যাপ যেমন Khan Academy, Coursera এবং Udemy তে আনলিমিটেড এক্সেস। এছাড়াও রাত ১২টা থেকে ভোর ৬টা পর্যন্ত সব ডেটা ফ্রি। এই অফার শুধুমাত্র স্টুডেন্ট ID কার্ড দেখিয়ে নিতে পারবেন।",[],0,0,0,0,0,0,0,0,0,0,0,0,"এয়ারটেলের বিপ্লবী অফার - 'স্মার্ট স্টুডেন্ট প্যাক'! বিশেষভাবে ছাত্র-ছাত্রীদের জন্য ডিজাইন করা এই প্যাকেজে মাত্র ২৪৯ টাকায় পাবেন ২৫ জিবি ইন্টারনেট, সব নেটওয়ার্কে ১৫০ মিনিট কল, এবং ৫০০ SMS। বিশেষ বোনাস হিসেবে পাবেন শিক্ষামূলক অ্যাপ যেমন Khan Academy, Coursera এবং Udemy তে আনলিমিটেড এক্সেস। এছাড়াও রাত ১২টা থেকে ভোর ৬টা পর্যন্ত সব ডেটা ফ্রি। এই অফার শুধুমাত্র স্টুডেন্ট ID কার্ড দেখিয়ে নিতে পারবেন।",401,0,0,0,0,0,0,0,0,0,0,0,0,0,0,0,0,0,0,0,0,0,0,"এয়ারটেলের বিপ্লবী অফার - 'স্মার্ট স্টুডেন্ট প্যাক'! বিশেষভাবে ছাত্র-ছাত্রীদের জন্য ডিজাইন করা এই প্যাকেজে মাত্র ২৪৯ টাকায় পাবেন ২৫ জিবি ইন্টারনেট, সব নেটওয়ার্কে ১৫০ মিনিট কল, এবং ৫০০ SMS। বিশেষ বোনাস হিসেবে পাবেন শিক্ষামূলক অ্যাপ যেমন Khan Academy, Coursera এবং Udemy তে আনলিমিটেড এক্সেস। এছাড়াও রাত ১২টা থেকে ভোর ৬টা পর্যন্ত সব ডেটা ফ্রি। এই অফার শুধুমাত্র স্টুডেন্ট ID কার্ড দেখিয়ে নিতে পারবেন।","এয়ারটেলের বিপ্লবী অফার - 'স্মার্ট স্টুডেন্ট প্যাক'! বিশেষভাবে ছাত্র-ছাত্রীদের জন্য ডিজাইন করা এই প্যাকেজে মাত্র ২৪৯ টাকায় পাবেন ২৫ জিবি ইন্টারনেট, সব নেটওয়ার্কে ১৫০ মিনিট কল, এবং ৫০০ SMS। বিশেষ বোনাস হিসেবে পাবেন শিক্ষামূলক অ্যাপ যেমন Khan Academy, Coursera এবং Udemy তে আনলিমিটেড এক্সেস। এছাড়াও রাত ১২টা থেকে ভোর ৬টা পর্যন্ত সব ডেটা ফ্রি। এই অফার শুধুমাত্র স্টুডেন্ট ID কার্ড দেখিয়ে নিতে পারবেন।",0,0,14,6,1,401,63,1,0,3,0,0,124,1,1,0,0,298,29,0.9113149847094801,0.08868501529051988,1,1
smish,"৪৯৯ টাকায় জিতুন ১ লাখ টাকা, বিস্তারিত https://laptop.vkrh.top/?ok=PKQMAHca",Bengali,1,2,"৪৯৯ টাকায় জিতুন ১ লাখ টাকা, বিস্তারিত https://laptop.vkrh.top/?ok=PKQMAHca","৪৯৯ টাকায় জিতুন ১ লাখ টাকা, বিস্তারিত https://laptop.vkrh.top/?ok=PKQMAHca",['https://laptop.vkrh.top/?ok=PKQMAHca'],1,1,36,36,0,2,0,3,1,0,0,0,"৪৯৯ টাকায় জিতুন ১ লাখ টাকা, বিস্তারিত  [URL] ",46,1,36,36,0,2,0,3,1,0,0,0,1,36,36,0,2,0,3,1,0,0,0,"৪৯৯ টাকায় জিতুন ১ লাখ টাকা, বিস্তারিত https://laptop.vkrh.top/?ok=PKQMAHca","৪৯৯ টাকায় জিতুন ১ লাখ টাকা, বিস্তারিত https://laptop.vkrh.top/?ok=PKQMAHca",0,0,4,2,1,75,8,0,1,1,2,1,21,2,1,0,0,31,28,0.5254237288135594,0.4745762711864407,1,1
smish,"ফ্রিতে মাইনিং করে ইনকাম
https://t.me/hamster_koMbat_bot/start?startapp=kentId6816861581",Bengali,1,2,"ফ্রিতে মাইনিং করে ইনকাম
https://t.me/hamster_koMbat_bot/start?startapp=kentId6816861581",ফ্রিতে মাইনিং করে ইনকাম https://t.me/hamster_koMbat_bot/start?startapp=kentId6816861581,['https://t.me/hamster_koMbat_bot/start?startapp=kentId6816861581'],1,1,63,63,10,1,0,4,1,0,0,0,ফ্রিতে মাইনিং করে ইনকাম  [URL] ,31,1,63,63,10,1,0,4,1,0,0,0,1,63,63,10,1,0,4,1,0,0,0,"ফ্রিতে মাইনিং করে ইনকাম
https://t.me/hamster_koMbat_bot/start?startapp=kentId6816861581",ফ্রিতে মাইনিং করে ইনকাম https://t.me/hamster_koMbat_bot/start?startapp=kentId6816861581,0,0,10,1,1,87,5,0,1,0,1,1,16,0,0,0,0,20,43,0.31746031746031744,0.6825396825396826,1,1
promo,Shohoz Rides আজ সব রাইডে ২০% ডিসকাউন্ট দিচ্ছে। নিরাপদ ভ্রমণের জন্য এখনই বুক করুন।,Bengali,0,1,Shohoz Rides আজ সব রাইডে ২০% ডিসকাউন্ট দিচ্ছে। নিরাপদ ভ্রমণের জন্য এখনই বুক করুন।,Shohoz Rides আজ সব রাইডে ২০% ডিসকাউন্ট দিচ্ছে। নিরাপদ ভ্রমণের জন্য এখনই বুক করুন।,[],0,0,0,0,0,0,0,0,0,0,0,0,Shohoz Rides আজ সব রাইডে ২০% ডিসকাউন্ট দিচ্ছে। নিরাপদ ভ্রমণের জন্য এখনই বুক করুন।,81,0,0,0,0,0,0,0,0,0,0,0,0,0,0,0,0,0,0,0,0,0,0,Shohoz Rides আজ সব রাইডে ২০% ডিসকাউন্ট দিচ্ছে। নিরাপদ ভ্রমণের জন্য এখনই বুক করুন।,Shohoz Rides আজ সব রাইডে ২০% ডিসকাউন্ট দিচ্ছে। নিরাপদ ভ্রমণের জন্য এখনই বুক করুন।,0,0,2,1,1,81,14,0,0,0,0,0,18,0,0,0,0,54,11,0.8307692307692308,0.16923076923076924,1,1
smish,"ইউরোপীয় চ্যাম্পিয়নশিপে বাজি ধরুন এবং ২০,০০০ টাকা ক্যাশব্যাক জিতুন। যোগ দিন: smilesvoegol.servebbs.org/voegol.php",Bengali,1,2,"ইউরোপীয় চ্যাম্পিয়নশিপে বাজি ধরুন এবং ২০,০০০ টাকা ক্যাশব্যাক জিতুন। যোগ দিন: smilesvoegol.servebbs.org/voegol.php","ইউরোপীয় চ্যাম্পিয়নশিপে বাজি ধরুন এবং ২০,০০০ টাকা ক্যাশব্যাক জিতুন। যোগ দিন: smilesvoegol.servebbs.org/voegol.php",['smilesvoegol.servebbs.org/voegol.php'],1,1,36,36,0,3,0,1,0,0,0,0,"ইউরোপীয় চ্যাম্পিয়নশিপে বাজি ধরুন এবং ২০,০০০ টাকা ক্যাশব্যাক জিতুন। যোগ দিন:  [URL] ",85,1,36,36,0,3,0,1,0,0,0,0,1,36,36,0,3,0,1,0,0,0,0,"ইউরোপীয় চ্যাম্পিয়নশিপে বাজি ধরুন এবং ২০,০০০ টাকা ক্যাশব্যাক জিতুন। যোগ দিন: smilesvoegol.servebbs.org/voegol.php","ইউরোপীয় চ্যাম্পিয়নশিপে বাজি ধরুন এবং ২০,০০০ টাকা ক্যাশব্যাক জিতুন। যোগ দিন: smilesvoegol.servebbs.org/voegol.php",0,0,5,1,1,114,12,0,0,1,3,1,31,1,1,0,0,64,32,0.6666666666666666,0.3333333333333333,1,1
smish,"আপনার জন্য ৮500 বিনামূল্যে।
এটি এখানে পান: https://cutt
.ly/betvi",Bengali,0,2,"আপনার জন্য ৮500 বিনামূল্যে।
এটি এখানে পান: https://cutt
.ly/betvi",আপনার জন্য ৮500 বিনামূল্যে। এটি এখানে পান: https://cutt .ly/betvi,[],0,0,0,0,0,0,0,0,0,0,0,0,আপনার জন্য ৮500 বিনামূল্যে। এটি এখানে পান: https://cutt .ly/betvi,65,0,0,0,0,0,0,0,0,0,0,0,0,0,0,0,0,0,0,0,0,0,0,"আপনার জন্য ৮500 বিনামূল্যে।
এটি এখানে পান: https://cutt
.ly/betvi",আপনার জন্য ৮500 বিনামূল্যে। এটি এখানে পান: https://cutt .ly/betvi,0,0,4,1,1,65,9,0,0,0,1,2,18,0,0,0,0,31,16,0.6595744680851063,0.3404255319148936,1,1
promo,মাত্র ৯৭৳ ৩০দিন বিশ্বকাপ ক্রিকেট + ১জিবি ডাটা নিতে: cutt.ly/YwmtpRRj,Bengali,1,1,মাত্র ৯৭৳ ৩০দিন বিশ্বকাপ ক্রিকেট + ১জিবি ডাটা নিতে: cutt.ly/YwmtpRRj,মাত্র ৯৭৳ ৩০দিন বিশ্বকাপ ক্রিকেট + ১জিবি ডাটা নিতে: cutt.ly/YwmtpRRj,['cutt.ly/YwmtpRRj'],1,1,16,16,0,1,0,1,0,0,0,1,মাত্র ৯৭৳ ৩০দিন বিশ্বকাপ ক্রিকেট + ১জিবি ডাটা নিতে:  [URL] ,59,1,16,16,0,1,0,1,0,0,0,1,1,16,16,0,1,0,1,0,0,0,1,মাত্র ৯৭৳ ৩০দিন বিশ্বকাপ ক্রিকেট + ১জিবি ডাটা নিতে: cutt.ly/YwmtpRRj,মাত্র ৯৭৳ ৩০দিন বিশ্বকাপ ক্রিকেট + ১জিবি ডাটা নিতে: cutt.ly/YwmtpRRj,0,0,5,3,1,68,10,0,0,0,1,1,20,1,1,0,0,41,14,0.7454545454545455,0.2545454545454545,1,1
smish,"আয় করুন 
https://midgerelativelyhoax.com/wukj2e6w?key=c365cd811b55b1d2a541dfadf1d4f7de",Bengali,1,2,"আয় করুন 
https://midgerelativelyhoax.com/wukj2e6w?key=c365cd811b55b1d2a541dfadf1d4f7de",আয় করুন https://midgerelativelyhoax.com/wukj2e6w?key=c365cd811b55b1d2a541dfadf1d4f7de,['https://midgerelativelyhoax.com/wukj2e6w?key=c365cd811b55b1d2a541dfadf1d4f7de'],1,1,77,77,18,1,0,3,1,0,0,0,আয় করুন  [URL] ,16,1,77,77,18,1,0,3,1,0,0,0,1,77,77,18,1,0,3,1,0,0,0,"আয় করুন 
https://midgerelativelyhoax.com/wukj2e6w?key=c365cd811b55b1d2a541dfadf1d4f7de",আয় করুন https://midgerelativelyhoax.com/wukj2e6w?key=c365cd811b55b1d2a541dfadf1d4f7de,0,0,18,11,1,86,3,0,1,0,1,1,9,0,0,0,0,7,52,0.11864406779661017,0.8813559322033898,1,1
normal,পাখিরা গাছে খুব সুন্দর গান গায়।,Bengali,0,0,পাখিরা গাছে খুব সুন্দর গান গায়।,পাখিরা গাছে খুব সুন্দর গান গায়।,[],0,0,0,0,0,0,0,0,0,0,0,0,পাখিরা গাছে খুব সুন্দর গান গায়।,32,0,0,0,0,0,0,0,0,0,0,0,0,0,0,0,0,0,0,0,0,0,0,পাখিরা গাছে খুব সুন্দর গান গায়।,পাখিরা গাছে খুব সুন্দর গান গায়।,0,0,0,0,0,32,6,0,0,0,0,0,12,0,0,0,0,26,0,1.0,0.0,1,0
smish,"নগদ অ্যাকাউন্টে ১০,০০০ টাকা জমা হয়েছে। বিস্তারিত জানতে কল করুন: +8801817677789",Bengali,0,2,"নগদ অ্যাকাউন্টে ১০,০০০ টাকা জমা হয়েছে। বিস্তারিত জানতে কল করুন: +8801817677789","নগদ অ্যাকাউন্টে ১০,০০০ টাকা জমা হয়েছে। বিস্তারিত জানতে কল করুন: +8801817677789",[],0,0,0,0,0,0,0,0,0,0,0,0,"নগদ অ্যাকাউন্টে ১০,০০০ টাকা জমা হয়েছে। বিস্তারিত জানতে কল করুন: +8801817677789",79,0,0,0,0,0,0,0,0,0,0,0,0,0,0,0,0,0,0,0,0,0,0,"নগদ অ্যাকাউন্টে ১০,০০০ টাকা জমা হয়েছে। বিস্তারিত জানতে কল করুন: +8801817677789","নগদ অ্যাকাউন্টে ১০,০০০ টাকা জমা হয়েছে। বিস্তারিত জানতে কল করুন: +8801817677789",1,1,18,2,1,79,11,0,0,1,0,1,22,1,1,1,1,52,0,1.0,0.0,1,0
normal,"০১৮৭৩৮২৭৩৮৪ এই নাম্বারে কল করুন, জরুরি।",Bengali,0,0,"০১৮৭৩৮২৭৩৮৪ এই নাম্বারে কল করুন, জরুরি।","০১৮৭৩৮২৭৩৮৪ এই নাম্বারে কল করুন, জরুরি।",[],0,0,0,0,0,0,0,0,0,0,0,0,"০১৮৭৩৮২৭৩৮৪ এই নাম্বারে কল করুন, জরুরি।",39,0,0,0,0,0,0,0,0,0,0,0,0,0,0,0,0,0,0,0,0,0,0,"০১৮৭৩৮২৭৩৮৪ এই নাম্বারে কল করুন, জরুরি।","০১৮৭৩৮২৭৩৮৪ এই নাম্বারে কল করুন, জরুরি।",0,0,11,1,1,39,6,0,0,1,0,0,9,0,0,0,0,32,0,1.0,0.0,1,0
smish,"ডাচ্-বাংলা ব্যাংক সতর্কতা: আপনার অ্যাকাউন্টে ২,০০,০০০ টাকার ফান্ড হোল্ড করা হয়েছে। এটি মুক্ত করতে এখনই dbbl-fundrelease.org ভিজিট করুন।",Bengali,1,2,"ডাচ্-বাংলা ব্যাংক সতর্কতা: আপনার অ্যাকাউন্টে ২,০০,০০০ টাকার ফান্ড হোল্ড করা হয়েছে। এটি মুক্ত করতে এখনই dbbl-fundrelease.org ভিজিট করুন।","ডাচ্-বাংলা ব্যাংক সতর্কতা: আপনার অ্যাকাউন্টে ২,০০,০০০ টাকার ফান্ড হোল্ড করা হয়েছে। এটি মুক্ত করতে এখনই dbbl-fundrelease.org ভিজিট করুন।",['dbbl-fundrelease.org'],1,1,20,20,0,1,1,0,0,0,0,0,"ডাচ্-বাংলা ব্যাংক সতর্কতা: আপনার অ্যাকাউন্টে ২,০০,০০০ টাকার ফান্ড হোল্ড করা হয়েছে। এটি মুক্ত করতে এখনই  [URL]  ভিজিট করুন।",123,1,20,20,0,1,1,0,0,0,0,0,1,20,20,0,1,1,0,0,0,0,0,"ডাচ্-বাংলা ব্যাংক সতর্কতা: আপনার অ্যাকাউন্টে ২,০০,০০০ টাকার ফান্ড হোল্ড করা হয়েছে। এটি মুক্ত করতে এখনই dbbl-fundrelease.org ভিজিট করুন।","ডাচ্-বাংলা ব্যাংক সতর্কতা: আপনার অ্যাকাউন্টে ২,০০,০০০ টাকার ফান্ড হোল্ড করা হয়েছে। এটি মুক্ত করতে এখনই dbbl-fundrelease.org ভিজিট করুন।",0,0,6,2,1,136,18,0,0,2,1,1,41,1,1,1,1,93,18,0.8378378378378378,0.16216216216216217,1,1
promo,"পূর্বাচল সংলগ্ন নাভানা'র ৩,৫ ও ১০ কাঠার প্লট কিনুন – ০১৮৪৭-২১৪০১৯",Bengali,0,1,"পূর্বাচল সংলগ্ন নাভানা'র ৩,৫ ও ১০ কাঠার প্লট কিনুন – ০১৮৪৭-২১৪০১৯","পূর্বাচল সংলগ্ন নাভানা'র ৩,৫ ও ১০ কাঠার প্লট কিনুন - ০১৮৪৭-২১৪০১৯",[],0,0,0,0,0,0,0,0,0,0,0,0,"পূর্বাচল সংলগ্ন নাভানা'র ৩,৫ ও ১০ কাঠার প্লট কিনুন - ০১৮৪৭-২১৪০১৯",65,0,0,0,0,0,0,0,0,0,0,0,0,0,0,0,0,0,0,0,0,0,0,"পূর্বাচল সংলগ্ন নাভানা'র ৩,৫ ও ১০ কাঠার প্লট কিনুন – ০১৮৪৭-২১৪০১৯","পূর্বাচল সংলগ্ন নাভানা'র ৩,৫ ও ১০ কাঠার প্লট কিনুন – ০১৮৪৭-২১৪০১৯",0,0,15,4,1,65,11,0,0,1,0,0,17,0,0,0,0,51,0,1.0,0.0,1,0
promo,পিজা হাটে কম্বো অফার! ২টি পিজা + ২টি কোক = ৭৯৯ টাকা মাত্র।,Bengali,0,1,পিজা হাটে কম্বো অফার! ২টি পিজা + ২টি কোক = ৭৯৯ টাকা মাত্র।,পিজা হাটে কম্বো অফার! ২টি পিজা + ২টি কোক = ৭৯৯ টাকা মাত্র।,[],0,0,0,0,0,0,0,0,0,0,0,0,পিজা হাটে কম্বো অফার! ২টি পিজা + ২টি কোক = ৭৯৯ টাকা মাত্র।,58,0,0,0,0,0,0,0,0,0,0,0,0,0,0,0,0,0,0,0,0,0,0,পিজা হাটে কম্বো অফার! ২টি পিজা + ২টি কোক = ৭৯৯ টাকা মাত্র।,পিজা হাটে কম্বো অফার! ২টি পিজা + ২টি কোক = ৭৯৯ টাকা মাত্র।,0,0,5,3,1,58,13,1,0,0,0,0,20,1,1,0,0,42,0,1.0,0.0,1,0
smish,"https://t.me/Trust_earning_Airdropbot?start=r02156081575
প্রতি রেফারে ২৫০ টাকা ইনকাম করতে পারবেন। উপরের ২ টি লিংক এ ক্লিক করে start করুন এবং Telegram website থেকে দেয়া সেই লিংক টা আপনার প্রেন্ড দের কাছে শেয়ার করুন।",Bengali,1,2,"https://t.me/Trust_earning_Airdropbot?start=r02156081575
প্রতি রেফারে ২৫০ টাকা ইনকাম করতে পারবেন। উপরের ২ টি লিংক এ ক্লিক করে start করুন এবং Telegram website থেকে দেয়া সেই লিংক টা আপনার প্রেন্ড দের কাছে শেয়ার করুন।",https://t.me/Trust_earning_Airdropbot?start=r02156081575 প্রতি রেফারে ২৫০ টাকা ইনকাম করতে পারবেন। উপরের ২ টি লিংক এ ক্লিক করে start করুন এবং Telegram website থেকে দেয়া সেই লিংক টা আপনার প্রেন্ড দের কাছে শেয়ার করুন।,['https://t.me/Trust_earning_Airdropbot?start=r02156081575'],1,1,56,56,11,1,0,3,1,0,0,0, [URL]  প্রতি রেফারে ২৫০ টাকা ইনকাম করতে পারবেন। উপরের ২ টি লিংক এ ক্লিক করে start করুন এবং Telegram website থেকে দেয়া সেই লিংক টা আপনার প্রেন্ড দের কাছে শেয়ার করুন।,167,1,56,56,11,1,0,3,1,0,0,0,1,56,56,11,1,0,3,1,0,0,0,"https://t.me/Trust_earning_Airdropbot?start=r02156081575
প্রতি রেফারে ২৫০ টাকা ইনকাম করতে পারবেন। উপরের ২ টি লিংক এ ক্লিক করে start করুন এবং Telegram website থেকে দেয়া সেই লিংক টা আপনার প্রেন্ড দের কাছে শেয়ার করুন।",https://t.me/Trust_earning_Airdropbot?start=r02156081575 প্রতি রেফারে ২৫০ টাকা ইনকাম করতে পারবেন। উপরের ২ টি লিংক এ ক্লিক করে start করুন এবং Telegram website থেকে দেয়া সেই লিংক টা আপনার প্রেন্ড দের কাছে শেয়ার করুন।,0,0,15,3,1,216,31,0,1,0,1,1,49,1,1,0,0,108,56,0.6585365853658537,0.34146341463414637,1,1
normal,এই কষ্টটাও কেটে যাবে।,Bengali,0,0,এই কষ্টটাও কেটে যাবে।,এই কষ্টটাও কেটে যাবে।,[],0,0,0,0,0,0,0,0,0,0,0,0,এই কষ্টটাও কেটে যাবে।,21,0,0,0,0,0,0,0,0,0,0,0,0,0,0,0,0,0,0,0,0,0,0,এই কষ্টটাও কেটে যাবে।,এই কষ্টটাও কেটে যাবে।,0,0,0,0,0,21,4,0,0,0,0,0,7,0,0,0,0,17,0,1.0,0.0,1,0
promo,রেস্তোরাঁয় খাওয়ার উপর ১৫% ছাড়! অফারটি সীমিত সময়ের জন্য। আজই আসুন!,Bengali,0,1,রেস্তোরাঁয় খাওয়ার উপর ১৫% ছাড়! অফারটি সীমিত সময়ের জন্য। আজই আসুন!,রেস্তোরাঁয় খাওয়ার উপর ১৫% ছাড়! অফারটি সীমিত সময়ের জন্য। আজই আসুন!,[],0,0,0,0,0,0,0,0,0,0,0,0,রেস্তোরাঁয় খাওয়ার উপর ১৫% ছাড়! অফারটি সীমিত সময়ের জন্য। আজই আসুন!,69,0,0,0,0,0,0,0,0,0,0,0,0,0,0,0,0,0,0,0,0,0,0,রেস্তোরাঁয় খাওয়ার উপর ১৫% ছাড়! অফারটি সীমিত সময়ের জন্য। আজই আসুন!,রেস্তোরাঁয় খাওয়ার উপর ১৫% ছাড়! অফারটি সীমিত সময়ের জন্য। আজই আসুন!,0,0,2,1,1,69,11,2,0,0,0,0,23,0,0,0,0,55,0,1.0,0.0,1,0
promo,২০০৳ সেইই ক্যাশব্যাক! নাও ৬০জিবি+১০০০মিনিট@৬৯৯৳ ৩০দিন: cutt.ly/aAhiAsI,Bengali,1,1,২০০৳ সেইই ক্যাশব্যাক! নাও ৬০জিবি+১০০০মিনিট@৬৯৯৳ ৩০দিন: cutt.ly/aAhiAsI,২০০৳ সেইই ক্যাশব্যাক! নাও ৬০জিবি+১০০০মিনিট@৬৯৯৳ ৩০দিন: cutt.ly/aAhiAsI,['cutt.ly/aAhiAsI'],1,1,15,15,0,1,0,1,0,0,0,1,২০০৳ সেইই ক্যাশব্যাক! নাও ৬০জিবি+১০০০মিনিট@৬৯৯৳ ৩০দিন:  [URL] ,62,1,15,15,0,1,0,1,0,0,0,1,1,15,15,0,1,0,1,0,0,0,1,২০০৳ সেইই ক্যাশব্যাক! নাও ৬০জিবি+১০০০মিনিট@৬৯৯৳ ৩০দিন: cutt.ly/aAhiAsI,২০০৳ সেইই ক্যাশব্যাক! নাও ৬০জিবি+১০০০মিনিট@৬৯৯৳ ৩০দিন: cutt.ly/aAhiAsI,0,0,14,5,1,70,7,1,0,0,1,1,19,2,1,0,0,45,13,0.7758620689655172,0.22413793103448276,1,1
smish,মাশরাফির সাথে ফ্রি হোটেল বুকিং জিততে বিপিএলে বাজি ধরুন। যোগ দিন: promusic.co/components/interbank.com/,Bengali,1,2,মাশরাফির সাথে ফ্রি হোটেল বুকিং জিততে বিপিএলে বাজি ধরুন। যোগ দিন: promusic.co/components/interbank.com/,মাশরাফির সাথে ফ্রি হোটেল বুকিং জিততে বিপিএলে বাজি ধরুন। যোগ দিন: promusic.co/components/interbank.com/,['promusic.co/components/interbank.com/'],1,1,37,37,0,2,0,3,0,0,0,0,মাশরাফির সাথে ফ্রি হোটেল বুকিং জিততে বিপিএলে বাজি ধরুন। যোগ দিন:  [URL] ,72,1,37,37,0,2,0,3,0,0,0,0,1,37,37,0,2,0,3,0,0,0,0,মাশরাফির সাথে ফ্রি হোটেল বুকিং জিততে বিপিএলে বাজি ধরুন। যোগ দিন: promusic.co/components/interbank.com/,মাশরাফির সাথে ফ্রি হোটেল বুকিং জিততে বিপিএলে বাজি ধরুন। যোগ দিন: promusic.co/components/interbank.com/,0,0,0,0,0,102,12,0,0,0,2,1,29,0,0,0,0,52,32,0.6190476190476191,0.38095238095238093,1,1
normal,এই যা কোন অন্য জন্য এটির জন্য না কেন সেটি বিশেষ হলো তাই আমি এটি বলতে চাই।,Bengali,0,0,এই যা কোন অন্য জন্য এটির জন্য না কেন সেটি বিশেষ হলো তাই আমি এটি বলতে চাই।,এই যা কোন অন্য জন্য এটির জন্য না কেন সেটি বিশেষ হলো তাই আমি এটি বলতে চাই।,[],0,0,0,0,0,0,0,0,0,0,0,0,এই যা কোন অন্য জন্য এটির জন্য না কেন সেটি বিশেষ হলো তাই আমি এটি বলতে চাই।,73,0,0,0,0,0,0,0,0,0,0,0,0,0,0,0,0,0,0,0,0,0,0,এই যা কোন অন্য জন্য এটির জন্য না কেন সেটি বিশেষ হলো তাই আমি এটি বলতে চাই।,এই যা কোন অন্য জন্য এটির জন্য না কেন সেটি বিশেষ হলো তাই আমি এটি বলতে চাই।,0,0,0,0,0,73,17,0,0,0,0,0,19,0,0,0,0,56,0,1.0,0.0,1,0
normal,তোমার ভাইবোন কেমন আছে?,Bengali,0,0,তোমার ভাইবোন কেমন আছে?,তোমার ভাইবোন কেমন আছে?,[],0,0,0,0,0,0,0,0,0,0,0,0,তোমার ভাইবোন কেমন আছে?,22,0,0,0,0,0,0,0,0,0,0,0,0,0,0,0,0,0,0,0,0,0,0,তোমার ভাইবোন কেমন আছে?,তোমার ভাইবোন কেমন আছে?,0,0,0,0,0,22,4,0,1,0,0,0,7,0,0,0,0,18,0,1.0,0.0,1,0
normal,"তোমারি চোখেরই আঙ্গিনায়, এখনো কি তেমনি করে ছড়ায় আলো? এখনো কি তারার পানে চেয়ে থাকো আন মনে? তুমি কি আমায় আগের মত বাস ভাল?",Bengali,0,0,"তোমারি চোখেরই আঙ্গিনায়, এখনো কি তেমনি করে ছড়ায় আলো? এখনো কি তারার পানে চেয়ে থাকো আন মনে? তুমি কি আমায় আগের মত বাস ভাল?","তোমারি চোখেরই আঙ্গিনায়, এখনো কি তেমনি করে ছড়ায় আলো? এখনো কি তারার পানে চেয়ে থাকো আন মনে? তুমি কি আমায় আগের মত বাস ভাল?",[],0,0,0,0,0,0,0,0,0,0,0,0,"তোমারি চোখেরই আঙ্গিনায়, এখনো কি তেমনি করে ছড়ায় আলো? এখনো কি তারার পানে চেয়ে থাকো আন মনে? তুমি কি আমায় আগের মত বাস ভাল?",123,0,0,0,0,0,0,0,0,0,0,0,0,0,0,0,0,0,0,0,0,0,0,"তোমারি চোখেরই আঙ্গিনায়, এখনো কি তেমনি করে ছড়ায় আলো? এখনো কি তারার পানে চেয়ে থাকো আন মনে? তুমি কি আমায় আগের মত বাস ভাল?","তোমারি চোখেরই আঙ্গিনায়, এখনো কি তেমনি করে ছড়ায় আলো? এখনো কি তারার পানে চেয়ে থাকো আন মনে? তুমি কি আমায় আগের মত বাস ভাল?",0,0,0,0,0,123,24,0,3,1,0,0,42,0,0,0,0,96,0,1.0,0.0,1,0
promo,বাংলালিংক স্পেশাল: ২৪ ঘন্টা ইন্টারনেট মাত্র ৯ টাকা। *৫০০০# ডায়াল করুন।,Bengali,0,1,বাংলালিংক স্পেশাল: ২৪ ঘন্টা ইন্টারনেট মাত্র ৯ টাকা। *৫০০০# ডায়াল করুন।,বাংলালিংক স্পেশাল: ২৪ ঘন্টা ইন্টারনেট মাত্র ৯ টাকা। *৫০০০# ডায়াল করুন।,[],0,0,0,0,0,0,0,0,0,0,0,0,বাংলালিংক স্পেশাল: ২৪ ঘন্টা ইন্টারনেট মাত্র ৯ টাকা। *৫০০০# ডায়াল করুন।,71,0,0,0,0,0,0,0,0,0,0,0,0,0,0,0,0,0,0,0,0,0,0,বাংলালিংক স্পেশাল: ২৪ ঘন্টা ইন্টারনেট মাত্র ৯ টাকা। *৫০০০# ডায়াল করুন।,বাংলালিংক স্পেশাল: ২৪ ঘন্টা ইন্টারনেট মাত্র ৯ টাকা। *৫০০০# ডায়াল করুন।,0,0,7,3,1,71,11,0,0,0,0,1,26,1,1,0,0,56,0,1.0,0.0,1,0
promo,"৫জিবি+১৫০মিনিট ১৩০টাকা (৩০দিন),ডায়াল *১২১*৫২০৫# বা https://mygp.li/a0",Bengali,1,1,"৫জিবি+১৫০মিনিট ১৩০টাকা (৩০দিন),ডায়াল *১২১*৫২০৫# বা https://mygp.li/a0","৫জিবি+১৫০মিনিট ১৩০টাকা (৩০দিন),ডায়াল *১২১*৫২০৫# বা https://mygp.li/a0",['https://mygp.li/a0'],1,1,18,18,1,1,0,3,1,0,0,0,"৫জিবি+১৫০মিনিট ১৩০টাকা (৩০দিন),ডায়াল *১২১*৫২০৫# বা  [URL] ",59,1,18,18,1,1,0,3,1,0,0,0,1,18,18,1,1,0,3,1,0,0,0,"৫জিবি+১৫০মিনিট ১৩০টাকা (৩০দিন),ডায়াল *১২১*৫২০৫# বা https://mygp.li/a0","৫জিবি+১৫০মিনিট ১৩০টাকা (৩০দিন),ডায়াল *১২১*৫২০৫# বা https://mygp.li/a0",0,0,17,7,1,70,6,0,0,1,1,1,23,1,1,0,0,40,12,0.7692307692307693,0.23076923076923078,1,1
promo,সানগ্লাসে স্পেশাল ডিসকাউন্ট! ব্র্যান্ডেড গ্লাসে ৪০% ছাড়।,Bengali,0,1,সানগ্লাসে স্পেশাল ডিসকাউন্ট! ব্র্যান্ডেড গ্লাসে ৪০% ছাড়।,সানগ্লাসে স্পেশাল ডিসকাউন্ট! ব্র্যান্ডেড গ্লাসে ৪০% ছাড়।,[],0,0,0,0,0,0,0,0,0,0,0,0,সানগ্লাসে স্পেশাল ডিসকাউন্ট! ব্র্যান্ডেড গ্লাসে ৪০% ছাড়।,57,0,0,0,0,0,0,0,0,0,0,0,0,0,0,0,0,0,0,0,0,0,0,সানগ্লাসে স্পেশাল ডিসকাউন্ট! ব্র্যান্ডেড গ্লাসে ৪০% ছাড়।,সানগ্লাসে স্পেশাল ডিসকাউন্ট! ব্র্যান্ডেড গ্লাসে ৪০% ছাড়।,0,0,2,1,1,57,7,1,0,0,0,0,23,0,0,0,0,48,0,1.0,0.0,1,0
promo,"১০০'মাদানীএভিনিউ আর্মি হাউজিং(জলসিড়ি)সংলগ্ন প্লট কাঠা৫লক্ষ
01894841729",Bengali,0,1,"১০০'মাদানীএভিনিউ আর্মি হাউজিং(জলসিড়ি)সংলগ্ন প্লট কাঠা৫লক্ষ
01894841729",১০০'মাদানীএভিনিউ আর্মি হাউজিং(জলসিড়ি)সংলগ্ন প্লট কাঠা৫লক্ষ 01894841729,[],0,0,0,0,0,0,0,0,0,0,0,0,১০০'মাদানীএভিনিউ আর্মি হাউজিং(জলসিড়ি)সংলগ্ন প্লট কাঠা৫লক্ষ 01894841729,71,0,0,0,0,0,0,0,0,0,0,0,0,0,0,0,0,0,0,0,0,0,0,"১০০'মাদানীএভিনিউ আর্মি হাউজিং(জলসিড়ি)সংলগ্ন প্লট কাঠা৫লক্ষ
01894841729",১০০'মাদানীএভিনিউ আর্মি হাউজিং(জলসিড়ি)সংলগ্ন প্লট কাঠা৫লক্ষ 01894841729,1,1,15,3,1,71,6,0,0,0,0,0,22,0,0,0,0,52,0,1.0,0.0,1,0
normal,০১৭২৮২৯১৭৬৫ এই নাম্বারে রকেটে ৫০০ টাকা দাও।,Bengali,0,0,০১৭২৮২৯১৭৬৫ এই নাম্বারে রকেটে ৫০০ টাকা দাও।,০১৭২৮২৯১৭৬৫ এই নাম্বারে রকেটে ৫০০ টাকা দাও।,[],0,0,0,0,0,0,0,0,0,0,0,0,০১৭২৮২৯১৭৬৫ এই নাম্বারে রকেটে ৫০০ টাকা দাও।,43,0,0,0,0,0,0,0,0,0,0,0,0,0,0,0,0,0,0,0,0,0,0,০১৭২৮২৯১৭৬৫ এই নাম্বারে রকেটে ৫০০ টাকা দাও।,০১৭২৮২৯১৭৬৫ এই নাম্বারে রকেটে ৫০০ টাকা দাও।,0,0,14,2,1,43,7,0,0,0,0,0,10,1,1,0,0,36,0,1.0,0.0,1,0
normal,আজকে অফিসে এত কাজ ছিল যে দুপুরে খাওয়ার সময়ই পাইনি। সারাদিন রিপোর্ট বানাতে গিয়ে মাথা ঘুরে যাচ্ছিলো। কালকে একটু আগে থেকেই কাজ শেষ করার চেষ্টা করবো।,Bengali,0,0,আজকে অফিসে এত কাজ ছিল যে দুপুরে খাওয়ার সময়ই পাইনি। সারাদিন রিপোর্ট বানাতে গিয়ে মাথা ঘুরে যাচ্ছিলো। কালকে একটু আগে থেকেই কাজ শেষ করার চেষ্টা করবো।,আজকে অফিসে এত কাজ ছিল যে দুপুরে খাওয়ার সময়ই পাইনি। সারাদিন রিপোর্ট বানাতে গিয়ে মাথা ঘুরে যাচ্ছিলো। কালকে একটু আগে থেকেই কাজ শেষ করার চেষ্টা করবো।,[],0,0,0,0,0,0,0,0,0,0,0,0,আজকে অফিসে এত কাজ ছিল যে দুপুরে খাওয়ার সময়ই পাইনি। সারাদিন রিপোর্ট বানাতে গিয়ে মাথা ঘুরে যাচ্ছিলো। কালকে একটু আগে থেকেই কাজ শেষ করার চেষ্টা করবো।,148,0,0,0,0,0,0,0,0,0,0,0,0,0,0,0,0,0,0,0,0,0,0,আজকে অফিসে এত কাজ ছিল যে দুপুরে খাওয়ার সময়ই পাইনি। সারাদিন রিপোর্ট বানাতে গিয়ে মাথা ঘুরে যাচ্ছিলো। কালকে একটু আগে থেকেই কাজ শেষ করার চেষ্টা করবো।,আজকে অফিসে এত কাজ ছিল যে দুপুরে খাওয়ার সময়ই পাইনি। সারাদিন রিপোর্ট বানাতে গিয়ে মাথা ঘুরে যাচ্ছিলো। কালকে একটু আগে থেকেই কাজ শেষ করার চেষ্টা করবো।,0,0,0,0,0,148,26,0,0,0,0,0,51,0,0,0,0,120,0,1.0,0.0,1,0
promo,"১৭ মে বিশ্ব টেলিযোগাযোগ ও তথ্য সংঘ দিবস, ২০২৩ এর প্রতিপাদ্য বিষয়
“তথ্য ও যোগাযোগ প্রযুক্তির উন্নয়ন
স্বল্পোন্নত দেশসমূহের ক্ষমতায়ন”-ডাক ও টেলিযোগাযোগ বিভাগ।",Bengali,0,1,"১৭ মে বিশ্ব টেলিযোগাযোগ ও তথ্য সংঘ দিবস, ২০২৩ এর প্রতিপাদ্য বিষয়
“তথ্য ও যোগাযোগ প্রযুক্তির উন্নয়ন
স্বল্পোন্নত দেশসমূহের ক্ষমতায়ন”-ডাক ও টেলিযোগাযোগ বিভাগ।","১৭ মে বিশ্ব টেলিযোগাযোগ ও তথ্য সংঘ দিবস, ২০২৩ এর প্রতিপাদ্য বিষয় ""তথ্য ও যোগাযোগ প্রযুক্তির উন্নয়ন স্বল্পোন্নত দেশসমূহের ক্ষমতায়ন""-ডাক ও টেলিযোগাযোগ বিভাগ।",[],0,0,0,0,0,0,0,0,0,0,0,0,"১৭ মে বিশ্ব টেলিযোগাযোগ ও তথ্য সংঘ দিবস, ২০২৩ এর প্রতিপাদ্য বিষয় ""তথ্য ও যোগাযোগ প্রযুক্তির উন্নয়ন স্বল্পোন্নত দেশসমূহের ক্ষমতায়ন""-ডাক ও টেলিযোগাযোগ বিভাগ।",158,0,0,0,0,0,0,0,0,0,0,0,0,0,0,0,0,0,0,0,0,0,0,"১৭ মে বিশ্ব টেলিযোগাযোগ ও তথ্য সংঘ দিবস, ২০২৩ এর প্রতিপাদ্য বিষয়
“তথ্য ও যোগাযোগ প্রযুক্তির উন্নয়ন
স্বল্পোন্নত দেশসমূহের ক্ষমতায়ন”-ডাক ও টেলিযোগাযোগ বিভাগ।","১৭ মে বিশ্ব টেলিযোগাযোগ ও তথ্য সংঘ দিবস, ২০২৩ এর প্রতিপাদ্য বিষয় “তথ্য ও যোগাযোগ প্রযুক্তির উন্নয়ন স্বল্পোন্নত দেশসমূহের ক্ষমতায়ন”-ডাক ও টেলিযোগাযোগ বিভাগ।",0,0,6,2,1,158,23,0,0,1,0,0,50,0,0,0,0,131,0,1.0,0.0,1,0
promo,অনলাইন শপিংয়ে ২০% পর্যন্ত ডিসকাউন্ট! কোড ব্যবহার করে সুবিধা নিন।,Bengali,0,1,অনলাইন শপিংয়ে ২০% পর্যন্ত ডিসকাউন্ট! কোড ব্যবহার করে সুবিধা নিন।,অনলাইন শপিংয়ে ২০% পর্যন্ত ডিসকাউন্ট! কোড ব্যবহার করে সুবিধা নিন।,[],0,0,0,0,0,0,0,0,0,0,0,0,অনলাইন শপিংয়ে ২০% পর্যন্ত ডিসকাউন্ট! কোড ব্যবহার করে সুবিধা নিন।,65,0,0,0,0,0,0,0,0,0,0,0,0,0,0,0,0,0,0,0,0,0,0,অনলাইন শপিংয়ে ২০% পর্যন্ত ডিসকাউন্ট! কোড ব্যবহার করে সুবিধা নিন।,অনলাইন শপিংয়ে ২০% পর্যন্ত ডিসকাউন্ট! কোড ব্যবহার করে সুবিধা নিন।,0,0,2,1,1,65,10,1,0,0,0,0,21,0,0,0,0,53,0,1.0,0.0,1,0
smish,"আপনার বিকাশে ৭,৫০০ টাকা কেটে নেওয়া হয়েছে। যদি ভুল হয় তবে claim-bkash.net ভিজিট করুন।",Bengali,1,2,"আপনার বিকাশে ৭,৫০০ টাকা কেটে নেওয়া হয়েছে। যদি ভুল হয় তবে claim-bkash.net ভিজিট করুন।","আপনার বিকাশে ৭,৫০০ টাকা কেটে নেওয়া হয়েছে। যদি ভুল হয় তবে claim-bkash.net ভিজিট করুন।",['claim-bkash.net'],1,1,15,15,0,1,1,0,0,0,0,0,"আপনার বিকাশে ৭,৫০০ টাকা কেটে নেওয়া হয়েছে। যদি ভুল হয় তবে  [URL]  ভিজিট করুন।",79,1,15,15,0,1,1,0,0,0,0,0,1,15,15,0,1,1,0,0,0,0,0,"আপনার বিকাশে ৭,৫০০ টাকা কেটে নেওয়া হয়েছে। যদি ভুল হয় তবে claim-bkash.net ভিজিট করুন।","আপনার বিকাশে ৭,৫০০ টাকা কেটে নেওয়া হয়েছে। যদি ভুল হয় তবে claim-bkash.net ভিজিট করুন।",0,0,4,1,1,87,14,0,0,1,1,0,26,1,1,0,0,56,13,0.8115942028985508,0.18840579710144928,1,1
promo,"ঈদ কেনাকাটা হোক ডায়মন্ড ওয়ার্ল্ডের সাথে, উপভোগ করুন ডায়মন্ড গহনায় ২৫%ছাড় ও গোল্ডের আকর্ষণীয় কালেকশন। ভিজিট:qrco.de/beuAOs, ০১৭১৩১৯৯২৭০",Bengali,1,1,"ঈদ কেনাকাটা হোক ডায়মন্ড ওয়ার্ল্ডের সাথে, উপভোগ করুন ডায়মন্ড গহনায় ২৫%ছাড় ও গোল্ডের আকর্ষণীয় কালেকশন। ভিজিট:qrco.de/beuAOs, ০১৭১৩১৯৯২৭০","ঈদ কেনাকাটা হোক ডায়মন্ড ওয়ার্ল্ডের সাথে, উপভোগ করুন ডায়মন্ড গহনায় ২৫%ছাড় ও গোল্ডের আকর্ষণীয় কালেকশন। ভিজিট:qrco.de/beuAOs, ০১৭১৩১৯৯২৭০","['qrco.de/beuAOs,']",1,1,15,15,0,1,0,1,0,0,0,0,"ঈদ কেনাকাটা হোক ডায়মন্ড ওয়ার্ল্ডের সাথে, উপভোগ করুন ডায়মন্ড গহনায় ২৫%ছাড় ও গোল্ডের আকর্ষণীয় কালেকশন। ভিজিট: [URL]  ০১৭১৩১৯৯২৭০",132,1,15,15,0,1,0,1,0,0,0,0,1,15,15,0,1,0,1,0,0,0,0,"ঈদ কেনাকাটা হোক ডায়মন্ড ওয়ার্ল্ডের সাথে, উপভোগ করুন ডায়মন্ড গহনায় ২৫%ছাড় ও গোল্ডের আকর্ষণীয় কালেকশন। ভিজিট:qrco.de/beuAOs, ০১৭১৩১৯৯২৭০","ঈদ কেনাকাটা হোক ডায়মন্ড ওয়ার্ল্ডের সাথে, উপভোগ করুন ডায়মন্ড গহনায় ২৫%ছাড় ও গোল্ডের আকর্ষণীয় কালেকশন। ভিজিট:qrco.de/beuAOs, ০১৭১৩১৯৯২৭০",0,0,13,2,1,140,17,0,0,2,1,1,41,0,0,0,0,105,12,0.8974358974358975,0.10256410256410256,1,1
promo,Robi Music App সাবস্ক্রিপশন ৩০ দিনের জন্য মাত্র ৩৯ টাকা। গান শুনুন সীমাহীন।,Bengali,0,1,Robi Music App সাবস্ক্রিপশন ৩০ দিনের জন্য মাত্র ৩৯ টাকা। গান শুনুন সীমাহীন।,Robi Music App সাবস্ক্রিপশন ৩০ দিনের জন্য মাত্র ৩৯ টাকা। গান শুনুন সীমাহীন।,[],0,0,0,0,0,0,0,0,0,0,0,0,Robi Music App সাবস্ক্রিপশন ৩০ দিনের জন্য মাত্র ৩৯ টাকা। গান শুনুন সীমাহীন।,75,0,0,0,0,0,0,0,0,0,0,0,0,0,0,0,0,0,0,0,0,0,0,Robi Music App সাবস্ক্রিপশন ৩০ দিনের জন্য মাত্র ৩৯ টাকা। গান শুনুন সীমাহীন।,Robi Music App সাবস্ক্রিপশন ৩০ দিনের জন্য মাত্র ৩৯ টাকা। গান শুনুন সীমাহীন।,0,0,4,2,1,75,13,0,0,0,0,0,19,1,1,0,0,49,12,0.8032786885245902,0.19672131147540983,1,1
normal,আজ কি সিনেমা দেখবে?,Bengali,0,0,আজ কি সিনেমা দেখবে?,আজ কি সিনেমা দেখবে?,[],0,0,0,0,0,0,0,0,0,0,0,0,আজ কি সিনেমা দেখবে?,19,0,0,0,0,0,0,0,0,0,0,0,0,0,0,0,0,0,0,0,0,0,0,আজ কি সিনেমা দেখবে?,আজ কি সিনেমা দেখবে?,0,0,0,0,0,19,4,0,1,0,0,0,7,0,0,0,0,15,0,1.0,0.0,1,0
promo,"প্রো-লেভেল আড্ডা+ইন্টারনেটিং-১০জিবি+২৫০মি@২৫৮৳,৩০দিন cutt.ly/wwCctHGF",Bengali,1,1,"প্রো-লেভেল আড্ডা+ইন্টারনেটিং-১০জিবি+২৫০মি@২৫৮৳,৩০দিন cutt.ly/wwCctHGF","প্রো-লেভেল আড্ডা+ইন্টারনেটিং-১০জিবি+২৫০মি@২৫৮৳,৩০দিন cutt.ly/wwCctHGF",['cutt.ly/wwCctHGF'],1,1,16,16,0,1,0,1,0,0,0,1,"প্রো-লেভেল আড্ডা+ইন্টারনেটিং-১০জিবি+২৫০মি@২৫৮৳,৩০দিন  [URL] ",60,1,16,16,0,1,0,1,0,0,0,1,1,16,16,0,1,0,1,0,0,0,1,"প্রো-লেভেল আড্ডা+ইন্টারনেটিং-১০জিবি+২৫০মি@২৫৮৳,৩০দিন cutt.ly/wwCctHGF","প্রো-লেভেল আড্ডা+ইন্টারনেটিং-১০জিবি+২৫০মি@২৫৮৳,৩০দিন cutt.ly/wwCctHGF",0,0,10,4,1,69,3,0,0,1,1,0,24,1,1,0,0,45,14,0.7627118644067796,0.23728813559322035,1,1
promo,GP-তে রবিবার স্পেশাল অফার: ৫ জিবি মাত্র ১০০ টাকা। ডায়াল করুন *121*100#।,Bengali,0,1,GP-তে রবিবার স্পেশাল অফার: ৫ জিবি মাত্র ১০০ টাকা। ডায়াল করুন *121*100#।,GP-তে রবিবার স্পেশাল অফার: ৫ জিবি মাত্র ১০০ টাকা। ডায়াল করুন *121*100#।,[],0,0,0,0,0,0,0,0,0,0,0,0,GP-তে রবিবার স্পেশাল অফার: ৫ জিবি মাত্র ১০০ টাকা। ডায়াল করুন *121*100#।,72,0,0,0,0,0,0,0,0,0,0,0,0,0,0,0,0,0,0,0,0,0,0,GP-তে রবিবার স্পেশাল অফার: ৫ জিবি মাত্র ১০০ টাকা। ডায়াল করুন *121*100#।,GP-তে রবিবার স্পেশাল অফার: ৫ জিবি মাত্র ১০০ টাকা। ডায়াল করুন *121*100#।,0,0,10,4,1,72,12,0,0,0,0,1,24,1,1,0,0,46,2,0.9583333333333334,0.041666666666666664,1,1
normal,এই যাত্রার জন্য বাড়িতে আসতে চাই।,Bengali,0,0,এই যাত্রার জন্য বাড়িতে আসতে চাই।,এই যাত্রার জন্য বাড়িতে আসতে চাই।,[],0,0,0,0,0,0,0,0,0,0,0,0,এই যাত্রার জন্য বাড়িতে আসতে চাই।,33,0,0,0,0,0,0,0,0,0,0,0,0,0,0,0,0,0,0,0,0,0,0,এই যাত্রার জন্য বাড়িতে আসতে চাই।,এই যাত্রার জন্য বাড়িতে আসতে চাই।,0,0,0,0,0,33,6,0,0,0,0,0,11,0,0,0,0,27,0,1.0,0.0,1,0
smish,আপনার ক্রেডিট কার্ডের নিরাপত্তা নিশ্চিত করতে এখানে ক্লিক করুন: http://bit.ly/SecureCard,Bengali,1,2,আপনার ক্রেডিট কার্ডের নিরাপত্তা নিশ্চিত করতে এখানে ক্লিক করুন: http://bit.ly/SecureCard,আপনার ক্রেডিট কার্ডের নিরাপত্তা নিশ্চিত করতে এখানে ক্লিক করুন: http://bit.ly/SecureCard,['http://bit.ly/SecureCard'],1,1,24,24,0,1,0,3,0,0,0,1,আপনার ক্রেডিট কার্ডের নিরাপত্তা নিশ্চিত করতে এখানে ক্লিক করুন:  [URL] ,70,1,24,24,0,1,0,3,0,0,0,1,1,24,24,0,1,0,3,0,0,0,1,আপনার ক্রেডিট কার্ডের নিরাপত্তা নিশ্চিত করতে এখানে ক্লিক করুন: http://bit.ly/SecureCard,আপনার ক্রেডিট কার্ডের নিরাপত্তা নিশ্চিত করতে এখানে ক্লিক করুন: http://bit.ly/SecureCard,0,0,0,0,0,87,10,0,0,0,1,2,26,0,0,0,0,53,19,0.7361111111111112,0.2638888888888889,1,1
smish,"জনতা ব্যাংক থেকে ৫,০০০ টাকা পুরস্কার জিতেছেন! বিস্তারিত জানতে এখানে ক্লিক করুন: https://t.me/JanataCashPrizeBot",Bengali,1,2,"জনতা ব্যাংক থেকে ৫,০০০ টাকা পুরস্কার জিতেছেন! বিস্তারিত জানতে এখানে ক্লিক করুন: https://t.me/JanataCashPrizeBot","জনতা ব্যাংক থেকে ৫,০০০ টাকা পুরস্কার জিতেছেন! বিস্তারিত জানতে এখানে ক্লিক করুন: https://t.me/JanataCashPrizeBot",['https://t.me/JanataCashPrizeBot'],1,1,31,31,0,1,0,3,1,0,0,0,"জনতা ব্যাংক থেকে ৫,০০০ টাকা পুরস্কার জিতেছেন! বিস্তারিত জানতে এখানে ক্লিক করুন:  [URL] ",87,1,31,31,0,1,0,3,1,0,0,0,1,31,31,0,1,0,3,1,0,0,0,"জনতা ব্যাংক থেকে ৫,০০০ টাকা পুরস্কার জিতেছেন! বিস্তারিত জানতে এখানে ক্লিক করুন: https://t.me/JanataCashPrizeBot","জনতা ব্যাংক থেকে ৫,০০০ টাকা পুরস্কার জিতেছেন! বিস্তারিত জানতে এখানে ক্লিক করুন: https://t.me/JanataCashPrizeBot",0,0,4,1,1,111,13,1,0,1,1,2,33,1,1,0,0,65,26,0.7142857142857143,0.2857142857142857,1,1
promo,ফ্ল্যাট ১০% ছাড় সারা স্টোরে। কোড: FLAT10. শুধুমাত্র অনলাইনে।,Bengali,0,1,ফ্ল্যাট ১০% ছাড় সারা স্টোরে। কোড: FLAT10. শুধুমাত্র অনলাইনে।,ফ্ল্যাট ১০% ছাড় সারা স্টোরে। কোড: FLAT10. শুধুমাত্র অনলাইনে।,[],0,0,0,0,0,0,0,0,0,0,0,0,ফ্ল্যাট ১০% ছাড় সারা স্টোরে। কোড: FLAT10. শুধুমাত্র অনলাইনে।,61,0,0,0,0,0,0,0,0,0,0,0,0,0,0,0,0,0,0,0,0,0,0,ফ্ল্যাট ১০% ছাড় সারা স্টোরে। কোড: FLAT10. শুধুমাত্র অনলাইনে।,ফ্ল্যাট ১০% ছাড় সারা স্টোরে। কোড: FLAT10. শুধুমাত্র অনলাইনে।,0,0,4,2,1,61,9,0,0,0,1,1,22,0,0,0,0,42,4,0.9130434782608695,0.08695652173913043,1,1
normal,কাল রাতে কি করেছো?,Bengali,0,0,কাল রাতে কি করেছো?,কাল রাতে কি করেছো?,[],0,0,0,0,0,0,0,0,0,0,0,0,কাল রাতে কি করেছো?,18,0,0,0,0,0,0,0,0,0,0,0,0,0,0,0,0,0,0,0,0,0,0,কাল রাতে কি করেছো?,কাল রাতে কি করেছো?,0,0,0,0,0,18,4,0,1,0,0,0,7,0,0,0,0,14,0,1.0,0.0,1,0
promo,"শেখ হাসিনা সরকারের সাফল্য: 
২০০৬ সালে সামাজিক নিরাপত্তা খাতে বরাদ্দ ছিল মাত্র ২ হাজার ৫০৫ কোটি টাকা। ২০২৩ সালে বেড়ে দাঁড়িয়েছে ১ লক্ষ ২৬ হাজার ২৭২ কোটি টাকা।",Bengali,0,1,"শেখ হাসিনা সরকারের সাফল্য: 
২০০৬ সালে সামাজিক নিরাপত্তা খাতে বরাদ্দ ছিল মাত্র ২ হাজার ৫০৫ কোটি টাকা। ২০২৩ সালে বেড়ে দাঁড়িয়েছে ১ লক্ষ ২৬ হাজার ২৭২ কোটি টাকা।",শেখ হাসিনা সরকারের সাফল্য: ২০০৬ সালে সামাজিক নিরাপত্তা খাতে বরাদ্দ ছিল মাত্র ২ হাজার ৫০৫ কোটি টাকা। ২০২৩ সালে বেড়ে দাঁড়িয়েছে ১ লক্ষ ২৬ হাজার ২৭২ কোটি টাকা।,[],0,0,0,0,0,0,0,0,0,0,0,0,শেখ হাসিনা সরকারের সাফল্য: ২০০৬ সালে সামাজিক নিরাপত্তা খাতে বরাদ্দ ছিল মাত্র ২ হাজার ৫০৫ কোটি টাকা। ২০২৩ সালে বেড়ে দাঁড়িয়েছে ১ লক্ষ ২৬ হাজার ২৭২ কোটি টাকা।,158,0,0,0,0,0,0,0,0,0,0,0,0,0,0,0,0,0,0,0,0,0,0,"শেখ হাসিনা সরকারের সাফল্য: 
২০০৬ সালে সামাজিক নিরাপত্তা খাতে বরাদ্দ ছিল মাত্র ২ হাজার ৫০৫ কোটি টাকা। ২০২৩ সালে বেড়ে দাঁড়িয়েছে ১ লক্ষ ২৬ হাজার ২৭২ কোটি টাকা।",শেখ হাসিনা সরকারের সাফল্য: ২০০৬ সালে সামাজিক নিরাপত্তা খাতে বরাদ্দ ছিল মাত্র ২ হাজার ৫০৫ কোটি টাকা। ২০২৩ সালে বেড়ে দাঁড়িয়েছে ১ লক্ষ ২৬ হাজার ২৭২ কোটি টাকা।,0,0,18,7,1,158,28,0,0,0,0,1,52,2,1,0,0,128,0,1.0,0.0,1,0
smish,মাশরাফির সাথে একান্ত সময় কাটানোর সুযোগ পেতে বিপিএলে বাজি ধরুন। ক্লিক করুন: xini.eu/00Qe,Bengali,1,2,মাশরাফির সাথে একান্ত সময় কাটানোর সুযোগ পেতে বিপিএলে বাজি ধরুন। ক্লিক করুন: xini.eu/00Qe,মাশরাফির সাথে একান্ত সময় কাটানোর সুযোগ পেতে বিপিএলে বাজি ধরুন। ক্লিক করুন: xini.eu/00Qe,['xini.eu/00Qe'],1,1,12,12,2,1,0,1,0,0,0,0,মাশরাফির সাথে একান্ত সময় কাটানোর সুযোগ পেতে বিপিএলে বাজি ধরুন। ক্লিক করুন:  [URL] ,83,1,12,12,2,1,0,1,0,0,0,0,1,12,12,2,1,0,1,0,0,0,0,মাশরাফির সাথে একান্ত সময় কাটানোর সুযোগ পেতে বিপিএলে বাজি ধরুন। ক্লিক করুন: xini.eu/00Qe,মাশরাফির সাথে একান্ত সময় কাটানোর সুযোগ পেতে বিপিএলে বাজি ধরুন। ক্লিক করুন: xini.eu/00Qe,0,0,2,1,1,88,13,0,0,0,1,1,28,0,0,0,0,62,8,0.8857142857142857,0.11428571428571428,1,1
normal,আমি আমার পরিবারের সঙ্গে আমি সময় কাটাতে চাই।,Bengali,0,0,আমি আমার পরিবারের সঙ্গে আমি সময় কাটাতে চাই।,আমি আমার পরিবারের সঙ্গে আমি সময় কাটাতে চাই।,[],0,0,0,0,0,0,0,0,0,0,0,0,আমি আমার পরিবারের সঙ্গে আমি সময় কাটাতে চাই।,44,0,0,0,0,0,0,0,0,0,0,0,0,0,0,0,0,0,0,0,0,0,0,আমি আমার পরিবারের সঙ্গে আমি সময় কাটাতে চাই।,আমি আমার পরিবারের সঙ্গে আমি সময় কাটাতে চাই।,0,0,0,0,0,44,8,0,0,0,0,0,14,0,0,0,0,36,0,1.0,0.0,1,0
normal,তুমি কি আমার কাছে আসতে চাও?,Bengali,0,0,তুমি কি আমার কাছে আসতে চাও?,তুমি কি আমার কাছে আসতে চাও?,[],0,0,0,0,0,0,0,0,0,0,0,0,তুমি কি আমার কাছে আসতে চাও?,27,0,0,0,0,0,0,0,0,0,0,0,0,0,0,0,0,0,0,0,0,0,0,তুমি কি আমার কাছে আসতে চাও?,তুমি কি আমার কাছে আসতে চাও?,0,0,0,0,0,27,6,0,1,0,0,0,9,0,0,0,0,21,0,1.0,0.0,1,0
smish,আপনার ড্রাইভিং লাইসেন্স রিনিউ করার সময়। অনলাইনে করুন: renew-license.cf,Bengali,1,2,আপনার ড্রাইভিং লাইসেন্স রিনিউ করার সময়। অনলাইনে করুন: renew-license.cf,আপনার ড্রাইভিং লাইসেন্স রিনিউ করার সময়। অনলাইনে করুন: renew-license.cf,['renew-license.cf'],1,1,16,16,0,1,1,0,0,0,0,0,আপনার ড্রাইভিং লাইসেন্স রিনিউ করার সময়। অনলাইনে করুন:  [URL] ,62,1,16,16,0,1,1,0,0,0,0,0,1,16,16,0,1,1,0,0,0,0,0,আপনার ড্রাইভিং লাইসেন্স রিনিউ করার সময়। অনলাইনে করুন: renew-license.cf,আপনার ড্রাইভিং লাইসেন্স রিনিউ করার সময়। অনলাইনে করুন: renew-license.cf,0,0,0,0,0,71,9,0,0,0,1,1,19,0,0,0,0,45,14,0.7627118644067796,0.23728813559322035,1,1
normal,কঠোর পরিশ্রমই সাফল্যের পথ।,Bengali,0,0,কঠোর পরিশ্রমই সাফল্যের পথ।,কঠোর পরিশ্রমই সাফল্যের পথ।,[],0,0,0,0,0,0,0,0,0,0,0,0,কঠোর পরিশ্রমই সাফল্যের পথ।,26,0,0,0,0,0,0,0,0,0,0,0,0,0,0,0,0,0,0,0,0,0,0,কঠোর পরিশ্রমই সাফল্যের পথ।,কঠোর পরিশ্রমই সাফল্যের পথ।,0,0,0,0,0,26,4,0,0,0,0,0,7,0,0,0,0,22,0,1.0,0.0,1,0
promo,"৫০৳ চিল ক্যাশব্যাকে ৩১জিবি+৪৫০মি.@৪৪৯৳ ৩০দিন, নাও: cutt.ly/KwMwLOgt",Bengali,1,1,"৫০৳ চিল ক্যাশব্যাকে ৩১জিবি+৪৫০মি.@৪৪৯৳ ৩০দিন, নাও: cutt.ly/KwMwLOgt","৫০৳ চিল ক্যাশব্যাকে ৩১জিবি+৪৫০মি.@৪৪৯৳ ৩০দিন, নাও: cutt.ly/KwMwLOgt",['cutt.ly/KwMwLOgt'],1,1,16,16,0,1,0,1,0,0,0,1,"৫০৳ চিল ক্যাশব্যাকে ৩১জিবি+৪৫০মি.@৪৪৯৳ ৩০দিন, নাও:  [URL] ",58,1,16,16,0,1,0,1,0,0,0,1,1,16,16,0,1,0,1,0,0,0,1,"৫০৳ চিল ক্যাশব্যাকে ৩১জিবি+৪৫০মি.@৪৪৯৳ ৩০দিন, নাও: cutt.ly/KwMwLOgt","৫০৳ চিল ক্যাশব্যাকে ৩১জিবি+৪৫০মি.@৪৪৯৳ ৩০দিন, নাও: cutt.ly/KwMwLOgt",0,0,12,5,1,67,7,0,0,1,2,1,20,2,1,0,0,40,14,0.7407407407407407,0.25925925925925924,1,1
normal,"তোমার পাশে আছি, কোনো চিন্তা কোরো না।",Bengali,0,0,"তোমার পাশে আছি, কোনো চিন্তা কোরো না।","তোমার পাশে আছি, কোনো চিন্তা কোরো না।",[],0,0,0,0,0,0,0,0,0,0,0,0,"তোমার পাশে আছি, কোনো চিন্তা কোরো না।",36,0,0,0,0,0,0,0,0,0,0,0,0,0,0,0,0,0,0,0,0,0,0,"তোমার পাশে আছি, কোনো চিন্তা কোরো না।","তোমার পাশে আছি, কোনো চিন্তা কোরো না।",0,0,0,0,0,36,7,0,0,1,0,0,15,0,0,0,0,28,0,1.0,0.0,1,0
promo,সব ডিভিডিতে ১০% ছাড়। অফারটি সীমিত সময়ের জন্য।,Bengali,0,1,সব ডিভিডিতে ১০% ছাড়। অফারটি সীমিত সময়ের জন্য।,সব ডিভিডিতে ১০% ছাড়। অফারটি সীমিত সময়ের জন্য।,[],0,0,0,0,0,0,0,0,0,0,0,0,সব ডিভিডিতে ১০% ছাড়। অফারটি সীমিত সময়ের জন্য।,47,0,0,0,0,0,0,0,0,0,0,0,0,0,0,0,0,0,0,0,0,0,0,সব ডিভিডিতে ১০% ছাড়। অফারটি সীমিত সময়ের জন্য।,সব ডিভিডিতে ১০% ছাড়। অফারটি সীমিত সময়ের জন্য।,0,0,2,1,1,47,8,0,0,0,0,0,16,0,0,0,0,37,0,1.0,0.0,1,0
smish,"সোনালী ব্যাংক থেকে ১,০০০ টাকা পুরস্কার জিতেছেন! বিস্তারিত জানতে কল করুন: +8801712122134",Bengali,0,2,"সোনালী ব্যাংক থেকে ১,০০০ টাকা পুরস্কার জিতেছেন! বিস্তারিত জানতে কল করুন: +8801712122134","সোনালী ব্যাংক থেকে ১,০০০ টাকা পুরস্কার জিতেছেন! বিস্তারিত জানতে কল করুন: +8801712122134",[],0,0,0,0,0,0,0,0,0,0,0,0,"সোনালী ব্যাংক থেকে ১,০০০ টাকা পুরস্কার জিতেছেন! বিস্তারিত জানতে কল করুন: +8801712122134",87,0,0,0,0,0,0,0,0,0,0,0,0,0,0,0,0,0,0,0,0,0,0,"সোনালী ব্যাংক থেকে ১,০০০ টাকা পুরস্কার জিতেছেন! বিস্তারিত জানতে কল করুন: +8801712122134","সোনালী ব্যাংক থেকে ১,০০০ টাকা পুরস্কার জিতেছেন! বিস্তারিত জানতে কল করুন: +8801712122134",1,1,17,2,1,87,12,1,0,1,0,1,27,1,1,0,0,59,0,1.0,0.0,1,0
normal,কঠোর পরিশ্রমই সাফল্যের চাবিকাঠি।,Bengali,0,0,কঠোর পরিশ্রমই সাফল্যের চাবিকাঠি।,কঠোর পরিশ্রমই সাফল্যের চাবিকাঠি।,[],0,0,0,0,0,0,0,0,0,0,0,0,কঠোর পরিশ্রমই সাফল্যের চাবিকাঠি।,32,0,0,0,0,0,0,0,0,0,0,0,0,0,0,0,0,0,0,0,0,0,0,কঠোর পরিশ্রমই সাফল্যের চাবিকাঠি।,কঠোর পরিশ্রমই সাফল্যের চাবিকাঠি।,0,0,0,0,0,32,4,0,0,0,0,0,11,0,0,0,0,28,0,1.0,0.0,1,0
normal,"হ্যালো, কি খবর?",Bengali,0,0,"হ্যালো, কি খবর?","হ্যালো, কি খবর?",[],0,0,0,0,0,0,0,0,0,0,0,0,"হ্যালো, কি খবর?",15,0,0,0,0,0,0,0,0,0,0,0,0,0,0,0,0,0,0,0,0,0,0,"হ্যালো, কি খবর?","হ্যালো, কি খবর?",0,0,0,0,0,15,3,0,1,1,0,0,6,0,0,0,0,11,0,1.0,0.0,1,0
normal,তোমার বাসা কতটুকু দূরে?,Bengali,0,0,তোমার বাসা কতটুকু দূরে?,তোমার বাসা কতটুকু দূরে?,[],0,0,0,0,0,0,0,0,0,0,0,0,তোমার বাসা কতটুকু দূরে?,23,0,0,0,0,0,0,0,0,0,0,0,0,0,0,0,0,0,0,0,0,0,0,তোমার বাসা কতটুকু দূরে?,তোমার বাসা কতটুকু দূরে?,0,0,0,0,0,23,4,0,1,0,0,0,9,0,0,0,0,19,0,1.0,0.0,1,0
normal,"চাচী, আজ আপনার সাথে অনেক ভালো সময় কাটলো। ধন্যবাদ।",Bengali,0,0,"চাচী, আজ আপনার সাথে অনেক ভালো সময় কাটলো। ধন্যবাদ।","চাচী, আজ আপনার সাথে অনেক ভালো সময় কাটলো। ধন্যবাদ।",[],0,0,0,0,0,0,0,0,0,0,0,0,"চাচী, আজ আপনার সাথে অনেক ভালো সময় কাটলো। ধন্যবাদ।",50,0,0,0,0,0,0,0,0,0,0,0,0,0,0,0,0,0,0,0,0,0,0,"চাচী, আজ আপনার সাথে অনেক ভালো সময় কাটলো। ধন্যবাদ।","চাচী, আজ আপনার সাথে অনেক ভালো সময় কাটলো। ধন্যবাদ।",0,0,0,0,0,50,9,0,0,1,0,0,16,0,0,0,0,39,0,1.0,0.0,1,0
smish,আপনার মোবাইল রিচার্জ করতে কল করুন: +8801815455567,Bengali,0,2,আপনার মোবাইল রিচার্জ করতে কল করুন: +8801815455567,আপনার মোবাইল রিচার্জ করতে কল করুন: +8801815455567,[],0,0,0,0,0,0,0,0,0,0,0,0,আপনার মোবাইল রিচার্জ করতে কল করুন: +8801815455567,49,0,0,0,0,0,0,0,0,0,0,0,0,0,0,0,0,0,0,0,0,0,0,আপনার মোবাইল রিচার্জ করতে কল করুন: +8801815455567,আপনার মোবাইল রিচার্জ করতে কল করুন: +8801815455567,1,1,13,1,1,49,7,0,0,0,0,1,10,0,0,0,0,28,0,1.0,0.0,1,0
normal,আজকে অনেকদিন পর এক আত্মীয়ের সাথে দেখা হলো। সবাই মিলে আড্ডা দিলাম। ছোটবেলার গল্পগুলো মনে পড়ে যাচ্ছিলো।,Bengali,0,0,আজকে অনেকদিন পর এক আত্মীয়ের সাথে দেখা হলো। সবাই মিলে আড্ডা দিলাম। ছোটবেলার গল্পগুলো মনে পড়ে যাচ্ছিলো।,আজকে অনেকদিন পর এক আত্মীয়ের সাথে দেখা হলো। সবাই মিলে আড্ডা দিলাম। ছোটবেলার গল্পগুলো মনে পড়ে যাচ্ছিলো।,[],0,0,0,0,0,0,0,0,0,0,0,0,আজকে অনেকদিন পর এক আত্মীয়ের সাথে দেখা হলো। সবাই মিলে আড্ডা দিলাম। ছোটবেলার গল্পগুলো মনে পড়ে যাচ্ছিলো।,103,0,0,0,0,0,0,0,0,0,0,0,0,0,0,0,0,0,0,0,0,0,0,আজকে অনেকদিন পর এক আত্মীয়ের সাথে দেখা হলো। সবাই মিলে আড্ডা দিলাম। ছোটবেলার গল্পগুলো মনে পড়ে যাচ্ছিলো।,আজকে অনেকদিন পর এক আত্মীয়ের সাথে দেখা হলো। সবাই মিলে আড্ডা দিলাম। ছোটবেলার গল্পগুলো মনে পড়ে যাচ্ছিলো।,0,0,0,0,0,103,17,0,0,0,0,0,35,0,0,0,0,84,0,1.0,0.0,1,0
smish,শাকিবের সাথে লাঞ্চ করার সুযোগ পেতে আজই আইপিএলে বাজি ধরুন। শুরু করুন: ebayisapidlld.altervista.org/,Bengali,1,2,শাকিবের সাথে লাঞ্চ করার সুযোগ পেতে আজই আইপিএলে বাজি ধরুন। শুরু করুন: ebayisapidlld.altervista.org/,শাকিবের সাথে লাঞ্চ করার সুযোগ পেতে আজই আইপিএলে বাজি ধরুন। শুরু করুন: ebayisapidlld.altervista.org/,['ebayisapidlld.altervista.org/'],1,1,29,29,0,2,0,1,0,0,0,0,শাকিবের সাথে লাঞ্চ করার সুযোগ পেতে আজই আইপিএলে বাজি ধরুন। শুরু করুন:  [URL] ,76,1,29,29,0,2,0,1,0,0,0,0,1,29,29,0,2,0,1,0,0,0,0,শাকিবের সাথে লাঞ্চ করার সুযোগ পেতে আজই আইপিএলে বাজি ধরুন। শুরু করুন: ebayisapidlld.altervista.org/,শাকিবের সাথে লাঞ্চ করার সুযোগ পেতে আজই আইপিএলে বাজি ধরুন। শুরু করুন: ebayisapidlld.altervista.org/,0,0,0,0,0,98,13,0,0,0,2,1,25,0,0,0,0,55,26,0.6790123456790124,0.32098765432098764,1,1
promo,"ফাগুনের গুনগুন ডিল নাও- ১৩জিবি@১১৩৳, ৩দিন: cutt.ly/0wVxZ5vA",Bengali,1,1,"ফাগুনের গুনগুন ডিল নাও- ১৩জিবি@১১৩৳, ৩দিন: cutt.ly/0wVxZ5vA","ফাগুনের গুনগুন ডিল নাও- ১৩জিবি@১১৩৳, ৩দিন: cutt.ly/0wVxZ5vA",['cutt.ly/0wVxZ5vA'],1,1,16,16,2,1,0,1,0,0,0,1,"ফাগুনের গুনগুন ডিল নাও- ১৩জিবি@১১৩৳, ৩দিন:  [URL] ",50,1,16,16,2,1,0,1,0,0,0,1,1,16,16,2,1,0,1,0,0,0,1,"ফাগুনের গুনগুন ডিল নাও- ১৩জিবি@১১৩৳, ৩দিন: cutt.ly/0wVxZ5vA","ফাগুনের গুনগুন ডিল নাও- ১৩জিবি@১১৩৳, ৩দিন: cutt.ly/0wVxZ5vA",0,0,8,5,1,59,7,0,0,1,1,1,17,1,1,0,0,33,12,0.7333333333333333,0.26666666666666666,1,1
smish,মাশরাফির সাথে একান্ত সাক্ষাতের সুযোগ পেতে বিপিএলে বাজি ধরুন। এখনই শুরু করুন: ebayisapidlld.altervista.org/,Bengali,1,2,মাশরাফির সাথে একান্ত সাক্ষাতের সুযোগ পেতে বিপিএলে বাজি ধরুন। এখনই শুরু করুন: ebayisapidlld.altervista.org/,মাশরাফির সাথে একান্ত সাক্ষাতের সুযোগ পেতে বিপিএলে বাজি ধরুন। এখনই শুরু করুন: ebayisapidlld.altervista.org/,['ebayisapidlld.altervista.org/'],1,1,29,29,0,2,0,1,0,0,0,0,মাশরাফির সাথে একান্ত সাক্ষাতের সুযোগ পেতে বিপিএলে বাজি ধরুন। এখনই শুরু করুন:  [URL] ,84,1,29,29,0,2,0,1,0,0,0,0,1,29,29,0,2,0,1,0,0,0,0,মাশরাফির সাথে একান্ত সাক্ষাতের সুযোগ পেতে বিপিএলে বাজি ধরুন। এখনই শুরু করুন: ebayisapidlld.altervista.org/,মাশরাফির সাথে একান্ত সাক্ষাতের সুযোগ পেতে বিপিএলে বাজি ধরুন। এখনই শুরু করুন: ebayisapidlld.altervista.org/,0,0,0,0,0,106,13,0,0,0,2,1,29,0,0,0,0,63,26,0.7078651685393258,0.29213483146067415,1,1
normal,০১৭৩৮২৭৩৮২৮ এই নাম্বারে জরুরি টাকা পাঠান।,Bengali,0,0,০১৭৩৮২৭৩৮২৮ এই নাম্বারে জরুরি টাকা পাঠান।,০১৭৩৮২৭৩৮২৮ এই নাম্বারে জরুরি টাকা পাঠান।,[],0,0,0,0,0,0,0,0,0,0,0,0,০১৭৩৮২৭৩৮২৮ এই নাম্বারে জরুরি টাকা পাঠান।,41,0,0,0,0,0,0,0,0,0,0,0,0,0,0,0,0,0,0,0,0,0,0,০১৭৩৮২৭৩৮২৮ এই নাম্বারে জরুরি টাকা পাঠান।,০১৭৩৮২৭৩৮২৮ এই নাম্বারে জরুরি টাকা পাঠান।,0,0,11,1,1,41,6,0,0,0,0,0,11,1,1,0,0,35,0,1.0,0.0,1,0
smish,আপনার ছেলে সমস্যায় আছে জলদি টাকা পাঠান এই নাম্বারে,Bengali,0,2,আপনার ছেলে সমস্যায় আছে জলদি টাকা পাঠান এই নাম্বারে,আপনার ছেলে সমস্যায় আছে জলদি টাকা পাঠান এই নাম্বারে,[],0,0,0,0,0,0,0,0,0,0,0,0,আপনার ছেলে সমস্যায় আছে জলদি টাকা পাঠান এই নাম্বারে,51,0,0,0,0,0,0,0,0,0,0,0,0,0,0,0,0,0,0,0,0,0,0,আপনার ছেলে সমস্যায় আছে জলদি টাকা পাঠান এই নাম্বারে,আপনার ছেলে সমস্যায় আছে জলদি টাকা পাঠান এই নাম্বারে,0,0,0,0,0,51,9,0,0,0,0,0,16,1,1,0,0,43,0,1.0,0.0,1,0
normal,তোমার প্রিয় রঙ কি?,Bengali,0,0,তোমার প্রিয় রঙ কি?,তোমার প্রিয় রঙ কি?,[],0,0,0,0,0,0,0,0,0,0,0,0,তোমার প্রিয় রঙ কি?,19,0,0,0,0,0,0,0,0,0,0,0,0,0,0,0,0,0,0,0,0,0,0,তোমার প্রিয় রঙ কি?,তোমার প্রিয় রঙ কি?,0,0,0,0,0,19,4,0,1,0,0,0,7,0,0,0,0,15,0,1.0,0.0,1,0
normal,আমি আমার পারের জন্য না।,Bengali,0,0,আমি আমার পারের জন্য না।,আমি আমার পারের জন্য না।,[],0,0,0,0,0,0,0,0,0,0,0,0,আমি আমার পারের জন্য না।,23,0,0,0,0,0,0,0,0,0,0,0,0,0,0,0,0,0,0,0,0,0,0,আমি আমার পারের জন্য না।,আমি আমার পারের জন্য না।,0,0,0,0,0,23,5,0,0,0,0,0,7,0,0,0,0,18,0,1.0,0.0,1,0
normal,"আপনার একাউন্ট থেকে ২০০০/- টাকা কাটা হয়েছে, বিস্তারিত জানতে কল করুন।",Bengali,0,0,"আপনার একাউন্ট থেকে ২০০০/- টাকা কাটা হয়েছে, বিস্তারিত জানতে কল করুন।","আপনার একাউন্ট থেকে ২০০০/- টাকা কাটা হয়েছে, বিস্তারিত জানতে কল করুন।",[],0,0,0,0,0,0,0,0,0,0,0,0,"আপনার একাউন্ট থেকে ২০০০/- টাকা কাটা হয়েছে, বিস্তারিত জানতে কল করুন।",68,0,0,0,0,0,0,0,0,0,0,0,0,0,0,0,0,0,0,0,0,0,0,"আপনার একাউন্ট থেকে ২০০০/- টাকা কাটা হয়েছে, বিস্তারিত জানতে কল করুন।","আপনার একাউন্ট থেকে ২০০০/- টাকা কাটা হয়েছে, বিস্তারিত জানতে কল করুন।",0,0,4,1,1,68,11,0,0,1,0,0,23,1,1,0,0,54,0,1.0,0.0,1,0
promo,"Robi গ্রাহকগণ, রবিবারে ৫ জিবি মাত্র ৮৯ টাকা।",Bengali,0,1,"Robi গ্রাহকগণ, রবিবারে ৫ জিবি মাত্র ৮৯ টাকা।","Robi গ্রাহকগণ, রবিবারে ৫ জিবি মাত্র ৮৯ টাকা।",[],0,0,0,0,0,0,0,0,0,0,0,0,"Robi গ্রাহকগণ, রবিবারে ৫ জিবি মাত্র ৮৯ টাকা।",44,0,0,0,0,0,0,0,0,0,0,0,0,0,0,0,0,0,0,0,0,0,0,"Robi গ্রাহকগণ, রবিবারে ৫ জিবি মাত্র ৮৯ টাকা।","Robi গ্রাহকগণ, রবিবারে ৫ জিবি মাত্র ৮৯ টাকা।",0,0,3,2,1,44,8,0,0,1,0,0,13,1,1,0,0,31,4,0.8857142857142857,0.11428571428571428,1,1
normal,"ভাই, আজ বিকেলে খেলতে যাবে? নতুন ক্রিকেট ব্যাট কিনেছি।",Bengali,0,0,"ভাই, আজ বিকেলে খেলতে যাবে? নতুন ক্রিকেট ব্যাট কিনেছি।","ভাই, আজ বিকেলে খেলতে যাবে? নতুন ক্রিকেট ব্যাট কিনেছি।",[],0,0,0,0,0,0,0,0,0,0,0,0,"ভাই, আজ বিকেলে খেলতে যাবে? নতুন ক্রিকেট ব্যাট কিনেছি।",53,0,0,0,0,0,0,0,0,0,0,0,0,0,0,0,0,0,0,0,0,0,0,"ভাই, আজ বিকেলে খেলতে যাবে? নতুন ক্রিকেট ব্যাট কিনেছি।","ভাই, আজ বিকেলে খেলতে যাবে? নতুন ক্রিকেট ব্যাট কিনেছি।",0,0,0,0,0,53,9,0,1,1,0,0,20,0,0,0,0,42,0,1.0,0.0,1,0
smish,bKash অ্যাকাউন্টে ত্রুটি দেখা দিয়েছে। দ্রুত সমাধানের জন্য এখানে ক্লিক করুন: https://wa.me/8801715566778,Bengali,1,2,bKash অ্যাকাউন্টে ত্রুটি দেখা দিয়েছে। দ্রুত সমাধানের জন্য এখানে ক্লিক করুন: https://wa.me/8801715566778,bKash অ্যাকাউন্টে ত্রুটি দেখা দিয়েছে। দ্রুত সমাধানের জন্য এখানে ক্লিক করুন: https://wa.me/8801715566778,['https://wa.me/8801715566778'],1,1,27,27,13,1,0,3,1,0,0,0,bKash অ্যাকাউন্টে ত্রুটি দেখা দিয়েছে। দ্রুত সমাধানের জন্য এখানে ক্লিক করুন:  [URL] ,84,1,27,27,13,1,0,3,1,0,0,0,1,27,27,13,1,0,3,1,0,0,0,bKash অ্যাকাউন্টে ত্রুটি দেখা দিয়েছে। দ্রুত সমাধানের জন্য এখানে ক্লিক করুন: https://wa.me/8801715566778,bKash অ্যাকাউন্টে ত্রুটি দেখা দিয়েছে। দ্রুত সমাধানের জন্য এখানে ক্লিক করুন: https://wa.me/8801715566778,1,1,13,1,1,104,12,0,0,0,1,2,32,0,0,1,1,59,14,0.8082191780821918,0.1917808219178082,1,1
normal,আজ সকালে বিদ্যুৎ ছিল না। সবকিছু গরম ও অস্বস্তিকর লাগছিল।,Bengali,0,0,আজ সকালে বিদ্যুৎ ছিল না। সবকিছু গরম ও অস্বস্তিকর লাগছিল।,আজ সকালে বিদ্যুৎ ছিল না। সবকিছু গরম ও অস্বস্তিকর লাগছিল।,[],0,0,0,0,0,0,0,0,0,0,0,0,আজ সকালে বিদ্যুৎ ছিল না। সবকিছু গরম ও অস্বস্তিকর লাগছিল।,56,0,0,0,0,0,0,0,0,0,0,0,0,0,0,0,0,0,0,0,0,0,0,আজ সকালে বিদ্যুৎ ছিল না। সবকিছু গরম ও অস্বস্তিকর লাগছিল।,আজ সকালে বিদ্যুৎ ছিল না। সবকিছু গরম ও অস্বস্তিকর লাগছিল।,0,0,0,0,0,56,10,0,0,0,0,0,16,0,0,0,0,45,0,1.0,0.0,1,0
promo,বোনাস সহ ৭জিবি-১৩০টাকা-৩০দিন। নিতে ডায়াল *১২১*৫৪৬৯# বা ভিজিট mygp.li/mo,Bengali,1,1,বোনাস সহ ৭জিবি-১৩০টাকা-৩০দিন। নিতে ডায়াল *১২১*৫৪৬৯# বা ভিজিট mygp.li/mo,বোনাস সহ ৭জিবি-১৩০টাকা-৩০দিন। নিতে ডায়াল *১২১*৫৪৬৯# বা ভিজিট mygp.li/mo,['mygp.li/mo'],1,1,10,10,0,1,0,1,0,0,0,0,বোনাস সহ ৭জিবি-১৩০টাকা-৩০দিন। নিতে ডায়াল *১২১*৫৪৬৯# বা ভিজিট  [URL] ,69,1,10,10,0,1,0,1,0,0,0,0,1,10,10,0,1,0,1,0,0,0,0,বোনাস সহ ৭জিবি-১৩০টাকা-৩০দিন। নিতে ডায়াল *১২১*৫৪৬৯# বা ভিজিট mygp.li/mo,বোনাস সহ ৭জিবি-১৩০টাকা-৩০দিন। নিতে ডায়াল *১২১*৫৪৬৯# বা ভিজিট mygp.li/mo,0,0,13,5,1,72,9,0,0,0,1,0,23,1,1,0,0,48,8,0.8571428571428571,0.14285714285714285,1,1
normal,তুমি কি পার্টিতে যাচ্ছো?,Bengali,0,0,তুমি কি পার্টিতে যাচ্ছো?,তুমি কি পার্টিতে যাচ্ছো?,[],0,0,0,0,0,0,0,0,0,0,0,0,তুমি কি পার্টিতে যাচ্ছো?,24,0,0,0,0,0,0,0,0,0,0,0,0,0,0,0,0,0,0,0,0,0,0,তুমি কি পার্টিতে যাচ্ছো?,তুমি কি পার্টিতে যাচ্ছো?,0,0,0,0,0,24,4,0,1,0,0,0,11,0,0,0,0,20,0,1.0,0.0,1,0
smish,"""মেঘের রঙের জন্য স্বাগতম! আসুন আপনার ঘরবসতি সাজিয়ে নেই সহজ কিস্তিতে। অনলাইন অর্ডার দিন এবং সম্ভবত এই মাসের মধ্যে পাওয়ার সুযোগ নিন - ০১৭৪৬৬৩৫৭২৫""",Bengali,0,2,"""মেঘের রঙের জন্য স্বাগতম! আসুন আপনার ঘরবসতি সাজিয়ে নেই সহজ কিস্তিতে। অনলাইন অর্ডার দিন এবং সম্ভবত এই মাসের মধ্যে পাওয়ার সুযোগ নিন - ০১৭৪৬৬৩৫৭২৫""","""মেঘের রঙের জন্য স্বাগতম! আসুন আপনার ঘরবসতি সাজিয়ে নেই সহজ কিস্তিতে। অনলাইন অর্ডার দিন এবং সম্ভবত এই মাসের মধ্যে পাওয়ার সুযোগ নিন - ০১৭৪৬৬৩৫৭২৫""",[],0,0,0,0,0,0,0,0,0,0,0,0,"""মেঘের রঙের জন্য স্বাগতম! আসুন আপনার ঘরবসতি সাজিয়ে নেই সহজ কিস্তিতে। অনলাইন অর্ডার দিন এবং সম্ভবত এই মাসের মধ্যে পাওয়ার সুযোগ নিন - ০১৭৪৬৬৩৫৭২৫""",146,0,0,0,0,0,0,0,0,0,0,0,0,0,0,0,0,0,0,0,0,0,0,"""মেঘের রঙের জন্য স্বাগতম! আসুন আপনার ঘরবসতি সাজিয়ে নেই সহজ কিস্তিতে। অনলাইন অর্ডার দিন এবং সম্ভবত এই মাসের মধ্যে পাওয়ার সুযোগ নিন - ০১৭৪৬৬৩৫৭২৫""","""মেঘের রঙের জন্য স্বাগতম! আসুন আপনার ঘরবসতি সাজিয়ে নেই সহজ কিস্তিতে। অনলাইন অর্ডার দিন এবং সম্ভবত এই মাসের মধ্যে পাওয়ার সুযোগ নিন - ০১৭৪৬৬৩৫৭২৫""",0,0,11,1,1,146,24,1,0,0,0,0,39,0,0,0,0,118,0,1.0,0.0,1,0
smish,"ফুটবল স্টার খেলে ১০,০০০ টাকা জিতুন প্রতি সপ্তাহে সপ্তাহে যোগাযোগ startop-offer.top",Bengali,1,2,"ফুটবল স্টার খেলে ১০,০০০ টাকা জিতুন প্রতি সপ্তাহে সপ্তাহে যোগাযোগ startop-offer.top","ফুটবল স্টার খেলে ১০,০০০ টাকা জিতুন প্রতি সপ্তাহে সপ্তাহে যোগাযোগ startop-offer.top",['startop-offer.top'],1,1,17,17,0,1,1,0,0,0,0,0,"ফুটবল স্টার খেলে ১০,০০০ টাকা জিতুন প্রতি সপ্তাহে সপ্তাহে যোগাযোগ  [URL] ",72,1,17,17,0,1,1,0,0,0,0,0,1,17,17,0,1,1,0,0,0,0,0,"ফুটবল স্টার খেলে ১০,০০০ টাকা জিতুন প্রতি সপ্তাহে সপ্তাহে যোগাযোগ startop-offer.top","ফুটবল স্টার খেলে ১০,০০০ টাকা জিতুন প্রতি সপ্তাহে সপ্তাহে যোগাযোগ startop-offer.top",0,0,5,1,1,82,11,0,0,1,1,0,23,1,1,0,0,54,15,0.782608695652174,0.21739130434782608,1,1
promo,"ফ্রি হোম ডেলিভারি! বই, স্টেশনারি, গিফটে কোন চার্জ নেই।",Bengali,0,1,"ফ্রি হোম ডেলিভারি! বই, স্টেশনারি, গিফটে কোন চার্জ নেই।","ফ্রি হোম ডেলিভারি! বই, স্টেশনারি, গিফটে কোন চার্জ নেই।",[],0,0,0,0,0,0,0,0,0,0,0,0,"ফ্রি হোম ডেলিভারি! বই, স্টেশনারি, গিফটে কোন চার্জ নেই।",54,0,0,0,0,0,0,0,0,0,0,0,0,0,0,0,0,0,0,0,0,0,0,"ফ্রি হোম ডেলিভারি! বই, স্টেশনারি, গিফটে কোন চার্জ নেই।","ফ্রি হোম ডেলিভারি! বই, স্টেশনারি, গিফটে কোন চার্জ নেই।",0,0,0,0,0,54,9,1,0,2,0,0,21,0,0,0,0,42,0,1.0,0.0,1,0
smish,"Assalamualikum! 

Apni Ki Barite Boshe Kono Taka Investment Na Kore Taka Income Korte Can? 
Tahole Amader Bot E Kaj korun.  Amader Bot E Apni Kono Investment Chara Income Korte Parben 

Bot Link :- https://t.me/free_online_income_24bot",Bengali,1,2,"Assalamualikum! 

Apni Ki Barite Boshe Kono Taka Investment Na Kore Taka Income Korte Can? 
Tahole Amader Bot E Kaj korun.  Amader Bot E Apni Kono Investment Chara Income Korte Parben 

Bot Link :- https://t.me/free_online_income_24bot",Assalamualikum! Apni Ki Barite Boshe Kono Taka Investment Na Kore Taka Income Korte Can? Tahole Amader Bot E Kaj korun. Amader Bot E Apni Kono Investment Chara Income Korte Parben Bot Link :- https://t.me/free_online_income_24bot,['https://t.me/free_online_income_24bot'],1,1,37,37,2,1,0,3,1,0,0,0,Assalamualikum! Apni Ki Barite Boshe Kono Taka Investment Na Kore Taka Income Korte Can? Tahole Amader Bot E Kaj korun. Amader Bot E Apni Kono Investment Chara Income Korte Parben Bot Link :-  [URL] ,199,1,37,37,2,1,0,3,1,0,0,0,1,37,37,2,1,0,3,1,0,0,0,"Assalamualikum! 

Apni Ki Barite Boshe Kono Taka Investment Na Kore Taka Income Korte Can? 
Tahole Amader Bot E Kaj korun.  Amader Bot E Apni Kono Investment Chara Income Korte Parben 

Bot Link :- https://t.me/free_online_income_24bot",Assalamualikum! Apni Ki Barite Boshe Kono Taka Investment Na Kore Taka Income Korte Can? Tahole Amader Bot E Kaj korun. Amader Bot E Apni Kono Investment Chara Income Korte Parben Bot Link :- https://t.me/free_online_income_24bot,0,0,2,1,1,229,34,1,1,0,2,2,10,0,0,0,0,0,181,0.0,1.0,0,1
promo,"৳৩০ ক্যাশব্যাকে এবার আরো বেশি ডাটা ৫০জিবি@৳৪৬৮, ৩০দিন cutt.ly/QwE5OlXt",Bengali,1,1,"৳৩০ ক্যাশব্যাকে এবার আরো বেশি ডাটা ৫০জিবি@৳৪৬৮, ৩০দিন cutt.ly/QwE5OlXt","৳৩০ ক্যাশব্যাকে এবার আরো বেশি ডাটা ৫০জিবি@৳৪৬৮, ৩০দিন cutt.ly/QwE5OlXt",['cutt.ly/QwE5OlXt'],1,1,16,16,1,1,0,1,0,0,0,1,"৳৩০ ক্যাশব্যাকে এবার আরো বেশি ডাটা ৫০জিবি@৳৪৬৮, ৩০দিন  [URL] ",61,1,16,16,1,1,0,1,0,0,0,1,1,16,16,1,1,0,1,0,0,0,1,"৳৩০ ক্যাশব্যাকে এবার আরো বেশি ডাটা ৫০জিবি@৳৪৬৮, ৩০দিন cutt.ly/QwE5OlXt","৳৩০ ক্যাশব্যাকে এবার আরো বেশি ডাটা ৫০জিবি@৳৪৬৮, ৩০দিন cutt.ly/QwE5OlXt",0,0,10,5,1,70,9,0,0,1,1,0,20,2,1,0,0,44,13,0.7719298245614035,0.22807017543859648,1,1
smish,বাংলাদেশ ব্যাংক অ্যাকাউন্টে ত্রুটি দেখা দিয়েছে। কল করুন: +8801814344456,Bengali,0,2,বাংলাদেশ ব্যাংক অ্যাকাউন্টে ত্রুটি দেখা দিয়েছে। কল করুন: +8801814344456,বাংলাদেশ ব্যাংক অ্যাকাউন্টে ত্রুটি দেখা দিয়েছে। কল করুন: +8801814344456,[],0,0,0,0,0,0,0,0,0,0,0,0,বাংলাদেশ ব্যাংক অ্যাকাউন্টে ত্রুটি দেখা দিয়েছে। কল করুন: +8801814344456,72,0,0,0,0,0,0,0,0,0,0,0,0,0,0,0,0,0,0,0,0,0,0,বাংলাদেশ ব্যাংক অ্যাকাউন্টে ত্রুটি দেখা দিয়েছে। কল করুন: +8801814344456,বাংলাদেশ ব্যাংক অ্যাকাউন্টে ত্রুটি দেখা দিয়েছে। কল করুন: +8801814344456,1,1,13,1,1,72,9,0,0,0,0,1,25,0,0,1,1,48,0,1.0,0.0,1,0
smish,একটি নতুন বাইক জেতার সুযোগ! আমাদের জরিপে অংশগ্রহণ করুন www.face3b00kurl.com-এ।,Bengali,1,2,একটি নতুন বাইক জেতার সুযোগ! আমাদের জরিপে অংশগ্রহণ করুন www.face3b00kurl.com-এ।,একটি নতুন বাইক জেতার সুযোগ! আমাদের জরিপে অংশগ্রহণ করুন www.face3b00kurl.com-এ।,"['www.', 'face3b00kurl.com']",2,2,20,16,3,2,0,0,0,0,0,0,একটি নতুন বাইক জেতার সুযোগ! আমাদের জরিপে অংশগ্রহণ করুন  [URL]  [URL] -এ।,72,2,20,16,3,2,0,0,0,0,0,0,2,20,16,3,2,0,0,0,0,0,0,একটি নতুন বাইক জেতার সুযোগ! আমাদের জরিপে অংশগ্রহণ করুন www.face3b00kurl.com-এ।,একটি নতুন বাইক জেতার সুযোগ! আমাদের জরিপে অংশগ্রহণ করুন www.face3b00kurl.com-এ।,0,0,3,2,1,78,10,1,0,0,2,0,19,0,0,0,0,46,15,0.7540983606557377,0.2459016393442623,1,1
smish,আপনার মোবাইল সিম পুনরায় চালু করতে কল করুন +8801915566778,Bengali,0,2,আপনার মোবাইল সিম পুনরায় চালু করতে কল করুন +8801915566778,আপনার মোবাইল সিম পুনরায় চালু করতে কল করুন +8801915566778,[],0,0,0,0,0,0,0,0,0,0,0,0,আপনার মোবাইল সিম পুনরায় চালু করতে কল করুন +8801915566778,57,0,0,0,0,0,0,0,0,0,0,0,0,0,0,0,0,0,0,0,0,0,0,আপনার মোবাইল সিম পুনরায় চালু করতে কল করুন +8801915566778,আপনার মোবাইল সিম পুনরায় চালু করতে কল করুন +8801915566778,1,1,13,1,1,57,9,0,0,0,0,0,12,0,0,0,0,35,0,1.0,0.0,1,0
smish,ক্যাসিনোতে বাজি ধরুন এবং একটি ফ্রি আইফোন জিতুন! শুরু করুন: phlebolog.com.ua/libraries/joomla/results.php,Bengali,1,2,ক্যাসিনোতে বাজি ধরুন এবং একটি ফ্রি আইফোন জিতুন! শুরু করুন: phlebolog.com.ua/libraries/joomla/results.php,ক্যাসিনোতে বাজি ধরুন এবং একটি ফ্রি আইফোন জিতুন! শুরু করুন: phlebolog.com.ua/libraries/joomla/results.php,['phlebolog.com.ua/libraries/joomla/results.php'],1,1,45,45,0,3,0,3,0,0,0,0,ক্যাসিনোতে বাজি ধরুন এবং একটি ফ্রি আইফোন জিতুন! শুরু করুন:  [URL] ,66,1,45,45,0,3,0,3,0,0,0,0,1,45,45,0,3,0,3,0,0,0,0,ক্যাসিনোতে বাজি ধরুন এবং একটি ফ্রি আইফোন জিতুন! শুরু করুন: phlebolog.com.ua/libraries/joomla/results.php,ক্যাসিনোতে বাজি ধরুন এবং একটি ফ্রি আইফোন জিতুন! শুরু করুন: phlebolog.com.ua/libraries/joomla/results.php,0,0,0,0,0,104,11,1,0,0,3,1,26,0,0,0,0,47,39,0.5465116279069767,0.45348837209302323,1,1
normal,"আপনার ছেলে বিপদে, জলদি ০১৬৭২৫৬৩৮৯১ টাকা পাঠান।",Bengali,0,0,"আপনার ছেলে বিপদে, জলদি ০১৬৭২৫৬৩৮৯১ টাকা পাঠান।","আপনার ছেলে বিপদে, জলদি ০১৬৭২৫৬৩৮৯১ টাকা পাঠান।",[],0,0,0,0,0,0,0,0,0,0,0,0,"আপনার ছেলে বিপদে, জলদি ০১৬৭২৫৬৩৮৯১ টাকা পাঠান।",46,0,0,0,0,0,0,0,0,0,0,0,0,0,0,0,0,0,0,0,0,0,0,"আপনার ছেলে বিপদে, জলদি ০১৬৭২৫৬৩৮৯১ টাকা পাঠান।","আপনার ছেলে বিপদে, জলদি ০১৬৭২৫৬৩৮৯১ টাকা পাঠান।",0,0,11,1,1,46,7,0,0,1,0,0,12,1,1,0,0,38,0,1.0,0.0,1,0
smish,"ডেইলি ৫০০,৭০০,১০০০ টাকা ইনকাম
ইমারজে'ন্সি লোক লাগবে।
কেউ করতে চাইলে আমাকে মে'সেজ দিন।",Bengali,0,2,"ডেইলি ৫০০,৭০০,১০০০ টাকা ইনকাম
ইমারজে'ন্সি লোক লাগবে।
কেউ করতে চাইলে আমাকে মে'সেজ দিন।","ডেইলি ৫০০,৭০০,১০০০ টাকা ইনকাম ইমারজে'ন্সি লোক লাগবে। কেউ করতে চাইলে আমাকে মে'সেজ দিন।",[],0,0,0,0,0,0,0,0,0,0,0,0,"ডেইলি ৫০০,৭০০,১০০০ টাকা ইনকাম ইমারজে'ন্সি লোক লাগবে। কেউ করতে চাইলে আমাকে মে'সেজ দিন।",85,0,0,0,0,0,0,0,0,0,0,0,0,0,0,0,0,0,0,0,0,0,0,"ডেইলি ৫০০,৭০০,১০০০ টাকা ইনকাম
ইমারজে'ন্সি লোক লাগবে।
কেউ করতে চাইলে আমাকে মে'সেজ দিন।","ডেইলি ৫০০,৭০০,১০০০ টাকা ইনকাম ইমারজে'ন্সি লোক লাগবে। কেউ করতে চাইলে আমাকে মে'সেজ দিন।",0,0,10,2,1,85,13,0,0,2,0,0,27,1,1,0,0,67,0,1.0,0.0,1,0
smish,আপনার অ্যাকাউন্টে সন্দেহজনক কার্যকলাপ হয়েছে। লগইন করে যাচাই করুন: [accountverify.com/VerifyBD],Bengali,1,2,আপনার অ্যাকাউন্টে সন্দেহজনক কার্যকলাপ হয়েছে। লগইন করে যাচাই করুন: [accountverify.com/VerifyBD],আপনার অ্যাকাউন্টে সন্দেহজনক কার্যকলাপ হয়েছে। লগইন করে যাচাই করুন: [accountverify.com/VerifyBD],['accountverify.com/VerifyBD'],1,1,26,26,0,1,0,1,0,0,0,0,আপনার অ্যাকাউন্টে সন্দেহজনক কার্যকলাপ হয়েছে। লগইন করে যাচাই করুন: [ [URL] ],76,1,26,26,0,1,0,1,0,0,0,0,1,26,26,0,1,0,1,0,0,0,0,আপনার অ্যাকাউন্টে সন্দেহজনক কার্যকলাপ হয়েছে। লগইন করে যাচাই করুন: [accountverify.com/VerifyBD],আপনার অ্যাকাউন্টে সন্দেহজনক কার্যকলাপ হয়েছে। লগইন করে যাচাই করুন: [accountverify.com/VerifyBD],0,0,0,0,0,95,10,0,0,0,1,1,24,0,0,4,1,56,24,0.7,0.3,1,1
normal,আমি কালকে লাইব্রেরি থেকে 'মেঘনাদবধ কাব্য' এনেছি। পড়া শুরু করবো রাতে।,Bengali,0,0,আমি কালকে লাইব্রেরি থেকে 'মেঘনাদবধ কাব্য' এনেছি। পড়া শুরু করবো রাতে।,আমি কালকে লাইব্রেরি থেকে 'মেঘনাদবধ কাব্য' এনেছি। পড়া শুরু করবো রাতে।,[],0,0,0,0,0,0,0,0,0,0,0,0,আমি কালকে লাইব্রেরি থেকে 'মেঘনাদবধ কাব্য' এনেছি। পড়া শুরু করবো রাতে।,69,0,0,0,0,0,0,0,0,0,0,0,0,0,0,0,0,0,0,0,0,0,0,আমি কালকে লাইব্রেরি থেকে 'মেঘনাদবধ কাব্য' এনেছি। পড়া শুরু করবো রাতে।,আমি কালকে লাইব্রেরি থেকে 'মেঘনাদবধ কাব্য' এনেছি। পড়া শুরু করবো রাতে।,0,0,0,0,0,69,11,0,0,0,0,0,26,0,0,0,0,55,0,1.0,0.0,1,0
smish,"জনতা ব্যাংক থেকে ২,০০০ টাকা পুরস্কার জিতেছেন! কল করুন: +8801714455667",Bengali,0,2,"জনতা ব্যাংক থেকে ২,০০০ টাকা পুরস্কার জিতেছেন! কল করুন: +8801714455667","জনতা ব্যাংক থেকে ২,০০০ টাকা পুরস্কার জিতেছেন! কল করুন: +8801714455667",[],0,0,0,0,0,0,0,0,0,0,0,0,"জনতা ব্যাংক থেকে ২,০০০ টাকা পুরস্কার জিতেছেন! কল করুন: +8801714455667",69,0,0,0,0,0,0,0,0,0,0,0,0,0,0,0,0,0,0,0,0,0,0,"জনতা ব্যাংক থেকে ২,০০০ টাকা পুরস্কার জিতেছেন! কল করুন: +8801714455667","জনতা ব্যাংক থেকে ২,০০০ টাকা পুরস্কার জিতেছেন! কল করুন: +8801714455667",1,1,17,2,1,69,10,1,0,1,0,1,19,1,1,0,0,43,0,1.0,0.0,1,0
promo,Robi eShop থেকে মোবাইল কিনলে সাথে পাচ্ছেন ফ্রি ব্যাগ আর ইয়ারফোন। অফার স্টক শেষ হওয়া পর্যন্ত।,Bengali,0,1,Robi eShop থেকে মোবাইল কিনলে সাথে পাচ্ছেন ফ্রি ব্যাগ আর ইয়ারফোন। অফার স্টক শেষ হওয়া পর্যন্ত।,Robi eShop থেকে মোবাইল কিনলে সাথে পাচ্ছেন ফ্রি ব্যাগ আর ইয়ারফোন। অফার স্টক শেষ হওয়া পর্যন্ত।,[],0,0,0,0,0,0,0,0,0,0,0,0,Robi eShop থেকে মোবাইল কিনলে সাথে পাচ্ছেন ফ্রি ব্যাগ আর ইয়ারফোন। অফার স্টক শেষ হওয়া পর্যন্ত।,94,0,0,0,0,0,0,0,0,0,0,0,0,0,0,0,0,0,0,0,0,0,0,Robi eShop থেকে মোবাইল কিনলে সাথে পাচ্ছেন ফ্রি ব্যাগ আর ইয়ারফোন। অফার স্টক শেষ হওয়া পর্যন্ত।,Robi eShop থেকে মোবাইল কিনলে সাথে পাচ্ছেন ফ্রি ব্যাগ আর ইয়ারফোন। অফার স্টক শেষ হওয়া পর্যন্ত।,0,0,0,0,0,94,16,0,0,0,0,0,27,0,0,0,0,68,9,0.8831168831168831,0.11688311688311688,1,1
promo,"১০০৳ ক্যাশব্যাক! ৩১জিবি+৪৫০মি.@৩৯৯৳ ৩০দিন, নিয়ে নাও: cutt.ly/2wQlYv6U",Bengali,1,1,"১০০৳ ক্যাশব্যাক! ৩১জিবি+৪৫০মি.@৩৯৯৳ ৩০দিন, নিয়ে নাও: cutt.ly/2wQlYv6U","১০০৳ ক্যাশব্যাক! ৩১জিবি+৪৫০মি.@৩৯৯৳ ৩০দিন, নিয়ে নাও: cutt.ly/2wQlYv6U",['cutt.ly/2wQlYv6U'],1,1,16,16,2,1,0,1,0,0,0,1,"১০০৳ ক্যাশব্যাক! ৩১জিবি+৪৫০মি.@৩৯৯৳ ৩০দিন, নিয়ে নাও:  [URL] ",61,1,16,16,2,1,0,1,0,0,0,1,1,16,16,2,1,0,1,0,0,0,1,"১০০৳ ক্যাশব্যাক! ৩১জিবি+৪৫০মি.@৩৯৯৳ ৩০দিন, নিয়ে নাও: cutt.ly/2wQlYv6U","১০০৳ ক্যাশব্যাক! ৩১জিবি+৪৫০মি.@৩৯৯৳ ৩০দিন, নিয়ে নাও: cutt.ly/2wQlYv6U",0,0,15,7,1,70,7,1,0,1,2,1,22,2,1,0,0,42,12,0.7777777777777778,0.2222222222222222,1,1
smish,"বেকার যুবক, যুবতী, গৃহিণী, রিটায়ার্ড ব্যক্তিদের জন্য ঘরে বসে অনলাইনে স্বল্প সময়ে প্রচুর টাকা উপার্জন করার সুবর্ণ সুযোগ",Bengali,0,2,"বেকার যুবক, যুবতী, গৃহিণী, রিটায়ার্ড ব্যক্তিদের জন্য ঘরে বসে অনলাইনে স্বল্প সময়ে প্রচুর টাকা উপার্জন করার সুবর্ণ সুযোগ","বেকার যুবক, যুবতী, গৃহিণী, রিটায়ার্ড ব্যক্তিদের জন্য ঘরে বসে অনলাইনে স্বল্প সময়ে প্রচুর টাকা উপার্জন করার সুবর্ণ সুযোগ",[],0,0,0,0,0,0,0,0,0,0,0,0,"বেকার যুবক, যুবতী, গৃহিণী, রিটায়ার্ড ব্যক্তিদের জন্য ঘরে বসে অনলাইনে স্বল্প সময়ে প্রচুর টাকা উপার্জন করার সুবর্ণ সুযোগ",120,0,0,0,0,0,0,0,0,0,0,0,0,0,0,0,0,0,0,0,0,0,0,"বেকার যুবক, যুবতী, গৃহিণী, রিটায়ার্ড ব্যক্তিদের জন্য ঘরে বসে অনলাইনে স্বল্প সময়ে প্রচুর টাকা উপার্জন করার সুবর্ণ সুযোগ","বেকার যুবক, যুবতী, গৃহিণী, রিটায়ার্ড ব্যক্তিদের জন্য ঘরে বসে অনলাইনে স্বল্প সময়ে প্রচুর টাকা উপার্জন করার সুবর্ণ সুযোগ",0,0,0,0,0,120,18,0,0,3,0,0,40,1,1,0,0,100,0,1.0,0.0,1,0
normal,"হাই, কি তুমি?",Bengali,0,0,"হাই, কি তুমি?","হাই, কি তুমি?",[],0,0,0,0,0,0,0,0,0,0,0,0,"হাই, কি তুমি?",13,0,0,0,0,0,0,0,0,0,0,0,0,0,0,0,0,0,0,0,0,0,0,"হাই, কি তুমি?","হাই, কি তুমি?",0,0,0,0,0,13,3,0,1,1,0,0,6,0,0,0,0,9,0,1.0,0.0,1,0
normal,আশা করি তোমার সফলতা হোক!,Bengali,0,0,আশা করি তোমার সফলতা হোক!,আশা করি তোমার সফলতা হোক!,[],0,0,0,0,0,0,0,0,0,0,0,0,আশা করি তোমার সফলতা হোক!,24,0,0,0,0,0,0,0,0,0,0,0,0,0,0,0,0,0,0,0,0,0,0,আশা করি তোমার সফলতা হোক!,আশা করি তোমার সফলতা হোক!,0,0,0,0,0,24,5,1,0,0,0,0,7,0,0,0,0,19,0,1.0,0.0,1,0
smish,"উপবৃত্তির 4200 টাকার জন্য
যোগাযোগ করুন: 01320660547
শিক্ষা বোর্ড",Bengali,0,2,"উপবৃত্তির 4200 টাকার জন্য
যোগাযোগ করুন: 01320660547
শিক্ষা বোর্ড",উপবৃত্তির 4200 টাকার জন্য যোগাযোগ করুন: 01320660547 শিক্ষা বোর্ড,[],0,0,0,0,0,0,0,0,0,0,0,0,উপবৃত্তির 4200 টাকার জন্য যোগাযোগ করুন: 01320660547 শিক্ষা বোর্ড,64,0,0,0,0,0,0,0,0,0,0,0,0,0,0,0,0,0,0,0,0,0,0,"উপবৃত্তির 4200 টাকার জন্য
যোগাযোগ করুন: 01320660547
শিক্ষা বোর্ড",উপবৃত্তির 4200 টাকার জন্য যোগাযোগ করুন: 01320660547 শিক্ষা বোর্ড,1,1,15,2,1,64,9,0,0,0,0,1,16,1,1,0,0,40,0,1.0,0.0,1,0
promo,"বাউন্ডারিকৃত রেডি প্লট এখনই বাড়ি করে আয় করুন, কাঠা ৪.৫লক্ষ
01894841736",Bengali,0,1,"বাউন্ডারিকৃত রেডি প্লট এখনই বাড়ি করে আয় করুন, কাঠা ৪.৫লক্ষ
01894841736","বাউন্ডারিকৃত রেডি প্লট এখনই বাড়ি করে আয় করুন, কাঠা ৪.৫লক্ষ 01894841736",[],0,0,0,0,0,0,0,0,0,0,0,0,"বাউন্ডারিকৃত রেডি প্লট এখনই বাড়ি করে আয় করুন, কাঠা ৪.৫লক্ষ 01894841736",72,0,0,0,0,0,0,0,0,0,0,0,0,0,0,0,0,0,0,0,0,0,0,"বাউন্ডারিকৃত রেডি প্লট এখনই বাড়ি করে আয় করুন, কাঠা ৪.৫লক্ষ
01894841736","বাউন্ডারিকৃত রেডি প্লট এখনই বাড়ি করে আয় করুন, কাঠা ৪.৫লক্ষ 01894841736",1,1,13,2,1,72,11,0,0,1,1,0,19,0,0,0,0,49,0,1.0,0.0,1,0
normal,"খালা, আজ সন্ধ্যায় আপনার বাসায় যাবো। চা-নাশতা রেডি রাখবেন।",Bengali,0,0,"খালা, আজ সন্ধ্যায় আপনার বাসায় যাবো। চা-নাশতা রেডি রাখবেন।","খালা, আজ সন্ধ্যায় আপনার বাসায় যাবো। চা-নাশতা রেডি রাখবেন।",[],0,0,0,0,0,0,0,0,0,0,0,0,"খালা, আজ সন্ধ্যায় আপনার বাসায় যাবো। চা-নাশতা রেডি রাখবেন।",59,0,0,0,0,0,0,0,0,0,0,0,0,0,0,0,0,0,0,0,0,0,0,"খালা, আজ সন্ধ্যায় আপনার বাসায় যাবো। চা-নাশতা রেডি রাখবেন।","খালা, আজ সন্ধ্যায় আপনার বাসায় যাবো। চা-নাশতা রেডি রাখবেন।",0,0,0,0,0,59,9,0,0,1,0,0,23,0,0,0,0,47,0,1.0,0.0,1,0
promo,"ফুলঅন আড্ডা+ইন্টারনেটিং করতে ৬১জিবি+১০০০মি@৳৮৯৯,৩০দিন cutt.ly/LwEXIUPL",Bengali,1,1,"ফুলঅন আড্ডা+ইন্টারনেটিং করতে ৬১জিবি+১০০০মি@৳৮৯৯,৩০দিন cutt.ly/LwEXIUPL","ফুলঅন আড্ডা+ইন্টারনেটিং করতে ৬১জিবি+১০০০মি@৳৮৯৯,৩০দিন cutt.ly/LwEXIUPL",['cutt.ly/LwEXIUPL'],1,1,16,16,0,1,0,1,0,0,0,1,"ফুলঅন আড্ডা+ইন্টারনেটিং করতে ৬১জিবি+১০০০মি@৳৮৯৯,৩০দিন  [URL] ",61,1,16,16,0,1,0,1,0,0,0,1,1,16,16,0,1,0,1,0,0,0,1,"ফুলঅন আড্ডা+ইন্টারনেটিং করতে ৬১জিবি+১০০০মি@৳৮৯৯,৩০দিন cutt.ly/LwEXIUPL","ফুলঅন আড্ডা+ইন্টারনেটিং করতে ৬১জিবি+১০০০মি@৳৮৯৯,৩০দিন cutt.ly/LwEXIUPL",0,0,11,3,1,70,5,0,0,1,1,0,20,1,1,0,0,46,14,0.7666666666666667,0.23333333333333334,1,1
normal,তোমার জন্য একটি ভালো দিন!,Bengali,0,0,তোমার জন্য একটি ভালো দিন!,তোমার জন্য একটি ভালো দিন!,[],0,0,0,0,0,0,0,0,0,0,0,0,তোমার জন্য একটি ভালো দিন!,25,0,0,0,0,0,0,0,0,0,0,0,0,0,0,0,0,0,0,0,0,0,0,তোমার জন্য একটি ভালো দিন!,তোমার জন্য একটি ভালো দিন!,0,0,0,0,0,25,5,1,0,0,0,0,8,0,0,0,0,20,0,1.0,0.0,1,0
smish,"আপনার বিকাশ অ্যাকাউন্ট থেকে ১২,৮০০ টাকা স্থানান্তর করা হয়েছে। যদি আপনি এই লেনদেন না করে থাকেন তবে এখনই refund-bkash24.com ভিজিট করে পিন ও OTP দিন। সতর্ক থাকুন, সময় সীমিত।",Bengali,1,2,"আপনার বিকাশ অ্যাকাউন্ট থেকে ১২,৮০০ টাকা স্থানান্তর করা হয়েছে। যদি আপনি এই লেনদেন না করে থাকেন তবে এখনই refund-bkash24.com ভিজিট করে পিন ও OTP দিন। সতর্ক থাকুন, সময় সীমিত।","আপনার বিকাশ অ্যাকাউন্ট থেকে ১২,৮০০ টাকা স্থানান্তর করা হয়েছে। যদি আপনি এই লেনদেন না করে থাকেন তবে এখনই refund-bkash24.com ভিজিট করে পিন ও OTP দিন। সতর্ক থাকুন, সময় সীমিত।",['refund-bkash24.com'],1,1,18,18,2,1,1,0,0,0,0,0,"আপনার বিকাশ অ্যাকাউন্ট থেকে ১২,৮০০ টাকা স্থানান্তর করা হয়েছে। যদি আপনি এই লেনদেন না করে থাকেন তবে এখনই  [URL]  ভিজিট করে পিন ও OTP দিন। সতর্ক থাকুন, সময় সীমিত।",161,1,18,18,2,1,1,0,0,0,0,0,1,18,18,2,1,1,0,0,0,0,0,"আপনার বিকাশ অ্যাকাউন্ট থেকে ১২,৮০০ টাকা স্থানান্তর করা হয়েছে। যদি আপনি এই লেনদেন না করে থাকেন তবে এখনই refund-bkash24.com ভিজিট করে পিন ও OTP দিন। সতর্ক থাকুন, সময় সীমিত।","আপনার বিকাশ অ্যাকাউন্ট থেকে ১২,৮০০ টাকা স্থানান্তর করা হয়েছে। যদি আপনি এই লেনদেন না করে থাকেন তবে এখনই refund-bkash24.com ভিজিট করে পিন ও OTP দিন। সতর্ক থাকুন, সময় সীমিত।",0,0,7,2,1,172,29,0,0,2,1,0,46,1,1,3,1,118,17,0.8740740740740741,0.1259259259259259,1,1
promo,ফার্নিচারে মেগা সেল! সব পণ্যে ১৫-৩০% ছাড়। আজই ভিজিট করুন।,Bengali,0,1,ফার্নিচারে মেগা সেল! সব পণ্যে ১৫-৩০% ছাড়। আজই ভিজিট করুন।,ফার্নিচারে মেগা সেল! সব পণ্যে ১৫-৩০% ছাড়। আজই ভিজিট করুন।,[],0,0,0,0,0,0,0,0,0,0,0,0,ফার্নিচারে মেগা সেল! সব পণ্যে ১৫-৩০% ছাড়। আজই ভিজিট করুন।,58,0,0,0,0,0,0,0,0,0,0,0,0,0,0,0,0,0,0,0,0,0,0,ফার্নিচারে মেগা সেল! সব পণ্যে ১৫-৩০% ছাড়। আজই ভিজিট করুন।,ফার্নিচারে মেগা সেল! সব পণ্যে ১৫-৩০% ছাড়। আজই ভিজিট করুন।,0,0,4,2,1,58,10,1,0,0,0,0,20,0,0,0,0,44,0,1.0,0.0,1,0
normal,"দুঃখিত, আমি মিটিংয়ে পরে ফোন করবো।",Bengali,0,0,"দুঃখিত, আমি মিটিংয়ে পরে ফোন করবো।","দুঃখিত, আমি মিটিংয়ে পরে ফোন করবো।",[],0,0,0,0,0,0,0,0,0,0,0,0,"দুঃখিত, আমি মিটিংয়ে পরে ফোন করবো।",34,0,0,0,0,0,0,0,0,0,0,0,0,0,0,0,0,0,0,0,0,0,0,"দুঃখিত, আমি মিটিংয়ে পরে ফোন করবো।","দুঃখিত, আমি মিটিংয়ে পরে ফোন করবো।",0,0,0,0,0,34,6,0,0,1,0,0,14,0,0,0,0,27,0,1.0,0.0,1,0
smish,আপনার ক্রেডিট কার্ড অ্যাকাউন্ট আপডেট করুন। দয়া করে এখানে ক্লিক করুন: http://bit.ly/CardUpdate,Bengali,1,2,আপনার ক্রেডিট কার্ড অ্যাকাউন্ট আপডেট করুন। দয়া করে এখানে ক্লিক করুন: http://bit.ly/CardUpdate,আপনার ক্রেডিট কার্ড অ্যাকাউন্ট আপডেট করুন। দয়া করে এখানে ক্লিক করুন: http://bit.ly/CardUpdate,['http://bit.ly/CardUpdate'],1,1,24,24,0,1,0,3,0,0,0,1,আপনার ক্রেডিট কার্ড অ্যাকাউন্ট আপডেট করুন। দয়া করে এখানে ক্লিক করুন:  [URL] ,77,1,24,24,0,1,0,3,0,0,0,1,1,24,24,0,1,0,3,0,0,0,1,আপনার ক্রেডিট কার্ড অ্যাকাউন্ট আপডেট করুন। দয়া করে এখানে ক্লিক করুন: http://bit.ly/CardUpdate,আপনার ক্রেডিট কার্ড অ্যাকাউন্ট আপডেট করুন। দয়া করে এখানে ক্লিক করুন: http://bit.ly/CardUpdate,0,0,0,0,0,94,12,0,0,0,1,2,27,0,0,1,1,57,19,0.75,0.25,1,1
normal,০১৮২৭৩৮২৯১৮ এই নাম্বারে জরুরি টাকা পাঠান।,Bengali,0,0,০১৮২৭৩৮২৯১৮ এই নাম্বারে জরুরি টাকা পাঠান।,০১৮২৭৩৮২৯১৮ এই নাম্বারে জরুরি টাকা পাঠান।,[],0,0,0,0,0,0,0,0,0,0,0,0,০১৮২৭৩৮২৯১৮ এই নাম্বারে জরুরি টাকা পাঠান।,41,0,0,0,0,0,0,0,0,0,0,0,0,0,0,0,0,0,0,0,0,0,0,০১৮২৭৩৮২৯১৮ এই নাম্বারে জরুরি টাকা পাঠান।,০১৮২৭৩৮২৯১৮ এই নাম্বারে জরুরি টাকা পাঠান।,0,0,11,1,1,41,6,0,0,0,0,0,11,1,1,0,0,35,0,1.0,0.0,1,0
promo,গ্রামীণফোন মেগা অফার! আনলিমিটেড টক টাইম ৩০দিন মাত্র ৪৯৯ টাকা।,Bengali,0,1,গ্রামীণফোন মেগা অফার! আনলিমিটেড টক টাইম ৩০দিন মাত্র ৪৯৯ টাকা।,গ্রামীণফোন মেগা অফার! আনলিমিটেড টক টাইম ৩০দিন মাত্র ৪৯৯ টাকা।,[],0,0,0,0,0,0,0,0,0,0,0,0,গ্রামীণফোন মেগা অফার! আনলিমিটেড টক টাইম ৩০দিন মাত্র ৪৯৯ টাকা।,61,0,0,0,0,0,0,0,0,0,0,0,0,0,0,0,0,0,0,0,0,0,0,গ্রামীণফোন মেগা অফার! আনলিমিটেড টক টাইম ৩০দিন মাত্র ৪৯৯ টাকা।,গ্রামীণফোন মেগা অফার! আনলিমিটেড টক টাইম ৩০দিন মাত্র ৪৯৯ টাকা।,0,0,5,2,1,61,10,1,0,0,0,0,18,1,1,0,0,50,0,1.0,0.0,1,0
smish,মাশরাফির সাথে ডিনার করার সুযোগ পেতে ক্যাসিনোতে বাজি ধরুন। ক্লিক করুন: promusic.co/components/interbank.com/,Bengali,1,2,মাশরাফির সাথে ডিনার করার সুযোগ পেতে ক্যাসিনোতে বাজি ধরুন। ক্লিক করুন: promusic.co/components/interbank.com/,মাশরাফির সাথে ডিনার করার সুযোগ পেতে ক্যাসিনোতে বাজি ধরুন। ক্লিক করুন: promusic.co/components/interbank.com/,['promusic.co/components/interbank.com/'],1,1,37,37,0,2,0,3,0,0,0,0,মাশরাফির সাথে ডিনার করার সুযোগ পেতে ক্যাসিনোতে বাজি ধরুন। ক্লিক করুন:  [URL] ,77,1,37,37,0,2,0,3,0,0,0,0,1,37,37,0,2,0,3,0,0,0,0,মাশরাফির সাথে ডিনার করার সুযোগ পেতে ক্যাসিনোতে বাজি ধরুন। ক্লিক করুন: promusic.co/components/interbank.com/,মাশরাফির সাথে ডিনার করার সুযোগ পেতে ক্যাসিনোতে বাজি ধরুন। ক্লিক করুন: promusic.co/components/interbank.com/,0,0,0,0,0,107,12,0,0,0,2,1,30,0,0,0,0,57,32,0.6404494382022472,0.3595505617977528,1,1
normal,আজ রাতে ক্রিকেট ম্যাচ আছে বাংলাদেশ বনাম ভারত। সবাই একসাথে ক্যাফেতে বসে দেখব কেমন হয়?,Bengali,0,0,আজ রাতে ক্রিকেট ম্যাচ আছে বাংলাদেশ বনাম ভারত। সবাই একসাথে ক্যাফেতে বসে দেখব কেমন হয়?,আজ রাতে ক্রিকেট ম্যাচ আছে বাংলাদেশ বনাম ভারত। সবাই একসাথে ক্যাফেতে বসে দেখব কেমন হয়?,[],0,0,0,0,0,0,0,0,0,0,0,0,আজ রাতে ক্রিকেট ম্যাচ আছে বাংলাদেশ বনাম ভারত। সবাই একসাথে ক্যাফেতে বসে দেখব কেমন হয়?,85,0,0,0,0,0,0,0,0,0,0,0,0,0,0,0,0,0,0,0,0,0,0,আজ রাতে ক্রিকেট ম্যাচ আছে বাংলাদেশ বনাম ভারত। সবাই একসাথে ক্যাফেতে বসে দেখব কেমন হয়?,আজ রাতে ক্রিকেট ম্যাচ আছে বাংলাদেশ বনাম ভারত। সবাই একসাথে ক্যাফেতে বসে দেখব কেমন হয়?,0,0,0,0,0,85,15,0,1,0,0,0,27,0,0,0,0,69,0,1.0,0.0,1,0
promo,টেলিটকে নতুন অফার! ৭দিনে ২জিবি ডেটা মাত্র ৪৯ টাকা। *১১৪*৬# ডায়াল করুন।,Bengali,0,1,টেলিটকে নতুন অফার! ৭দিনে ২জিবি ডেটা মাত্র ৪৯ টাকা। *১১৪*৬# ডায়াল করুন।,টেলিটকে নতুন অফার! ৭দিনে ২জিবি ডেটা মাত্র ৪৯ টাকা। *১১৪*৬# ডায়াল করুন।,[],0,0,0,0,0,0,0,0,0,0,0,0,টেলিটকে নতুন অফার! ৭দিনে ২জিবি ডেটা মাত্র ৪৯ টাকা। *১১৪*৬# ডায়াল করুন।,71,0,0,0,0,0,0,0,0,0,0,0,0,0,0,0,0,0,0,0,0,0,0,টেলিটকে নতুন অফার! ৭দিনে ২জিবি ডেটা মাত্র ৪৯ টাকা। *১১৪*৬# ডায়াল করুন।,টেলিটকে নতুন অফার! ৭দিনে ২জিবি ডেটা মাত্র ৪৯ টাকা। *১১৪*৬# ডায়াল করুন।,0,0,8,5,1,71,12,1,0,0,0,0,25,1,1,0,0,54,0,1.0,0.0,1,0
normal,তুমি কি নতুন গানটা শুনেছো? আরিফের কণ্ঠে দারুণ লেগেছে।,Bengali,0,0,তুমি কি নতুন গানটা শুনেছো? আরিফের কণ্ঠে দারুণ লেগেছে।,তুমি কি নতুন গানটা শুনেছো? আরিফের কণ্ঠে দারুণ লেগেছে।,[],0,0,0,0,0,0,0,0,0,0,0,0,তুমি কি নতুন গানটা শুনেছো? আরিফের কণ্ঠে দারুণ লেগেছে।,53,0,0,0,0,0,0,0,0,0,0,0,0,0,0,0,0,0,0,0,0,0,0,তুমি কি নতুন গানটা শুনেছো? আরিফের কণ্ঠে দারুণ লেগেছে।,তুমি কি নতুন গানটা শুনেছো? আরিফের কণ্ঠে দারুণ লেগেছে।,0,0,0,0,0,53,9,0,1,0,0,0,20,0,0,0,0,43,0,1.0,0.0,1,0
normal,আপনি কি খবর?,Bengali,0,0,আপনি কি খবর?,আপনি কি খবর?,[],0,0,0,0,0,0,0,0,0,0,0,0,আপনি কি খবর?,12,0,0,0,0,0,0,0,0,0,0,0,0,0,0,0,0,0,0,0,0,0,0,আপনি কি খবর?,আপনি কি খবর?,0,0,0,0,0,12,3,0,1,0,0,0,3,0,0,0,0,9,0,1.0,0.0,1,0
smish,"DBBL কার্ড লেনদেন ব্যর্থ হয়েছে। পুনরায় সক্রিয় করতে dbbl-cardsecure.org এ লগইন করুন এবং কার্ড নম্বর, CVV ও OTP দিন। না করলে কার্ড ব্লক হবে।",Bengali,1,2,"DBBL কার্ড লেনদেন ব্যর্থ হয়েছে। পুনরায় সক্রিয় করতে dbbl-cardsecure.org এ লগইন করুন এবং কার্ড নম্বর, CVV ও OTP দিন। না করলে কার্ড ব্লক হবে।","DBBL কার্ড লেনদেন ব্যর্থ হয়েছে। পুনরায় সক্রিয় করতে dbbl-cardsecure.org এ লগইন করুন এবং কার্ড নম্বর, CVV ও OTP দিন। না করলে কার্ড ব্লক হবে।",['dbbl-cardsecure.org'],1,1,19,19,0,1,1,0,0,0,0,0,"DBBL কার্ড লেনদেন ব্যর্থ হয়েছে। পুনরায় সক্রিয় করতে  [URL]  এ লগইন করুন এবং কার্ড নম্বর, CVV ও OTP দিন। না করলে কার্ড ব্লক হবে।",129,1,19,19,0,1,1,0,0,0,0,0,1,19,19,0,1,1,0,0,0,0,0,"DBBL কার্ড লেনদেন ব্যর্থ হয়েছে। পুনরায় সক্রিয় করতে dbbl-cardsecure.org এ লগইন করুন এবং কার্ড নম্বর, CVV ও OTP দিন। না করলে কার্ড ব্লক হবে।","DBBL কার্ড লেনদেন ব্যর্থ হয়েছে। পুনরায় সক্রিয় করতে dbbl-cardsecure.org এ লগইন করুন এবং কার্ড নম্বর, CVV ও OTP দিন। না করলে কার্ড ব্লক হবে।",0,0,0,0,0,141,24,0,0,1,1,0,34,0,0,1,1,85,27,0.7589285714285714,0.24107142857142858,1,1
smish,আপনার নাম্বারটি একটি বিশেষ অফারে নির্বাচিত হয়েছে! পুরস্কার পেতে কল করুন +8801712233445,Bengali,0,2,আপনার নাম্বারটি একটি বিশেষ অফারে নির্বাচিত হয়েছে! পুরস্কার পেতে কল করুন +8801712233445,আপনার নাম্বারটি একটি বিশেষ অফারে নির্বাচিত হয়েছে! পুরস্কার পেতে কল করুন +8801712233445,[],0,0,0,0,0,0,0,0,0,0,0,0,আপনার নাম্বারটি একটি বিশেষ অফারে নির্বাচিত হয়েছে! পুরস্কার পেতে কল করুন +8801712233445,87,0,0,0,0,0,0,0,0,0,0,0,0,0,0,0,0,0,0,0,0,0,0,আপনার নাম্বারটি একটি বিশেষ অফারে নির্বাচিত হয়েছে! পুরস্কার পেতে কল করুন +8801712233445,আপনার নাম্বারটি একটি বিশেষ অফারে নির্বাচিত হয়েছে! পুরস্কার পেতে কল করুন +8801712233445,1,1,13,1,1,87,12,1,0,0,0,0,25,0,0,0,0,61,0,1.0,0.0,1,0
promo,Daraz Mall-এর সব পণ্যে ফ্রি ডেলিভারি। অফার ৩ দিন চলবে।,Bengali,0,1,Daraz Mall-এর সব পণ্যে ফ্রি ডেলিভারি। অফার ৩ দিন চলবে।,Daraz Mall-এর সব পণ্যে ফ্রি ডেলিভারি। অফার ৩ দিন চলবে।,[],0,0,0,0,0,0,0,0,0,0,0,0,Daraz Mall-এর সব পণ্যে ফ্রি ডেলিভারি। অফার ৩ দিন চলবে।,54,0,0,0,0,0,0,0,0,0,0,0,0,0,0,0,0,0,0,0,0,0,0,Daraz Mall-এর সব পণ্যে ফ্রি ডেলিভারি। অফার ৩ দিন চলবে।,Daraz Mall-এর সব পণ্যে ফ্রি ডেলিভারি। অফার ৩ দিন চলবে।,0,0,1,1,1,54,10,0,0,0,0,0,14,0,0,0,0,33,9,0.7857142857142857,0.21428571428571427,1,1
smish,আপনার নম্বরটি একটি বিশেষ অফারে নির্বাচিত হয়েছে! পুরস্কার পেতে কল করুন +8801711122334,Bengali,0,2,আপনার নম্বরটি একটি বিশেষ অফারে নির্বাচিত হয়েছে! পুরস্কার পেতে কল করুন +8801711122334,আপনার নম্বরটি একটি বিশেষ অফারে নির্বাচিত হয়েছে! পুরস্কার পেতে কল করুন +8801711122334,[],0,0,0,0,0,0,0,0,0,0,0,0,আপনার নম্বরটি একটি বিশেষ অফারে নির্বাচিত হয়েছে! পুরস্কার পেতে কল করুন +8801711122334,85,0,0,0,0,0,0,0,0,0,0,0,0,0,0,0,0,0,0,0,0,0,0,আপনার নম্বরটি একটি বিশেষ অফারে নির্বাচিত হয়েছে! পুরস্কার পেতে কল করুন +8801711122334,আপনার নম্বরটি একটি বিশেষ অফারে নির্বাচিত হয়েছে! পুরস্কার পেতে কল করুন +8801711122334,1,1,13,1,1,85,12,1,0,0,0,0,23,0,0,0,0,59,0,1.0,0.0,1,0
smish,আপনার নম্বরটি একটি বিশেষ অফারে নির্বাচিত হয়েছে! পুরস্কার পেতে কল করুন +8801716677889,Bengali,0,2,আপনার নম্বরটি একটি বিশেষ অফারে নির্বাচিত হয়েছে! পুরস্কার পেতে কল করুন +8801716677889,আপনার নম্বরটি একটি বিশেষ অফারে নির্বাচিত হয়েছে! পুরস্কার পেতে কল করুন +8801716677889,[],0,0,0,0,0,0,0,0,0,0,0,0,আপনার নম্বরটি একটি বিশেষ অফারে নির্বাচিত হয়েছে! পুরস্কার পেতে কল করুন +8801716677889,85,0,0,0,0,0,0,0,0,0,0,0,0,0,0,0,0,0,0,0,0,0,0,আপনার নম্বরটি একটি বিশেষ অফারে নির্বাচিত হয়েছে! পুরস্কার পেতে কল করুন +8801716677889,আপনার নম্বরটি একটি বিশেষ অফারে নির্বাচিত হয়েছে! পুরস্কার পেতে কল করুন +8801716677889,1,1,13,1,1,85,12,1,0,0,0,0,23,0,0,0,0,59,0,1.0,0.0,1,0
smish,"আপনি চাকরির পর্যালোচনায় পাস হয়েছেন এবং প্রতিদিন ২,০০০ টাকা বেতন পাবেন। যোগাযোগ : https://wa.me/8801726768680",Bengali,1,2,"আপনি চাকরির পর্যালোচনায় পাস হয়েছেন এবং প্রতিদিন ২,০০০ টাকা বেতন পাবেন। যোগাযোগ : https://wa.me/8801726768680","আপনি চাকরির পর্যালোচনায় পাস হয়েছেন এবং প্রতিদিন ২,০০০ টাকা বেতন পাবেন। যোগাযোগ : https://wa.me/8801726768680",['https://wa.me/8801726768680'],1,1,27,27,13,1,0,3,1,0,0,0,"আপনি চাকরির পর্যালোচনায় পাস হয়েছেন এবং প্রতিদিন ২,০০০ টাকা বেতন পাবেন। যোগাযোগ :  [URL] ",90,1,27,27,13,1,0,3,1,0,0,0,1,27,27,13,1,0,3,1,0,0,0,"আপনি চাকরির পর্যালোচনায় পাস হয়েছেন এবং প্রতিদিন ২,০০০ টাকা বেতন পাবেন। যোগাযোগ : https://wa.me/8801726768680","আপনি চাকরির পর্যালোচনায় পাস হয়েছেন এবং প্রতিদিন ২,০০০ টাকা বেতন পাবেন। যোগাযোগ : https://wa.me/8801726768680",1,1,17,2,1,110,14,0,0,1,1,2,32,1,1,0,0,67,9,0.881578947368421,0.11842105263157894,1,1
smish,আপনার মোবাইল সিম পুনরায় চালু করতে কল করুন +8801910011223,Bengali,0,2,আপনার মোবাইল সিম পুনরায় চালু করতে কল করুন +8801910011223,আপনার মোবাইল সিম পুনরায় চালু করতে কল করুন +8801910011223,[],0,0,0,0,0,0,0,0,0,0,0,0,আপনার মোবাইল সিম পুনরায় চালু করতে কল করুন +8801910011223,57,0,0,0,0,0,0,0,0,0,0,0,0,0,0,0,0,0,0,0,0,0,0,আপনার মোবাইল সিম পুনরায় চালু করতে কল করুন +8801910011223,আপনার মোবাইল সিম পুনরায় চালু করতে কল করুন +8801910011223,1,1,13,1,1,57,9,0,0,0,0,0,12,0,0,0,0,35,0,1.0,0.0,1,0
smish,"GP গ্রাহক, ২৪ ঘণ্টার মধ্যে অ্যাকাউন্ট ব্লক এড়াতে gp-safeverify24.org এ লগইন করুন। নাম্বার ও OTP দিন।",Bengali,1,2,"GP গ্রাহক, ২৪ ঘণ্টার মধ্যে অ্যাকাউন্ট ব্লক এড়াতে gp-safeverify24.org এ লগইন করুন। নাম্বার ও OTP দিন।","GP গ্রাহক, ২৪ ঘণ্টার মধ্যে অ্যাকাউন্ট ব্লক এড়াতে gp-safeverify24.org এ লগইন করুন। নাম্বার ও OTP দিন।",['gp-safeverify24.org'],1,1,19,19,2,1,1,0,0,0,0,0,"GP গ্রাহক, ২৪ ঘণ্টার মধ্যে অ্যাকাউন্ট ব্লক এড়াতে  [URL]  এ লগইন করুন। নাম্বার ও OTP দিন।",89,1,19,19,2,1,1,0,0,0,0,0,1,19,19,2,1,1,0,0,0,0,0,"GP গ্রাহক, ২৪ ঘণ্টার মধ্যে অ্যাকাউন্ট ব্লক এড়াতে gp-safeverify24.org এ লগইন করুন। নাম্বার ও OTP দিন।","GP গ্রাহক, ২৪ ঘণ্টার মধ্যে অ্যাকাউন্ট ব্লক এড়াতে gp-safeverify24.org এ লগইন করুন। নাম্বার ও OTP দিন।",0,0,4,2,1,101,16,0,0,1,1,0,24,0,0,3,1,59,20,0.7468354430379747,0.25316455696202533,1,1
promo,Daraz Mall থেকে আসল প্রোডাক্টে ১৫% ডিসকাউন্ট। অফার চলবে ৩ দিন।,Bengali,0,1,Daraz Mall থেকে আসল প্রোডাক্টে ১৫% ডিসকাউন্ট। অফার চলবে ৩ দিন।,Daraz Mall থেকে আসল প্রোডাক্টে ১৫% ডিসকাউন্ট। অফার চলবে ৩ দিন।,[],0,0,0,0,0,0,0,0,0,0,0,0,Daraz Mall থেকে আসল প্রোডাক্টে ১৫% ডিসকাউন্ট। অফার চলবে ৩ দিন।,62,0,0,0,0,0,0,0,0,0,0,0,0,0,0,0,0,0,0,0,0,0,0,Daraz Mall থেকে আসল প্রোডাক্টে ১৫% ডিসকাউন্ট। অফার চলবে ৩ দিন।,Daraz Mall থেকে আসল প্রোডাক্টে ১৫% ডিসকাউন্ট। অফার চলবে ৩ দিন।,0,0,3,2,1,62,11,0,0,0,0,0,16,0,0,0,0,40,9,0.8163265306122449,0.1836734693877551,1,1
normal,তোমার দিন কেমন চলছে?,Bengali,0,0,তোমার দিন কেমন চলছে?,তোমার দিন কেমন চলছে?,[],0,0,0,0,0,0,0,0,0,0,0,0,তোমার দিন কেমন চলছে?,20,0,0,0,0,0,0,0,0,0,0,0,0,0,0,0,0,0,0,0,0,0,0,তোমার দিন কেমন চলছে?,তোমার দিন কেমন চলছে?,0,0,0,0,0,20,4,0,1,0,0,0,6,0,0,0,0,16,0,1.0,0.0,1,0
promo,"ইলেকট্রনিক্সে মেগা সেল! TV, ফ্রিজ, AC তে বিশাল ছাড়।",Bengali,0,1,"ইলেকট্রনিক্সে মেগা সেল! TV, ফ্রিজ, AC তে বিশাল ছাড়।","ইলেকট্রনিক্সে মেগা সেল! TV, ফ্রিজ, AC তে বিশাল ছাড়।",[],0,0,0,0,0,0,0,0,0,0,0,0,"ইলেকট্রনিক্সে মেগা সেল! TV, ফ্রিজ, AC তে বিশাল ছাড়।",52,0,0,0,0,0,0,0,0,0,0,0,0,0,0,0,0,0,0,0,0,0,0,"ইলেকট্রনিক্সে মেগা সেল! TV, ফ্রিজ, AC তে বিশাল ছাড়।","ইলেকট্রনিক্সে মেগা সেল! TV, ফ্রিজ, AC তে বিশাল ছাড়।",0,0,0,0,0,52,9,1,0,2,0,0,19,0,0,0,0,36,4,0.9,0.1,1,1
normal,তোমার প্রতিভা অসাধারণ।,Bengali,0,0,তোমার প্রতিভা অসাধারণ।,তোমার প্রতিভা অসাধারণ।,[],0,0,0,0,0,0,0,0,0,0,0,0,তোমার প্রতিভা অসাধারণ।,22,0,0,0,0,0,0,0,0,0,0,0,0,0,0,0,0,0,0,0,0,0,0,তোমার প্রতিভা অসাধারণ।,তোমার প্রতিভা অসাধারণ।,0,0,0,0,0,22,3,0,0,0,0,0,8,0,0,0,0,19,0,1.0,0.0,1,0
normal,"আজ তোমার কাছে আসতে পারবো না? হ্যাঁ, আমি এখানে রয়েছি। আপনি কি চান?",Bengali,0,0,"আজ তোমার কাছে আসতে পারবো না? হ্যাঁ, আমি এখানে রয়েছি। আপনি কি চান?","আজ তোমার কাছে আসতে পারবো না? হ্যাঁ, আমি এখানে রয়েছি। আপনি কি চান?",[],0,0,0,0,0,0,0,0,0,0,0,0,"আজ তোমার কাছে আসতে পারবো না? হ্যাঁ, আমি এখানে রয়েছি। আপনি কি চান?",66,0,0,0,0,0,0,0,0,0,0,0,0,0,0,0,0,0,0,0,0,0,0,"আজ তোমার কাছে আসতে পারবো না? হ্যাঁ, আমি এখানে রয়েছি। আপনি কি চান?","আজ তোমার কাছে আসতে পারবো না? হ্যাঁ, আমি এখানে রয়েছি। আপনি কি চান?",0,0,0,0,0,66,13,0,2,1,0,0,24,0,0,0,0,50,0,1.0,0.0,1,0
normal,এটি IQ পরীক্ষা পর্বের একটি অংশ।,Bengali,0,0,এটি IQ পরীক্ষা পর্বের একটি অংশ।,এটি IQ পরীক্ষা পর্বের একটি অংশ।,[],0,0,0,0,0,0,0,0,0,0,0,0,এটি IQ পরীক্ষা পর্বের একটি অংশ।,31,0,0,0,0,0,0,0,0,0,0,0,0,0,0,0,0,0,0,0,0,0,0,এটি IQ পরীক্ষা পর্বের একটি অংশ।,এটি IQ পরীক্ষা পর্বের একটি অংশ।,0,0,0,0,0,31,6,0,0,0,0,0,9,0,0,0,0,23,2,0.92,0.08,1,1
normal,"আপা, আমি দেরি করে বাসায় আসবো। অফিসে অতিরিক্ত কাজ আছে।",Bengali,0,0,"আপা, আমি দেরি করে বাসায় আসবো। অফিসে অতিরিক্ত কাজ আছে।","আপা, আমি দেরি করে বাসায় আসবো। অফিসে অতিরিক্ত কাজ আছে।",[],0,0,0,0,0,0,0,0,0,0,0,0,"আপা, আমি দেরি করে বাসায় আসবো। অফিসে অতিরিক্ত কাজ আছে।",54,0,0,0,0,0,0,0,0,0,0,0,0,0,0,0,0,0,0,0,0,0,0,"আপা, আমি দেরি করে বাসায় আসবো। অফিসে অতিরিক্ত কাজ আছে।","আপা, আমি দেরি করে বাসায় আসবো। অফিসে অতিরিক্ত কাজ আছে।",0,0,0,0,0,54,10,0,0,1,0,0,19,0,0,0,0,42,0,1.0,0.0,1,0
normal,আজকে কি পড়ছো?,Bengali,0,0,আজকে কি পড়ছো?,আজকে কি পড়ছো?,[],0,0,0,0,0,0,0,0,0,0,0,0,আজকে কি পড়ছো?,14,0,0,0,0,0,0,0,0,0,0,0,0,0,0,0,0,0,0,0,0,0,0,আজকে কি পড়ছো?,আজকে কি পড়ছো?,0,0,0,0,0,14,3,0,1,0,0,0,5,0,0,0,0,11,0,1.0,0.0,1,0
promo,"Daraz Gadget Fair! স্মার্টওয়াচ, হেডফোন ও ট্যাবলেটে ৫০% ছাড়।",Bengali,0,1,"Daraz Gadget Fair! স্মার্টওয়াচ, হেডফোন ও ট্যাবলেটে ৫০% ছাড়।","Daraz Gadget Fair! স্মার্টওয়াচ, হেডফোন ও ট্যাবলেটে ৫০% ছাড়।",[],0,0,0,0,0,0,0,0,0,0,0,0,"Daraz Gadget Fair! স্মার্টওয়াচ, হেডফোন ও ট্যাবলেটে ৫০% ছাড়।",61,0,0,0,0,0,0,0,0,0,0,0,0,0,0,0,0,0,0,0,0,0,0,"Daraz Gadget Fair! স্মার্টওয়াচ, হেডফোন ও ট্যাবলেটে ৫০% ছাড়।","Daraz Gadget Fair! স্মার্টওয়াচ, হেডফোন ও ট্যাবলেটে ৫০% ছাড়।",0,0,2,1,1,61,9,1,0,1,0,0,17,0,0,0,0,34,15,0.6938775510204082,0.30612244897959184,1,1
normal,"আজকে নতুন রেস্টুরেন্টে খেতে গিয়েছিলাম। খাবারের স্বাদ বেশ ভালো, দামও খুব বেশি না। ভাবছি আবারও যাবো।",Bengali,0,0,"আজকে নতুন রেস্টুরেন্টে খেতে গিয়েছিলাম। খাবারের স্বাদ বেশ ভালো, দামও খুব বেশি না। ভাবছি আবারও যাবো।","আজকে নতুন রেস্টুরেন্টে খেতে গিয়েছিলাম। খাবারের স্বাদ বেশ ভালো, দামও খুব বেশি না। ভাবছি আবারও যাবো।",[],0,0,0,0,0,0,0,0,0,0,0,0,"আজকে নতুন রেস্টুরেন্টে খেতে গিয়েছিলাম। খাবারের স্বাদ বেশ ভালো, দামও খুব বেশি না। ভাবছি আবারও যাবো।",99,0,0,0,0,0,0,0,0,0,0,0,0,0,0,0,0,0,0,0,0,0,0,"আজকে নতুন রেস্টুরেন্টে খেতে গিয়েছিলাম। খাবারের স্বাদ বেশ ভালো, দামও খুব বেশি না। ভাবছি আবারও যাবো।","আজকে নতুন রেস্টুরেন্টে খেতে গিয়েছিলাম। খাবারের স্বাদ বেশ ভালো, দামও খুব বেশি না। ভাবছি আবারও যাবো।",0,0,0,0,0,99,16,0,0,1,0,0,37,0,0,0,0,80,0,1.0,0.0,1,0
smish,আপনার ব্যাংক অ্যাকাউন্টে অজানা লেনদেন সনাক্ত করা হয়েছে। বিস্তারিত জানতে এখানে ক্লিক করুন: http://bit.ly/UnknownTxn,Bengali,1,2,আপনার ব্যাংক অ্যাকাউন্টে অজানা লেনদেন সনাক্ত করা হয়েছে। বিস্তারিত জানতে এখানে ক্লিক করুন: http://bit.ly/UnknownTxn,আপনার ব্যাংক অ্যাকাউন্টে অজানা লেনদেন সনাক্ত করা হয়েছে। বিস্তারিত জানতে এখানে ক্লিক করুন: http://bit.ly/UnknownTxn,['http://bit.ly/UnknownTxn'],1,1,24,24,0,1,0,3,0,0,0,1,আপনার ব্যাংক অ্যাকাউন্টে অজানা লেনদেন সনাক্ত করা হয়েছে। বিস্তারিত জানতে এখানে ক্লিক করুন:  [URL] ,98,1,24,24,0,1,0,3,0,0,0,1,1,24,24,0,1,0,3,0,0,0,1,আপনার ব্যাংক অ্যাকাউন্টে অজানা লেনদেন সনাক্ত করা হয়েছে। বিস্তারিত জানতে এখানে ক্লিক করুন: http://bit.ly/UnknownTxn,আপনার ব্যাংক অ্যাকাউন্টে অজানা লেনদেন সনাক্ত করা হয়েছে। বিস্তারিত জানতে এখানে ক্লিক করুন: http://bit.ly/UnknownTxn,0,0,0,0,0,115,14,0,0,0,1,2,37,0,0,1,1,76,19,0.8,0.2,1,1
smish,আপনার Robi নম্বরে অবৈধ কার্যকলাপ শনাক্ত হয়েছে। ২৪ ঘণ্টার মধ্যে details জমা দিন robisafeupdate.org এ।,Bengali,1,2,আপনার Robi নম্বরে অবৈধ কার্যকলাপ শনাক্ত হয়েছে। ২৪ ঘণ্টার মধ্যে details জমা দিন robisafeupdate.org এ।,আপনার Robi নম্বরে অবৈধ কার্যকলাপ শনাক্ত হয়েছে। ২৪ ঘণ্টার মধ্যে details জমা দিন robisafeupdate.org এ।,['robisafeupdate.org'],1,1,18,18,0,1,0,0,0,0,0,0,আপনার Robi নম্বরে অবৈধ কার্যকলাপ শনাক্ত হয়েছে। ২৪ ঘণ্টার মধ্যে details জমা দিন  [URL]  এ।,90,1,18,18,0,1,0,0,0,0,0,0,1,18,18,0,1,0,0,0,0,0,0,আপনার Robi নম্বরে অবৈধ কার্যকলাপ শনাক্ত হয়েছে। ২৪ ঘণ্টার মধ্যে details জমা দিন robisafeupdate.org এ।,আপনার Robi নম্বরে অবৈধ কার্যকলাপ শনাক্ত হয়েছে। ২৪ ঘণ্টার মধ্যে details জমা দিন robisafeupdate.org এ।,0,0,2,1,1,101,15,0,0,0,1,0,21,0,0,0,0,56,28,0.6666666666666666,0.3333333333333333,1,1
smish,"https://t.me/Referincomebd4536_bot?start=r00798685036
দিনে 200 থেকে 300 টাকা ইনকাম করতে চাইলে এই লিংকে ক্লিক করুন",Bengali,1,2,"https://t.me/Referincomebd4536_bot?start=r00798685036
দিনে 200 থেকে 300 টাকা ইনকাম করতে চাইলে এই লিংকে ক্লিক করুন",https://t.me/Referincomebd4536_bot?start=r00798685036 দিনে 200 থেকে 300 টাকা ইনকাম করতে চাইলে এই লিংকে ক্লিক করুন,['https://t.me/Referincomebd4536_bot?start=r00798685036'],1,1,53,53,15,1,0,3,1,0,0,0, [URL]  দিনে 200 থেকে 300 টাকা ইনকাম করতে চাইলে এই লিংকে ক্লিক করুন,67,1,53,53,15,1,0,3,1,0,0,0,1,53,53,15,1,0,3,1,0,0,0,"https://t.me/Referincomebd4536_bot?start=r00798685036
দিনে 200 থেকে 300 টাকা ইনকাম করতে চাইলে এই লিংকে ক্লিক করুন",https://t.me/Referincomebd4536_bot?start=r00798685036 দিনে 200 থেকে 300 টাকা ইনকাম করতে চাইলে এই লিংকে ক্লিক করুন,0,0,21,4,1,113,13,0,1,0,1,1,23,1,1,0,0,42,30,0.5833333333333334,0.4166666666666667,1,1
smish,আপনার সঞ্চয় দ্বিগুণ করার সুযোগ! কল করুন: +8801715455567,Bengali,0,2,আপনার সঞ্চয় দ্বিগুণ করার সুযোগ! কল করুন: +8801715455567,আপনার সঞ্চয় দ্বিগুণ করার সুযোগ! কল করুন: +8801715455567,[],0,0,0,0,0,0,0,0,0,0,0,0,আপনার সঞ্চয় দ্বিগুণ করার সুযোগ! কল করুন: +8801715455567,56,0,0,0,0,0,0,0,0,0,0,0,0,0,0,0,0,0,0,0,0,0,0,আপনার সঞ্চয় দ্বিগুণ করার সুযোগ! কল করুন: +8801715455567,আপনার সঞ্চয় দ্বিগুণ করার সুযোগ! কল করুন: +8801715455567,1,1,13,1,1,56,8,1,0,0,0,1,13,0,0,0,0,33,0,1.0,0.0,1,0
promo,Shohoz Tickets দিয়ে ট্রেন টিকিট কিনলে ১২% ছাড়। কোড: TRAIN12।,Bengali,0,1,Shohoz Tickets দিয়ে ট্রেন টিকিট কিনলে ১২% ছাড়। কোড: TRAIN12।,Shohoz Tickets দিয়ে ট্রেন টিকিট কিনলে ১২% ছাড়। কোড: TRAIN12।,[],0,0,0,0,0,0,0,0,0,0,0,0,Shohoz Tickets দিয়ে ট্রেন টিকিট কিনলে ১২% ছাড়। কোড: TRAIN12।,62,0,0,0,0,0,0,0,0,0,0,0,0,0,0,0,0,0,0,0,0,0,0,Shohoz Tickets দিয়ে ট্রেন টিকিট কিনলে ১২% ছাড়। কোড: TRAIN12।,Shohoz Tickets দিয়ে ট্রেন টিকিট কিনলে ১২% ছাড়। কোড: TRAIN12।,0,0,4,2,1,62,10,0,0,0,0,1,16,0,0,0,0,29,18,0.6170212765957447,0.3829787234042553,1,1
normal,আজকের ক্লাস কেমন হলো?,Bengali,0,0,আজকের ক্লাস কেমন হলো?,আজকের ক্লাস কেমন হলো?,[],0,0,0,0,0,0,0,0,0,0,0,0,আজকের ক্লাস কেমন হলো?,21,0,0,0,0,0,0,0,0,0,0,0,0,0,0,0,0,0,0,0,0,0,0,আজকের ক্লাস কেমন হলো?,আজকের ক্লাস কেমন হলো?,0,0,0,0,0,21,4,0,1,0,0,0,6,0,0,0,0,17,0,1.0,0.0,1,0
promo,“১৬১২২ নম্বরে কল করে অথবা land.gov.bd ভিজিট করে ঘরে বসেই ভূমিসেবা গ্রহণ করুন।’’-ভূমি মন্ত্রণালয়।,Bengali,1,1,“১৬১২২ নম্বরে কল করে অথবা land.gov.bd ভিজিট করে ঘরে বসেই ভূমিসেবা গ্রহণ করুন।’’-ভূমি মন্ত্রণালয়।,"""১৬১২২ নম্বরে কল করে অথবা land.gov.bd ভিজিট করে ঘরে বসেই ভূমিসেবা গ্রহণ করুন।''-ভূমি মন্ত্রণালয়।",['land.gov.bd'],1,1,11,11,0,2,0,0,0,0,0,0,"""১৬১২২ নম্বরে কল করে অথবা  [URL]  ভিজিট করে ঘরে বসেই ভূমিসেবা গ্রহণ করুন।''-ভূমি মন্ত্রণালয়।",93,1,11,11,0,2,0,0,0,0,0,0,1,11,11,0,2,0,0,0,0,0,0,“১৬১২২ নম্বরে কল করে অথবা land.gov.bd ভিজিট করে ঘরে বসেই ভূমিসেবা গ্রহণ করুন।’’-ভূমি মন্ত্রণালয়।,“১৬১২২ নম্বরে কল করে অথবা land.gov.bd ভিজিট করে ঘরে বসেই ভূমিসেবা গ্রহণ করুন।’’-ভূমি মন্ত্রণালয়।,0,0,5,1,1,97,14,0,0,0,2,0,29,0,0,0,0,67,9,0.881578947368421,0.11842105263157894,1,1
normal,শুভ অসুস্থ্য দিনের শুভেচ্ছা!,Bengali,0,0,শুভ অসুস্থ্য দিনের শুভেচ্ছা!,শুভ অসুস্থ্য দিনের শুভেচ্ছা!,[],0,0,0,0,0,0,0,0,0,0,0,0,শুভ অসুস্থ্য দিনের শুভেচ্ছা!,28,0,0,0,0,0,0,0,0,0,0,0,0,0,0,0,0,0,0,0,0,0,0,শুভ অসুস্থ্য দিনের শুভেচ্ছা!,শুভ অসুস্থ্য দিনের শুভেচ্ছা!,0,0,0,0,0,28,4,1,0,0,0,0,11,0,0,0,0,24,0,1.0,0.0,1,0
smish,শাকিবের সাথে লাঞ্চ করার সুযোগ পেতে ক্রিকেটে বাজি ধরুন! শুরু করুন: ebayisapidlld.altervista.org/,Bengali,1,2,শাকিবের সাথে লাঞ্চ করার সুযোগ পেতে ক্রিকেটে বাজি ধরুন! শুরু করুন: ebayisapidlld.altervista.org/,শাকিবের সাথে লাঞ্চ করার সুযোগ পেতে ক্রিকেটে বাজি ধরুন! শুরু করুন: ebayisapidlld.altervista.org/,['ebayisapidlld.altervista.org/'],1,1,29,29,0,2,0,1,0,0,0,0,শাকিবের সাথে লাঞ্চ করার সুযোগ পেতে ক্রিকেটে বাজি ধরুন! শুরু করুন:  [URL] ,73,1,29,29,0,2,0,1,0,0,0,0,1,29,29,0,2,0,1,0,0,0,0,শাকিবের সাথে লাঞ্চ করার সুযোগ পেতে ক্রিকেটে বাজি ধরুন! শুরু করুন: ebayisapidlld.altervista.org/,শাকিবের সাথে লাঞ্চ করার সুযোগ পেতে ক্রিকেটে বাজি ধরুন! শুরু করুন: ebayisapidlld.altervista.org/,0,0,0,0,0,95,12,1,0,0,2,1,27,0,0,0,0,53,26,0.6708860759493671,0.3291139240506329,1,1
promo,"বেবি প্রোডাক্টে স্পেশাল ডিসকাউন্ট! ডায়াপার, ফুডে ৩০% ছাড়।",Bengali,0,1,"বেবি প্রোডাক্টে স্পেশাল ডিসকাউন্ট! ডায়াপার, ফুডে ৩০% ছাড়।","বেবি প্রোডাক্টে স্পেশাল ডিসকাউন্ট! ডায়াপার, ফুডে ৩০% ছাড়।",[],0,0,0,0,0,0,0,0,0,0,0,0,"বেবি প্রোডাক্টে স্পেশাল ডিসকাউন্ট! ডায়াপার, ফুডে ৩০% ছাড়।",59,0,0,0,0,0,0,0,0,0,0,0,0,0,0,0,0,0,0,0,0,0,0,"বেবি প্রোডাক্টে স্পেশাল ডিসকাউন্ট! ডায়াপার, ফুডে ৩০% ছাড়।","বেবি প্রোডাক্টে স্পেশাল ডিসকাউন্ট! ডায়াপার, ফুডে ৩০% ছাড়।",0,0,2,1,1,59,8,1,0,1,0,0,25,0,0,0,0,48,0,1.0,0.0,1,0
normal,এখানে অবস্থান করতে চাও?,Bengali,0,0,এখানে অবস্থান করতে চাও?,এখানে অবস্থান করতে চাও?,[],0,0,0,0,0,0,0,0,0,0,0,0,এখানে অবস্থান করতে চাও?,23,0,0,0,0,0,0,0,0,0,0,0,0,0,0,0,0,0,0,0,0,0,0,এখানে অবস্থান করতে চাও?,এখানে অবস্থান করতে চাও?,0,0,0,0,0,23,4,0,1,0,0,0,7,0,0,0,0,19,0,1.0,0.0,1,0
normal,"আব্দুল, কাল রাতে সিনেমা দেখতে যাবে নাকি? ‘হাওয়া’ চলছে স্টার সিনেপ্লেক্সে, টিকিট বুক করি?",Bengali,0,0,"আব্দুল, কাল রাতে সিনেমা দেখতে যাবে নাকি? ‘হাওয়া’ চলছে স্টার সিনেপ্লেক্সে, টিকিট বুক করি?","আব্দুল, কাল রাতে সিনেমা দেখতে যাবে নাকি? 'হাওয়া' চলছে স্টার সিনেপ্লেক্সে, টিকিট বুক করি?",[],0,0,0,0,0,0,0,0,0,0,0,0,"আব্দুল, কাল রাতে সিনেমা দেখতে যাবে নাকি? 'হাওয়া' চলছে স্টার সিনেপ্লেক্সে, টিকিট বুক করি?",89,0,0,0,0,0,0,0,0,0,0,0,0,0,0,0,0,0,0,0,0,0,0,"আব্দুল, কাল রাতে সিনেমা দেখতে যাবে নাকি? ‘হাওয়া’ চলছে স্টার সিনেপ্লেক্সে, টিকিট বুক করি?","আব্দুল, কাল রাতে সিনেমা দেখতে যাবে নাকি? ‘হাওয়া’ চলছে স্টার সিনেপ্লেক্সে, টিকিট বুক করি?",0,0,0,0,0,89,14,0,2,2,0,0,36,0,0,0,0,70,0,1.0,0.0,1,0
normal,শুভ দীপাবলী!,Bengali,0,0,শুভ দীপাবলী!,শুভ দীপাবলী!,[],0,0,0,0,0,0,0,0,0,0,0,0,শুভ দীপাবলী!,12,0,0,0,0,0,0,0,0,0,0,0,0,0,0,0,0,0,0,0,0,0,0,শুভ দীপাবলী!,শুভ দীপাবলী!,0,0,0,0,0,12,2,1,0,0,0,0,5,0,0,0,0,10,0,1.0,0.0,1,0
smish,ক্যাসিনোতে বাজি ধরুন এবং ৭ দিনের জন্য একটি ফ্রি ট্রিপ জিতুন! আজই যোগ দিন: smilesvoegol.servebbs.org/voegol.php,Bengali,1,2,ক্যাসিনোতে বাজি ধরুন এবং ৭ দিনের জন্য একটি ফ্রি ট্রিপ জিতুন! আজই যোগ দিন: smilesvoegol.servebbs.org/voegol.php,ক্যাসিনোতে বাজি ধরুন এবং ৭ দিনের জন্য একটি ফ্রি ট্রিপ জিতুন! আজই যোগ দিন: smilesvoegol.servebbs.org/voegol.php,['smilesvoegol.servebbs.org/voegol.php'],1,1,36,36,0,3,0,1,0,0,0,0,ক্যাসিনোতে বাজি ধরুন এবং ৭ দিনের জন্য একটি ফ্রি ট্রিপ জিতুন! আজই যোগ দিন:  [URL] ,81,1,36,36,0,3,0,1,0,0,0,0,1,36,36,0,3,0,1,0,0,0,0,ক্যাসিনোতে বাজি ধরুন এবং ৭ দিনের জন্য একটি ফ্রি ট্রিপ জিতুন! আজই যোগ দিন: smilesvoegol.servebbs.org/voegol.php,ক্যাসিনোতে বাজি ধরুন এবং ৭ দিনের জন্য একটি ফ্রি ট্রিপ জিতুন! আজই যোগ দিন: smilesvoegol.servebbs.org/voegol.php,0,0,1,1,1,110,15,1,0,0,3,1,27,0,0,0,0,58,32,0.6444444444444445,0.35555555555555557,1,1
normal,"তুমি আজকে বাজারে গিয়েছিলে? আমি বিকেলে শাপলা চত্বরের কাছ থেকে সবজি নিয়ে আসবো, চাইলে তোমার জন্যও নিয়ে আসতে পারি।",Bengali,0,0,"তুমি আজকে বাজারে গিয়েছিলে? আমি বিকেলে শাপলা চত্বরের কাছ থেকে সবজি নিয়ে আসবো, চাইলে তোমার জন্যও নিয়ে আসতে পারি।","তুমি আজকে বাজারে গিয়েছিলে? আমি বিকেলে শাপলা চত্বরের কাছ থেকে সবজি নিয়ে আসবো, চাইলে তোমার জন্যও নিয়ে আসতে পারি।",[],0,0,0,0,0,0,0,0,0,0,0,0,"তুমি আজকে বাজারে গিয়েছিলে? আমি বিকেলে শাপলা চত্বরের কাছ থেকে সবজি নিয়ে আসবো, চাইলে তোমার জন্যও নিয়ে আসতে পারি।",113,0,0,0,0,0,0,0,0,0,0,0,0,0,0,0,0,0,0,0,0,0,0,"তুমি আজকে বাজারে গিয়েছিলে? আমি বিকেলে শাপলা চত্বরের কাছ থেকে সবজি নিয়ে আসবো, চাইলে তোমার জন্যও নিয়ে আসতে পারি।","তুমি আজকে বাজারে গিয়েছিলে? আমি বিকেলে শাপলা চত্বরের কাছ থেকে সবজি নিয়ে আসবো, চাইলে তোমার জন্যও নিয়ে আসতে পারি।",0,0,0,0,0,113,19,0,1,1,0,0,41,0,0,0,0,92,0,1.0,0.0,1,0
smish,"➡️আপনি কি অনলাইনে কাজ করতে চান??..আমাদের প্রজেক্টের নাম হলো:Forgsec. io
🆓আমরা টেলিগ্রামে লাইভ ক্লাসের মাধ্যমে ফ্রিতে ১/২টা ক্লাস করিয়ে সম্পুর্ন কাজ শিখিয়ে দিব✅✅ 🔜আমাদের সাইড এ রয়েছে' প্রতিদিন ইংকাম এবং প্রতিমাসে বেতন এর সু-ব্যাবস্থা☑️☑️
সব কিছু জেনে বুঝে প্রমান নিয়ে কাজ করবেন ১০০% রিয়েল কাজ✅",Bengali,0,2,"➡️আপনি কি অনলাইনে কাজ করতে চান??..আমাদের প্রজেক্টের নাম হলো:Forgsec. io
🆓আমরা টেলিগ্রামে লাইভ ক্লাসের মাধ্যমে ফ্রিতে ১/২টা ক্লাস করিয়ে সম্পুর্ন কাজ শিখিয়ে দিব✅✅ 🔜আমাদের সাইড এ রয়েছে' প্রতিদিন ইংকাম এবং প্রতিমাসে বেতন এর সু-ব্যাবস্থা☑️☑️
সব কিছু জেনে বুঝে প্রমান নিয়ে কাজ করবেন ১০০% রিয়েল কাজ✅",➡️আপনি কি অনলাইনে কাজ করতে চান??..আমাদের প্রজেক্টের নাম হলো:Forgsec. io 🆓আমরা টেলিগ্রামে লাইভ ক্লাসের মাধ্যমে ফ্রিতে ১/২টা ক্লাস করিয়ে সম্পুর্ন কাজ শিখিয়ে দিব✅✅ 🔜আমাদের সাইড এ রয়েছে' প্রতিদিন ইংকাম এবং প্রতিমাসে বেতন এর সু-ব্যাবস্থা☑️☑️ সব কিছু জেনে বুঝে প্রমান নিয়ে কাজ করবেন ১০০% রিয়েল কাজ✅,[],0,0,0,0,0,0,0,0,0,0,0,0,➡️আপনি কি অনলাইনে কাজ করতে চান??..আমাদের প্রজেক্টের নাম হলো:Forgsec. io 🆓আমরা টেলিগ্রামে লাইভ ক্লাসের মাধ্যমে ফ্রিতে ১/২টা ক্লাস করিয়ে সম্পুর্ন কাজ শিখিয়ে দিব✅✅ 🔜আমাদের সাইড এ রয়েছে' প্রতিদিন ইংকাম এবং প্রতিমাসে বেতন এর সু-ব্যাবস্থা☑️☑️ সব কিছু জেনে বুঝে প্রমান নিয়ে কাজ করবেন ১০০% রিয়েল কাজ✅,297,0,0,0,0,0,0,0,0,0,0,0,0,0,0,0,0,0,0,0,0,0,0,"➡️আপনি কি অনলাইনে কাজ করতে চান??..আমাদের প্রজেক্টের নাম হলো:Forgsec. io
🆓আমরা টেলিগ্রামে লাইভ ক্লাসের মাধ্যমে ফ্রিতে ১/২টা ক্লাস করিয়ে সম্পুর্ন কাজ শিখিয়ে দিব✅✅ 🔜আমাদের সাইড এ রয়েছে' প্রতিদিন ইংকাম এবং প্রতিমাসে বেতন এর সু-ব্যাবস্থা☑️☑️
সব কিছু জেনে বুঝে প্রমান নিয়ে কাজ করবেন ১০০% রিয়েল কাজ✅",➡️আপনি কি অনলাইনে কাজ করতে চান??..আমাদের প্রজেক্টের নাম হলো:Forgsec. io 🆓আমরা টেলিগ্রামে লাইভ ক্লাসের মাধ্যমে ফ্রিতে ১/২টা ক্লাস করিয়ে সম্পুর্ন কাজ শিখিয়ে দিব✅✅ 🔜আমাদের সাইড এ রয়েছে' প্রতিদিন ইংকাম এবং প্রতিমাসে বেতন এর সু-ব্যাবস্থা☑️☑️ সব কিছু জেনে বুঝে প্রমান নিয়ে কাজ করবেন ১০০% রিয়েল কাজ✅,0,0,5,3,1,297,45,0,2,0,3,1,106,0,0,0,0,223,9,0.9612068965517241,0.03879310344827586,1,1
promo,বিকাশ অ্যাপ এ ২ জুন থেকে 'মাই চ্যালেঞ্জ' আইকন দেখতে না পেলেও বিকাশ এর অফার উপভোগ করে ক্যাশব্যাক পাবেন। বিকাশ অ্যাপ এর সাথেই থাকুন।,Bengali,0,1,বিকাশ অ্যাপ এ ২ জুন থেকে 'মাই চ্যালেঞ্জ' আইকন দেখতে না পেলেও বিকাশ এর অফার উপভোগ করে ক্যাশব্যাক পাবেন। বিকাশ অ্যাপ এর সাথেই থাকুন।,বিকাশ অ্যাপ এ ২ জুন থেকে 'মাই চ্যালেঞ্জ' আইকন দেখতে না পেলেও বিকাশ এর অফার উপভোগ করে ক্যাশব্যাক পাবেন। বিকাশ অ্যাপ এর সাথেই থাকুন।,[],0,0,0,0,0,0,0,0,0,0,0,0,বিকাশ অ্যাপ এ ২ জুন থেকে 'মাই চ্যালেঞ্জ' আইকন দেখতে না পেলেও বিকাশ এর অফার উপভোগ করে ক্যাশব্যাক পাবেন। বিকাশ অ্যাপ এর সাথেই থাকুন।,130,0,0,0,0,0,0,0,0,0,0,0,0,0,0,0,0,0,0,0,0,0,0,বিকাশ অ্যাপ এ ২ জুন থেকে 'মাই চ্যালেঞ্জ' আইকন দেখতে না পেলেও বিকাশ এর অফার উপভোগ করে ক্যাশব্যাক পাবেন। বিকাশ অ্যাপ এর সাথেই থাকুন।,বিকাশ অ্যাপ এ ২ জুন থেকে 'মাই চ্যালেঞ্জ' আইকন দেখতে না পেলেও বিকাশ এর অফার উপভোগ করে ক্যাশব্যাক পাবেন। বিকাশ অ্যাপ এর সাথেই থাকুন।,0,0,1,1,1,130,24,0,0,0,0,0,40,0,0,0,0,103,0,1.0,0.0,1,0
promo,"৪৫৳ ক্যাশব্যাক! ৩১জিবি+৫০০মি.@৪৫৪৳ ৩০দিন, নিয়ে নাও: cutt.ly/qwWTAUku",Bengali,1,1,"৪৫৳ ক্যাশব্যাক! ৩১জিবি+৫০০মি.@৪৫৪৳ ৩০দিন, নিয়ে নাও: cutt.ly/qwWTAUku","৪৫৳ ক্যাশব্যাক! ৩১জিবি+৫০০মি.@৪৫৪৳ ৩০দিন, নিয়ে নাও: cutt.ly/qwWTAUku",['cutt.ly/qwWTAUku'],1,1,16,16,0,1,0,1,0,0,0,1,"৪৫৳ ক্যাশব্যাক! ৩১জিবি+৫০০মি.@৪৫৪৳ ৩০দিন, নিয়ে নাও:  [URL] ",60,1,16,16,0,1,0,1,0,0,0,1,1,16,16,0,1,0,1,0,0,0,1,"৪৫৳ ক্যাশব্যাক! ৩১জিবি+৫০০মি.@৪৫৪৳ ৩০দিন, নিয়ে নাও: cutt.ly/qwWTAUku","৪৫৳ ক্যাশব্যাক! ৩১জিবি+৫০০মি.@৪৫৪৳ ৩০দিন, নিয়ে নাও: cutt.ly/qwWTAUku",0,0,12,5,1,69,7,1,0,1,2,1,22,2,1,0,0,41,14,0.7454545454545455,0.2545454545454545,1,1
normal,শুভ ঈদ-উল-ফিতর!,Bengali,0,0,শুভ ঈদ-উল-ফিতর!,শুভ ঈদ-উল-ফিতর!,[],0,0,0,0,0,0,0,0,0,0,0,0,শুভ ঈদ-উল-ফিতর!,15,0,0,0,0,0,0,0,0,0,0,0,0,0,0,0,0,0,0,0,0,0,0,শুভ ঈদ-উল-ফিতর!,শুভ ঈদ-উল-ফিতর!,0,0,0,0,0,15,2,1,0,0,0,0,5,0,0,0,0,11,0,1.0,0.0,1,0
smish,DXN মাল্টিনেশনাল কোম্পানি দিচ্ছে ভাতাসহ উচ্চবেতনে চাকরির সুযোগ। জরুরি যোগাযোগ করুন ০১৭৯৩২৫১০০২,Bengali,0,2,DXN মাল্টিনেশনাল কোম্পানি দিচ্ছে ভাতাসহ উচ্চবেতনে চাকরির সুযোগ। জরুরি যোগাযোগ করুন ০১৭৯৩২৫১০০২,DXN মাল্টিনেশনাল কোম্পানি দিচ্ছে ভাতাসহ উচ্চবেতনে চাকরির সুযোগ। জরুরি যোগাযোগ করুন ০১৭৯৩২৫১০০২,[],0,0,0,0,0,0,0,0,0,0,0,0,DXN মাল্টিনেশনাল কোম্পানি দিচ্ছে ভাতাসহ উচ্চবেতনে চাকরির সুযোগ। জরুরি যোগাযোগ করুন ০১৭৯৩২৫১০০২,94,0,0,0,0,0,0,0,0,0,0,0,0,0,0,0,0,0,0,0,0,0,0,DXN মাল্টিনেশনাল কোম্পানি দিচ্ছে ভাতাসহ উচ্চবেতনে চাকরির সুযোগ। জরুরি যোগাযোগ করুন ০১৭৯৩২৫১০০২,DXN মাল্টিনেশনাল কোম্পানি দিচ্ছে ভাতাসহ উচ্চবেতনে চাকরির সুযোগ। জরুরি যোগাযোগ করুন ০১৭৯৩২৫১০০২,0,0,11,1,1,94,12,0,0,0,0,0,28,0,0,0,0,79,3,0.9634146341463414,0.036585365853658534,1,1
normal,"আপনার পেমেন্ট বাকি রয়েছে, ০১৭২৮২৭৩৮১৯ টাকা পাঠান।",Bengali,0,0,"আপনার পেমেন্ট বাকি রয়েছে, ০১৭২৮২৭৩৮১৯ টাকা পাঠান।","আপনার পেমেন্ট বাকি রয়েছে, ০১৭২৮২৭৩৮১৯ টাকা পাঠান।",[],0,0,0,0,0,0,0,0,0,0,0,0,"আপনার পেমেন্ট বাকি রয়েছে, ০১৭২৮২৭৩৮১৯ টাকা পাঠান।",50,0,0,0,0,0,0,0,0,0,0,0,0,0,0,0,0,0,0,0,0,0,0,"আপনার পেমেন্ট বাকি রয়েছে, ০১৭২৮২৭৩৮১৯ টাকা পাঠান।","আপনার পেমেন্ট বাকি রয়েছে, ০১৭২৮২৭৩৮১৯ টাকা পাঠান।",0,0,11,1,1,50,7,0,0,1,0,0,15,1,1,0,0,42,0,1.0,0.0,1,0
promo,এয়ারটেলে বিশেষ প্যাকেজ! ৩০দিন আনলিমিটেড ইন্টারনেট মাত্র ৫৯৯ টাকা।,Bengali,0,1,এয়ারটেলে বিশেষ প্যাকেজ! ৩০দিন আনলিমিটেড ইন্টারনেট মাত্র ৫৯৯ টাকা।,এয়ারটেলে বিশেষ প্যাকেজ! ৩০দিন আনলিমিটেড ইন্টারনেট মাত্র ৫৯৯ টাকা।,[],0,0,0,0,0,0,0,0,0,0,0,0,এয়ারটেলে বিশেষ প্যাকেজ! ৩০দিন আনলিমিটেড ইন্টারনেট মাত্র ৫৯৯ টাকা।,66,0,0,0,0,0,0,0,0,0,0,0,0,0,0,0,0,0,0,0,0,0,0,এয়ারটেলে বিশেষ প্যাকেজ! ৩০দিন আনলিমিটেড ইন্টারনেট মাত্র ৫৯৯ টাকা।,এয়ারটেলে বিশেষ প্যাকেজ! ৩০দিন আনলিমিটেড ইন্টারনেট মাত্র ৫৯৯ টাকা।,0,0,5,2,1,66,9,1,0,0,0,0,22,1,1,0,0,56,0,1.0,0.0,1,0
smish,আপনার পাসওয়ার্ডটি অবিলম্বে রিসেট করুন। এখানে ক্লিক করুন: [passwordreset.org/ResetBD],Bengali,1,2,আপনার পাসওয়ার্ডটি অবিলম্বে রিসেট করুন। এখানে ক্লিক করুন: [passwordreset.org/ResetBD],আপনার পাসওয়ার্ডটি অবিলম্বে রিসেট করুন। এখানে ক্লিক করুন: [passwordreset.org/ResetBD],['passwordreset.org/ResetBD'],1,1,25,25,0,1,0,1,0,0,0,0,আপনার পাসওয়ার্ডটি অবিলম্বে রিসেট করুন। এখানে ক্লিক করুন: [ [URL] ],67,1,25,25,0,1,0,1,0,0,0,0,1,25,25,0,1,0,1,0,0,0,0,আপনার পাসওয়ার্ডটি অবিলম্বে রিসেট করুন। এখানে ক্লিক করুন: [passwordreset.org/ResetBD],আপনার পাসওয়ার্ডটি অবিলম্বে রিসেট করুন। এখানে ক্লিক করুন: [passwordreset.org/ResetBD],0,0,0,0,0,85,9,0,0,0,1,1,23,0,0,2,1,48,23,0.676056338028169,0.323943661971831,1,1
normal,কেমন আছে আপনার দিনটি?,Bengali,0,0,কেমন আছে আপনার দিনটি?,কেমন আছে আপনার দিনটি?,[],0,0,0,0,0,0,0,0,0,0,0,0,কেমন আছে আপনার দিনটি?,21,0,0,0,0,0,0,0,0,0,0,0,0,0,0,0,0,0,0,0,0,0,0,কেমন আছে আপনার দিনটি?,কেমন আছে আপনার দিনটি?,0,0,0,0,0,21,4,0,1,0,0,0,6,0,0,0,0,17,0,1.0,0.0,1,0
normal,আজকে মা পায়েস বানিয়েছে। চাইলে তুমি এসে খেয়ে যেতে পারো।,Bengali,0,0,আজকে মা পায়েস বানিয়েছে। চাইলে তুমি এসে খেয়ে যেতে পারো।,আজকে মা পায়েস বানিয়েছে। চাইলে তুমি এসে খেয়ে যেতে পারো।,[],0,0,0,0,0,0,0,0,0,0,0,0,আজকে মা পায়েস বানিয়েছে। চাইলে তুমি এসে খেয়ে যেতে পারো।,57,0,0,0,0,0,0,0,0,0,0,0,0,0,0,0,0,0,0,0,0,0,0,আজকে মা পায়েস বানিয়েছে। চাইলে তুমি এসে খেয়ে যেতে পারো।,আজকে মা পায়েস বানিয়েছে। চাইলে তুমি এসে খেয়ে যেতে পারো।,0,0,0,0,0,57,10,0,0,0,0,0,24,0,0,0,0,46,0,1.0,0.0,1,0
smish,আপনার একাউন্ট সুরক্ষিত নয়। ৪০০০ টাকা পাঠান এই নাম্বারে: ০১৭৮৯৭৬৫৪৩২১।,Bengali,0,2,আপনার একাউন্ট সুরক্ষিত নয়। ৪০০০ টাকা পাঠান এই নাম্বারে: ০১৭৮৯৭৬৫৪৩২১।,আপনার একাউন্ট সুরক্ষিত নয়। ৪০০০ টাকা পাঠান এই নাম্বারে: ০১৭৮৯৭৬৫৪৩২১।,[],0,0,0,0,0,0,0,0,0,0,0,0,আপনার একাউন্ট সুরক্ষিত নয়। ৪০০০ টাকা পাঠান এই নাম্বারে: ০১৭৮৯৭৬৫৪৩২১।,70,0,0,0,0,0,0,0,0,0,0,0,0,0,0,0,0,0,0,0,0,0,0,আপনার একাউন্ট সুরক্ষিত নয়। ৪০০০ টাকা পাঠান এই নাম্বারে: ০১৭৮৯৭৬৫৪৩২১।,আপনার একাউন্ট সুরক্ষিত নয়। ৪০০০ টাকা পাঠান এই নাম্বারে: ০১৭৮৯৭৬৫৪৩২১।,0,0,16,2,1,70,10,0,0,0,0,1,18,1,1,0,0,58,0,1.0,0.0,1,0
promo,ডিজিটাল গ্যাজেটের উপর ১৫% ডিসকাউন্ট! আজই কেনাকাটা করুন এবং বোনাস পান।,Bengali,0,1,ডিজিটাল গ্যাজেটের উপর ১৫% ডিসকাউন্ট! আজই কেনাকাটা করুন এবং বোনাস পান।,ডিজিটাল গ্যাজেটের উপর ১৫% ডিসকাউন্ট! আজই কেনাকাটা করুন এবং বোনাস পান।,[],0,0,0,0,0,0,0,0,0,0,0,0,ডিজিটাল গ্যাজেটের উপর ১৫% ডিসকাউন্ট! আজই কেনাকাটা করুন এবং বোনাস পান।,69,0,0,0,0,0,0,0,0,0,0,0,0,0,0,0,0,0,0,0,0,0,0,ডিজিটাল গ্যাজেটের উপর ১৫% ডিসকাউন্ট! আজই কেনাকাটা করুন এবং বোনাস পান।,ডিজিটাল গ্যাজেটের উপর ১৫% ডিসকাউন্ট! আজই কেনাকাটা করুন এবং বোনাস পান।,0,0,2,1,1,69,11,1,0,0,0,0,22,0,0,0,0,56,0,1.0,0.0,1,0
normal,"আমি ঠিক আছি, আপনি কেমন আছেন?",Bengali,0,0,"আমি ঠিক আছি, আপনি কেমন আছেন?","আমি ঠিক আছি, আপনি কেমন আছেন?",[],0,0,0,0,0,0,0,0,0,0,0,0,"আমি ঠিক আছি, আপনি কেমন আছেন?",28,0,0,0,0,0,0,0,0,0,0,0,0,0,0,0,0,0,0,0,0,0,0,"আমি ঠিক আছি, আপনি কেমন আছেন?","আমি ঠিক আছি, আপনি কেমন আছেন?",0,0,0,0,0,28,6,0,1,1,0,0,8,0,0,0,0,21,0,1.0,0.0,1,0
promo,"মে-২৪
রিচার্জ:0৳
খরচ:
ডেটা:287৳
ভয়েস:101৳
অন্যান্য:0৳",Bengali,0,1,"মে-২৪
রিচার্জ:0৳
খরচ:
ডেটা:287৳
ভয়েস:101৳
অন্যান্য:0৳",মে-২৪ রিচার্জ:0৳ খরচ: ডেটা:287৳ ভয়েস:101৳ অন্যান্য:0৳,[],0,0,0,0,0,0,0,0,0,0,0,0,মে-২৪ রিচার্জ:0৳ খরচ: ডেটা:287৳ ভয়েস:101৳ অন্যান্য:0৳,54,0,0,0,0,0,0,0,0,0,0,0,0,0,0,0,0,0,0,0,0,0,0,"মে-২৪
রিচার্জ:0৳
খরচ:
ডেটা:287৳
ভয়েস:101৳
অন্যান্য:0৳",মে-২৪ রিচার্জ:0৳ খরচ: ডেটা:287৳ ভয়েস:101৳ অন্যান্য:0৳,0,0,10,5,1,54,6,0,0,0,0,5,21,4,1,0,0,35,0,1.0,0.0,1,0
smish,শাকিবের সই করা বল জিততে ক্রিকেটে বাজি ধরুন! ক্লিক করুন: xini.eu/00Qe,Bengali,1,2,শাকিবের সই করা বল জিততে ক্রিকেটে বাজি ধরুন! ক্লিক করুন: xini.eu/00Qe,শাকিবের সই করা বল জিততে ক্রিকেটে বাজি ধরুন! ক্লিক করুন: xini.eu/00Qe,['xini.eu/00Qe'],1,1,12,12,2,1,0,1,0,0,0,0,শাকিবের সই করা বল জিততে ক্রিকেটে বাজি ধরুন! ক্লিক করুন:  [URL] ,63,1,12,12,2,1,0,1,0,0,0,0,1,12,12,2,1,0,1,0,0,0,0,শাকিবের সই করা বল জিততে ক্রিকেটে বাজি ধরুন! ক্লিক করুন: xini.eu/00Qe,শাকিবের সই করা বল জিততে ক্রিকেটে বাজি ধরুন! ক্লিক করুন: xini.eu/00Qe,0,0,2,1,1,68,11,1,0,0,1,1,20,0,0,0,0,44,8,0.8461538461538461,0.15384615384615385,1,1
normal,"আজ বিশেষ দিন, আমি বাড়িতে বসে আছি।",Bengali,0,0,"আজ বিশেষ দিন, আমি বাড়িতে বসে আছি।","আজ বিশেষ দিন, আমি বাড়িতে বসে আছি।",[],0,0,0,0,0,0,0,0,0,0,0,0,"আজ বিশেষ দিন, আমি বাড়িতে বসে আছি।",34,0,0,0,0,0,0,0,0,0,0,0,0,0,0,0,0,0,0,0,0,0,0,"আজ বিশেষ দিন, আমি বাড়িতে বসে আছি।","আজ বিশেষ দিন, আমি বাড়িতে বসে আছি।",0,0,0,0,0,34,7,0,0,1,0,0,12,0,0,0,0,26,0,1.0,0.0,1,0
smish,"""শুভেচ্ছা, আপনি একটি বিশেষ ডিসকাউন্ট কুপন পেয়েছেন! বিস্তারিত জানতে এখানে ক্লিক করুন: www.face3b00kwebsite.com""",Bengali,1,2,"""শুভেচ্ছা, আপনি একটি বিশেষ ডিসকাউন্ট কুপন পেয়েছেন! বিস্তারিত জানতে এখানে ক্লিক করুন: www.face3b00kwebsite.com""","""শুভেচ্ছা, আপনি একটি বিশেষ ডিসকাউন্ট কুপন পেয়েছেন! বিস্তারিত জানতে এখানে ক্লিক করুন: www.face3b00kwebsite.com""","['www.', 'face3b00kwebsite.com']",2,2,24,20,3,2,0,0,0,0,0,0,"""শুভেচ্ছা, আপনি একটি বিশেষ ডিসকাউন্ট কুপন পেয়েছেন! বিস্তারিত জানতে এখানে ক্লিক করুন:  [URL]  [URL] """,101,2,24,20,3,2,0,0,0,0,0,0,2,24,20,3,2,0,0,0,0,0,0,"""শুভেচ্ছা, আপনি একটি বিশেষ ডিসকাউন্ট কুপন পেয়েছেন! বিস্তারিত জানতে এখানে ক্লিক করুন: www.face3b00kwebsite.com""","""শুভেচ্ছা, আপনি একটি বিশেষ ডিসকাউন্ট কুপন পেয়েছেন! বিস্তারিত জানতে এখানে ক্লিক করুন: www.face3b00kwebsite.com""",0,0,3,2,1,111,13,1,0,1,2,1,34,0,0,0,0,70,19,0.7865168539325843,0.21348314606741572,1,1
smish,লটারি বিজয়ী! আপনি ১৫ লক্ষ টাকা জিতেছেন। কালেক্ট: collect-prize.ga,Bengali,1,2,লটারি বিজয়ী! আপনি ১৫ লক্ষ টাকা জিতেছেন। কালেক্ট: collect-prize.ga,লটারি বিজয়ী! আপনি ১৫ লক্ষ টাকা জিতেছেন। কালেক্ট: collect-prize.ga,['collect-prize.ga'],1,1,16,16,0,1,1,0,0,0,0,0,লটারি বিজয়ী! আপনি ১৫ লক্ষ টাকা জিতেছেন। কালেক্ট:  [URL] ,57,1,16,16,0,1,1,0,0,0,0,0,1,16,16,0,1,1,0,0,0,0,0,লটারি বিজয়ী! আপনি ১৫ লক্ষ টাকা জিতেছেন। কালেক্ট: collect-prize.ga,লটারি বিজয়ী! আপনি ১৫ লক্ষ টাকা জিতেছেন। কালেক্ট: collect-prize.ga,0,0,2,1,1,66,9,1,0,0,1,1,20,1,1,0,0,39,14,0.7358490566037735,0.2641509433962264,1,1
smish,"DBBL কার্ড হোল্ডার, আপনার পাসওয়ার্ড ফাঁস হয়েছে। এখনই reset-dbblsafe.org এ গিয়ে পরিবর্তন করুন।",Bengali,1,2,"DBBL কার্ড হোল্ডার, আপনার পাসওয়ার্ড ফাঁস হয়েছে। এখনই reset-dbblsafe.org এ গিয়ে পরিবর্তন করুন।","DBBL কার্ড হোল্ডার, আপনার পাসওয়ার্ড ফাঁস হয়েছে। এখনই reset-dbblsafe.org এ গিয়ে পরিবর্তন করুন।",['reset-dbblsafe.org'],1,1,18,18,0,1,1,0,0,0,0,0,"DBBL কার্ড হোল্ডার, আপনার পাসওয়ার্ড ফাঁস হয়েছে। এখনই  [URL]  এ গিয়ে পরিবর্তন করুন।",85,1,18,18,0,1,1,0,0,0,0,0,1,18,18,0,1,1,0,0,0,0,0,"DBBL কার্ড হোল্ডার, আপনার পাসওয়ার্ড ফাঁস হয়েছে। এখনই reset-dbblsafe.org এ গিয়ে পরিবর্তন করুন।","DBBL কার্ড হোল্ডার, আপনার পাসওয়ার্ড ফাঁস হয়েছে। এখনই reset-dbblsafe.org এ গিয়ে পরিবর্তন করুন।",0,0,0,0,0,96,13,0,0,1,1,0,26,0,0,1,1,59,20,0.7468354430379747,0.25316455696202533,1,1
normal,"কাল রাতে নতুন সিনেমাটা দেখলাম। গল্পটা দারুণ ছিল, একেবারে মন ছুঁয়ে গেছে। আবার দেখতে ইচ্ছে করছে।",Bengali,0,0,"কাল রাতে নতুন সিনেমাটা দেখলাম। গল্পটা দারুণ ছিল, একেবারে মন ছুঁয়ে গেছে। আবার দেখতে ইচ্ছে করছে।","কাল রাতে নতুন সিনেমাটা দেখলাম। গল্পটা দারুণ ছিল, একেবারে মন ছুঁয়ে গেছে। আবার দেখতে ইচ্ছে করছে।",[],0,0,0,0,0,0,0,0,0,0,0,0,"কাল রাতে নতুন সিনেমাটা দেখলাম। গল্পটা দারুণ ছিল, একেবারে মন ছুঁয়ে গেছে। আবার দেখতে ইচ্ছে করছে।",95,0,0,0,0,0,0,0,0,0,0,0,0,0,0,0,0,0,0,0,0,0,0,"কাল রাতে নতুন সিনেমাটা দেখলাম। গল্পটা দারুণ ছিল, একেবারে মন ছুঁয়ে গেছে। আবার দেখতে ইচ্ছে করছে।","কাল রাতে নতুন সিনেমাটা দেখলাম। গল্পটা দারুণ ছিল, একেবারে মন ছুঁয়ে গেছে। আবার দেখতে ইচ্ছে করছে।",0,0,0,0,0,95,16,0,0,1,0,0,34,0,0,0,0,76,0,1.0,0.0,1,0
smish,আপনার ব্যাংক অ্যাকাউন্টে ১ কোটি টাকা জমা হয়েছে! নিশ্চিত করতে কল করুন: +8801914344456,Bengali,0,2,আপনার ব্যাংক অ্যাকাউন্টে ১ কোটি টাকা জমা হয়েছে! নিশ্চিত করতে কল করুন: +8801914344456,আপনার ব্যাংক অ্যাকাউন্টে ১ কোটি টাকা জমা হয়েছে! নিশ্চিত করতে কল করুন: +8801914344456,[],0,0,0,0,0,0,0,0,0,0,0,0,আপনার ব্যাংক অ্যাকাউন্টে ১ কোটি টাকা জমা হয়েছে! নিশ্চিত করতে কল করুন: +8801914344456,85,0,0,0,0,0,0,0,0,0,0,0,0,0,0,0,0,0,0,0,0,0,0,আপনার ব্যাংক অ্যাকাউন্টে ১ কোটি টাকা জমা হয়েছে! নিশ্চিত করতে কল করুন: +8801914344456,আপনার ব্যাংক অ্যাকাউন্টে ১ কোটি টাকা জমা হয়েছে! নিশ্চিত করতে কল করুন: +8801914344456,1,1,14,2,1,85,13,1,0,0,0,1,25,1,1,1,1,57,0,1.0,0.0,1,0
normal,তুমি কি কাল সকালে ফ্রি আছো? হাঁটতে যেতে চাই।,Bengali,0,0,তুমি কি কাল সকালে ফ্রি আছো? হাঁটতে যেতে চাই।,তুমি কি কাল সকালে ফ্রি আছো? হাঁটতে যেতে চাই।,[],0,0,0,0,0,0,0,0,0,0,0,0,তুমি কি কাল সকালে ফ্রি আছো? হাঁটতে যেতে চাই।,44,0,0,0,0,0,0,0,0,0,0,0,0,0,0,0,0,0,0,0,0,0,0,তুমি কি কাল সকালে ফ্রি আছো? হাঁটতে যেতে চাই।,তুমি কি কাল সকালে ফ্রি আছো? হাঁটতে যেতে চাই।,0,0,0,0,0,44,9,0,1,0,0,0,17,0,0,0,0,34,0,1.0,0.0,1,0
promo,"৳৮০ ক্যাশব্যাকে বেশি বেশি ডাটা ৩০জিবি@৳৩১৯, ৩০দিন cutt.ly/aw59tNYD",Bengali,1,1,"৳৮০ ক্যাশব্যাকে বেশি বেশি ডাটা ৩০জিবি@৳৩১৯, ৩০দিন cutt.ly/aw59tNYD","৳৮০ ক্যাশব্যাকে বেশি বেশি ডাটা ৩০জিবি@৳৩১৯, ৩০দিন cutt.ly/aw59tNYD",['cutt.ly/aw59tNYD'],1,1,16,16,2,1,0,1,0,0,0,1,"৳৮০ ক্যাশব্যাকে বেশি বেশি ডাটা ৩০জিবি@৳৩১৯, ৩০দিন  [URL] ",57,1,16,16,2,1,0,1,0,0,0,1,1,16,16,2,1,0,1,0,0,0,1,"৳৮০ ক্যাশব্যাকে বেশি বেশি ডাটা ৩০জিবি@৳৩১৯, ৩০দিন cutt.ly/aw59tNYD","৳৮০ ক্যাশব্যাকে বেশি বেশি ডাটা ৩০জিবি@৳৩১৯, ৩০দিন cutt.ly/aw59tNYD",0,0,11,5,1,66,8,0,0,1,1,0,20,2,1,0,0,41,12,0.7735849056603774,0.22641509433962265,1,1
promo,"Daraz Fashion Week শুরু হয়েছে! শার্ট, প্যান্ট, শাড়ি আর অ্যাকসেসরিজে সর্বোচ্চ ৬০% ছাড়। কোড ব্যবহার করুন FASHION60। সীমিত সময়ের জন্য।",Bengali,0,1,"Daraz Fashion Week শুরু হয়েছে! শার্ট, প্যান্ট, শাড়ি আর অ্যাকসেসরিজে সর্বোচ্চ ৬০% ছাড়। কোড ব্যবহার করুন FASHION60। সীমিত সময়ের জন্য।","Daraz Fashion Week শুরু হয়েছে! শার্ট, প্যান্ট, শাড়ি আর অ্যাকসেসরিজে সর্বোচ্চ ৬০% ছাড়। কোড ব্যবহার করুন FASHION60। সীমিত সময়ের জন্য।",[],0,0,0,0,0,0,0,0,0,0,0,0,"Daraz Fashion Week শুরু হয়েছে! শার্ট, প্যান্ট, শাড়ি আর অ্যাকসেসরিজে সর্বোচ্চ ৬০% ছাড়। কোড ব্যবহার করুন FASHION60। সীমিত সময়ের জন্য।",135,0,0,0,0,0,0,0,0,0,0,0,0,0,0,0,0,0,0,0,0,0,0,"Daraz Fashion Week শুরু হয়েছে! শার্ট, প্যান্ট, শাড়ি আর অ্যাকসেসরিজে সর্বোচ্চ ৬০% ছাড়। কোড ব্যবহার করুন FASHION60। সীমিত সময়ের জন্য।","Daraz Fashion Week শুরু হয়েছে! শার্ট, প্যান্ট, শাড়ি আর অ্যাকসেসরিজে সর্বোচ্চ ৬০% ছাড়। কোড ব্যবহার করুন FASHION60। সীমিত সময়ের জন্য।",0,0,4,2,1,135,20,1,0,2,0,0,39,0,0,0,0,84,23,0.7850467289719626,0.21495327102803738,1,1
normal,"গত সপ্তাহে নতুন একটা বই কিনেছিলাম। নামটা দারুণ ইন্টারেস্টিং, পড়া শুরু করতেই গল্পে ডুবে গেছি। কালকে শেষ করার চেষ্টা করবো।",Bengali,0,0,"গত সপ্তাহে নতুন একটা বই কিনেছিলাম। নামটা দারুণ ইন্টারেস্টিং, পড়া শুরু করতেই গল্পে ডুবে গেছি। কালকে শেষ করার চেষ্টা করবো।","গত সপ্তাহে নতুন একটা বই কিনেছিলাম। নামটা দারুণ ইন্টারেস্টিং, পড়া শুরু করতেই গল্পে ডুবে গেছি। কালকে শেষ করার চেষ্টা করবো।",[],0,0,0,0,0,0,0,0,0,0,0,0,"গত সপ্তাহে নতুন একটা বই কিনেছিলাম। নামটা দারুণ ইন্টারেস্টিং, পড়া শুরু করতেই গল্পে ডুবে গেছি। কালকে শেষ করার চেষ্টা করবো।",121,0,0,0,0,0,0,0,0,0,0,0,0,0,0,0,0,0,0,0,0,0,0,"গত সপ্তাহে নতুন একটা বই কিনেছিলাম। নামটা দারুণ ইন্টারেস্টিং, পড়া শুরু করতেই গল্পে ডুবে গেছি। কালকে শেষ করার চেষ্টা করবো।","গত সপ্তাহে নতুন একটা বই কিনেছিলাম। নামটা দারুণ ইন্টারেস্টিং, পড়া শুরু করতেই গল্পে ডুবে গেছি। কালকে শেষ করার চেষ্টা করবো।",0,0,0,0,0,121,20,0,0,1,0,0,42,0,0,0,0,98,0,1.0,0.0,1,0
smish,"ইংলিশ প্রিমিয়ার লিগে বাজি ধরুন এবং ৫০,০০০ টাকা জিতুন। শুরু করুন: phlebolog.com.ua/libraries/joomla/results.php",Bengali,1,2,"ইংলিশ প্রিমিয়ার লিগে বাজি ধরুন এবং ৫০,০০০ টাকা জিতুন। শুরু করুন: phlebolog.com.ua/libraries/joomla/results.php","ইংলিশ প্রিমিয়ার লিগে বাজি ধরুন এবং ৫০,০০০ টাকা জিতুন। শুরু করুন: phlebolog.com.ua/libraries/joomla/results.php",['phlebolog.com.ua/libraries/joomla/results.php'],1,1,45,45,0,3,0,3,0,0,0,0,"ইংলিশ প্রিমিয়ার লিগে বাজি ধরুন এবং ৫০,০০০ টাকা জিতুন। শুরু করুন:  [URL] ",73,1,45,45,0,3,0,3,0,0,0,0,1,45,45,0,3,0,3,0,0,0,0,"ইংলিশ প্রিমিয়ার লিগে বাজি ধরুন এবং ৫০,০০০ টাকা জিতুন। শুরু করুন: phlebolog.com.ua/libraries/joomla/results.php","ইংলিশ প্রিমিয়ার লিগে বাজি ধরুন এবং ৫০,০০০ টাকা জিতুন। শুরু করুন: phlebolog.com.ua/libraries/joomla/results.php",0,0,5,1,1,111,12,0,0,1,3,1,29,1,1,0,0,52,39,0.5714285714285714,0.42857142857142855,1,1
promo,"ইন্টারনেটিংয়ে পকেট সেভিং, নাও ২জিবি@৳৬৯, ৭দিন: cutt.ly/CwUPKGTR",Bengali,1,1,"ইন্টারনেটিংয়ে পকেট সেভিং, নাও ২জিবি@৳৬৯, ৭দিন: cutt.ly/CwUPKGTR","ইন্টারনেটিংয়ে পকেট সেভিং, নাও ২জিবি@৳৬৯, ৭দিন: cutt.ly/CwUPKGTR",['cutt.ly/CwUPKGTR'],1,1,16,16,0,1,0,1,0,0,0,1,"ইন্টারনেটিংয়ে পকেট সেভিং, নাও ২জিবি@৳৬৯, ৭দিন:  [URL] ",55,1,16,16,0,1,0,1,0,0,0,1,1,16,16,0,1,0,1,0,0,0,1,"ইন্টারনেটিংয়ে পকেট সেভিং, নাও ২জিবি@৳৬৯, ৭দিন: cutt.ly/CwUPKGTR","ইন্টারনেটিংয়ে পকেট সেভিং, নাও ২জিবি@৳৬৯, ৭দিন: cutt.ly/CwUPKGTR",0,0,4,3,1,64,7,0,0,2,1,1,22,1,1,0,0,38,14,0.7307692307692307,0.2692307692307692,1,1
smish,"আপনার কার্ড থেকে আজ ১৫,০০০ টাকা কেটে গেছে। এটি রোধ করতে cancel-dbbl.org ভিজিট করুন।",Bengali,1,2,"আপনার কার্ড থেকে আজ ১৫,০০০ টাকা কেটে গেছে। এটি রোধ করতে cancel-dbbl.org ভিজিট করুন।","আপনার কার্ড থেকে আজ ১৫,০০০ টাকা কেটে গেছে। এটি রোধ করতে cancel-dbbl.org ভিজিট করুন।",['cancel-dbbl.org'],1,1,15,15,0,1,1,0,0,0,0,0,"আপনার কার্ড থেকে আজ ১৫,০০০ টাকা কেটে গেছে। এটি রোধ করতে  [URL]  ভিজিট করুন।",75,1,15,15,0,1,1,0,0,0,0,0,1,15,15,0,1,1,0,0,0,0,0,"আপনার কার্ড থেকে আজ ১৫,০০০ টাকা কেটে গেছে। এটি রোধ করতে cancel-dbbl.org ভিজিট করুন।","আপনার কার্ড থেকে আজ ১৫,০০০ টাকা কেটে গেছে। এটি রোধ করতে cancel-dbbl.org ভিজিট করুন।",0,0,5,1,1,83,14,0,0,1,1,0,22,1,1,0,0,52,13,0.8,0.2,1,1
promo,"Daraz Electronics Fair চলছে! ল্যাপটপ, হেডফোন আর টিভি কিনুন সর্বোচ্চ ৪০% ডিসকাউন্টে। অফার শেষ হবে ৩ দিনের মধ্যে।",Bengali,0,1,"Daraz Electronics Fair চলছে! ল্যাপটপ, হেডফোন আর টিভি কিনুন সর্বোচ্চ ৪০% ডিসকাউন্টে। অফার শেষ হবে ৩ দিনের মধ্যে।","Daraz Electronics Fair চলছে! ল্যাপটপ, হেডফোন আর টিভি কিনুন সর্বোচ্চ ৪০% ডিসকাউন্টে। অফার শেষ হবে ৩ দিনের মধ্যে।",[],0,0,0,0,0,0,0,0,0,0,0,0,"Daraz Electronics Fair চলছে! ল্যাপটপ, হেডফোন আর টিভি কিনুন সর্বোচ্চ ৪০% ডিসকাউন্টে। অফার শেষ হবে ৩ দিনের মধ্যে।",111,0,0,0,0,0,0,0,0,0,0,0,0,0,0,0,0,0,0,0,0,0,0,"Daraz Electronics Fair চলছে! ল্যাপটপ, হেডফোন আর টিভি কিনুন সর্বোচ্চ ৪০% ডিসকাউন্টে। অফার শেষ হবে ৩ দিনের মধ্যে।","Daraz Electronics Fair চলছে! ল্যাপটপ, হেডফোন আর টিভি কিনুন সর্বোচ্চ ৪০% ডিসকাউন্টে। অফার শেষ হবে ৩ দিনের মধ্যে।",0,0,3,2,1,111,18,1,0,1,0,0,28,0,0,0,0,69,20,0.7752808988764045,0.2247191011235955,1,1
smish,শাকিব আল হাসানের সাথে ফ্রি ম্যাচ টিকিট জিততে আজই আইপিএলে বাজি ধরুন। যোগ দিন: ebayisapidlld.altervista.org/,Bengali,1,2,শাকিব আল হাসানের সাথে ফ্রি ম্যাচ টিকিট জিততে আজই আইপিএলে বাজি ধরুন। যোগ দিন: ebayisapidlld.altervista.org/,শাকিব আল হাসানের সাথে ফ্রি ম্যাচ টিকিট জিততে আজই আইপিএলে বাজি ধরুন। যোগ দিন: ebayisapidlld.altervista.org/,['ebayisapidlld.altervista.org/'],1,1,29,29,0,2,0,1,0,0,0,0,শাকিব আল হাসানের সাথে ফ্রি ম্যাচ টিকিট জিততে আজই আইপিএলে বাজি ধরুন। যোগ দিন:  [URL] ,84,1,29,29,0,2,0,1,0,0,0,0,1,29,29,0,2,0,1,0,0,0,0,শাকিব আল হাসানের সাথে ফ্রি ম্যাচ টিকিট জিততে আজই আইপিএলে বাজি ধরুন। যোগ দিন: ebayisapidlld.altervista.org/,শাকিব আল হাসানের সাথে ফ্রি ম্যাচ টিকিট জিততে আজই আইপিএলে বাজি ধরুন। যোগ দিন: ebayisapidlld.altervista.org/,0,0,0,0,0,106,15,0,0,0,2,1,27,0,0,0,0,61,26,0.7011494252873564,0.2988505747126437,1,1
promo,Banglalink Game Portal এ সাবস্ক্রিপশন প্রথম সপ্তাহ ফ্রি। গেম খেলুন সীমাহীন।,Bengali,0,1,Banglalink Game Portal এ সাবস্ক্রিপশন প্রথম সপ্তাহ ফ্রি। গেম খেলুন সীমাহীন।,Banglalink Game Portal এ সাবস্ক্রিপশন প্রথম সপ্তাহ ফ্রি। গেম খেলুন সীমাহীন।,[],0,0,0,0,0,0,0,0,0,0,0,0,Banglalink Game Portal এ সাবস্ক্রিপশন প্রথম সপ্তাহ ফ্রি। গেম খেলুন সীমাহীন।,75,0,0,0,0,0,0,0,0,0,0,0,0,0,0,0,0,0,0,0,0,0,0,Banglalink Game Portal এ সাবস্ক্রিপশন প্রথম সপ্তাহ ফ্রি। গেম খেলুন সীমাহীন।,Banglalink Game Portal এ সাবস্ক্রিপশন প্রথম সপ্তাহ ফ্রি। গেম খেলুন সীমাহীন।,0,0,0,0,0,75,11,0,0,0,0,0,17,0,0,0,0,43,20,0.6825396825396826,0.31746031746031744,1,1
normal,০১৭২৯১৭২৯৪৯ এই নাম্বারে রকেটে টাকা পাঠান।,Bengali,0,0,০১৭২৯১৭২৯৪৯ এই নাম্বারে রকেটে টাকা পাঠান।,০১৭২৯১৭২৯৪৯ এই নাম্বারে রকেটে টাকা পাঠান।,[],0,0,0,0,0,0,0,0,0,0,0,0,০১৭২৯১৭২৯৪৯ এই নাম্বারে রকেটে টাকা পাঠান।,41,0,0,0,0,0,0,0,0,0,0,0,0,0,0,0,0,0,0,0,0,0,0,০১৭২৯১৭২৯৪৯ এই নাম্বারে রকেটে টাকা পাঠান।,০১৭২৯১৭২৯৪৯ এই নাম্বারে রকেটে টাকা পাঠান।,0,0,11,1,1,41,6,0,0,0,0,0,11,1,1,0,0,35,0,1.0,0.0,1,0
smish,"আপনার অ্যাকাউন্টটি অবিলম্বে আপডেট করুন, না হলে এটি বন্ধ হয়ে যাবে। লিঙ্কে ক্লিক করুন: [bit.ly/AccountUpdateBD]",Bengali,1,2,"আপনার অ্যাকাউন্টটি অবিলম্বে আপডেট করুন, না হলে এটি বন্ধ হয়ে যাবে। লিঙ্কে ক্লিক করুন: [bit.ly/AccountUpdateBD]","আপনার অ্যাকাউন্টটি অবিলম্বে আপডেট করুন, না হলে এটি বন্ধ হয়ে যাবে। লিঙ্কে ক্লিক করুন: [bit.ly/AccountUpdateBD]",['bit.ly/AccountUpdateBD'],1,1,22,22,0,1,0,1,0,0,0,1,"আপনার অ্যাকাউন্টটি অবিলম্বে আপডেট করুন, না হলে এটি বন্ধ হয়ে যাবে। লিঙ্কে ক্লিক করুন: [ [URL] ]",95,1,22,22,0,1,0,1,0,0,0,1,1,22,22,0,1,0,1,0,0,0,1,"আপনার অ্যাকাউন্টটি অবিলম্বে আপডেট করুন, না হলে এটি বন্ধ হয়ে যাবে। লিঙ্কে ক্লিক করুন: [bit.ly/AccountUpdateBD]","আপনার অ্যাকাউন্টটি অবিলম্বে আপডেট করুন, না হলে এটি বন্ধ হয়ে যাবে। লিঙ্কে ক্লিক করুন: [bit.ly/AccountUpdateBD]",0,0,0,0,0,110,15,0,0,1,1,1,32,0,0,2,1,69,20,0.7752808988764045,0.2247191011235955,1,1
normal,"সময় নাই, তাড়াতাড়ি টাকা পাঠাও, বিকাশ ০১৯৩৭৩৮২৮৯৩।",Bengali,0,0,"সময় নাই, তাড়াতাড়ি টাকা পাঠাও, বিকাশ ০১৯৩৭৩৮২৮৯৩।","সময় নাই, তাড়াতাড়ি টাকা পাঠাও, বিকাশ ০১৯৩৭৩৮২৮৯৩।",[],0,0,0,0,0,0,0,0,0,0,0,0,"সময় নাই, তাড়াতাড়ি টাকা পাঠাও, বিকাশ ০১৯৩৭৩৮২৮৯৩।",51,0,0,0,0,0,0,0,0,0,0,0,0,0,0,0,0,0,0,0,0,0,0,"সময় নাই, তাড়াতাড়ি টাকা পাঠাও, বিকাশ ০১৯৩৭৩৮২৮৯৩।","সময় নাই, তাড়াতাড়ি টাকা পাঠাও, বিকাশ ০১৯৩৭৩৮২৮৯৩।",0,0,11,1,1,51,7,0,0,2,0,0,17,1,1,0,0,42,0,1.0,0.0,1,0
promo,আমাদের প্রোডাক্টে ডিসকাউন্ট চলছে। বিস্তারিত জানাতে এই নাম্বারে যোগাযোগ করুন: ০১৭৮৯৬৫৪৩২১।,Bengali,0,1,আমাদের প্রোডাক্টে ডিসকাউন্ট চলছে। বিস্তারিত জানাতে এই নাম্বারে যোগাযোগ করুন: ০১৭৮৯৬৫৪৩২১।,আমাদের প্রোডাক্টে ডিসকাউন্ট চলছে। বিস্তারিত জানাতে এই নাম্বারে যোগাযোগ করুন: ০১৭৮৯৬৫৪৩২১।,[],0,0,0,0,0,0,0,0,0,0,0,0,আমাদের প্রোডাক্টে ডিসকাউন্ট চলছে। বিস্তারিত জানাতে এই নাম্বারে যোগাযোগ করুন: ০১৭৮৯৬৫৪৩২১।,89,0,0,0,0,0,0,0,0,0,0,0,0,0,0,0,0,0,0,0,0,0,0,আমাদের প্রোডাক্টে ডিসকাউন্ট চলছে। বিস্তারিত জানাতে এই নাম্বারে যোগাযোগ করুন: ০১৭৮৯৬৫৪৩২১।,আমাদের প্রোডাক্টে ডিসকাউন্ট চলছে। বিস্তারিত জানাতে এই নাম্বারে যোগাযোগ করুন: ০১৭৮৯৬৫৪৩২১।,0,0,11,1,1,89,11,0,0,0,0,1,29,0,0,0,0,76,0,1.0,0.0,1,0
normal,পরের সপ্তাহে কক্সবাজার যাওয়ার প্ল্যান করছি। সমুদ্র দেখতে উত্তেজনা আছে।,Bengali,0,0,পরের সপ্তাহে কক্সবাজার যাওয়ার প্ল্যান করছি। সমুদ্র দেখতে উত্তেজনা আছে।,পরের সপ্তাহে কক্সবাজার যাওয়ার প্ল্যান করছি। সমুদ্র দেখতে উত্তেজনা আছে।,[],0,0,0,0,0,0,0,0,0,0,0,0,পরের সপ্তাহে কক্সবাজার যাওয়ার প্ল্যান করছি। সমুদ্র দেখতে উত্তেজনা আছে।,71,0,0,0,0,0,0,0,0,0,0,0,0,0,0,0,0,0,0,0,0,0,0,পরের সপ্তাহে কক্সবাজার যাওয়ার প্ল্যান করছি। সমুদ্র দেখতে উত্তেজনা আছে।,পরের সপ্তাহে কক্সবাজার যাওয়ার প্ল্যান করছি। সমুদ্র দেখতে উত্তেজনা আছে।,0,0,0,0,0,71,10,0,0,0,0,0,24,0,0,0,0,60,0,1.0,0.0,1,0
smish,"ইউরোপীয় চ্যাম্পিয়নশিপে বাজি ধরুন এবং ৫,০০০ টাকা ক্যাশব্যাক জিতুন। শুরু করুন: super1000.info/docs",Bengali,1,2,"ইউরোপীয় চ্যাম্পিয়নশিপে বাজি ধরুন এবং ৫,০০০ টাকা ক্যাশব্যাক জিতুন। শুরু করুন: super1000.info/docs","ইউরোপীয় চ্যাম্পিয়নশিপে বাজি ধরুন এবং ৫,০০০ টাকা ক্যাশব্যাক জিতুন। শুরু করুন: super1000.info/docs",['super1000.info/docs'],1,1,19,19,4,1,0,1,0,0,0,0,"ইউরোপীয় চ্যাম্পিয়নশিপে বাজি ধরুন এবং ৫,০০০ টাকা ক্যাশব্যাক জিতুন। শুরু করুন:  [URL] ",86,1,19,19,4,1,0,1,0,0,0,0,1,19,19,4,1,0,1,0,0,0,0,"ইউরোপীয় চ্যাম্পিয়নশিপে বাজি ধরুন এবং ৫,০০০ টাকা ক্যাশব্যাক জিতুন। শুরু করুন: super1000.info/docs","ইউরোপীয় চ্যাম্পিয়নশিপে বাজি ধরুন এবং ৫,০০০ টাকা ক্যাশব্যাক জিতুন। শুরু করুন: super1000.info/docs",0,0,8,2,1,98,12,0,0,1,1,1,30,1,1,0,0,65,13,0.8333333333333334,0.16666666666666666,1,1
normal,"ভাই, 
আযহার ভাই আপনার সাথে দেখা করতে বললো। এম. ফিল এর Synopsis নিয়ে",Bengali,0,0,"ভাই, 
আযহার ভাই আপনার সাথে দেখা করতে বললো। এম. ফিল এর Synopsis নিয়ে","ভাই, আযহার ভাই আপনার সাথে দেখা করতে বললো। এম. ফিল এর Synopsis নিয়ে",[],0,0,0,0,0,0,0,0,0,0,0,0,"ভাই, আযহার ভাই আপনার সাথে দেখা করতে বললো। এম. ফিল এর Synopsis নিয়ে",67,0,0,0,0,0,0,0,0,0,0,0,0,0,0,0,0,0,0,0,0,0,0,"ভাই, 
আযহার ভাই আপনার সাথে দেখা করতে বললো। এম. ফিল এর Synopsis নিয়ে","ভাই, আযহার ভাই আপনার সাথে দেখা করতে বললো। এম. ফিল এর Synopsis নিয়ে",0,0,0,0,0,67,13,0,0,1,1,0,17,0,0,0,0,44,8,0.8461538461538461,0.15384615384615385,1,1
smish,আপনার রবি অ্যাকাউন্ট ব্লক করা হবে। পুনরায় চালু করতে robiverify24.net এ গিয়ে লগইন করুন।,Bengali,1,2,আপনার রবি অ্যাকাউন্ট ব্লক করা হবে। পুনরায় চালু করতে robiverify24.net এ গিয়ে লগইন করুন।,আপনার রবি অ্যাকাউন্ট ব্লক করা হবে। পুনরায় চালু করতে robiverify24.net এ গিয়ে লগইন করুন।,['robiverify24.net'],1,1,16,16,2,1,0,0,0,0,0,0,আপনার রবি অ্যাকাউন্ট ব্লক করা হবে। পুনরায় চালু করতে  [URL]  এ গিয়ে লগইন করুন।,79,1,16,16,2,1,0,0,0,0,0,0,1,16,16,2,1,0,0,0,0,0,0,আপনার রবি অ্যাকাউন্ট ব্লক করা হবে। পুনরায় চালু করতে robiverify24.net এ গিয়ে লগইন করুন।,আপনার রবি অ্যাকাউন্ট ব্লক করা হবে। পুনরায় চালু করতে robiverify24.net এ গিয়ে লগইন করুন।,0,0,2,1,1,88,14,0,0,0,1,0,22,0,0,2,1,57,13,0.8142857142857143,0.18571428571428572,1,1
normal,কাল রাতে বাংলাদেশ আর পাকিস্তানের খেলা দেখেছো? ম্যাচটা একেবারে শেষ পর্যন্ত উত্তেজনাপূর্ণ ছিল। সবাই ক্যাফেতে বসে দারুণ আনন্দ করেছি।,Bengali,0,0,কাল রাতে বাংলাদেশ আর পাকিস্তানের খেলা দেখেছো? ম্যাচটা একেবারে শেষ পর্যন্ত উত্তেজনাপূর্ণ ছিল। সবাই ক্যাফেতে বসে দারুণ আনন্দ করেছি।,কাল রাতে বাংলাদেশ আর পাকিস্তানের খেলা দেখেছো? ম্যাচটা একেবারে শেষ পর্যন্ত উত্তেজনাপূর্ণ ছিল। সবাই ক্যাফেতে বসে দারুণ আনন্দ করেছি।,[],0,0,0,0,0,0,0,0,0,0,0,0,কাল রাতে বাংলাদেশ আর পাকিস্তানের খেলা দেখেছো? ম্যাচটা একেবারে শেষ পর্যন্ত উত্তেজনাপূর্ণ ছিল। সবাই ক্যাফেতে বসে দারুণ আনন্দ করেছি।,129,0,0,0,0,0,0,0,0,0,0,0,0,0,0,0,0,0,0,0,0,0,0,কাল রাতে বাংলাদেশ আর পাকিস্তানের খেলা দেখেছো? ম্যাচটা একেবারে শেষ পর্যন্ত উত্তেজনাপূর্ণ ছিল। সবাই ক্যাফেতে বসে দারুণ আনন্দ করেছি।,কাল রাতে বাংলাদেশ আর পাকিস্তানের খেলা দেখেছো? ম্যাচটা একেবারে শেষ পর্যন্ত উত্তেজনাপূর্ণ ছিল। সবাই ক্যাফেতে বসে দারুণ আনন্দ করেছি।,0,0,0,0,0,129,19,0,1,0,0,0,46,0,0,0,0,108,0,1.0,0.0,1,0
promo,Pathao Food থেকে অর্ডার করলে কোড FOOD30 ব্যবহার করে ৩০% ছাড় পান। অফার আজ পর্যন্ত।,Bengali,0,1,Pathao Food থেকে অর্ডার করলে কোড FOOD30 ব্যবহার করে ৩০% ছাড় পান। অফার আজ পর্যন্ত।,Pathao Food থেকে অর্ডার করলে কোড FOOD30 ব্যবহার করে ৩০% ছাড় পান। অফার আজ পর্যন্ত।,[],0,0,0,0,0,0,0,0,0,0,0,0,Pathao Food থেকে অর্ডার করলে কোড FOOD30 ব্যবহার করে ৩০% ছাড় পান। অফার আজ পর্যন্ত।,82,0,0,0,0,0,0,0,0,0,0,0,0,0,0,0,0,0,0,0,0,0,0,Pathao Food থেকে অর্ডার করলে কোড FOOD30 ব্যবহার করে ৩০% ছাড় পান। অফার আজ পর্যন্ত।,Pathao Food থেকে অর্ডার করলে কোড FOOD30 ব্যবহার করে ৩০% ছাড় পান। অফার আজ পর্যন্ত।,0,0,4,2,1,82,15,0,0,0,0,0,18,0,0,0,0,49,14,0.7777777777777778,0.2222222222222222,1,1
normal,তোমার এখন কি কাজ হচ্ছে?,Bengali,0,0,তোমার এখন কি কাজ হচ্ছে?,তোমার এখন কি কাজ হচ্ছে?,[],0,0,0,0,0,0,0,0,0,0,0,0,তোমার এখন কি কাজ হচ্ছে?,23,0,0,0,0,0,0,0,0,0,0,0,0,0,0,0,0,0,0,0,0,0,0,তোমার এখন কি কাজ হচ্ছে?,তোমার এখন কি কাজ হচ্ছে?,0,0,0,0,0,23,5,0,1,0,0,0,7,0,0,0,0,18,0,1.0,0.0,1,0
normal,"ভাই, তোমার গাড়ি ধার দিবে? আমার জরুরি কাজ আছে।",Bengali,0,0,"ভাই, তোমার গাড়ি ধার দিবে? আমার জরুরি কাজ আছে।","ভাই, তোমার গাড়ি ধার দিবে? আমার জরুরি কাজ আছে।",[],0,0,0,0,0,0,0,0,0,0,0,0,"ভাই, তোমার গাড়ি ধার দিবে? আমার জরুরি কাজ আছে।",46,0,0,0,0,0,0,0,0,0,0,0,0,0,0,0,0,0,0,0,0,0,0,"ভাই, তোমার গাড়ি ধার দিবে? আমার জরুরি কাজ আছে।","ভাই, তোমার গাড়ি ধার দিবে? আমার জরুরি কাজ আছে।",0,0,0,0,0,46,9,0,1,1,0,0,17,0,0,0,0,35,0,1.0,0.0,1,0
smish,সতর্ক হন! আপনার ভোটার আইডি ডুপ্লিকেট হয়েছে। ভেরিফাই: verify-voter.ga,Bengali,1,2,সতর্ক হন! আপনার ভোটার আইডি ডুপ্লিকেট হয়েছে। ভেরিফাই: verify-voter.ga,সতর্ক হন! আপনার ভোটার আইডি ডুপ্লিকেট হয়েছে। ভেরিফাই: verify-voter.ga,['verify-voter.ga'],1,1,15,15,0,1,1,0,0,0,0,0,সতর্ক হন! আপনার ভোটার আইডি ডুপ্লিকেট হয়েছে। ভেরিফাই:  [URL] ,61,1,15,15,0,1,1,0,0,0,0,0,1,15,15,0,1,1,0,0,0,0,0,সতর্ক হন! আপনার ভোটার আইডি ডুপ্লিকেট হয়েছে। ভেরিফাই: verify-voter.ga,সতর্ক হন! আপনার ভোটার আইডি ডুপ্লিকেট হয়েছে। ভেরিফাই: verify-voter.ga,0,0,0,0,0,69,9,1,0,0,1,1,20,0,0,2,1,43,13,0.7678571428571429,0.23214285714285715,1,1
smish,"আপনার সোনালী ব্যাংক অ্যাকাউন্টে সন্দেহজনক লেনদেন শনাক্ত হয়েছে। এখনই যাচাই করতে এই লিঙ্কে যান: http://secure-sonalibank-bd.com এবং আপনার OTP দিন, না হলে অ্যাকাউন্ট স্থগিত হবে।",Bengali,1,2,"আপনার সোনালী ব্যাংক অ্যাকাউন্টে সন্দেহজনক লেনদেন শনাক্ত হয়েছে। এখনই যাচাই করতে এই লিঙ্কে যান: http://secure-sonalibank-bd.com এবং আপনার OTP দিন, না হলে অ্যাকাউন্ট স্থগিত হবে।","আপনার সোনালী ব্যাংক অ্যাকাউন্টে সন্দেহজনক লেনদেন শনাক্ত হয়েছে। এখনই যাচাই করতে এই লিঙ্কে যান: http://secure-sonalibank-bd.com এবং আপনার OTP দিন, না হলে অ্যাকাউন্ট স্থগিত হবে।",['http://secure-sonalibank-bd.com'],1,1,31,31,0,1,2,2,0,0,0,0,"আপনার সোনালী ব্যাংক অ্যাকাউন্টে সন্দেহজনক লেনদেন শনাক্ত হয়েছে। এখনই যাচাই করতে এই লিঙ্কে যান:  [URL]  এবং আপনার OTP দিন, না হলে অ্যাকাউন্ট স্থগিত হবে।",151,1,31,31,0,1,2,2,0,0,0,0,1,31,31,0,1,2,2,0,0,0,0,"আপনার সোনালী ব্যাংক অ্যাকাউন্টে সন্দেহজনক লেনদেন শনাক্ত হয়েছে। এখনই যাচাই করতে এই লিঙ্কে যান: http://secure-sonalibank-bd.com এবং আপনার OTP দিন, না হলে অ্যাকাউন্ট স্থগিত হবে।","আপনার সোনালী ব্যাংক অ্যাকাউন্টে সন্দেহজনক লেনদেন শনাক্ত হয়েছে। এখনই যাচাই করতে এই লিঙ্কে যান: http://secure-sonalibank-bd.com এবং আপনার OTP দিন, না হলে অ্যাকাউন্ট স্থগিত হবে।",0,0,0,0,0,175,24,0,0,1,1,2,50,0,0,3,1,114,28,0.8028169014084507,0.19718309859154928,1,1
promo,ক্যাশব্যাক পাও upto 99tk! skitto app থেকে চিল ডিলে- cutt.ly/aAhiAsI,Bengali,1,1,ক্যাশব্যাক পাও upto 99tk! skitto app থেকে চিল ডিলে- cutt.ly/aAhiAsI,ক্যাশব্যাক পাও upto 99tk! skitto app থেকে চিল ডিলে- cutt.ly/aAhiAsI,['cutt.ly/aAhiAsI'],1,1,15,15,0,1,0,1,0,0,0,1,ক্যাশব্যাক পাও upto 99tk! skitto app থেকে চিল ডিলে-  [URL] ,59,1,15,15,0,1,0,1,0,0,0,1,1,15,15,0,1,0,1,0,0,0,1,ক্যাশব্যাক পাও upto 99tk! skitto app থেকে চিল ডিলে- cutt.ly/aAhiAsI,ক্যাশব্যাক পাও upto 99tk! skitto app থেকে চিল ডিলে- cutt.ly/aAhiAsI,0,0,2,1,1,67,10,1,0,0,1,0,14,1,1,0,0,24,28,0.46153846153846156,0.5384615384615384,1,1
promo,"ডাটা মিক্সারে করো পকেট সেভিং, নাও ৬০জিবি@৳৫৬৯, ৩০দিন: cutt.ly/HwQzEu9E",Bengali,1,1,"ডাটা মিক্সারে করো পকেট সেভিং, নাও ৬০জিবি@৳৫৬৯, ৩০দিন: cutt.ly/HwQzEu9E","ডাটা মিক্সারে করো পকেট সেভিং, নাও ৬০জিবি@৳৫৬৯, ৩০দিন: cutt.ly/HwQzEu9E",['cutt.ly/HwQzEu9E'],1,1,16,16,1,1,0,1,0,0,0,1,"ডাটা মিক্সারে করো পকেট সেভিং, নাও ৬০জিবি@৳৫৬৯, ৩০দিন:  [URL] ",61,1,16,16,1,1,0,1,0,0,0,1,1,16,16,1,1,0,1,0,0,0,1,"ডাটা মিক্সারে করো পকেট সেভিং, নাও ৬০জিবি@৳৫৬৯, ৩০দিন: cutt.ly/HwQzEu9E","ডাটা মিক্সারে করো পকেট সেভিং, নাও ৬০জিবি@৳৫৬৯, ৩০দিন: cutt.ly/HwQzEu9E",0,0,8,4,1,70,9,0,0,2,1,1,22,1,1,0,0,42,13,0.7636363636363637,0.23636363636363636,1,1
normal,তোমার সাহস অসাধারণ।,Bengali,0,0,তোমার সাহস অসাধারণ।,তোমার সাহস অসাধারণ।,[],0,0,0,0,0,0,0,0,0,0,0,0,তোমার সাহস অসাধারণ।,19,0,0,0,0,0,0,0,0,0,0,0,0,0,0,0,0,0,0,0,0,0,0,তোমার সাহস অসাধারণ।,তোমার সাহস অসাধারণ।,0,0,0,0,0,19,3,0,0,0,0,0,6,0,0,0,0,16,0,1.0,0.0,1,0
promo,"আজ ও কাল মেন্স ওয়ার্ল্ড এর সকল শাখায় ফ্ল্যাট ৫০% ডিসকাউন্ট
cutt.ly/fmw",Bengali,1,1,"আজ ও কাল মেন্স ওয়ার্ল্ড এর সকল শাখায় ফ্ল্যাট ৫০% ডিসকাউন্ট
cutt.ly/fmw",আজ ও কাল মেন্স ওয়ার্ল্ড এর সকল শাখায় ফ্ল্যাট ৫০% ডিসকাউন্ট cutt.ly/fmw,['cutt.ly/fmw'],1,1,11,11,0,1,0,1,0,0,0,1,আজ ও কাল মেন্স ওয়ার্ল্ড এর সকল শাখায় ফ্ল্যাট ৫০% ডিসকাউন্ট  [URL] ,68,1,11,11,0,1,0,1,0,0,0,1,1,11,11,0,1,0,1,0,0,0,1,"আজ ও কাল মেন্স ওয়ার্ল্ড এর সকল শাখায় ফ্ল্যাট ৫০% ডিসকাউন্ট
cutt.ly/fmw",আজ ও কাল মেন্স ওয়ার্ল্ড এর সকল শাখায় ফ্ল্যাট ৫০% ডিসকাউন্ট cutt.ly/fmw,0,0,2,1,1,72,12,0,0,0,1,0,19,0,0,0,0,49,9,0.8448275862068966,0.15517241379310345,1,1
promo,সীমিত সময়ের অফার! ৪০জিবি (বোনাসসহ) ৫০০টাকা ৩০দিন।ডায়াল *১২১*৫০৪৯# বা mygp.li/mo,Bengali,1,1,সীমিত সময়ের অফার! ৪০জিবি (বোনাসসহ) ৫০০টাকা ৩০দিন।ডায়াল *১২১*৫০৪৯# বা mygp.li/mo,সীমিত সময়ের অফার! ৪০জিবি (বোনাসসহ) ৫০০টাকা ৩০দিন।ডায়াল *১২১*৫০৪৯# বা mygp.li/mo,['mygp.li/mo'],1,1,10,10,0,1,0,1,0,0,0,0,সীমিত সময়ের অফার! ৪০জিবি (বোনাসসহ) ৫০০টাকা ৩০দিন।ডায়াল *১২১*৫০৪৯# বা  [URL] ,78,1,10,10,0,1,0,1,0,0,0,0,1,10,10,0,1,0,1,0,0,0,0,সীমিত সময়ের অফার! ৪০জিবি (বোনাসসহ) ৫০০টাকা ৩০দিন।ডায়াল *১২১*৫০৪৯# বা mygp.li/mo,সীমিত সময়ের অফার! ৪০জিবি (বোনাসসহ) ৫০০টাকা ৩০দিন।ডায়াল *১২১*৫০৪৯# বা mygp.li/mo,0,0,14,5,1,81,10,1,0,0,1,0,25,1,1,0,0,55,8,0.873015873015873,0.12698412698412698,1,1
promo,Pathao Rides-এ আজ সব রাইডে ১৫% ছাড়। কোড: PATHAO15।,Bengali,0,1,Pathao Rides-এ আজ সব রাইডে ১৫% ছাড়। কোড: PATHAO15।,Pathao Rides-এ আজ সব রাইডে ১৫% ছাড়। কোড: PATHAO15।,[],0,0,0,0,0,0,0,0,0,0,0,0,Pathao Rides-এ আজ সব রাইডে ১৫% ছাড়। কোড: PATHAO15।,51,0,0,0,0,0,0,0,0,0,0,0,0,0,0,0,0,0,0,0,0,0,0,Pathao Rides-এ আজ সব রাইডে ১৫% ছাড়। কোড: PATHAO15।,Pathao Rides-এ আজ সব রাইডে ১৫% ছাড়। কোড: PATHAO15।,0,0,4,2,1,51,9,0,0,0,0,1,10,0,0,0,0,19,17,0.5277777777777778,0.4722222222222222,1,1
normal,সকালে হাঁটতে যাবে?,Bengali,0,0,সকালে হাঁটতে যাবে?,সকালে হাঁটতে যাবে?,[],0,0,0,0,0,0,0,0,0,0,0,0,সকালে হাঁটতে যাবে?,18,0,0,0,0,0,0,0,0,0,0,0,0,0,0,0,0,0,0,0,0,0,0,সকালে হাঁটতে যাবে?,সকালে হাঁটতে যাবে?,0,0,0,0,0,18,3,0,1,0,0,0,8,0,0,0,0,15,0,1.0,0.0,1,0
normal,আমরা কাল রাতে একসাথে ডিনার করেছিলাম। অনেকদিন পর আড্ডা দিতে ভালো লেগেছে।,Bengali,0,0,আমরা কাল রাতে একসাথে ডিনার করেছিলাম। অনেকদিন পর আড্ডা দিতে ভালো লেগেছে।,আমরা কাল রাতে একসাথে ডিনার করেছিলাম। অনেকদিন পর আড্ডা দিতে ভালো লেগেছে।,[],0,0,0,0,0,0,0,0,0,0,0,0,আমরা কাল রাতে একসাথে ডিনার করেছিলাম। অনেকদিন পর আড্ডা দিতে ভালো লেগেছে।,71,0,0,0,0,0,0,0,0,0,0,0,0,0,0,0,0,0,0,0,0,0,0,আমরা কাল রাতে একসাথে ডিনার করেছিলাম। অনেকদিন পর আড্ডা দিতে ভালো লেগেছে।,আমরা কাল রাতে একসাথে ডিনার করেছিলাম। অনেকদিন পর আড্ডা দিতে ভালো লেগেছে।,0,0,0,0,0,71,12,0,0,0,0,0,24,0,0,0,0,58,0,1.0,0.0,1,0
normal,"হাই, কি হচ্ছে?",Bengali,0,0,"হাই, কি হচ্ছে?","হাই, কি হচ্ছে?",[],0,0,0,0,0,0,0,0,0,0,0,0,"হাই, কি হচ্ছে?",14,0,0,0,0,0,0,0,0,0,0,0,0,0,0,0,0,0,0,0,0,0,0,"হাই, কি হচ্ছে?","হাই, কি হচ্ছে?",0,0,0,0,0,14,3,0,1,1,0,0,6,0,0,0,0,10,0,1.0,0.0,1,0
normal,বিদ্যালয়ের বই পড়া খুব পছন্দ।,Bengali,0,0,বিদ্যালয়ের বই পড়া খুব পছন্দ।,বিদ্যালয়ের বই পড়া খুব পছন্দ।,[],0,0,0,0,0,0,0,0,0,0,0,0,বিদ্যালয়ের বই পড়া খুব পছন্দ।,30,0,0,0,0,0,0,0,0,0,0,0,0,0,0,0,0,0,0,0,0,0,0,বিদ্যালয়ের বই পড়া খুব পছন্দ।,বিদ্যালয়ের বই পড়া খুব পছন্দ।,0,0,0,0,0,30,5,0,0,0,0,0,10,0,0,0,0,25,0,1.0,0.0,1,0
promo,বোনাস সহ ২জিবি-৪০টাকা-৭দিন। ডায়াল *১২১*৫০৩৭# বা mygp.li/mo,Bengali,1,1,বোনাস সহ ২জিবি-৪০টাকা-৭দিন। ডায়াল *১২১*৫০৩৭# বা mygp.li/mo,বোনাস সহ ২জিবি-৪০টাকা-৭দিন। ডায়াল *১২১*৫০৩৭# বা mygp.li/mo,['mygp.li/mo'],1,1,10,10,0,1,0,1,0,0,0,0,বোনাস সহ ২জিবি-৪০টাকা-৭দিন। ডায়াল *১২১*৫০৩৭# বা  [URL] ,56,1,10,10,0,1,0,1,0,0,0,0,1,10,10,0,1,0,1,0,0,0,0,বোনাস সহ ২জিবি-৪০টাকা-৭দিন। ডায়াল *১২১*৫০৩৭# বা mygp.li/mo,বোনাস সহ ২জিবি-৪০টাকা-৭দিন। ডায়াল *১২১*৫০৩৭# বা mygp.li/mo,0,0,11,5,1,59,7,0,0,0,1,0,19,1,1,0,0,37,8,0.8222222222222222,0.17777777777777778,1,1
promo,"লোটো লি কুপারে
নগদ পেমেন্টে BMW জেতার সুযোগ
বিকাশে ১০% ক্যাশব্যাক
শপ্র",Bengali,0,1,"লোটো লি কুপারে
নগদ পেমেন্টে BMW জেতার সুযোগ
বিকাশে ১০% ক্যাশব্যাক
শপ্র",লোটো লি কুপারে নগদ পেমেন্টে BMW জেতার সুযোগ বিকাশে ১০% ক্যাশব্যাক শপ্র,[],0,0,0,0,0,0,0,0,0,0,0,0,লোটো লি কুপারে নগদ পেমেন্টে BMW জেতার সুযোগ বিকাশে ১০% ক্যাশব্যাক শপ্র,70,0,0,0,0,0,0,0,0,0,0,0,0,0,0,0,0,0,0,0,0,0,0,"লোটো লি কুপারে
নগদ পেমেন্টে BMW জেতার সুযোগ
বিকাশে ১০% ক্যাশব্যাক
শপ্র",লোটো লি কুপারে নগদ পেমেন্টে BMW জেতার সুযোগ বিকাশে ১০% ক্যাশব্যাক শপ্র,0,0,2,1,1,70,12,0,0,0,0,0,23,0,0,0,0,55,3,0.9482758620689655,0.05172413793103448,1,1
smish,জরুরি! আপনার ব্র্যাক ব্যাংক অ্যাকাউন্ট হ্যাক হয়েছে। OTP: 2346 দিয়ে সুরক্ষিত করুন।,Bengali,0,2,জরুরি! আপনার ব্র্যাক ব্যাংক অ্যাকাউন্ট হ্যাক হয়েছে। OTP: 2346 দিয়ে সুরক্ষিত করুন।,জরুরি! আপনার ব্র্যাক ব্যাংক অ্যাকাউন্ট হ্যাক হয়েছে। OTP: 2346 দিয়ে সুরক্ষিত করুন।,[],0,0,0,0,0,0,0,0,0,0,0,0,জরুরি! আপনার ব্র্যাক ব্যাংক অ্যাকাউন্ট হ্যাক হয়েছে। OTP: 2346 দিয়ে সুরক্ষিত করুন।,83,0,0,0,0,0,0,0,0,0,0,0,0,0,0,0,0,0,0,0,0,0,0,জরুরি! আপনার ব্র্যাক ব্যাংক অ্যাকাউন্ট হ্যাক হয়েছে। OTP: 2346 দিয়ে সুরক্ষিত করুন।,জরুরি! আপনার ব্র্যাক ব্যাংক অ্যাকাউন্ট হ্যাক হয়েছে। OTP: 2346 দিয়ে সুরক্ষিত করুন।,0,0,4,1,1,83,12,1,0,0,0,1,29,0,0,2,1,61,3,0.953125,0.046875,1,1
smish,🤑প্রতিদিন ৪০০-৫০০ টাকা 💸। ইনকাম‌ করুন মাত্র পাঁচ মিনিটের মধ্যে।    লিংকের মধ্যে রয়েছে বিস্তারিত 🤗 🗣️ টেলিগ্রাম থাকতে হবে 💁🏼https://t.me/Referincomebd4536_bot?start=r05291672775,Bengali,1,2,🤑প্রতিদিন ৪০০-৫০০ টাকা 💸। ইনকাম‌ করুন মাত্র পাঁচ মিনিটের মধ্যে।    লিংকের মধ্যে রয়েছে বিস্তারিত 🤗 🗣️ টেলিগ্রাম থাকতে হবে 💁🏼https://t.me/Referincomebd4536_bot?start=r05291672775,🤑প্রতিদিন ৪০০-৫০০ টাকা 💸। ইনকাম‌ করুন মাত্র পাঁচ মিনিটের মধ্যে। লিংকের মধ্যে রয়েছে বিস্তারিত 🤗 🗣️ টেলিগ্রাম থাকতে হবে 💁🏼https://t.me/Referincomebd4536_bot?start=r05291672775,['https://t.me/Referincomebd4536_bot?start=r05291672775'],1,1,53,53,15,1,0,3,1,0,0,0,🤑প্রতিদিন ৪০০-৫০০ টাকা 💸। ইনকাম‌ করুন মাত্র পাঁচ মিনিটের মধ্যে। লিংকের মধ্যে রয়েছে বিস্তারিত 🤗 🗣️ টেলিগ্রাম থাকতে হবে 💁🏼 [URL] ,128,1,53,53,15,1,0,3,1,0,0,0,1,53,53,15,1,0,3,1,0,0,0,🤑প্রতিদিন ৪০০-৫০০ টাকা 💸। ইনকাম‌ করুন মাত্র পাঁচ মিনিটের মধ্যে।    লিংকের মধ্যে রয়েছে বিস্তারিত 🤗 🗣️ টেলিগ্রাম থাকতে হবে 💁🏼https://t.me/Referincomebd4536_bot?start=r05291672775,🤑প্রতিদিন ৪০০-৫০০ টাকা 💸। ইনকাম‌ করুন মাত্র পাঁচ মিনিটের মধ্যে। লিংকের মধ্যে রয়েছে বিস্তারিত 🤗 🗣️ টেলিগ্রাম থাকতে হবে 💁🏼https://t.me/Referincomebd4536_bot?start=r05291672775,0,0,21,4,1,174,20,0,1,0,1,1,53,1,1,0,0,91,30,0.7520661157024794,0.24793388429752067,1,1
normal,আজকে ফেসবুকে একটা দারুণ মজার ভিডিও দেখেছি। পরে তোমাকে শেয়ার করবো।,Bengali,0,0,আজকে ফেসবুকে একটা দারুণ মজার ভিডিও দেখেছি। পরে তোমাকে শেয়ার করবো।,আজকে ফেসবুকে একটা দারুণ মজার ভিডিও দেখেছি। পরে তোমাকে শেয়ার করবো।,[],0,0,0,0,0,0,0,0,0,0,0,0,আজকে ফেসবুকে একটা দারুণ মজার ভিডিও দেখেছি। পরে তোমাকে শেয়ার করবো।,66,0,0,0,0,0,0,0,0,0,0,0,0,0,0,0,0,0,0,0,0,0,0,আজকে ফেসবুকে একটা দারুণ মজার ভিডিও দেখেছি। পরে তোমাকে শেয়ার করবো।,আজকে ফেসবুকে একটা দারুণ মজার ভিডিও দেখেছি। পরে তোমাকে শেয়ার করবো।,0,0,0,0,0,66,11,0,0,0,0,0,23,0,0,0,0,54,0,1.0,0.0,1,0
normal,আজ বিকেলে জ্যামে এক ঘণ্টা বসে ছিলাম। ঢাকার রাস্তার অবস্থা আরও খারাপ হচ্ছে।,Bengali,0,0,আজ বিকেলে জ্যামে এক ঘণ্টা বসে ছিলাম। ঢাকার রাস্তার অবস্থা আরও খারাপ হচ্ছে।,আজ বিকেলে জ্যামে এক ঘণ্টা বসে ছিলাম। ঢাকার রাস্তার অবস্থা আরও খারাপ হচ্ছে।,[],0,0,0,0,0,0,0,0,0,0,0,0,আজ বিকেলে জ্যামে এক ঘণ্টা বসে ছিলাম। ঢাকার রাস্তার অবস্থা আরও খারাপ হচ্ছে।,74,0,0,0,0,0,0,0,0,0,0,0,0,0,0,0,0,0,0,0,0,0,0,আজ বিকেলে জ্যামে এক ঘণ্টা বসে ছিলাম। ঢাকার রাস্তার অবস্থা আরও খারাপ হচ্ছে।,আজ বিকেলে জ্যামে এক ঘণ্টা বসে ছিলাম। ঢাকার রাস্তার অবস্থা আরও খারাপ হচ্ছে।,0,0,0,0,0,74,13,0,0,0,0,0,24,0,0,0,0,60,0,1.0,0.0,1,0
promo,"মেগা ক্যাশব্যাক ২৫০৳! নাও-৬০জিবি+১৬০০মি.@৭৪৯৳, ৩০দিন: cutt.ly/yeqcP3pE",Bengali,1,1,"মেগা ক্যাশব্যাক ২৫০৳! নাও-৬০জিবি+১৬০০মি.@৭৪৯৳, ৩০দিন: cutt.ly/yeqcP3pE","মেগা ক্যাশব্যাক ২৫০৳! নাও-৬০জিবি+১৬০০মি.@৭৪৯৳, ৩০দিন: cutt.ly/yeqcP3pE",['cutt.ly/yeqcP3pE'],1,1,16,16,1,1,0,1,0,0,0,1,"মেগা ক্যাশব্যাক ২৫০৳! নাও-৬০জিবি+১৬০০মি.@৭৪৯৳, ৩০দিন:  [URL] ",61,1,16,16,1,1,0,1,0,0,0,1,1,16,16,1,1,0,1,0,0,0,1,"মেগা ক্যাশব্যাক ২৫০৳! নাও-৬০জিবি+১৬০০মি.@৭৪৯৳, ৩০দিন: cutt.ly/yeqcP3pE","মেগা ক্যাশব্যাক ২৫০৳! নাও-৬০জিবি+১৬০০মি.@৭৪৯৳, ৩০দিন: cutt.ly/yeqcP3pE",0,0,15,6,1,70,6,1,0,1,2,1,22,2,1,0,0,42,13,0.7636363636363637,0.23636363636363636,1,1
promo,বিকাশ অ্যাপে skitto deals এ ৩০টাকা পর্যন্ত ক্যাশব্যাক cutt.ly/8HBaVWF,Bengali,1,1,বিকাশ অ্যাপে skitto deals এ ৩০টাকা পর্যন্ত ক্যাশব্যাক cutt.ly/8HBaVWF,বিকাশ অ্যাপে skitto deals এ ৩০টাকা পর্যন্ত ক্যাশব্যাক cutt.ly/8HBaVWF,['cutt.ly/8HBaVWF'],1,1,15,15,1,1,0,1,0,0,0,1,বিকাশ অ্যাপে skitto deals এ ৩০টাকা পর্যন্ত ক্যাশব্যাক  [URL] ,61,1,15,15,1,1,0,1,0,0,0,1,1,15,15,1,1,0,1,0,0,0,1,বিকাশ অ্যাপে skitto deals এ ৩০টাকা পর্যন্ত ক্যাশব্যাক cutt.ly/8HBaVWF,বিকাশ অ্যাপে skitto deals এ ৩০টাকা পর্যন্ত ক্যাশব্যাক cutt.ly/8HBaVWF,0,0,3,2,1,69,9,0,0,0,1,0,15,1,1,0,0,35,23,0.603448275862069,0.39655172413793105,1,1
promo,"প্রো-লেভেল ৳১০০ ক্যাশব্যাকে ৩৫জিবি+৫০০মি.@৳৩৯৯,৩০দিন cutt.ly/2wQlYv6U",Bengali,1,1,"প্রো-লেভেল ৳১০০ ক্যাশব্যাকে ৩৫জিবি+৫০০মি.@৳৩৯৯,৩০দিন cutt.ly/2wQlYv6U","প্রো-লেভেল ৳১০০ ক্যাশব্যাকে ৩৫জিবি+৫০০মি.@৳৩৯৯,৩০দিন cutt.ly/2wQlYv6U",['cutt.ly/2wQlYv6U'],1,1,16,16,2,1,0,1,0,0,0,1,"প্রো-লেভেল ৳১০০ ক্যাশব্যাকে ৩৫জিবি+৫০০মি.@৳৩৯৯,৩০দিন  [URL] ",60,1,16,16,2,1,0,1,0,0,0,1,1,16,16,2,1,0,1,0,0,0,1,"প্রো-লেভেল ৳১০০ ক্যাশব্যাকে ৩৫জিবি+৫০০মি.@৳৩৯৯,৩০দিন cutt.ly/2wQlYv6U","প্রো-লেভেল ৳১০০ ক্যাশব্যাকে ৩৫জিবি+৫০০মি.@৳৩৯৯,৩০দিন cutt.ly/2wQlYv6U",0,0,15,6,1,69,5,0,0,1,2,0,22,2,1,0,0,44,12,0.7857142857142857,0.21428571428571427,1,1
smish,আপনার ফোন নম্বরটি ৫০০০ টাকা পুরস্কার জিতেছে! বিস্তারিত জানতে কল করুন +8801715566778,Bengali,0,2,আপনার ফোন নম্বরটি ৫০০০ টাকা পুরস্কার জিতেছে! বিস্তারিত জানতে কল করুন +8801715566778,আপনার ফোন নম্বরটি ৫০০০ টাকা পুরস্কার জিতেছে! বিস্তারিত জানতে কল করুন +8801715566778,[],0,0,0,0,0,0,0,0,0,0,0,0,আপনার ফোন নম্বরটি ৫০০০ টাকা পুরস্কার জিতেছে! বিস্তারিত জানতে কল করুন +8801715566778,83,0,0,0,0,0,0,0,0,0,0,0,0,0,0,0,0,0,0,0,0,0,0,আপনার ফোন নম্বরটি ৫০০০ টাকা পুরস্কার জিতেছে! বিস্তারিত জানতে কল করুন +8801715566778,আপনার ফোন নম্বরটি ৫০০০ টাকা পুরস্কার জিতেছে! বিস্তারিত জানতে কল করুন +8801715566778,1,1,17,2,1,83,12,1,0,0,0,0,21,1,1,0,0,57,0,1.0,0.0,1,0
normal,০১৬৭২৫৭৩৮৫৭ নাম্বারে বিকাশ করুন।,Bengali,0,0,০১৬৭২৫৭৩৮৫৭ নাম্বারে বিকাশ করুন।,০১৬৭২৫৭৩৮৫৭ নাম্বারে বিকাশ করুন।,[],0,0,0,0,0,0,0,0,0,0,0,0,০১৬৭২৫৭৩৮৫৭ নাম্বারে বিকাশ করুন।,32,0,0,0,0,0,0,0,0,0,0,0,0,0,0,0,0,0,0,0,0,0,0,০১৬৭২৫৭৩৮৫৭ নাম্বারে বিকাশ করুন।,০১৬৭২৫৭৩৮৫৭ নাম্বারে বিকাশ করুন।,0,0,11,1,1,32,4,0,0,0,0,0,8,0,0,0,0,28,0,1.0,0.0,1,0
smish,"প্রিয় গ্রাহক, আপনার সিটি ব্যাংক ক্রেডিট কার্ড আপডেট করা প্রয়োজন। দয়া করে আপনার তথ্য নিশ্চিত করতে 018XXXXXXXX নম্বরে কল করুন।",Bengali,0,2,"প্রিয় গ্রাহক, আপনার সিটি ব্যাংক ক্রেডিট কার্ড আপডেট করা প্রয়োজন। দয়া করে আপনার তথ্য নিশ্চিত করতে 018XXXXXXXX নম্বরে কল করুন।","প্রিয় গ্রাহক, আপনার সিটি ব্যাংক ক্রেডিট কার্ড আপডেট করা প্রয়োজন। দয়া করে আপনার তথ্য নিশ্চিত করতে 018XXXXXXXX নম্বরে কল করুন।",[],0,0,0,0,0,0,0,0,0,0,0,0,"প্রিয় গ্রাহক, আপনার সিটি ব্যাংক ক্রেডিট কার্ড আপডেট করা প্রয়োজন। দয়া করে আপনার তথ্য নিশ্চিত করতে 018XXXXXXXX নম্বরে কল করুন।",127,0,0,0,0,0,0,0,0,0,0,0,0,0,0,0,0,0,0,0,0,0,0,"প্রিয় গ্রাহক, আপনার সিটি ব্যাংক ক্রেডিট কার্ড আপডেট করা প্রয়োজন। দয়া করে আপনার তথ্য নিশ্চিত করতে 018XXXXXXXX নম্বরে কল করুন।","প্রিয় গ্রাহক, আপনার সিটি ব্যাংক ক্রেডিট কার্ড আপডেট করা প্রয়োজন। দয়া করে আপনার তথ্য নিশ্চিত করতে 018XXXXXXXX নম্বরে কল করুন।",0,0,3,1,1,127,20,0,0,1,0,0,36,0,0,0,0,94,8,0.9215686274509803,0.0784313725490196,1,1
normal,শুভ অক্টোবর!,Bengali,0,0,শুভ অক্টোবর!,শুভ অক্টোবর!,[],0,0,0,0,0,0,0,0,0,0,0,0,শুভ অক্টোবর!,12,0,0,0,0,0,0,0,0,0,0,0,0,0,0,0,0,0,0,0,0,0,0,শুভ অক্টোবর!,শুভ অক্টোবর!,0,0,0,0,0,12,2,1,0,0,0,0,4,0,0,0,0,10,0,1.0,0.0,1,0
smish,গ্রামীণফোন থেকে বার্তা: আপনার অ্যাকাউন্টে অননুমোদিত কার্যক্রম। gp-securebd24.org এ যাচাই করুন।,Bengali,1,2,গ্রামীণফোন থেকে বার্তা: আপনার অ্যাকাউন্টে অননুমোদিত কার্যক্রম। gp-securebd24.org এ যাচাই করুন।,গ্রামীণফোন থেকে বার্তা: আপনার অ্যাকাউন্টে অননুমোদিত কার্যক্রম। gp-securebd24.org এ যাচাই করুন।,['gp-securebd24.org'],1,1,17,17,2,1,1,0,0,0,0,0,গ্রামীণফোন থেকে বার্তা: আপনার অ্যাকাউন্টে অননুমোদিত কার্যক্রম।  [URL]  এ যাচাই করুন।,84,1,17,17,2,1,1,0,0,0,0,0,1,17,17,2,1,1,0,0,0,0,0,গ্রামীণফোন থেকে বার্তা: আপনার অ্যাকাউন্টে অননুমোদিত কার্যক্রম। gp-securebd24.org এ যাচাই করুন।,গ্রামীণফোন থেকে বার্তা: আপনার অ্যাকাউন্টে অননুমোদিত কার্যক্রম। gp-securebd24.org এ যাচাই করুন।,0,0,2,1,1,94,11,0,0,0,1,1,29,0,0,2,1,64,13,0.8311688311688312,0.16883116883116883,1,1
normal,তোমার প্রিয় ঋতু কোনটা?,Bengali,0,0,তোমার প্রিয় ঋতু কোনটা?,তোমার প্রিয় ঋতু কোনটা?,[],0,0,0,0,0,0,0,0,0,0,0,0,তোমার প্রিয় ঋতু কোনটা?,23,0,0,0,0,0,0,0,0,0,0,0,0,0,0,0,0,0,0,0,0,0,0,তোমার প্রিয় ঋতু কোনটা?,তোমার প্রিয় ঋতু কোনটা?,0,0,0,0,0,23,4,0,1,0,0,0,9,0,0,0,0,19,0,1.0,0.0,1,0
normal,আজ সকালে ঘুম থেকে উঠে দেখি বৃষ্টি হচ্ছে। চা বানিয়ে বারান্দায় বসে গান শুনছিলাম। সারাদিন এভাবেই কাটতে ইচ্ছে করছিল।,Bengali,0,0,আজ সকালে ঘুম থেকে উঠে দেখি বৃষ্টি হচ্ছে। চা বানিয়ে বারান্দায় বসে গান শুনছিলাম। সারাদিন এভাবেই কাটতে ইচ্ছে করছিল।,আজ সকালে ঘুম থেকে উঠে দেখি বৃষ্টি হচ্ছে। চা বানিয়ে বারান্দায় বসে গান শুনছিলাম। সারাদিন এভাবেই কাটতে ইচ্ছে করছিল।,[],0,0,0,0,0,0,0,0,0,0,0,0,আজ সকালে ঘুম থেকে উঠে দেখি বৃষ্টি হচ্ছে। চা বানিয়ে বারান্দায় বসে গান শুনছিলাম। সারাদিন এভাবেই কাটতে ইচ্ছে করছিল।,114,0,0,0,0,0,0,0,0,0,0,0,0,0,0,0,0,0,0,0,0,0,0,আজ সকালে ঘুম থেকে উঠে দেখি বৃষ্টি হচ্ছে। চা বানিয়ে বারান্দায় বসে গান শুনছিলাম। সারাদিন এভাবেই কাটতে ইচ্ছে করছিল।,আজ সকালে ঘুম থেকে উঠে দেখি বৃষ্টি হচ্ছে। চা বানিয়ে বারান্দায় বসে গান শুনছিলাম। সারাদিন এভাবেই কাটতে ইচ্ছে করছিল।,0,0,0,0,0,114,19,0,0,0,0,0,41,0,0,0,0,93,0,1.0,0.0,1,0
normal,শুভ আশুরা!,Bengali,0,0,শুভ আশুরা!,শুভ আশুরা!,[],0,0,0,0,0,0,0,0,0,0,0,0,শুভ আশুরা!,10,0,0,0,0,0,0,0,0,0,0,0,0,0,0,0,0,0,0,0,0,0,0,শুভ আশুরা!,শুভ আশুরা!,0,0,0,0,0,10,2,1,0,0,0,0,4,0,0,0,0,8,0,1.0,0.0,1,0
smish,"আপনার বিকাশ নম্বরে ৯,০০০ টাকা পাঠানো হয়েছে। এটি বাতিল করতে এখনই refund-bkash24.com ব্যবহার করুন।",Bengali,1,2,"আপনার বিকাশ নম্বরে ৯,০০০ টাকা পাঠানো হয়েছে। এটি বাতিল করতে এখনই refund-bkash24.com ব্যবহার করুন।","আপনার বিকাশ নম্বরে ৯,০০০ টাকা পাঠানো হয়েছে। এটি বাতিল করতে এখনই refund-bkash24.com ব্যবহার করুন।",['refund-bkash24.com'],1,1,18,18,2,1,1,0,0,0,0,0,"আপনার বিকাশ নম্বরে ৯,০০০ টাকা পাঠানো হয়েছে। এটি বাতিল করতে এখনই  [URL]  ব্যবহার করুন।",86,1,18,18,2,1,1,0,0,0,0,0,1,18,18,2,1,1,0,0,0,0,0,"আপনার বিকাশ নম্বরে ৯,০০০ টাকা পাঠানো হয়েছে। এটি বাতিল করতে এখনই refund-bkash24.com ব্যবহার করুন।","আপনার বিকাশ নম্বরে ৯,০০০ টাকা পাঠানো হয়েছে। এটি বাতিল করতে এখনই refund-bkash24.com ব্যবহার করুন।",0,0,6,2,1,97,14,0,0,1,1,0,25,1,1,0,0,63,14,0.8181818181818182,0.18181818181818182,1,1
smish,"আপনার সিভি পাস হয়েছে এবং আপনি বাড়ি থেকে আপনার মোবাইল ফোনের মাধ্যমে কাজ করতে পারবেন এবং প্রতিদিন ২,০০০ টাকা পাবেন। এখনই যোগ দিন: wa.me/8801865655560",Bengali,1,2,"আপনার সিভি পাস হয়েছে এবং আপনি বাড়ি থেকে আপনার মোবাইল ফোনের মাধ্যমে কাজ করতে পারবেন এবং প্রতিদিন ২,০০০ টাকা পাবেন। এখনই যোগ দিন: wa.me/8801865655560","আপনার সিভি পাস হয়েছে এবং আপনি বাড়ি থেকে আপনার মোবাইল ফোনের মাধ্যমে কাজ করতে পারবেন এবং প্রতিদিন ২,০০০ টাকা পাবেন। এখনই যোগ দিন: wa.me/8801865655560",['wa.me/8801865655560'],1,1,19,19,13,1,0,1,0,0,0,0,"আপনার সিভি পাস হয়েছে এবং আপনি বাড়ি থেকে আপনার মোবাইল ফোনের মাধ্যমে কাজ করতে পারবেন এবং প্রতিদিন ২,০০০ টাকা পাবেন। এখনই যোগ দিন:  [URL] ",137,1,19,19,13,1,0,1,0,0,0,0,1,19,19,13,1,0,1,0,0,0,0,"আপনার সিভি পাস হয়েছে এবং আপনি বাড়ি থেকে আপনার মোবাইল ফোনের মাধ্যমে কাজ করতে পারবেন এবং প্রতিদিন ২,০০০ টাকা পাবেন। এখনই যোগ দিন: wa.me/8801865655560","আপনার সিভি পাস হয়েছে এবং আপনি বাড়ি থেকে আপনার মোবাইল ফোনের মাধ্যমে কাজ করতে পারবেন এবং প্রতিদিন ২,০০০ টাকা পাবেন। এখনই যোগ দিন: wa.me/8801865655560",1,1,17,2,1,149,24,0,0,1,1,1,41,1,1,0,0,104,4,0.9629629629629629,0.037037037037037035,1,1
normal,আসসালামু আলাইকুম। আপনি কেমন আছেন? অনেক দিন খোঁজ নিই না।,Bengali,0,0,আসসালামু আলাইকুম। আপনি কেমন আছেন? অনেক দিন খোঁজ নিই না।,আসসালামু আলাইকুম। আপনি কেমন আছেন? অনেক দিন খোঁজ নিই না।,[],0,0,0,0,0,0,0,0,0,0,0,0,আসসালামু আলাইকুম। আপনি কেমন আছেন? অনেক দিন খোঁজ নিই না।,55,0,0,0,0,0,0,0,0,0,0,0,0,0,0,0,0,0,0,0,0,0,0,আসসালামু আলাইকুম। আপনি কেমন আছেন? অনেক দিন খোঁজ নিই না।,আসসালামু আলাইকুম। আপনি কেমন আছেন? অনেক দিন খোঁজ নিই না।,0,0,0,0,0,55,10,0,1,0,0,0,17,0,0,0,0,43,0,1.0,0.0,1,0
promo,"৩৫জিবি+৮০০মিনিট-৬০০টাকা-৩০দিন(বোনাসসহ), নিতে *১২১*৫২৬২# বা mygp.li/a8",Bengali,1,1,"৩৫জিবি+৮০০মিনিট-৬০০টাকা-৩০দিন(বোনাসসহ), নিতে *১২১*৫২৬২# বা mygp.li/a8","৩৫জিবি+৮০০মিনিট-৬০০টাকা-৩০দিন(বোনাসসহ), নিতে *১২১*৫২৬২# বা mygp.li/a8",['mygp.li/a8'],1,1,10,10,1,1,0,1,0,0,0,0,"৩৫জিবি+৮০০মিনিট-৬০০টাকা-৩০দিন(বোনাসসহ), নিতে *১২১*৫২৬২# বা  [URL] ",66,1,10,10,1,1,0,1,0,0,0,0,1,10,10,1,1,0,1,0,0,0,0,"৩৫জিবি+৮০০মিনিট-৬০০টাকা-৩০দিন(বোনাসসহ), নিতে *১২১*৫২৬২# বা mygp.li/a8","৩৫জিবি+৮০০মিনিট-৬০০টাকা-৩০দিন(বোনাসসহ), নিতে *১২১*৫২৬২# বা mygp.li/a8",0,0,18,7,1,69,5,0,0,1,1,0,23,1,1,0,0,46,7,0.8679245283018868,0.1320754716981132,1,1
promo,"রবির মেগা ইন্টারনেট প্যাক – ২০জিবি মাত্র ১৯৯ টাকা, ৩০ দিনের জন্য। মিস করবেন না! *123*0199# ডায়াল করুন।",Bengali,0,1,"রবির মেগা ইন্টারনেট প্যাক – ২০জিবি মাত্র ১৯৯ টাকা, ৩০ দিনের জন্য। মিস করবেন না! *123*0199# ডায়াল করুন।","রবির মেগা ইন্টারনেট প্যাক - ২০জিবি মাত্র ১৯৯ টাকা, ৩০ দিনের জন্য। মিস করবেন না! *123*0199# ডায়াল করুন।",[],0,0,0,0,0,0,0,0,0,0,0,0,"রবির মেগা ইন্টারনেট প্যাক - ২০জিবি মাত্র ১৯৯ টাকা, ৩০ দিনের জন্য। মিস করবেন না! *123*0199# ডায়াল করুন।",103,0,0,0,0,0,0,0,0,0,0,0,0,0,0,0,0,0,0,0,0,0,0,"রবির মেগা ইন্টারনেট প্যাক – ২০জিবি মাত্র ১৯৯ টাকা, ৩০ দিনের জন্য। মিস করবেন না! *123*0199# ডায়াল করুন।","রবির মেগা ইন্টারনেট প্যাক – ২০জিবি মাত্র ১৯৯ টাকা, ৩০ দিনের জন্য। মিস করবেন না! *123*0199# ডায়াল করুন।",0,0,14,5,1,103,18,1,0,1,0,0,32,1,1,0,0,71,0,1.0,0.0,1,0
smish,"ঘরে বসে অনেক ভাবে ইনকাম করা যায়। যেমন কেউ ইউটিউবে ভিডিও তৈরি করে কেউ ব্লক তৈরি করে কেউ রিভিউ দেয় ইত্যাদি করে ইনকাম করা যায়। যদি আপনি এগুলা করতে না পারেন আরো সহ্জ পদ্ধতিতে দিতে ইনকাম করতে পারেন। এই অ্যাপসটা থেকে আমি অনেক টাকা ইনকাম করেছি। মাত্র ৫০ টাকা হলেই টাকা বিকাশে উইড্রো করা যায়। ভালো লাগলে অন্যদের সাথেও শেয়ার করুন আর নিচের দেয়া লিংক থেকে অ্যাপসটি ডাউনলোড করে নিবেন।

বি: দ্রষ্টব্য: গেমটি ডাউনলোড হতে একটু সময় লাগে তাই ধৈর্য ধরে Download দিয়ে রাখুন।

Join MSL to play exciting games online and WIN real CASH daily. Download MSL APP Now

https://refer.mslgames.com/YfrcqEcoToos53HN7",Bengali,1,2,"ঘরে বসে অনেক ভাবে ইনকাম করা যায়। যেমন কেউ ইউটিউবে ভিডিও তৈরি করে কেউ ব্লক তৈরি করে কেউ রিভিউ দেয় ইত্যাদি করে ইনকাম করা যায়। যদি আপনি এগুলা করতে না পারেন আরো সহ্জ পদ্ধতিতে দিতে ইনকাম করতে পারেন। এই অ্যাপসটা থেকে আমি অনেক টাকা ইনকাম করেছি। মাত্র ৫০ টাকা হলেই টাকা বিকাশে উইড্রো করা যায়। ভালো লাগলে অন্যদের সাথেও শেয়ার করুন আর নিচের দেয়া লিংক থেকে অ্যাপসটি ডাউনলোড করে নিবেন।

বি: দ্রষ্টব্য: গেমটি ডাউনলোড হতে একটু সময় লাগে তাই ধৈর্য ধরে Download দিয়ে রাখুন।

Join MSL to play exciting games online and WIN real CASH daily. Download MSL APP Now

https://refer.mslgames.com/YfrcqEcoToos53HN7",ঘরে বসে অনেক ভাবে ইনকাম করা যায়। যেমন কেউ ইউটিউবে ভিডিও তৈরি করে কেউ ব্লক তৈরি করে কেউ রিভিউ দেয় ইত্যাদি করে ইনকাম করা যায়। যদি আপনি এগুলা করতে না পারেন আরো সহ্জ পদ্ধতিতে দিতে ইনকাম করতে পারেন। এই অ্যাপসটা থেকে আমি অনেক টাকা ইনকাম করেছি। মাত্র ৫০ টাকা হলেই টাকা বিকাশে উইড্রো করা যায়। ভালো লাগলে অন্যদের সাথেও শেয়ার করুন আর নিচের দেয়া লিংক থেকে অ্যাপসটি ডাউনলোড করে নিবেন। বি: দ্রষ্টব্য: গেমটি ডাউনলোড হতে একটু সময় লাগে তাই ধৈর্য ধরে Download দিয়ে রাখুন। Join MSL to play exciting games online and WIN real CASH daily. Download MSL APP Now https://refer.mslgames.com/YfrcqEcoToos53HN7,['https://refer.mslgames.com/YfrcqEcoToos53HN7'],1,1,44,44,3,2,0,3,1,0,0,0,ঘরে বসে অনেক ভাবে ইনকাম করা যায়। যেমন কেউ ইউটিউবে ভিডিও তৈরি করে কেউ ব্লক তৈরি করে কেউ রিভিউ দেয় ইত্যাদি করে ইনকাম করা যায়। যদি আপনি এগুলা করতে না পারেন আরো সহ্জ পদ্ধতিতে দিতে ইনকাম করতে পারেন। এই অ্যাপসটা থেকে আমি অনেক টাকা ইনকাম করেছি। মাত্র ৫০ টাকা হলেই টাকা বিকাশে উইড্রো করা যায়। ভালো লাগলে অন্যদের সাথেও শেয়ার করুন আর নিচের দেয়া লিংক থেকে অ্যাপসটি ডাউনলোড করে নিবেন। বি: দ্রষ্টব্য: গেমটি ডাউনলোড হতে একটু সময় লাগে তাই ধৈর্য ধরে Download দিয়ে রাখুন। Join MSL to play exciting games online and WIN real CASH daily. Download MSL APP Now  [URL] ,555,1,44,44,3,2,0,3,1,0,0,0,1,44,44,3,2,0,3,1,0,0,0,"ঘরে বসে অনেক ভাবে ইনকাম করা যায়। যেমন কেউ ইউটিউবে ভিডিও তৈরি করে কেউ ব্লক তৈরি করে কেউ রিভিউ দেয় ইত্যাদি করে ইনকাম করা যায়। যদি আপনি এগুলা করতে না পারেন আরো সহ্জ পদ্ধতিতে দিতে ইনকাম করতে পারেন। এই অ্যাপসটা থেকে আমি অনেক টাকা ইনকাম করেছি। মাত্র ৫০ টাকা হলেই টাকা বিকাশে উইড্রো করা যায়। ভালো লাগলে অন্যদের সাথেও শেয়ার করুন আর নিচের দেয়া লিংক থেকে অ্যাপসটি ডাউনলোড করে নিবেন।

বি: দ্রষ্টব্য: গেমটি ডাউনলোড হতে একটু সময় লাগে তাই ধৈর্য ধরে Download দিয়ে রাখুন।

Join MSL to play exciting games online and WIN real CASH daily. Download MSL APP Now

https://refer.mslgames.com/YfrcqEcoToos53HN7",ঘরে বসে অনেক ভাবে ইনকাম করা যায়। যেমন কেউ ইউটিউবে ভিডিও তৈরি করে কেউ ব্লক তৈরি করে কেউ রিভিউ দেয় ইত্যাদি করে ইনকাম করা যায়। যদি আপনি এগুলা করতে না পারেন আরো সহ্জ পদ্ধতিতে দিতে ইনকাম করতে পারেন। এই অ্যাপসটা থেকে আমি অনেক টাকা ইনকাম করেছি। মাত্র ৫০ টাকা হলেই টাকা বিকাশে উইড্রো করা যায়। ভালো লাগলে অন্যদের সাথেও শেয়ার করুন আর নিচের দেয়া লিংক থেকে অ্যাপসটি ডাউনলোড করে নিবেন। বি: দ্রষ্টব্য: গেমটি ডাউনলোড হতে একটু সময় লাগে তাই ধৈর্য ধরে Download দিয়ে রাখুন। Join MSL to play exciting games online and WIN real CASH daily. Download MSL APP Now https://refer.mslgames.com/YfrcqEcoToos53HN7,0,0,5,3,1,592,101,0,0,0,3,3,149,3,1,0,0,362,111,0.7653276955602537,0.2346723044397463,1,1
normal,আজকে দুপুরে মোবাইলের চার্জ শেষ হয়ে গিয়েছিলো। একেবারে অফলাইনে ছিলাম।,Bengali,0,0,আজকে দুপুরে মোবাইলের চার্জ শেষ হয়ে গিয়েছিলো। একেবারে অফলাইনে ছিলাম।,আজকে দুপুরে মোবাইলের চার্জ শেষ হয়ে গিয়েছিলো। একেবারে অফলাইনে ছিলাম।,[],0,0,0,0,0,0,0,0,0,0,0,0,আজকে দুপুরে মোবাইলের চার্জ শেষ হয়ে গিয়েছিলো। একেবারে অফলাইনে ছিলাম।,69,0,0,0,0,0,0,0,0,0,0,0,0,0,0,0,0,0,0,0,0,0,0,আজকে দুপুরে মোবাইলের চার্জ শেষ হয়ে গিয়েছিলো। একেবারে অফলাইনে ছিলাম।,আজকে দুপুরে মোবাইলের চার্জ শেষ হয়ে গিয়েছিলো। একেবারে অফলাইনে ছিলাম।,0,0,0,0,0,69,10,0,0,0,0,0,26,0,0,0,0,58,0,1.0,0.0,1,0
smish,জরুরি আপডেট: আপনার PF একাউন্ট ব্লক। আনব্লক করতে OTP: 8743 দিন।,Bengali,0,2,জরুরি আপডেট: আপনার PF একাউন্ট ব্লক। আনব্লক করতে OTP: 8743 দিন।,জরুরি আপডেট: আপনার PF একাউন্ট ব্লক। আনব্লক করতে OTP: 8743 দিন।,[],0,0,0,0,0,0,0,0,0,0,0,0,জরুরি আপডেট: আপনার PF একাউন্ট ব্লক। আনব্লক করতে OTP: 8743 দিন।,62,0,0,0,0,0,0,0,0,0,0,0,0,0,0,0,0,0,0,0,0,0,0,জরুরি আপডেট: আপনার PF একাউন্ট ব্লক। আনব্লক করতে OTP: 8743 দিন।,জরুরি আপডেট: আপনার PF একাউন্ট ব্লক। আনব্লক করতে OTP: 8743 দিন।,0,0,4,1,1,62,11,0,0,0,0,2,14,0,0,1,1,39,5,0.8863636363636364,0.11363636363636363,1,1
normal,আজ সকালে বাসায় বিদ্যুৎ ছিল না। সবকিছু গরম আর অস্বস্তিকর লাগছিলো। বিদ্যুৎ আসার পর মনে হলো স্বস্তি পেয়েছি।,Bengali,0,0,আজ সকালে বাসায় বিদ্যুৎ ছিল না। সবকিছু গরম আর অস্বস্তিকর লাগছিলো। বিদ্যুৎ আসার পর মনে হলো স্বস্তি পেয়েছি।,আজ সকালে বাসায় বিদ্যুৎ ছিল না। সবকিছু গরম আর অস্বস্তিকর লাগছিলো। বিদ্যুৎ আসার পর মনে হলো স্বস্তি পেয়েছি।,[],0,0,0,0,0,0,0,0,0,0,0,0,আজ সকালে বাসায় বিদ্যুৎ ছিল না। সবকিছু গরম আর অস্বস্তিকর লাগছিলো। বিদ্যুৎ আসার পর মনে হলো স্বস্তি পেয়েছি।,106,0,0,0,0,0,0,0,0,0,0,0,0,0,0,0,0,0,0,0,0,0,0,আজ সকালে বাসায় বিদ্যুৎ ছিল না। সবকিছু গরম আর অস্বস্তিকর লাগছিলো। বিদ্যুৎ আসার পর মনে হলো স্বস্তি পেয়েছি।,আজ সকালে বাসায় বিদ্যুৎ ছিল না। সবকিছু গরম আর অস্বস্তিকর লাগছিলো। বিদ্যুৎ আসার পর মনে হলো স্বস্তি পেয়েছি।,0,0,0,0,0,106,18,0,0,0,0,0,34,0,0,0,0,86,0,1.0,0.0,1,0
promo,দারাজে মেগা সেল! সকল পণ্যে ৫০% পর্যন্ত ছাড়। আজই কিনুন!,Bengali,0,1,দারাজে মেগা সেল! সকল পণ্যে ৫০% পর্যন্ত ছাড়। আজই কিনুন!,দারাজে মেগা সেল! সকল পণ্যে ৫০% পর্যন্ত ছাড়। আজই কিনুন!,[],0,0,0,0,0,0,0,0,0,0,0,0,দারাজে মেগা সেল! সকল পণ্যে ৫০% পর্যন্ত ছাড়। আজই কিনুন!,55,0,0,0,0,0,0,0,0,0,0,0,0,0,0,0,0,0,0,0,0,0,0,দারাজে মেগা সেল! সকল পণ্যে ৫০% পর্যন্ত ছাড়। আজই কিনুন!,দারাজে মেগা সেল! সকল পণ্যে ৫০% পর্যন্ত ছাড়। আজই কিনুন!,0,0,2,1,1,55,10,2,0,0,0,0,18,0,0,0,0,42,0,1.0,0.0,1,0
smish,আপনার DBBL কার্ড থেকে অননুমোদিত উত্তোলন হয়েছে। বন্ধ করতে login-dbblsecure.net এ প্রবেশ করুন।,Bengali,1,2,আপনার DBBL কার্ড থেকে অননুমোদিত উত্তোলন হয়েছে। বন্ধ করতে login-dbblsecure.net এ প্রবেশ করুন।,আপনার DBBL কার্ড থেকে অননুমোদিত উত্তোলন হয়েছে। বন্ধ করতে login-dbblsecure.net এ প্রবেশ করুন।,['login-dbblsecure.net'],1,1,20,20,0,1,1,0,0,0,0,0,আপনার DBBL কার্ড থেকে অননুমোদিত উত্তোলন হয়েছে। বন্ধ করতে  [URL]  এ প্রবেশ করুন।,80,1,20,20,0,1,1,0,0,0,0,0,1,20,20,0,1,1,0,0,0,0,0,আপনার DBBL কার্ড থেকে অননুমোদিত উত্তোলন হয়েছে। বন্ধ করতে login-dbblsecure.net এ প্রবেশ করুন।,আপনার DBBL কার্ড থেকে অননুমোদিত উত্তোলন হয়েছে। বন্ধ করতে login-dbblsecure.net এ প্রবেশ করুন।,0,0,0,0,0,93,13,0,0,0,1,0,22,0,0,1,1,55,22,0.7142857142857143,0.2857142857142857,1,1
smish,"যাদের টেলিগ্রাম আছে তাঁরা আজ থেকে অনেক টাকা ইনকাম করতে পারবেন।https://t.me/Moshiur3412_bot?start=r00372672385
দিনে ১ ঘন্টা সময় ব্যয় করে 500💵 থেকে 1000💵 টাকা ইনকাম করুন। কোন এড ছাড়াই। আপনি কল্পনা করতে পারবেন না যে বিশাল বড় সুযোগ চাচ্ছে আপনার সামনে থেকে💸😱।তাই এই সুযোগ মিস করতে না চাইলে উপরের টেলিগ্রাম লিংকে ক্লিক করুন এখুনি",Bengali,1,2,"যাদের টেলিগ্রাম আছে তাঁরা আজ থেকে অনেক টাকা ইনকাম করতে পারবেন।https://t.me/Moshiur3412_bot?start=r00372672385
দিনে ১ ঘন্টা সময় ব্যয় করে 500💵 থেকে 1000💵 টাকা ইনকাম করুন। কোন এড ছাড়াই। আপনি কল্পনা করতে পারবেন না যে বিশাল বড় সুযোগ চাচ্ছে আপনার সামনে থেকে💸😱।তাই এই সুযোগ মিস করতে না চাইলে উপরের টেলিগ্রাম লিংকে ক্লিক করুন এখুনি",যাদের টেলিগ্রাম আছে তাঁরা আজ থেকে অনেক টাকা ইনকাম করতে পারবেন।https://t.me/Moshiur3412_bot?start=r00372672385 দিনে ১ ঘন্টা সময় ব্যয় করে 500💵 থেকে 1000💵 টাকা ইনকাম করুন। কোন এড ছাড়াই। আপনি কল্পনা করতে পারবেন না যে বিশাল বড় সুযোগ চাচ্ছে আপনার সামনে থেকে💸😱।তাই এই সুযোগ মিস করতে না চাইলে উপরের টেলিগ্রাম লিংকে ক্লিক করুন এখুনি,['https://t.me/Moshiur3412_bot?start=r00372672385'],1,1,47,47,15,1,0,3,1,0,0,0,যাদের টেলিগ্রাম আছে তাঁরা আজ থেকে অনেক টাকা ইনকাম করতে পারবেন। [URL]  দিনে ১ ঘন্টা সময় ব্যয় করে 500💵 থেকে 1000💵 টাকা ইনকাম করুন। কোন এড ছাড়াই। আপনি কল্পনা করতে পারবেন না যে বিশাল বড় সুযোগ চাচ্ছে আপনার সামনে থেকে💸😱।তাই এই সুযোগ মিস করতে না চাইলে উপরের টেলিগ্রাম লিংকে ক্লিক করুন এখুনি,287,1,47,47,15,1,0,3,1,0,0,0,1,47,47,15,1,0,3,1,0,0,0,"যাদের টেলিগ্রাম আছে তাঁরা আজ থেকে অনেক টাকা ইনকাম করতে পারবেন।https://t.me/Moshiur3412_bot?start=r00372672385
দিনে ১ ঘন্টা সময় ব্যয় করে 500💵 থেকে 1000💵 টাকা ইনকাম করুন। কোন এড ছাড়াই। আপনি কল্পনা করতে পারবেন না যে বিশাল বড় সুযোগ চাচ্ছে আপনার সামনে থেকে💸😱।তাই এই সুযোগ মিস করতে না চাইলে উপরের টেলিগ্রাম লিংকে ক্লিক করুন এখুনি",যাদের টেলিগ্রাম আছে তাঁরা আজ থেকে অনেক টাকা ইনকাম করতে পারবেন।https://t.me/Moshiur3412_bot?start=r00372672385 দিনে ১ ঘন্টা সময় ব্যয় করে 500💵 থেকে 1000💵 টাকা ইনকাম করুন। কোন এড ছাড়াই। আপনি কল্পনা করতে পারবেন না যে বিশাল বড় সুযোগ চাচ্ছে আপনার সামনে থেকে💸😱।তাই এই সুযোগ মিস করতে না চাইলে উপরের টেলিগ্রাম লিংকে ক্লিক করুন এখুনি,0,0,23,5,1,327,51,0,1,0,1,1,94,2,1,0,0,215,24,0.899581589958159,0.100418410041841,1,1
normal,আজ খুব ঠাণ্ডা হচ্ছে।,Bengali,0,0,আজ খুব ঠাণ্ডা হচ্ছে।,আজ খুব ঠাণ্ডা হচ্ছে।,[],0,0,0,0,0,0,0,0,0,0,0,0,আজ খুব ঠাণ্ডা হচ্ছে।,20,0,0,0,0,0,0,0,0,0,0,0,0,0,0,0,0,0,0,0,0,0,0,আজ খুব ঠাণ্ডা হচ্ছে।,আজ খুব ঠাণ্ডা হচ্ছে।,0,0,0,0,0,20,4,0,0,0,0,0,7,0,0,0,0,16,0,1.0,0.0,1,0
smish,"৫,০০০ টাকা বিনিয়োগে ১৫,০০০ টাকা অর্জন করুন! কল করুন: +8801916677889",Bengali,0,2,"৫,০০০ টাকা বিনিয়োগে ১৫,০০০ টাকা অর্জন করুন! কল করুন: +8801916677889","৫,০০০ টাকা বিনিয়োগে ১৫,০০০ টাকা অর্জন করুন! কল করুন: +8801916677889",[],0,0,0,0,0,0,0,0,0,0,0,0,"৫,০০০ টাকা বিনিয়োগে ১৫,০০০ টাকা অর্জন করুন! কল করুন: +8801916677889",68,0,0,0,0,0,0,0,0,0,0,0,0,0,0,0,0,0,0,0,0,0,0,"৫,০০০ টাকা বিনিয়োগে ১৫,০০০ টাকা অর্জন করুন! কল করুন: +8801916677889","৫,০০০ টাকা বিনিয়োগে ১৫,০০০ টাকা অর্জন করুন! কল করুন: +8801916677889",1,1,22,3,1,68,10,1,0,2,0,1,17,2,1,0,0,41,0,1.0,0.0,1,0
smish,সোনালী ব্যাংক অ্যাকাউন্ট ব্লক হয়েছে। পুনরায় চালু করতে এখানে ক্লিক করুন: https://wa.me/8801818899001,Bengali,1,2,সোনালী ব্যাংক অ্যাকাউন্ট ব্লক হয়েছে। পুনরায় চালু করতে এখানে ক্লিক করুন: https://wa.me/8801818899001,সোনালী ব্যাংক অ্যাকাউন্ট ব্লক হয়েছে। পুনরায় চালু করতে এখানে ক্লিক করুন: https://wa.me/8801818899001,['https://wa.me/8801818899001'],1,1,27,27,13,1,0,3,1,0,0,0,সোনালী ব্যাংক অ্যাকাউন্ট ব্লক হয়েছে। পুনরায় চালু করতে এখানে ক্লিক করুন:  [URL] ,81,1,27,27,13,1,0,3,1,0,0,0,1,27,27,13,1,0,3,1,0,0,0,সোনালী ব্যাংক অ্যাকাউন্ট ব্লক হয়েছে। পুনরায় চালু করতে এখানে ক্লিক করুন: https://wa.me/8801818899001,সোনালী ব্যাংক অ্যাকাউন্ট ব্লক হয়েছে। পুনরায় চালু করতে এখানে ক্লিক করুন: https://wa.me/8801818899001,1,1,13,1,1,101,12,0,0,0,1,2,32,0,0,1,1,61,9,0.8714285714285714,0.12857142857142856,1,1
smish,"ইমার্জেন্সি নোটিশ! আপনার মোবাইল নম্বর ০১৭১১২২৩৩৪৪ টি একটি আন্তর্জাতিক প্রতারণামূলক চক্রের তালিকায় অন্তর্ভুক্ত হয়েছে। এই নম্বর ব্যবহার করে বিভিন্ন অবৈধ কার্যকলাপের অভিযোগ এসেছে যার মধ্যে রয়েছে অনলাইন জুয়া, সাইবার বুলিং এবং ফ্রড। আপনার নাম পরিষ্কার রাখতে এবং আইনি ঝামেলা এড়াতে পরবর্তী ২৪ ঘন্টার মধ্যে আপনার পরিচয় যাচাই করতে হবে। clear-name-urgent.ga লিংকে গিয়ে সম্পূর্ণ তথ্য দিন।",Bengali,1,2,"ইমার্জেন্সি নোটিশ! আপনার মোবাইল নম্বর ০১৭১১২২৩৩৪৪ টি একটি আন্তর্জাতিক প্রতারণামূলক চক্রের তালিকায় অন্তর্ভুক্ত হয়েছে। এই নম্বর ব্যবহার করে বিভিন্ন অবৈধ কার্যকলাপের অভিযোগ এসেছে যার মধ্যে রয়েছে অনলাইন জুয়া, সাইবার বুলিং এবং ফ্রড। আপনার নাম পরিষ্কার রাখতে এবং আইনি ঝামেলা এড়াতে পরবর্তী ২৪ ঘন্টার মধ্যে আপনার পরিচয় যাচাই করতে হবে। clear-name-urgent.ga লিংকে গিয়ে সম্পূর্ণ তথ্য দিন।","ইমার্জেন্সি নোটিশ! আপনার মোবাইল নম্বর ০১৭১১২২৩৩৪৪ টি একটি আন্তর্জাতিক প্রতারণামূলক চক্রের তালিকায় অন্তর্ভুক্ত হয়েছে। এই নম্বর ব্যবহার করে বিভিন্ন অবৈধ কার্যকলাপের অভিযোগ এসেছে যার মধ্যে রয়েছে অনলাইন জুয়া, সাইবার বুলিং এবং ফ্রড। আপনার নাম পরিষ্কার রাখতে এবং আইনি ঝামেলা এড়াতে পরবর্তী ২৪ ঘন্টার মধ্যে আপনার পরিচয় যাচাই করতে হবে। clear-name-urgent.ga লিংকে গিয়ে সম্পূর্ণ তথ্য দিন।",['clear-name-urgent.ga'],1,1,20,20,0,1,2,0,0,0,0,0,"ইমার্জেন্সি নোটিশ! আপনার মোবাইল নম্বর ০১৭১১২২৩৩৪৪ টি একটি আন্তর্জাতিক প্রতারণামূলক চক্রের তালিকায় অন্তর্ভুক্ত হয়েছে। এই নম্বর ব্যবহার করে বিভিন্ন অবৈধ কার্যকলাপের অভিযোগ এসেছে যার মধ্যে রয়েছে অনলাইন জুয়া, সাইবার বুলিং এবং ফ্রড। আপনার নাম পরিষ্কার রাখতে এবং আইনি ঝামেলা এড়াতে পরবর্তী ২৪ ঘন্টার মধ্যে আপনার পরিচয় যাচাই করতে হবে।  [URL]  লিংকে গিয়ে সম্পূর্ণ তথ্য দিন।",371,1,20,20,0,1,2,0,0,0,0,0,1,20,20,0,1,2,0,0,0,0,0,"ইমার্জেন্সি নোটিশ! আপনার মোবাইল নম্বর ০১৭১১২২৩৩৪৪ টি একটি আন্তর্জাতিক প্রতারণামূলক চক্রের তালিকায় অন্তর্ভুক্ত হয়েছে। এই নম্বর ব্যবহার করে বিভিন্ন অবৈধ কার্যকলাপের অভিযোগ এসেছে যার মধ্যে রয়েছে অনলাইন জুয়া, সাইবার বুলিং এবং ফ্রড। আপনার নাম পরিষ্কার রাখতে এবং আইনি ঝামেলা এড়াতে পরবর্তী ২৪ ঘন্টার মধ্যে আপনার পরিচয় যাচাই করতে হবে। clear-name-urgent.ga লিংকে গিয়ে সম্পূর্ণ তথ্য দিন।","ইমার্জেন্সি নোটিশ! আপনার মোবাইল নম্বর ০১৭১১২২৩৩৪৪ টি একটি আন্তর্জাতিক প্রতারণামূলক চক্রের তালিকায় অন্তর্ভুক্ত হয়েছে। এই নম্বর ব্যবহার করে বিভিন্ন অবৈধ কার্যকলাপের অভিযোগ এসেছে যার মধ্যে রয়েছে অনলাইন জুয়া, সাইবার বুলিং এবং ফ্রড। আপনার নাম পরিষ্কার রাখতে এবং আইনি ঝামেলা এড়াতে পরবর্তী ২৪ ঘন্টার মধ্যে আপনার পরিচয় যাচাই করতে হবে। clear-name-urgent.ga লিংকে গিয়ে সম্পূর্ণ তথ্য দিন।",0,0,13,2,1,384,55,1,0,1,1,0,115,0,0,1,1,304,17,0.9470404984423676,0.0529595015576324,1,1
smish,সর্তকতা! আপনার চাকরির সার্টিফিকেট ভেরিফাই করুন: verify-job.ml,Bengali,1,2,সর্তকতা! আপনার চাকরির সার্টিফিকেট ভেরিফাই করুন: verify-job.ml,সর্তকতা! আপনার চাকরির সার্টিফিকেট ভেরিফাই করুন: verify-job.ml,['verify-job.ml'],1,1,13,13,0,1,1,0,0,0,0,0,সর্তকতা! আপনার চাকরির সার্টিফিকেট ভেরিফাই করুন:  [URL] ,55,1,13,13,0,1,1,0,0,0,0,0,1,13,13,0,1,1,0,0,0,0,0,সর্তকতা! আপনার চাকরির সার্টিফিকেট ভেরিফাই করুন: verify-job.ml,সর্তকতা! আপনার চাকরির সার্টিফিকেট ভেরিফাই করুন: verify-job.ml,0,0,0,0,0,61,7,1,0,0,1,1,18,0,0,2,1,40,11,0.7843137254901961,0.21568627450980393,1,1
normal,তুমি কি স্কুলে যাচ্ছো?,Bengali,0,0,তুমি কি স্কুলে যাচ্ছো?,তুমি কি স্কুলে যাচ্ছো?,[],0,0,0,0,0,0,0,0,0,0,0,0,তুমি কি স্কুলে যাচ্ছো?,22,0,0,0,0,0,0,0,0,0,0,0,0,0,0,0,0,0,0,0,0,0,0,তুমি কি স্কুলে যাচ্ছো?,তুমি কি স্কুলে যাচ্ছো?,0,0,0,0,0,22,4,0,1,0,0,0,10,0,0,0,0,18,0,1.0,0.0,1,0
promo,"ফুলঅন ইন্টারনেটিংয়ে পকেট সেভিং,নাও ২জিবি@৳৬৯,৭ দিন- cutt.ly/CwUPKGTR",Bengali,1,1,"ফুলঅন ইন্টারনেটিংয়ে পকেট সেভিং,নাও ২জিবি@৳৬৯,৭ দিন- cutt.ly/CwUPKGTR","ফুলঅন ইন্টারনেটিংয়ে পকেট সেভিং,নাও ২জিবি@৳৬৯,৭ দিন- cutt.ly/CwUPKGTR",['cutt.ly/CwUPKGTR'],1,1,16,16,0,1,0,1,0,0,0,1,"ফুলঅন ইন্টারনেটিংয়ে পকেট সেভিং,নাও ২জিবি@৳৬৯,৭ দিন-  [URL] ",60,1,16,16,0,1,0,1,0,0,0,1,1,16,16,0,1,0,1,0,0,0,1,"ফুলঅন ইন্টারনেটিংয়ে পকেট সেভিং,নাও ২জিবি@৳৬৯,৭ দিন- cutt.ly/CwUPKGTR","ফুলঅন ইন্টারনেটিংয়ে পকেট সেভিং,নাও ২জিবি@৳৬৯,৭ দিন- cutt.ly/CwUPKGTR",0,0,4,2,1,69,7,0,0,2,1,0,23,1,1,0,0,43,14,0.7543859649122807,0.24561403508771928,1,1
normal,"আমি আজকে নতুন ফোন কিনেছি, Samsung Galaxy A15। দামটা একটু বেশি হয়েছে, কিন্তু ক্যামেরা একদম অসাধারণ!",Bengali,0,0,"আমি আজকে নতুন ফোন কিনেছি, Samsung Galaxy A15। দামটা একটু বেশি হয়েছে, কিন্তু ক্যামেরা একদম অসাধারণ!","আমি আজকে নতুন ফোন কিনেছি, Samsung Galaxy A15। দামটা একটু বেশি হয়েছে, কিন্তু ক্যামেরা একদম অসাধারণ!",[],0,0,0,0,0,0,0,0,0,0,0,0,"আমি আজকে নতুন ফোন কিনেছি, Samsung Galaxy A15। দামটা একটু বেশি হয়েছে, কিন্তু ক্যামেরা একদম অসাধারণ!",99,0,0,0,0,0,0,0,0,0,0,0,0,0,0,0,0,0,0,0,0,0,0,"আমি আজকে নতুন ফোন কিনেছি, Samsung Galaxy A15। দামটা একটু বেশি হয়েছে, কিন্তু ক্যামেরা একদম অসাধারণ!","আমি আজকে নতুন ফোন কিনেছি, Samsung Galaxy A15। দামটা একটু বেশি হয়েছে, কিন্তু ক্যামেরা একদম অসাধারণ!",0,0,2,1,1,99,16,1,0,2,0,0,28,0,0,0,0,64,14,0.8205128205128205,0.1794871794871795,1,1
promo,Daraz Big Sale—ইলেকট্রনিক্সে ৫০% পর্যন্ত ছাড়। আজ রাত ১২টা পর্যন্ত।,Bengali,0,1,Daraz Big Sale—ইলেকট্রনিক্সে ৫০% পর্যন্ত ছাড়। আজ রাত ১২টা পর্যন্ত।,Daraz Big Sale - ইলেকট্রনিক্সে ৫০% পর্যন্ত ছাড়। আজ রাত ১২টা পর্যন্ত।,[],0,0,0,0,0,0,0,0,0,0,0,0,Daraz Big Sale - ইলেকট্রনিক্সে ৫০% পর্যন্ত ছাড়। আজ রাত ১২টা পর্যন্ত।,69,0,0,0,0,0,0,0,0,0,0,0,0,0,0,0,0,0,0,0,0,0,0,Daraz Big Sale—ইলেকট্রনিক্সে ৫০% পর্যন্ত ছাড়। আজ রাত ১২টা পর্যন্ত।,Daraz Big Sale—ইলেকট্রনিক্সে ৫০% পর্যন্ত ছাড়। আজ রাত ১২টা পর্যন্ত।,0,0,4,2,1,67,10,0,0,0,0,0,17,0,0,0,0,42,12,0.7777777777777778,0.2222222222222222,1,1
normal,ঈদ মোবারক!,Bengali,0,0,ঈদ মোবারক!,ঈদ মোবারক!,[],0,0,0,0,0,0,0,0,0,0,0,0,ঈদ মোবারক!,10,0,0,0,0,0,0,0,0,0,0,0,0,0,0,0,0,0,0,0,0,0,0,ঈদ মোবারক!,ঈদ মোবারক!,0,0,0,0,0,10,2,1,0,0,0,0,3,0,0,0,0,8,0,1.0,0.0,1,0
normal,"আব্বু, আজ বৃষ্টি হচ্ছে। আপনি ছাতা নিয়ে বের হবেন।",Bengali,0,0,"আব্বু, আজ বৃষ্টি হচ্ছে। আপনি ছাতা নিয়ে বের হবেন।","আব্বু, আজ বৃষ্টি হচ্ছে। আপনি ছাতা নিয়ে বের হবেন।",[],0,0,0,0,0,0,0,0,0,0,0,0,"আব্বু, আজ বৃষ্টি হচ্ছে। আপনি ছাতা নিয়ে বের হবেন।",49,0,0,0,0,0,0,0,0,0,0,0,0,0,0,0,0,0,0,0,0,0,0,"আব্বু, আজ বৃষ্টি হচ্ছে। আপনি ছাতা নিয়ে বের হবেন।","আব্বু, আজ বৃষ্টি হচ্ছে। আপনি ছাতা নিয়ে বের হবেন।",0,0,0,0,0,49,9,0,0,1,0,0,18,0,0,0,0,38,0,1.0,0.0,1,0
promo,ট্রাভেল প্যাকেজে অফার! কক্সবাজার ট্যুরে ৩০% ছাড়।,Bengali,0,1,ট্রাভেল প্যাকেজে অফার! কক্সবাজার ট্যুরে ৩০% ছাড়।,ট্রাভেল প্যাকেজে অফার! কক্সবাজার ট্যুরে ৩০% ছাড়।,[],0,0,0,0,0,0,0,0,0,0,0,0,ট্রাভেল প্যাকেজে অফার! কক্সবাজার ট্যুরে ৩০% ছাড়।,49,0,0,0,0,0,0,0,0,0,0,0,0,0,0,0,0,0,0,0,0,0,0,ট্রাভেল প্যাকেজে অফার! কক্সবাজার ট্যুরে ৩০% ছাড়।,ট্রাভেল প্যাকেজে অফার! কক্সবাজার ট্যুরে ৩০% ছাড়।,0,0,2,1,1,49,7,1,0,0,0,0,19,0,0,0,0,40,0,1.0,0.0,1,0
smish,"আপনার জমি বিক্রির টাকা জমা হয়েছে, কল করুন: +8801819899901",Bengali,0,2,"আপনার জমি বিক্রির টাকা জমা হয়েছে, কল করুন: +8801819899901","আপনার জমি বিক্রির টাকা জমা হয়েছে, কল করুন: +8801819899901",[],0,0,0,0,0,0,0,0,0,0,0,0,"আপনার জমি বিক্রির টাকা জমা হয়েছে, কল করুন: +8801819899901",58,0,0,0,0,0,0,0,0,0,0,0,0,0,0,0,0,0,0,0,0,0,0,"আপনার জমি বিক্রির টাকা জমা হয়েছে, কল করুন: +8801819899901","আপনার জমি বিক্রির টাকা জমা হয়েছে, কল করুন: +8801819899901",1,1,13,1,1,58,9,0,0,1,0,1,15,1,1,0,0,34,0,1.0,0.0,1,0
smish,জনতা ব্যাংক অ্যাকাউন্ট ব্লক হয়েছে। পুনরায় চালু করতে কল করুন: +8801815566778,Bengali,0,2,জনতা ব্যাংক অ্যাকাউন্ট ব্লক হয়েছে। পুনরায় চালু করতে কল করুন: +8801815566778,জনতা ব্যাংক অ্যাকাউন্ট ব্লক হয়েছে। পুনরায় চালু করতে কল করুন: +8801815566778,[],0,0,0,0,0,0,0,0,0,0,0,0,জনতা ব্যাংক অ্যাকাউন্ট ব্লক হয়েছে। পুনরায় চালু করতে কল করুন: +8801815566778,77,0,0,0,0,0,0,0,0,0,0,0,0,0,0,0,0,0,0,0,0,0,0,জনতা ব্যাংক অ্যাকাউন্ট ব্লক হয়েছে। পুনরায় চালু করতে কল করুন: +8801815566778,জনতা ব্যাংক অ্যাকাউন্ট ব্লক হয়েছে। পুনরায় চালু করতে কল করুন: +8801815566778,1,1,13,1,1,77,11,0,0,0,0,1,22,0,0,1,1,51,0,1.0,0.0,1,0
smish,মাশরাফির সাথে ডিনার করার সুযোগ পেতে বিপিএলে বাজি ধরুন। শুরু করুন: ebayisapidlld.altervista.org/,Bengali,1,2,মাশরাফির সাথে ডিনার করার সুযোগ পেতে বিপিএলে বাজি ধরুন। শুরু করুন: ebayisapidlld.altervista.org/,মাশরাফির সাথে ডিনার করার সুযোগ পেতে বিপিএলে বাজি ধরুন। শুরু করুন: ebayisapidlld.altervista.org/,['ebayisapidlld.altervista.org/'],1,1,29,29,0,2,0,1,0,0,0,0,মাশরাফির সাথে ডিনার করার সুযোগ পেতে বিপিএলে বাজি ধরুন। শুরু করুন:  [URL] ,73,1,29,29,0,2,0,1,0,0,0,0,1,29,29,0,2,0,1,0,0,0,0,মাশরাফির সাথে ডিনার করার সুযোগ পেতে বিপিএলে বাজি ধরুন। শুরু করুন: ebayisapidlld.altervista.org/,মাশরাফির সাথে ডিনার করার সুযোগ পেতে বিপিএলে বাজি ধরুন। শুরু করুন: ebayisapidlld.altervista.org/,0,0,0,0,0,95,12,0,0,0,2,1,26,0,0,0,0,53,26,0.6708860759493671,0.3291139240506329,1,1
smish,"https://t.me/Perfect_Money_Wallet_Pro_bot?start=r03883431946
দিনে ২০০-৩০০ টাকা ইনকাম করা খুবই সহজ",Bengali,1,2,"https://t.me/Perfect_Money_Wallet_Pro_bot?start=r03883431946
দিনে ২০০-৩০০ টাকা ইনকাম করা খুবই সহজ",https://t.me/Perfect_Money_Wallet_Pro_bot?start=r03883431946 দিনে ২০০-৩০০ টাকা ইনকাম করা খুবই সহজ,['https://t.me/Perfect_Money_Wallet_Pro_bot?start=r03883431946'],1,1,60,60,11,1,0,3,1,0,0,0, [URL]  দিনে ২০০-৩০০ টাকা ইনকাম করা খুবই সহজ,44,1,60,60,11,1,0,3,1,0,0,0,1,60,60,11,1,0,3,1,0,0,0,"https://t.me/Perfect_Money_Wallet_Pro_bot?start=r03883431946
দিনে ২০০-৩০০ টাকা ইনকাম করা খুবই সহজ",https://t.me/Perfect_Money_Wallet_Pro_bot?start=r03883431946 দিনে ২০০-৩০০ টাকা ইনকাম করা খুবই সহজ,0,0,17,3,1,97,8,0,1,0,1,1,15,1,1,0,0,29,38,0.43283582089552236,0.5671641791044776,1,1
normal,"বন্ধু, পরীক্ষার প্রস্তুতি কেমন? গণিতের কোন টপিক কঠিন লাগছে?",Bengali,0,0,"বন্ধু, পরীক্ষার প্রস্তুতি কেমন? গণিতের কোন টপিক কঠিন লাগছে?","বন্ধু, পরীক্ষার প্রস্তুতি কেমন? গণিতের কোন টপিক কঠিন লাগছে?",[],0,0,0,0,0,0,0,0,0,0,0,0,"বন্ধু, পরীক্ষার প্রস্তুতি কেমন? গণিতের কোন টপিক কঠিন লাগছে?",59,0,0,0,0,0,0,0,0,0,0,0,0,0,0,0,0,0,0,0,0,0,0,"বন্ধু, পরীক্ষার প্রস্তুতি কেমন? গণিতের কোন টপিক কঠিন লাগছে?","বন্ধু, পরীক্ষার প্রস্তুতি কেমন? গণিতের কোন টপিক কঠিন লাগছে?",0,0,0,0,0,59,9,0,2,1,0,0,20,0,0,0,0,48,0,1.0,0.0,1,0
normal,"বোন, আগামীকাল আমাদের পিকনিক। তুমি কি নিয়ে আসবে?",Bengali,0,0,"বোন, আগামীকাল আমাদের পিকনিক। তুমি কি নিয়ে আসবে?","বোন, আগামীকাল আমাদের পিকনিক। তুমি কি নিয়ে আসবে?",[],0,0,0,0,0,0,0,0,0,0,0,0,"বোন, আগামীকাল আমাদের পিকনিক। তুমি কি নিয়ে আসবে?",48,0,0,0,0,0,0,0,0,0,0,0,0,0,0,0,0,0,0,0,0,0,0,"বোন, আগামীকাল আমাদের পিকনিক। তুমি কি নিয়ে আসবে?","বোন, আগামীকাল আমাদের পিকনিক। তুমি কি নিয়ে আসবে?",0,0,0,0,0,48,8,0,1,1,0,0,18,0,0,0,0,38,0,1.0,0.0,1,0
promo,"GP গ্রাহকরা আজ পাচ্ছেন সুপার বোনাস: ২ জিবি মাত্র ২৯ টাকা, বৈধতা ২ দিন। সক্রিয় করতে *121*29# ডায়াল করুন। অফার আজ রাত পর্যন্ত।",Bengali,0,1,"GP গ্রাহকরা আজ পাচ্ছেন সুপার বোনাস: ২ জিবি মাত্র ২৯ টাকা, বৈধতা ২ দিন। সক্রিয় করতে *121*29# ডায়াল করুন। অফার আজ রাত পর্যন্ত।","GP গ্রাহকরা আজ পাচ্ছেন সুপার বোনাস: ২ জিবি মাত্র ২৯ টাকা, বৈধতা ২ দিন। সক্রিয় করতে *121*29# ডায়াল করুন। অফার আজ রাত পর্যন্ত।",[],0,0,0,0,0,0,0,0,0,0,0,0,"GP গ্রাহকরা আজ পাচ্ছেন সুপার বোনাস: ২ জিবি মাত্র ২৯ টাকা, বৈধতা ২ দিন। সক্রিয় করতে *121*29# ডায়াল করুন। অফার আজ রাত পর্যন্ত।",126,0,0,0,0,0,0,0,0,0,0,0,0,0,0,0,0,0,0,0,0,0,0,"GP গ্রাহকরা আজ পাচ্ছেন সুপার বোনাস: ২ জিবি মাত্র ২৯ টাকা, বৈধতা ২ দিন। সক্রিয় করতে *121*29# ডায়াল করুন। অফার আজ রাত পর্যন্ত।","GP গ্রাহকরা আজ পাচ্ছেন সুপার বোনাস: ২ জিবি মাত্র ২৯ টাকা, বৈধতা ২ দিন। সক্রিয় করতে *121*29# ডায়াল করুন। অফার আজ রাত পর্যন্ত।",0,0,9,5,1,126,23,0,0,1,0,1,39,1,1,0,0,89,2,0.978021978021978,0.02197802197802198,1,1
normal,শুভ বিবাহ বার্ষিকী!,Bengali,0,0,শুভ বিবাহ বার্ষিকী!,শুভ বিবাহ বার্ষিকী!,[],0,0,0,0,0,0,0,0,0,0,0,0,শুভ বিবাহ বার্ষিকী!,19,0,0,0,0,0,0,0,0,0,0,0,0,0,0,0,0,0,0,0,0,0,0,শুভ বিবাহ বার্ষিকী!,শুভ বিবাহ বার্ষিকী!,0,0,0,0,0,19,3,1,0,0,0,0,8,0,0,0,0,16,0,1.0,0.0,1,0
normal,"তুমি অনেক শক্তিশালী, সাহস রেখো।",Bengali,0,0,"তুমি অনেক শক্তিশালী, সাহস রেখো।","তুমি অনেক শক্তিশালী, সাহস রেখো।",[],0,0,0,0,0,0,0,0,0,0,0,0,"তুমি অনেক শক্তিশালী, সাহস রেখো।",31,0,0,0,0,0,0,0,0,0,0,0,0,0,0,0,0,0,0,0,0,0,0,"তুমি অনেক শক্তিশালী, সাহস রেখো।","তুমি অনেক শক্তিশালী, সাহস রেখো।",0,0,0,0,0,31,5,0,0,1,0,0,12,0,0,0,0,25,0,1.0,0.0,1,0
promo,"‘করবো বীমা, গড়বো দেশ
স্মার্ট হবে বাংলাদেশ।’ বীমা উন্নয়ন ও নিয়ন্ত্রণ কর্তৃপক্ষ এবং আর্থিক প্রতিষ্ঠান বিভাগ অর্থ মন্ত্রণালয়।",Bengali,0,1,"‘করবো বীমা, গড়বো দেশ
স্মার্ট হবে বাংলাদেশ।’ বীমা উন্নয়ন ও নিয়ন্ত্রণ কর্তৃপক্ষ এবং আর্থিক প্রতিষ্ঠান বিভাগ অর্থ মন্ত্রণালয়।","'করবো বীমা, গড়বো দেশ স্মার্ট হবে বাংলাদেশ।' বীমা উন্নয়ন ও নিয়ন্ত্রণ কর্তৃপক্ষ এবং আর্থিক প্রতিষ্ঠান বিভাগ অর্থ মন্ত্রণালয়।",[],0,0,0,0,0,0,0,0,0,0,0,0,"'করবো বীমা, গড়বো দেশ স্মার্ট হবে বাংলাদেশ।' বীমা উন্নয়ন ও নিয়ন্ত্রণ কর্তৃপক্ষ এবং আর্থিক প্রতিষ্ঠান বিভাগ অর্থ মন্ত্রণালয়।",126,0,0,0,0,0,0,0,0,0,0,0,0,0,0,0,0,0,0,0,0,0,0,"‘করবো বীমা, গড়বো দেশ
স্মার্ট হবে বাংলাদেশ।’ বীমা উন্নয়ন ও নিয়ন্ত্রণ কর্তৃপক্ষ এবং আর্থিক প্রতিষ্ঠান বিভাগ অর্থ মন্ত্রণালয়।","‘করবো বীমা, গড়বো দেশ স্মার্ট হবে বাংলাদেশ।’ বীমা উন্নয়ন ও নিয়ন্ত্রণ কর্তৃপক্ষ এবং আর্থিক প্রতিষ্ঠান বিভাগ অর্থ মন্ত্রণালয়।",0,0,0,0,0,126,18,0,0,1,0,0,44,0,0,0,0,104,0,1.0,0.0,1,0
smish,জয়! আপনি BMW গাড়ি জিতেছেন লটারিতে। নিবন্ধন: bmw-winner.ml,Bengali,1,2,জয়! আপনি BMW গাড়ি জিতেছেন লটারিতে। নিবন্ধন: bmw-winner.ml,জয়! আপনি BMW গাড়ি জিতেছেন লটারিতে। নিবন্ধন: bmw-winner.ml,['bmw-winner.ml'],1,1,13,13,0,1,1,0,0,0,0,0,জয়! আপনি BMW গাড়ি জিতেছেন লটারিতে। নিবন্ধন:  [URL] ,53,1,13,13,0,1,1,0,0,0,0,0,1,13,13,0,1,1,0,0,0,0,0,জয়! আপনি BMW গাড়ি জিতেছেন লটারিতে। নিবন্ধন: bmw-winner.ml,জয়! আপনি BMW গাড়ি জিতেছেন লটারিতে। নিবন্ধন: bmw-winner.ml,0,0,0,0,0,59,8,1,0,0,1,1,18,0,0,0,0,33,14,0.7021276595744681,0.2978723404255319,1,1
promo,"দৃষ্টিনন্দন স্থাপত্যকলায় অনন্য, ডায়মন্ড ওয়ার্ল্ডের ""দ্য সিগনেচার"" শোরুমের উদ্বোধন হচ্ছে আজ বিকেল ৪টায়। আপনার সপরিবারে উপস্থিতি ও দোয়া আমাদের একান্ত কাম্য। প্রয়োজনে: ০১৭১৩১৯৯২৭০",Bengali,0,1,"দৃষ্টিনন্দন স্থাপত্যকলায় অনন্য, ডায়মন্ড ওয়ার্ল্ডের ""দ্য সিগনেচার"" শোরুমের উদ্বোধন হচ্ছে আজ বিকেল ৪টায়। আপনার সপরিবারে উপস্থিতি ও দোয়া আমাদের একান্ত কাম্য। প্রয়োজনে: ০১৭১৩১৯৯২৭০","দৃষ্টিনন্দন স্থাপত্যকলায় অনন্য, ডায়মন্ড ওয়ার্ল্ডের ""দ্য সিগনেচার"" শোরুমের উদ্বোধন হচ্ছে আজ বিকেল ৪টায়। আপনার সপরিবারে উপস্থিতি ও দোয়া আমাদের একান্ত কাম্য। প্রয়োজনে: ০১৭১৩১৯৯২৭০",[],0,0,0,0,0,0,0,0,0,0,0,0,"দৃষ্টিনন্দন স্থাপত্যকলায় অনন্য, ডায়মন্ড ওয়ার্ল্ডের ""দ্য সিগনেচার"" শোরুমের উদ্বোধন হচ্ছে আজ বিকেল ৪টায়। আপনার সপরিবারে উপস্থিতি ও দোয়া আমাদের একান্ত কাম্য। প্রয়োজনে: ০১৭১৩১৯৯২৭০",182,0,0,0,0,0,0,0,0,0,0,0,0,0,0,0,0,0,0,0,0,0,0,"দৃষ্টিনন্দন স্থাপত্যকলায় অনন্য, ডায়মন্ড ওয়ার্ল্ডের ""দ্য সিগনেচার"" শোরুমের উদ্বোধন হচ্ছে আজ বিকেল ৪টায়। আপনার সপরিবারে উপস্থিতি ও দোয়া আমাদের একান্ত কাম্য। প্রয়োজনে: ০১৭১৩১৯৯২৭০","দৃষ্টিনন্দন স্থাপত্যকলায় অনন্য, ডায়মন্ড ওয়ার্ল্ডের ""দ্য সিগনেচার"" শোরুমের উদ্বোধন হচ্ছে আজ বিকেল ৪টায়। আপনার সপরিবারে উপস্থিতি ও দোয়া আমাদের একান্ত কাম্য। প্রয়োজনে: ০১৭১৩১৯৯২৭০",0,0,12,2,1,182,23,0,0,1,0,1,59,0,0,0,0,154,0,1.0,0.0,1,0
smish,আপনার ইমেল ঠিকানাটি যাচাই করতে এখানে ক্লিক করুন: [emailsecure.net/VerifyBD],Bengali,1,2,আপনার ইমেল ঠিকানাটি যাচাই করতে এখানে ক্লিক করুন: [emailsecure.net/VerifyBD],আপনার ইমেল ঠিকানাটি যাচাই করতে এখানে ক্লিক করুন: [emailsecure.net/VerifyBD],['emailsecure.net/VerifyBD'],1,1,24,24,0,1,0,1,0,0,0,0,আপনার ইমেল ঠিকানাটি যাচাই করতে এখানে ক্লিক করুন: [ [URL] ],58,1,24,24,0,1,0,1,0,0,0,0,1,24,24,0,1,0,1,0,0,0,0,আপনার ইমেল ঠিকানাটি যাচাই করতে এখানে ক্লিক করুন: [emailsecure.net/VerifyBD],আপনার ইমেল ঠিকানাটি যাচাই করতে এখানে ক্লিক করুন: [emailsecure.net/VerifyBD],0,0,0,0,0,75,9,0,0,0,1,1,19,0,0,2,1,40,22,0.6451612903225806,0.3548387096774194,1,1
normal,আসসালামু আলাইকুম।,Bengali,0,0,আসসালামু আলাইকুম।,আসসালামু আলাইকুম।,[],0,0,0,0,0,0,0,0,0,0,0,0,আসসালামু আলাইকুম।,17,0,0,0,0,0,0,0,0,0,0,0,0,0,0,0,0,0,0,0,0,0,0,আসসালামু আলাইকুম।,আসসালামু আলাইকুম।,0,0,0,0,0,17,2,0,0,0,0,0,6,0,0,0,0,15,0,1.0,0.0,1,0
normal,"কখনো মনে হয় সব যে ডিস্ট্রাক্শন,  এই মোবাইল ইন্টারনেট  এই অনলাইন দুনিয়া, সবাই এমন ভাবে ভিতরে ঢুকসে যে এসব ছাড়া সিঙ্গেল একটা ডে স্পেন্ড করা কঠিন",Bengali,0,0,"কখনো মনে হয় সব যে ডিস্ট্রাক্শন,  এই মোবাইল ইন্টারনেট  এই অনলাইন দুনিয়া, সবাই এমন ভাবে ভিতরে ঢুকসে যে এসব ছাড়া সিঙ্গেল একটা ডে স্পেন্ড করা কঠিন","কখনো মনে হয় সব যে ডিস্ট্রাক্শন, এই মোবাইল ইন্টারনেট এই অনলাইন দুনিয়া, সবাই এমন ভাবে ভিতরে ঢুকসে যে এসব ছাড়া সিঙ্গেল একটা ডে স্পেন্ড করা কঠিন",[],0,0,0,0,0,0,0,0,0,0,0,0,"কখনো মনে হয় সব যে ডিস্ট্রাক্শন, এই মোবাইল ইন্টারনেট এই অনলাইন দুনিয়া, সবাই এমন ভাবে ভিতরে ঢুকসে যে এসব ছাড়া সিঙ্গেল একটা ডে স্পেন্ড করা কঠিন",143,0,0,0,0,0,0,0,0,0,0,0,0,0,0,0,0,0,0,0,0,0,0,"কখনো মনে হয় সব যে ডিস্ট্রাক্শন,  এই মোবাইল ইন্টারনেট  এই অনলাইন দুনিয়া, সবাই এমন ভাবে ভিতরে ঢুকসে যে এসব ছাড়া সিঙ্গেল একটা ডে স্পেন্ড করা কঠিন","কখনো মনে হয় সব যে ডিস্ট্রাক্শন, এই মোবাইল ইন্টারনেট এই অনলাইন দুনিয়া, সবাই এমন ভাবে ভিতরে ঢুকসে যে এসব ছাড়া সিঙ্গেল একটা ডে স্পেন্ড করা কঠিন",0,0,0,0,0,143,26,0,0,2,0,0,42,0,0,0,0,116,0,1.0,0.0,1,0
normal,তুমি কি ক্যাফেতে যাচ্ছো?,Bengali,0,0,তুমি কি ক্যাফেতে যাচ্ছো?,তুমি কি ক্যাফেতে যাচ্ছো?,[],0,0,0,0,0,0,0,0,0,0,0,0,তুমি কি ক্যাফেতে যাচ্ছো?,24,0,0,0,0,0,0,0,0,0,0,0,0,0,0,0,0,0,0,0,0,0,0,তুমি কি ক্যাফেতে যাচ্ছো?,তুমি কি ক্যাফেতে যাচ্ছো?,0,0,0,0,0,24,4,0,1,0,0,0,11,0,0,0,0,20,0,1.0,0.0,1,0
smish,আপনার বিকাশ অ্যাকাউন্ট আপডেট করা প্রয়োজন। পরিষেবা বিঘ্ন এড়াতে আপনার অ্যাকাউন্ট নম্বর এবং পিন 016xxxxxxxx এ পাঠান।,Bengali,0,2,আপনার বিকাশ অ্যাকাউন্ট আপডেট করা প্রয়োজন। পরিষেবা বিঘ্ন এড়াতে আপনার অ্যাকাউন্ট নম্বর এবং পিন 016xxxxxxxx এ পাঠান।,আপনার বিকাশ অ্যাকাউন্ট আপডেট করা প্রয়োজন। পরিষেবা বিঘ্ন এড়াতে আপনার অ্যাকাউন্ট নম্বর এবং পিন 016xxxxxxxx এ পাঠান।,[],0,0,0,0,0,0,0,0,0,0,0,0,আপনার বিকাশ অ্যাকাউন্ট আপডেট করা প্রয়োজন। পরিষেবা বিঘ্ন এড়াতে আপনার অ্যাকাউন্ট নম্বর এবং পিন 016xxxxxxxx এ পাঠান।,115,0,0,0,0,0,0,0,0,0,0,0,0,0,0,0,0,0,0,0,0,0,0,আপনার বিকাশ অ্যাকাউন্ট আপডেট করা প্রয়োজন। পরিষেবা বিঘ্ন এড়াতে আপনার অ্যাকাউন্ট নম্বর এবং পিন 016xxxxxxxx এ পাঠান।,আপনার বিকাশ অ্যাকাউন্ট আপডেট করা প্রয়োজন। পরিষেবা বিঘ্ন এড়াতে আপনার অ্যাকাউন্ট নম্বর এবং পিন 016xxxxxxxx এ পাঠান।,0,0,3,1,1,115,17,0,0,0,0,0,32,0,0,2,1,86,8,0.9148936170212766,0.0851063829787234,1,1
promo,"করো ফুলঅন ইন্টারনেটিং! নাও ১০জিবি@২০০৳, ৩০দিন: cutt.ly/GwYJBDuV",Bengali,1,1,"করো ফুলঅন ইন্টারনেটিং! নাও ১০জিবি@২০০৳, ৩০দিন: cutt.ly/GwYJBDuV","করো ফুলঅন ইন্টারনেটিং! নাও ১০জিবি@২০০৳, ৩০দিন: cutt.ly/GwYJBDuV",['cutt.ly/GwYJBDuV'],1,1,16,16,0,1,0,1,0,0,0,1,"করো ফুলঅন ইন্টারনেটিং! নাও ১০জিবি@২০০৳, ৩০দিন:  [URL] ",54,1,16,16,0,1,0,1,0,0,0,1,1,16,16,0,1,0,1,0,0,0,1,"করো ফুলঅন ইন্টারনেটিং! নাও ১০জিবি@২০০৳, ৩০দিন: cutt.ly/GwYJBDuV","করো ফুলঅন ইন্টারনেটিং! নাও ১০জিবি@২০০৳, ৩০দিন: cutt.ly/GwYJBDuV",0,0,7,3,1,63,7,1,0,1,1,1,18,1,1,0,0,37,14,0.7254901960784313,0.27450980392156865,1,1
promo,"নগদে পেমেন্ট করুন, পাবেন ১০% ক্যাশব্যাক! সর্বোচ্চ ১০০০ টাকা পর্যন্ত।",Bengali,0,1,"নগদে পেমেন্ট করুন, পাবেন ১০% ক্যাশব্যাক! সর্বোচ্চ ১০০০ টাকা পর্যন্ত।","নগদে পেমেন্ট করুন, পাবেন ১০% ক্যাশব্যাক! সর্বোচ্চ ১০০০ টাকা পর্যন্ত।",[],0,0,0,0,0,0,0,0,0,0,0,0,"নগদে পেমেন্ট করুন, পাবেন ১০% ক্যাশব্যাক! সর্বোচ্চ ১০০০ টাকা পর্যন্ত।",68,0,0,0,0,0,0,0,0,0,0,0,0,0,0,0,0,0,0,0,0,0,0,"নগদে পেমেন্ট করুন, পাবেন ১০% ক্যাশব্যাক! সর্বোচ্চ ১০০০ টাকা পর্যন্ত।","নগদে পেমেন্ট করুন, পাবেন ১০% ক্যাশব্যাক! সর্বোচ্চ ১০০০ টাকা পর্যন্ত।",0,0,6,2,1,68,10,1,0,1,0,0,22,1,1,0,0,55,0,1.0,0.0,1,0
smish,"প্রিয় গ্রাহক, আপনার ফেসবুক আইডি হ্যাক হয়েছে। পুনরুদ্ধার করতে fbsecure-bd.net এ OTP দিন।",Bengali,1,2,"প্রিয় গ্রাহক, আপনার ফেসবুক আইডি হ্যাক হয়েছে। পুনরুদ্ধার করতে fbsecure-bd.net এ OTP দিন।","প্রিয় গ্রাহক, আপনার ফেসবুক আইডি হ্যাক হয়েছে। পুনরুদ্ধার করতে fbsecure-bd.net এ OTP দিন।",['fbsecure-bd.net'],1,1,15,15,0,1,1,0,0,0,0,0,"প্রিয় গ্রাহক, আপনার ফেসবুক আইডি হ্যাক হয়েছে। পুনরুদ্ধার করতে  [URL]  এ OTP দিন।",81,1,15,15,0,1,1,0,0,0,0,0,1,15,15,0,1,1,0,0,0,0,0,"প্রিয় গ্রাহক, আপনার ফেসবুক আইডি হ্যাক হয়েছে। পুনরুদ্ধার করতে fbsecure-bd.net এ OTP দিন।","প্রিয় গ্রাহক, আপনার ফেসবুক আইডি হ্যাক হয়েছে। পুনরুদ্ধার করতে fbsecure-bd.net এ OTP দিন।",0,0,0,0,0,89,13,0,0,1,1,0,25,0,0,1,1,56,16,0.7777777777777778,0.2222222222222222,1,1
promo,বড়দিনের শুভেচ্ছা। থাকছে ২৫% ছাড় ৩১ ডিসেম্বর পর্যন্ত । ০১৭১৩১৯৯২৭০,Bengali,0,1,বড়দিনের শুভেচ্ছা। থাকছে ২৫% ছাড় ৩১ ডিসেম্বর পর্যন্ত । ০১৭১৩১৯৯২৭০,বড়দিনের শুভেচ্ছা। থাকছে ২৫% ছাড় ৩১ ডিসেম্বর পর্যন্ত । ০১৭১৩১৯৯২৭০,[],0,0,0,0,0,0,0,0,0,0,0,0,বড়দিনের শুভেচ্ছা। থাকছে ২৫% ছাড় ৩১ ডিসেম্বর পর্যন্ত । ০১৭১৩১৯৯২৭০,67,0,0,0,0,0,0,0,0,0,0,0,0,0,0,0,0,0,0,0,0,0,0,বড়দিনের শুভেচ্ছা। থাকছে ২৫% ছাড় ৩১ ডিসেম্বর পর্যন্ত । ০১৭১৩১৯৯২৭০,বড়দিনের শুভেচ্ছা। থাকছে ২৫% ছাড় ৩১ ডিসেম্বর পর্যন্ত । ০১৭১৩১৯৯২৭০,0,0,15,3,1,67,10,0,0,0,0,0,19,0,0,0,0,55,0,1.0,0.0,1,0
smish,Facebook নিরাপত্তা টিম থেকে বার্তা: আপনার একাউন্টে অস্বাভাবিক লগইন শনাক্ত হয়েছে। অ্যাকাউন্ট রক্ষা করতে এখনই fb-safeverify-bd.org এ যান এবং মোবাইল নাম্বার যাচাই করুন।,Bengali,1,2,Facebook নিরাপত্তা টিম থেকে বার্তা: আপনার একাউন্টে অস্বাভাবিক লগইন শনাক্ত হয়েছে। অ্যাকাউন্ট রক্ষা করতে এখনই fb-safeverify-bd.org এ যান এবং মোবাইল নাম্বার যাচাই করুন।,Facebook নিরাপত্তা টিম থেকে বার্তা: আপনার একাউন্টে অস্বাভাবিক লগইন শনাক্ত হয়েছে। অ্যাকাউন্ট রক্ষা করতে এখনই fb-safeverify-bd.org এ যান এবং মোবাইল নাম্বার যাচাই করুন।,['fb-safeverify-bd.org'],1,1,20,20,0,1,2,0,0,0,0,0,Facebook নিরাপত্তা টিম থেকে বার্তা: আপনার একাউন্টে অস্বাভাবিক লগইন শনাক্ত হয়েছে। অ্যাকাউন্ট রক্ষা করতে এখনই  [URL]  এ যান এবং মোবাইল নাম্বার যাচাই করুন।,153,1,20,20,0,1,2,0,0,0,0,0,1,20,20,0,1,2,0,0,0,0,0,Facebook নিরাপত্তা টিম থেকে বার্তা: আপনার একাউন্টে অস্বাভাবিক লগইন শনাক্ত হয়েছে। অ্যাকাউন্ট রক্ষা করতে এখনই fb-safeverify-bd.org এ যান এবং মোবাইল নাম্বার যাচাই করুন।,Facebook নিরাপত্তা টিম থেকে বার্তা: আপনার একাউন্টে অস্বাভাবিক লগইন শনাক্ত হয়েছে। অ্যাকাউন্ট রক্ষা করতে এখনই fb-safeverify-bd.org এ যান এবং মোবাইল নাম্বার যাচাই করুন।,0,0,0,0,0,166,23,0,0,0,1,1,46,0,0,3,1,113,25,0.8188405797101449,0.18115942028985507,1,1
smish,"🔗🤑যারা এখনো hamster এ একাউন্ট করেননি দ্রুত একাউন্ট করে জয়েন করেন 🔥🔥🔥
জুলাই মাসে সুখবর আসবে 🤩🤑
Join fast 👇
🔗https://t.me/hamster_kombat_boT/start...",Bengali,1,2,"🔗🤑যারা এখনো hamster এ একাউন্ট করেননি দ্রুত একাউন্ট করে জয়েন করেন 🔥🔥🔥
জুলাই মাসে সুখবর আসবে 🤩🤑
Join fast 👇
🔗https://t.me/hamster_kombat_boT/start...",🔗🤑যারা এখনো hamster এ একাউন্ট করেননি দ্রুত একাউন্ট করে জয়েন করেন 🔥🔥🔥 জুলাই মাসে সুখবর আসবে 🤩🤑 Join fast 👇 🔗https://t.me/hamster_kombat_boT/start...,['https://t.me/hamster_kombat_boT/start...'],1,1,40,40,0,4,0,4,1,0,0,0,🔗🤑যারা এখনো hamster এ একাউন্ট করেননি দ্রুত একাউন্ট করে জয়েন করেন 🔥🔥🔥 জুলাই মাসে সুখবর আসবে 🤩🤑 Join fast 👇 🔗 [URL] ,115,1,40,40,0,4,0,4,1,0,0,0,1,40,40,0,4,0,4,1,0,0,0,"🔗🤑যারা এখনো hamster এ একাউন্ট করেননি দ্রুত একাউন্ট করে জয়েন করেন 🔥🔥🔥
জুলাই মাসে সুখবর আসবে 🤩🤑
Join fast 👇
🔗https://t.me/hamster_kombat_boT/start...",🔗🤑যারা এখনো hamster এ একাউন্ট করেননি দ্রুত একাউন্ট করে জয়েন করেন 🔥🔥🔥 জুলাই মাসে সুখবর আসবে 🤩🤑 Join fast 👇 🔗https://t.me/hamster_kombat_boT/start...,0,0,0,0,0,148,21,0,0,0,4,1,39,0,0,0,0,64,44,0.5925925925925926,0.4074074074074074,1,1
smish,আপনার ব্যাংক অ্যাকাউন্টের তথ্য যাচাই করতে হবে। অনুগ্রহ করে এখানে ক্লিক করুন: http://bit.ly/VerifyInfo,Bengali,1,2,আপনার ব্যাংক অ্যাকাউন্টের তথ্য যাচাই করতে হবে। অনুগ্রহ করে এখানে ক্লিক করুন: http://bit.ly/VerifyInfo,আপনার ব্যাংক অ্যাকাউন্টের তথ্য যাচাই করতে হবে। অনুগ্রহ করে এখানে ক্লিক করুন: http://bit.ly/VerifyInfo,['http://bit.ly/VerifyInfo'],1,1,24,24,0,1,0,3,0,0,0,1,আপনার ব্যাংক অ্যাকাউন্টের তথ্য যাচাই করতে হবে। অনুগ্রহ করে এখানে ক্লিক করুন:  [URL] ,84,1,24,24,0,1,0,3,0,0,0,1,1,24,24,0,1,0,3,0,0,0,1,আপনার ব্যাংক অ্যাকাউন্টের তথ্য যাচাই করতে হবে। অনুগ্রহ করে এখানে ক্লিক করুন: http://bit.ly/VerifyInfo,আপনার ব্যাংক অ্যাকাউন্টের তথ্য যাচাই করতে হবে। অনুগ্রহ করে এখানে ক্লিক করুন: http://bit.ly/VerifyInfo,0,0,0,0,0,101,13,0,0,0,1,2,29,0,0,3,1,63,19,0.7682926829268293,0.23170731707317074,1,1
smish,আপনার ডেবিট কার্ডের সীমা বৃদ্ধি করতে এখানে ক্লিক করুন: [securelimit.com/IncreaseBD],Bengali,1,2,আপনার ডেবিট কার্ডের সীমা বৃদ্ধি করতে এখানে ক্লিক করুন: [securelimit.com/IncreaseBD],আপনার ডেবিট কার্ডের সীমা বৃদ্ধি করতে এখানে ক্লিক করুন: [securelimit.com/IncreaseBD],['securelimit.com/IncreaseBD'],1,1,26,26,0,1,0,1,0,0,0,1,আপনার ডেবিট কার্ডের সীমা বৃদ্ধি করতে এখানে ক্লিক করুন: [ [URL] ],64,1,26,26,0,1,0,1,0,0,0,1,1,26,26,0,1,0,1,0,0,0,1,আপনার ডেবিট কার্ডের সীমা বৃদ্ধি করতে এখানে ক্লিক করুন: [securelimit.com/IncreaseBD],আপনার ডেবিট কার্ডের সীমা বৃদ্ধি করতে এখানে ক্লিক করুন: [securelimit.com/IncreaseBD],0,0,0,0,0,83,10,0,0,0,1,1,22,0,0,0,0,45,24,0.6521739130434783,0.34782608695652173,1,1
normal,হা হা হা ভালো কৌতুক। মেয়েরা অবস্থা অনুসন্ধানকারী।,Bengali,0,0,হা হা হা ভালো কৌতুক। মেয়েরা অবস্থা অনুসন্ধানকারী।,হা হা হা ভালো কৌতুক। মেয়েরা অবস্থা অনুসন্ধানকারী।,[],0,0,0,0,0,0,0,0,0,0,0,0,হা হা হা ভালো কৌতুক। মেয়েরা অবস্থা অনুসন্ধানকারী।,50,0,0,0,0,0,0,0,0,0,0,0,0,0,0,0,0,0,0,0,0,0,0,হা হা হা ভালো কৌতুক। মেয়েরা অবস্থা অনুসন্ধানকারী।,হা হা হা ভালো কৌতুক। মেয়েরা অবস্থা অনুসন্ধানকারী।,0,0,0,0,0,50,8,0,0,0,0,0,20,0,0,0,0,41,0,1.0,0.0,1,0
smish,আপনার ইমেল অ্যাকাউন্টে সমস্যা হয়েছে। সুরক্ষার জন্য এখানে ক্লিক করুন: [emailsecure.org/FixBD],Bengali,1,2,আপনার ইমেল অ্যাকাউন্টে সমস্যা হয়েছে। সুরক্ষার জন্য এখানে ক্লিক করুন: [emailsecure.org/FixBD],আপনার ইমেল অ্যাকাউন্টে সমস্যা হয়েছে। সুরক্ষার জন্য এখানে ক্লিক করুন: [emailsecure.org/FixBD],['emailsecure.org/FixBD'],1,1,21,21,0,1,0,1,0,0,0,0,আপনার ইমেল অ্যাকাউন্টে সমস্যা হয়েছে। সুরক্ষার জন্য এখানে ক্লিক করুন: [ [URL] ],79,1,21,21,0,1,0,1,0,0,0,0,1,21,21,0,1,0,1,0,0,0,0,আপনার ইমেল অ্যাকাউন্টে সমস্যা হয়েছে। সুরক্ষার জন্য এখানে ক্লিক করুন: [emailsecure.org/FixBD],আপনার ইমেল অ্যাকাউন্টে সমস্যা হয়েছে। সুরক্ষার জন্য এখানে ক্লিক করুন: [emailsecure.org/FixBD],0,0,0,0,0,93,11,0,0,0,1,1,27,0,0,1,1,58,19,0.7532467532467533,0.24675324675324675,1,1
normal,তোমার প্রিয় উৎসব কি?,Bengali,0,0,তোমার প্রিয় উৎসব কি?,তোমার প্রিয় উৎসব কি?,[],0,0,0,0,0,0,0,0,0,0,0,0,তোমার প্রিয় উৎসব কি?,21,0,0,0,0,0,0,0,0,0,0,0,0,0,0,0,0,0,0,0,0,0,0,তোমার প্রিয় উৎসব কি?,তোমার প্রিয় উৎসব কি?,0,0,0,0,0,21,4,0,1,0,0,0,7,0,0,0,0,17,0,1.0,0.0,1,0
normal,"তুমি কি প্রিয় বই পড়ছো? হ্যাঁ, বিখ্যাত বই পড়ি।",Bengali,0,0,"তুমি কি প্রিয় বই পড়ছো? হ্যাঁ, বিখ্যাত বই পড়ি।","তুমি কি প্রিয় বই পড়ছো? হ্যাঁ, বিখ্যাত বই পড়ি।",[],0,0,0,0,0,0,0,0,0,0,0,0,"তুমি কি প্রিয় বই পড়ছো? হ্যাঁ, বিখ্যাত বই পড়ি।",48,0,0,0,0,0,0,0,0,0,0,0,0,0,0,0,0,0,0,0,0,0,0,"তুমি কি প্রিয় বই পড়ছো? হ্যাঁ, বিখ্যাত বই পড়ি।","তুমি কি প্রিয় বই পড়ছো? হ্যাঁ, বিখ্যাত বই পড়ি।",0,0,0,0,0,48,9,0,1,1,0,0,19,0,0,0,0,37,0,1.0,0.0,1,0
smish,আপনার মোবাইল রিচার্জ করতে কল করুন: +8801814344356,Bengali,0,2,আপনার মোবাইল রিচার্জ করতে কল করুন: +8801814344356,আপনার মোবাইল রিচার্জ করতে কল করুন: +8801814344356,[],0,0,0,0,0,0,0,0,0,0,0,0,আপনার মোবাইল রিচার্জ করতে কল করুন: +8801814344356,49,0,0,0,0,0,0,0,0,0,0,0,0,0,0,0,0,0,0,0,0,0,0,আপনার মোবাইল রিচার্জ করতে কল করুন: +8801814344356,আপনার মোবাইল রিচার্জ করতে কল করুন: +8801814344356,1,1,13,1,1,49,7,0,0,0,0,1,10,0,0,0,0,28,0,1.0,0.0,1,0
smish,"গ্রামীণফোন গ্রাহক, আপনার সিম বন্ধ হয়ে যাবে যদি NID যাচাই না করেন। ভিজিট করুন: gpupdate-bd.org।",Bengali,1,2,"গ্রামীণফোন গ্রাহক, আপনার সিম বন্ধ হয়ে যাবে যদি NID যাচাই না করেন। ভিজিট করুন: gpupdate-bd.org।","গ্রামীণফোন গ্রাহক, আপনার সিম বন্ধ হয়ে যাবে যদি NID যাচাই না করেন। ভিজিট করুন: gpupdate-bd.org।",['gpupdate-bd.org'],1,1,15,15,0,1,1,0,0,0,0,0,"গ্রামীণফোন গ্রাহক, আপনার সিম বন্ধ হয়ে যাবে যদি NID যাচাই না করেন। ভিজিট করুন:  [URL] ।",87,1,15,15,0,1,1,0,0,0,0,0,1,15,15,0,1,1,0,0,0,0,0,"গ্রামীণফোন গ্রাহক, আপনার সিম বন্ধ হয়ে যাবে যদি NID যাচাই না করেন। ভিজিট করুন: gpupdate-bd.org।","গ্রামীণফোন গ্রাহক, আপনার সিম বন্ধ হয়ে যাবে যদি NID যাচাই না করেন। ভিজিট করুন: gpupdate-bd.org।",0,0,0,0,0,95,15,0,0,1,1,1,27,0,0,1,1,59,16,0.7866666666666666,0.21333333333333335,1,1
normal,আমি সকালে বাজারে যাচ্ছি।,Bengali,0,0,আমি সকালে বাজারে যাচ্ছি।,আমি সকালে বাজারে যাচ্ছি।,[],0,0,0,0,0,0,0,0,0,0,0,0,আমি সকালে বাজারে যাচ্ছি।,24,0,0,0,0,0,0,0,0,0,0,0,0,0,0,0,0,0,0,0,0,0,0,আমি সকালে বাজারে যাচ্ছি।,আমি সকালে বাজারে যাচ্ছি।,0,0,0,0,0,24,4,0,0,0,0,0,10,0,0,0,0,20,0,1.0,0.0,1,0
smish,"বিপিএল বাজি ধরুন এবং ১০,০০০ টাকা ক্যাশব্যাক জিতুন। শুরু করুন: phlebolog.com.ua/libraries/joomla/results.php",Bengali,1,2,"বিপিএল বাজি ধরুন এবং ১০,০০০ টাকা ক্যাশব্যাক জিতুন। শুরু করুন: phlebolog.com.ua/libraries/joomla/results.php","বিপিএল বাজি ধরুন এবং ১০,০০০ টাকা ক্যাশব্যাক জিতুন। শুরু করুন: phlebolog.com.ua/libraries/joomla/results.php",['phlebolog.com.ua/libraries/joomla/results.php'],1,1,45,45,0,3,0,3,0,0,0,0,"বিপিএল বাজি ধরুন এবং ১০,০০০ টাকা ক্যাশব্যাক জিতুন। শুরু করুন:  [URL] ",69,1,45,45,0,3,0,3,0,0,0,0,1,45,45,0,3,0,3,0,0,0,0,"বিপিএল বাজি ধরুন এবং ১০,০০০ টাকা ক্যাশব্যাক জিতুন। শুরু করুন: phlebolog.com.ua/libraries/joomla/results.php","বিপিএল বাজি ধরুন এবং ১০,০০০ টাকা ক্যাশব্যাক জিতুন। শুরু করুন: phlebolog.com.ua/libraries/joomla/results.php",0,0,5,1,1,107,11,0,0,1,3,1,26,1,1,0,0,49,39,0.5568181818181818,0.4431818181818182,1,1
promo,"পূর্বাচল ৩০নং সেক্টর সংলগ্ন ভরাট চলমান প্লট! কাঠা ১.৬লক্ষ
01894841736",Bengali,0,1,"পূর্বাচল ৩০নং সেক্টর সংলগ্ন ভরাট চলমান প্লট! কাঠা ১.৬লক্ষ
01894841736",পূর্বাচল ৩০নং সেক্টর সংলগ্ন ভরাট চলমান প্লট! কাঠা ১.৬লক্ষ 01894841736,[],0,0,0,0,0,0,0,0,0,0,0,0,পূর্বাচল ৩০নং সেক্টর সংলগ্ন ভরাট চলমান প্লট! কাঠা ১.৬লক্ষ 01894841736,69,0,0,0,0,0,0,0,0,0,0,0,0,0,0,0,0,0,0,0,0,0,0,"পূর্বাচল ৩০নং সেক্টর সংলগ্ন ভরাট চলমান প্লট! কাঠা ১.৬লক্ষ
01894841736",পূর্বাচল ৩০নং সেক্টর সংলগ্ন ভরাট চলমান প্লট! কাঠা ১.৬লক্ষ 01894841736,1,1,15,3,1,69,10,1,0,0,1,0,16,0,0,0,0,47,0,1.0,0.0,1,0
smish,আপনার মোবাইল ব্যাংকিং অ্যাকাউন্ট আপডেট করতে কল করুন +8801916677889,Bengali,0,2,আপনার মোবাইল ব্যাংকিং অ্যাকাউন্ট আপডেট করতে কল করুন +8801916677889,আপনার মোবাইল ব্যাংকিং অ্যাকাউন্ট আপডেট করতে কল করুন +8801916677889,[],0,0,0,0,0,0,0,0,0,0,0,0,আপনার মোবাইল ব্যাংকিং অ্যাকাউন্ট আপডেট করতে কল করুন +8801916677889,66,0,0,0,0,0,0,0,0,0,0,0,0,0,0,0,0,0,0,0,0,0,0,আপনার মোবাইল ব্যাংকিং অ্যাকাউন্ট আপডেট করতে কল করুন +8801916677889,আপনার মোবাইল ব্যাংকিং অ্যাকাউন্ট আপডেট করতে কল করুন +8801916677889,1,1,13,1,1,66,9,0,0,0,0,0,16,0,0,1,1,44,0,1.0,0.0,1,0
smish,জরুরি নোটিশ: আপনার বিদ্যুৎ বিল বকেয়া। সংযোগ বিচ্ছিন্নের আগে পেমেন্ট: pay-bill.ga,Bengali,1,2,জরুরি নোটিশ: আপনার বিদ্যুৎ বিল বকেয়া। সংযোগ বিচ্ছিন্নের আগে পেমেন্ট: pay-bill.ga,জরুরি নোটিশ: আপনার বিদ্যুৎ বিল বকেয়া। সংযোগ বিচ্ছিন্নের আগে পেমেন্ট: pay-bill.ga,['pay-bill.ga'],1,1,11,11,0,1,1,0,0,0,0,0,জরুরি নোটিশ: আপনার বিদ্যুৎ বিল বকেয়া। সংযোগ বিচ্ছিন্নের আগে পেমেন্ট:  [URL] ,77,1,11,11,0,1,1,0,0,0,0,0,1,11,11,0,1,1,0,0,0,0,0,জরুরি নোটিশ: আপনার বিদ্যুৎ বিল বকেয়া। সংযোগ বিচ্ছিন্নের আগে পেমেন্ট: pay-bill.ga,জরুরি নোটিশ: আপনার বিদ্যুৎ বিল বকেয়া। সংযোগ বিচ্ছিন্নের আগে পেমেন্ট: pay-bill.ga,0,0,0,0,0,81,11,0,0,0,1,2,28,0,0,0,0,57,9,0.8636363636363636,0.13636363636363635,1,1
normal,আমার নাম্বারে ০১৭৩৬৬৩৭৩৮৭ ফ্লেক্সিলোড করে দাও ৫০০ টাকা,Bengali,0,0,আমার নাম্বারে ০১৭৩৬৬৩৭৩৮৭ ফ্লেক্সিলোড করে দাও ৫০০ টাকা,আমার নাম্বারে ০১৭৩৬৬৩৭৩৮৭ ফ্লেক্সিলোড করে দাও ৫০০ টাকা,[],0,0,0,0,0,0,0,0,0,0,0,0,আমার নাম্বারে ০১৭৩৬৬৩৭৩৮৭ ফ্লেক্সিলোড করে দাও ৫০০ টাকা,54,0,0,0,0,0,0,0,0,0,0,0,0,0,0,0,0,0,0,0,0,0,0,আমার নাম্বারে ০১৭৩৬৬৩৭৩৮৭ ফ্লেক্সিলোড করে দাও ৫০০ টাকা,আমার নাম্বারে ০১৭৩৬৬৩৭৩৮৭ ফ্লেক্সিলোড করে দাও ৫০০ টাকা,0,0,14,2,1,54,8,0,0,0,0,0,14,1,1,0,0,47,0,1.0,0.0,1,0
normal,আমি ভুল মনে হয় এবং আমি এটি সমাধান করতে চাই।,Bengali,0,0,আমি ভুল মনে হয় এবং আমি এটি সমাধান করতে চাই।,আমি ভুল মনে হয় এবং আমি এটি সমাধান করতে চাই।,[],0,0,0,0,0,0,0,0,0,0,0,0,আমি ভুল মনে হয় এবং আমি এটি সমাধান করতে চাই।,44,0,0,0,0,0,0,0,0,0,0,0,0,0,0,0,0,0,0,0,0,0,0,আমি ভুল মনে হয় এবং আমি এটি সমাধান করতে চাই।,আমি ভুল মনে হয় এবং আমি এটি সমাধান করতে চাই।,0,0,0,0,0,44,10,0,0,0,0,0,12,0,0,0,0,34,0,1.0,0.0,1,0
promo,বিটিআরসি'র ডাটাবেজে হ্যান্ডসেটটি নিবন্ধিত নয়। হ্যান্ডসেটটি স্বয়ংক্রিয়ভাবে নিবন্ধন করা হবে।,Bengali,0,1,বিটিআরসি'র ডাটাবেজে হ্যান্ডসেটটি নিবন্ধিত নয়। হ্যান্ডসেটটি স্বয়ংক্রিয়ভাবে নিবন্ধন করা হবে।,বিটিআরসি'র ডাটাবেজে হ্যান্ডসেটটি নিবন্ধিত নয়। হ্যান্ডসেটটি স্বয়ংক্রিয়ভাবে নিবন্ধন করা হবে।,[],0,0,0,0,0,0,0,0,0,0,0,0,বিটিআরসি'র ডাটাবেজে হ্যান্ডসেটটি নিবন্ধিত নয়। হ্যান্ডসেটটি স্বয়ংক্রিয়ভাবে নিবন্ধন করা হবে।,93,0,0,0,0,0,0,0,0,0,0,0,0,0,0,0,0,0,0,0,0,0,0,বিটিআরসি'র ডাটাবেজে হ্যান্ডসেটটি নিবন্ধিত নয়। হ্যান্ডসেটটি স্বয়ংক্রিয়ভাবে নিবন্ধন করা হবে।,বিটিআরসি'র ডাটাবেজে হ্যান্ডসেটটি নিবন্ধিত নয়। হ্যান্ডসেটটি স্বয়ংক্রিয়ভাবে নিবন্ধন করা হবে।,0,0,0,0,0,93,10,0,0,0,0,0,36,0,0,0,0,81,0,1.0,0.0,1,0
smish,"অভিনন্দন!! দারাজ থেকে BDT 5,000 গিফট ভাউচার পান। দাবির জন্য লিঙ্কে ক্লিক করুন: www.face3b00kurl.com।",Bengali,1,2,"অভিনন্দন!! দারাজ থেকে BDT 5,000 গিফট ভাউচার পান। দাবির জন্য লিঙ্কে ক্লিক করুন: www.face3b00kurl.com।","অভিনন্দন!! দারাজ থেকে BDT 5,000 গিফট ভাউচার পান। দাবির জন্য লিঙ্কে ক্লিক করুন: www.face3b00kurl.com।","['www.', 'face3b00kurl.com']",2,2,20,16,3,2,0,0,0,0,0,0,"অভিনন্দন!! দারাজ থেকে BDT 5,000 গিফট ভাউচার পান। দাবির জন্য লিঙ্কে ক্লিক করুন:  [URL]  [URL] ।",94,2,20,16,3,2,0,0,0,0,0,0,2,20,16,3,2,0,0,0,0,0,0,"অভিনন্দন!! দারাজ থেকে BDT 5,000 গিফট ভাউচার পান। দাবির জন্য লিঙ্কে ক্লিক করুন: www.face3b00kurl.com।","অভিনন্দন!! দারাজ থেকে BDT 5,000 গিফট ভাউচার পান। দাবির জন্য লিঙ্কে ক্লিক করুন: www.face3b00kurl.com।",0,0,7,3,1,100,14,2,0,1,2,1,27,1,1,0,0,54,18,0.75,0.25,1,1
normal,আমি একটি গল্প পড়তে হবে।,Bengali,0,0,আমি একটি গল্প পড়তে হবে।,আমি একটি গল্প পড়তে হবে।,[],0,0,0,0,0,0,0,0,0,0,0,0,আমি একটি গল্প পড়তে হবে।,24,0,0,0,0,0,0,0,0,0,0,0,0,0,0,0,0,0,0,0,0,0,0,আমি একটি গল্প পড়তে হবে।,আমি একটি গল্প পড়তে হবে।,0,0,0,0,0,24,5,0,0,0,0,0,7,0,0,0,0,19,0,1.0,0.0,1,0
smish,আপনি একটি জরুরি বার্তা পেয়েছেন। এটি দেখতে এখানে ক্লিক করুন: [urgentmsg.net/MessageBD],Bengali,1,2,আপনি একটি জরুরি বার্তা পেয়েছেন। এটি দেখতে এখানে ক্লিক করুন: [urgentmsg.net/MessageBD],আপনি একটি জরুরি বার্তা পেয়েছেন। এটি দেখতে এখানে ক্লিক করুন: [urgentmsg.net/MessageBD],['urgentmsg.net/MessageBD'],1,1,23,23,0,1,0,1,0,0,0,0,আপনি একটি জরুরি বার্তা পেয়েছেন। এটি দেখতে এখানে ক্লিক করুন: [ [URL] ],70,1,23,23,0,1,0,1,0,0,0,0,1,23,23,0,1,0,1,0,0,0,0,আপনি একটি জরুরি বার্তা পেয়েছেন। এটি দেখতে এখানে ক্লিক করুন: [urgentmsg.net/MessageBD],আপনি একটি জরুরি বার্তা পেয়েছেন। এটি দেখতে এখানে ক্লিক করুন: [urgentmsg.net/MessageBD],0,0,0,0,0,86,11,0,0,0,1,1,25,0,0,0,0,49,21,0.7,0.3,1,1
smish,https://t.me/darazbotpay_bot?start=r05257773745 একটা রেফার করলে 200 টাকা 25 টা রেফার করলেই টাকা তুলতে পারবেন তো আর দেরি না করে এখনি টেলিগ্রাম  এ গিয়ে start কইরা দেন সবাই😊🫶,Bengali,1,2,https://t.me/darazbotpay_bot?start=r05257773745 একটা রেফার করলে 200 টাকা 25 টা রেফার করলেই টাকা তুলতে পারবেন তো আর দেরি না করে এখনি টেলিগ্রাম  এ গিয়ে start কইরা দেন সবাই😊🫶,https://t.me/darazbotpay_bot?start=r05257773745 একটা রেফার করলে 200 টাকা 25 টা রেফার করলেই টাকা তুলতে পারবেন তো আর দেরি না করে এখনি টেলিগ্রাম এ গিয়ে start কইরা দেন সবাই😊🫶,['https://t.me/darazbotpay_bot?start=r05257773745'],1,1,47,47,11,1,0,3,1,0,0,0, [URL]  একটা রেফার করলে 200 টাকা 25 টা রেফার করলেই টাকা তুলতে পারবেন তো আর দেরি না করে এখনি টেলিগ্রাম এ গিয়ে start কইরা দেন সবাই😊🫶,131,1,47,47,11,1,0,3,1,0,0,0,1,47,47,11,1,0,3,1,0,0,0,https://t.me/darazbotpay_bot?start=r05257773745 একটা রেফার করলে 200 টাকা 25 টা রেফার করলেই টাকা তুলতে পারবেন তো আর দেরি না করে এখনি টেলিগ্রাম  এ গিয়ে start কইরা দেন সবাই😊🫶,https://t.me/darazbotpay_bot?start=r05257773745 একটা রেফার করলে 200 টাকা 25 টা রেফার করলেই টাকা তুলতে পারবেন তো আর দেরি না করে এখনি টেলিগ্রাম এ গিয়ে start কইরা দেন সবাই😊🫶,0,0,16,3,1,171,26,0,1,0,1,1,41,2,1,1,1,87,33,0.725,0.275,1,1
smish,"বাংলাদেশ জাতীয় লটারি থেকে অভিনন্দন! আপনি ১,০০,০০০ টাকার পুরস্কার জিতেছেন। দাবি করতে bdlottery-prizeclaim.org এ NID কপি এবং বিকাশ নাম্বার পাঠান।",Bengali,1,2,"বাংলাদেশ জাতীয় লটারি থেকে অভিনন্দন! আপনি ১,০০,০০০ টাকার পুরস্কার জিতেছেন। দাবি করতে bdlottery-prizeclaim.org এ NID কপি এবং বিকাশ নাম্বার পাঠান।","বাংলাদেশ জাতীয় লটারি থেকে অভিনন্দন! আপনি ১,০০,০০০ টাকার পুরস্কার জিতেছেন। দাবি করতে bdlottery-prizeclaim.org এ NID কপি এবং বিকাশ নাম্বার পাঠান।",['bdlottery-prizeclaim.org'],1,1,24,24,0,1,1,0,0,0,0,0,"বাংলাদেশ জাতীয় লটারি থেকে অভিনন্দন! আপনি ১,০০,০০০ টাকার পুরস্কার জিতেছেন। দাবি করতে  [URL]  এ NID কপি এবং বিকাশ নাম্বার পাঠান।",127,1,24,24,0,1,1,0,0,0,0,0,1,24,24,0,1,1,0,0,0,0,0,"বাংলাদেশ জাতীয় লটারি থেকে অভিনন্দন! আপনি ১,০০,০০০ টাকার পুরস্কার জিতেছেন। দাবি করতে bdlottery-prizeclaim.org এ NID কপি এবং বিকাশ নাম্বার পাঠান।","বাংলাদেশ জাতীয় লটারি থেকে অভিনন্দন! আপনি ১,০০,০০০ টাকার পুরস্কার জিতেছেন। দাবি করতে bdlottery-prizeclaim.org এ NID কপি এবং বিকাশ নাম্বার পাঠান।",0,0,6,2,1,144,20,1,0,2,1,0,41,1,1,0,0,93,25,0.788135593220339,0.211864406779661,1,1
normal,"আম্মু, আমি অফিস থেকে সবজি কিনে নিয়ে আসবো। লিস্ট পাঠান।",Bengali,0,0,"আম্মু, আমি অফিস থেকে সবজি কিনে নিয়ে আসবো। লিস্ট পাঠান।","আম্মু, আমি অফিস থেকে সবজি কিনে নিয়ে আসবো। লিস্ট পাঠান।",[],0,0,0,0,0,0,0,0,0,0,0,0,"আম্মু, আমি অফিস থেকে সবজি কিনে নিয়ে আসবো। লিস্ট পাঠান।",55,0,0,0,0,0,0,0,0,0,0,0,0,0,0,0,0,0,0,0,0,0,0,"আম্মু, আমি অফিস থেকে সবজি কিনে নিয়ে আসবো। লিস্ট পাঠান।","আম্মু, আমি অফিস থেকে সবজি কিনে নিয়ে আসবো। লিস্ট পাঠান।",0,0,0,0,0,55,10,0,0,1,0,0,20,0,0,0,0,43,0,1.0,0.0,1,0
smish,মাশরাফির সাথে একান্ত সাক্ষাতের সুযোগ পেতে বিপিএলে বাজি ধরুন। এখনই ক্লিক করুন: promusic.co/components/interbank.com/,Bengali,1,2,মাশরাফির সাথে একান্ত সাক্ষাতের সুযোগ পেতে বিপিএলে বাজি ধরুন। এখনই ক্লিক করুন: promusic.co/components/interbank.com/,মাশরাফির সাথে একান্ত সাক্ষাতের সুযোগ পেতে বিপিএলে বাজি ধরুন। এখনই ক্লিক করুন: promusic.co/components/interbank.com/,['promusic.co/components/interbank.com/'],1,1,37,37,0,2,0,3,0,0,0,0,মাশরাফির সাথে একান্ত সাক্ষাতের সুযোগ পেতে বিপিএলে বাজি ধরুন। এখনই ক্লিক করুন:  [URL] ,85,1,37,37,0,2,0,3,0,0,0,0,1,37,37,0,2,0,3,0,0,0,0,মাশরাফির সাথে একান্ত সাক্ষাতের সুযোগ পেতে বিপিএলে বাজি ধরুন। এখনই ক্লিক করুন: promusic.co/components/interbank.com/,মাশরাফির সাথে একান্ত সাক্ষাতের সুযোগ পেতে বিপিএলে বাজি ধরুন। এখনই ক্লিক করুন: promusic.co/components/interbank.com/,0,0,0,0,0,115,13,0,0,0,2,1,31,0,0,0,0,64,32,0.6666666666666666,0.3333333333333333,1,1
promo,ঈদ কেনাকাটায় ডায়মন্ড গহনায় ২৫% ছাড় চাঁদরাত পর্যন্ত। ফোন: ০১৭১৩১৯৯২৭০,Bengali,0,1,ঈদ কেনাকাটায় ডায়মন্ড গহনায় ২৫% ছাড় চাঁদরাত পর্যন্ত। ফোন: ০১৭১৩১৯৯২৭০,ঈদ কেনাকাটায় ডায়মন্ড গহনায় ২৫% ছাড় চাঁদরাত পর্যন্ত। ফোন: ০১৭১৩১৯৯২৭০,[],0,0,0,0,0,0,0,0,0,0,0,0,ঈদ কেনাকাটায় ডায়মন্ড গহনায় ২৫% ছাড় চাঁদরাত পর্যন্ত। ফোন: ০১৭১৩১৯৯২৭০,72,0,0,0,0,0,0,0,0,0,0,0,0,0,0,0,0,0,0,0,0,0,0,ঈদ কেনাকাটায় ডায়মন্ড গহনায় ২৫% ছাড় চাঁদরাত পর্যন্ত। ফোন: ০১৭১৩১৯৯২৭০,ঈদ কেনাকাটায় ডায়মন্ড গহনায় ২৫% ছাড় চাঁদরাত পর্যন্ত। ফোন: ০১৭১৩১৯৯২৭০,0,0,13,2,1,72,10,0,0,0,0,1,21,0,0,0,0,60,0,1.0,0.0,1,0
promo,২৬ জানুয়ারি ২০২৪ আন্তর্জাতিক কাস্টমস দিবস উদযাপিত হচ্ছে। এবারের প্রতিপাদ্য বিষয় ‘‘মিলে নবীন-পুরনো অংশীজন/কাস্টমস করবে লক্ষ্য অর্জন”। জাতীয় রাজস্ব বোর্ড,Bengali,0,1,২৬ জানুয়ারি ২০২৪ আন্তর্জাতিক কাস্টমস দিবস উদযাপিত হচ্ছে। এবারের প্রতিপাদ্য বিষয় ‘‘মিলে নবীন-পুরনো অংশীজন/কাস্টমস করবে লক্ষ্য অর্জন”। জাতীয় রাজস্ব বোর্ড,"২৬ জানুয়ারি ২০২৪ আন্তর্জাতিক কাস্টমস দিবস উদযাপিত হচ্ছে। এবারের প্রতিপাদ্য বিষয় ''মিলে নবীন-পুরনো অংশীজন/কাস্টমস করবে লক্ষ্য অর্জন""। জাতীয় রাজস্ব বোর্ড",[],0,0,0,0,0,0,0,0,0,0,0,0,"২৬ জানুয়ারি ২০২৪ আন্তর্জাতিক কাস্টমস দিবস উদযাপিত হচ্ছে। এবারের প্রতিপাদ্য বিষয় ''মিলে নবীন-পুরনো অংশীজন/কাস্টমস করবে লক্ষ্য অর্জন""। জাতীয় রাজস্ব বোর্ড",154,0,0,0,0,0,0,0,0,0,0,0,0,0,0,0,0,0,0,0,0,0,0,২৬ জানুয়ারি ২০২৪ আন্তর্জাতিক কাস্টমস দিবস উদযাপিত হচ্ছে। এবারের প্রতিপাদ্য বিষয় ‘‘মিলে নবীন-পুরনো অংশীজন/কাস্টমস করবে লক্ষ্য অর্জন”। জাতীয় রাজস্ব বোর্ড,২৬ জানুয়ারি ২০২৪ আন্তর্জাতিক কাস্টমস দিবস উদযাপিত হচ্ছে। এবারের প্রতিপাদ্য বিষয় ‘‘মিলে নবীন-পুরনো অংশীজন/কাস্টমস করবে লক্ষ্য অর্জন”। জাতীয় রাজস্ব বোর্ড,0,0,6,2,1,154,20,0,0,0,0,0,51,0,0,0,0,128,0,1.0,0.0,1,0
smish,আপনার বিকাশ অ্যাকাউন্ট থেকে টাকা উত্তোলনের অনুরোধ এসেছে। যদি আপনি না করেন তবে সাথে সাথে cancel করুন: bkash-alerts.com।,Bengali,1,2,আপনার বিকাশ অ্যাকাউন্ট থেকে টাকা উত্তোলনের অনুরোধ এসেছে। যদি আপনি না করেন তবে সাথে সাথে cancel করুন: bkash-alerts.com।,আপনার বিকাশ অ্যাকাউন্ট থেকে টাকা উত্তোলনের অনুরোধ এসেছে। যদি আপনি না করেন তবে সাথে সাথে cancel করুন: bkash-alerts.com।,['bkash-alerts.com'],1,1,16,16,0,1,1,0,0,0,0,0,আপনার বিকাশ অ্যাকাউন্ট থেকে টাকা উত্তোলনের অনুরোধ এসেছে। যদি আপনি না করেন তবে সাথে সাথে cancel করুন:  [URL] ।,109,1,16,16,0,1,1,0,0,0,0,0,1,16,16,0,1,1,0,0,0,0,0,আপনার বিকাশ অ্যাকাউন্ট থেকে টাকা উত্তোলনের অনুরোধ এসেছে। যদি আপনি না করেন তবে সাথে সাথে cancel করুন: bkash-alerts.com।,আপনার বিকাশ অ্যাকাউন্ট থেকে টাকা উত্তোলনের অনুরোধ এসেছে। যদি আপনি না করেন তবে সাথে সাথে cancel করুন: bkash-alerts.com।,0,0,0,0,0,118,18,0,0,0,1,1,33,1,1,1,1,76,20,0.7916666666666666,0.20833333333333334,1,1
smish,বিনামূল্যে ক্রিপ্টো পাওয়ার সুযোগ! এখানে ক্লিক করুন: http://bit.ly/FreeCrypto,Bengali,1,2,বিনামূল্যে ক্রিপ্টো পাওয়ার সুযোগ! এখানে ক্লিক করুন: http://bit.ly/FreeCrypto,বিনামূল্যে ক্রিপ্টো পাওয়ার সুযোগ! এখানে ক্লিক করুন: http://bit.ly/FreeCrypto,['http://bit.ly/FreeCrypto'],1,1,24,24,0,1,0,3,0,0,0,1,বিনামূল্যে ক্রিপ্টো পাওয়ার সুযোগ! এখানে ক্লিক করুন:  [URL] ,60,1,24,24,0,1,0,3,0,0,0,1,1,24,24,0,1,0,3,0,0,0,1,বিনামূল্যে ক্রিপ্টো পাওয়ার সুযোগ! এখানে ক্লিক করুন: http://bit.ly/FreeCrypto,বিনামূল্যে ক্রিপ্টো পাওয়ার সুযোগ! এখানে ক্লিক করুন: http://bit.ly/FreeCrypto,0,0,0,0,0,77,8,1,0,0,1,2,26,0,0,0,0,44,19,0.6984126984126984,0.30158730158730157,1,1
smish,"জনাব মাহমুদ, আপনার ব্যাংক অ্যাকাউন্ট হ্যাক হয়েছে। তাৎক্ষণিকভাবে 16216 এ কল করে আপনার অ্যাকাউন্ট নম্বর ও OTP দিন, না হলে পুরো টাকা হারাবেন।",Bengali,0,2,"জনাব মাহমুদ, আপনার ব্যাংক অ্যাকাউন্ট হ্যাক হয়েছে। তাৎক্ষণিকভাবে 16216 এ কল করে আপনার অ্যাকাউন্ট নম্বর ও OTP দিন, না হলে পুরো টাকা হারাবেন।","জনাব মাহমুদ, আপনার ব্যাংক অ্যাকাউন্ট হ্যাক হয়েছে। তাৎক্ষণিকভাবে 16216 এ কল করে আপনার অ্যাকাউন্ট নম্বর ও OTP দিন, না হলে পুরো টাকা হারাবেন।",[],0,0,0,0,0,0,0,0,0,0,0,0,"জনাব মাহমুদ, আপনার ব্যাংক অ্যাকাউন্ট হ্যাক হয়েছে। তাৎক্ষণিকভাবে 16216 এ কল করে আপনার অ্যাকাউন্ট নম্বর ও OTP দিন, না হলে পুরো টাকা হারাবেন।",139,0,0,0,0,0,0,0,0,0,0,0,0,0,0,0,0,0,0,0,0,0,0,"জনাব মাহমুদ, আপনার ব্যাংক অ্যাকাউন্ট হ্যাক হয়েছে। তাৎক্ষণিকভাবে 16216 এ কল করে আপনার অ্যাকাউন্ট নম্বর ও OTP দিন, না হলে পুরো টাকা হারাবেন।","জনাব মাহমুদ, আপনার ব্যাংক অ্যাকাউন্ট হ্যাক হয়েছে। তাৎক্ষণিকভাবে 16216 এ কল করে আপনার অ্যাকাউন্ট নম্বর ও OTP দিন, না হলে পুরো টাকা হারাবেন।",0,0,5,1,1,139,23,0,0,2,0,0,42,1,1,2,1,105,3,0.9722222222222222,0.027777777777777776,1,1
normal,"আপনার মেয়ে হাসপাতালে, জলদি টাকা পাঠান ০১৮২৮১৭৩৯১২।",Bengali,0,0,"আপনার মেয়ে হাসপাতালে, জলদি টাকা পাঠান ০১৮২৮১৭৩৯১২।","আপনার মেয়ে হাসপাতালে, জলদি টাকা পাঠান ০১৮২৮১৭৩৯১২।",[],0,0,0,0,0,0,0,0,0,0,0,0,"আপনার মেয়ে হাসপাতালে, জলদি টাকা পাঠান ০১৮২৮১৭৩৯১২।",51,0,0,0,0,0,0,0,0,0,0,0,0,0,0,0,0,0,0,0,0,0,0,"আপনার মেয়ে হাসপাতালে, জলদি টাকা পাঠান ০১৮২৮১৭৩৯১২।","আপনার মেয়ে হাসপাতালে, জলদি টাকা পাঠান ০১৮২৮১৭৩৯১২।",0,0,11,1,1,51,7,0,0,1,0,0,15,1,1,0,0,43,0,1.0,0.0,1,0
normal,কেমন চলছে তোমার দিন?,Bengali,0,0,কেমন চলছে তোমার দিন?,কেমন চলছে তোমার দিন?,[],0,0,0,0,0,0,0,0,0,0,0,0,কেমন চলছে তোমার দিন?,20,0,0,0,0,0,0,0,0,0,0,0,0,0,0,0,0,0,0,0,0,0,0,কেমন চলছে তোমার দিন?,কেমন চলছে তোমার দিন?,0,0,0,0,0,20,4,0,1,0,0,0,6,0,0,0,0,16,0,1.0,0.0,1,0
promo,10 বছর আগে আজকের দিনেই শুরু হয়েছিল গ্রামীণফোনের সাথে আপনার পথচলা। আশা করি আগামী দিনগুলো হবে আরো সুন্দর ও সম্ভাবনাময়।,Bengali,0,1,10 বছর আগে আজকের দিনেই শুরু হয়েছিল গ্রামীণফোনের সাথে আপনার পথচলা। আশা করি আগামী দিনগুলো হবে আরো সুন্দর ও সম্ভাবনাময়।,10 বছর আগে আজকের দিনেই শুরু হয়েছিল গ্রামীণফোনের সাথে আপনার পথচলা। আশা করি আগামী দিনগুলো হবে আরো সুন্দর ও সম্ভাবনাময়।,[],0,0,0,0,0,0,0,0,0,0,0,0,10 বছর আগে আজকের দিনেই শুরু হয়েছিল গ্রামীণফোনের সাথে আপনার পথচলা। আশা করি আগামী দিনগুলো হবে আরো সুন্দর ও সম্ভাবনাময়।,118,0,0,0,0,0,0,0,0,0,0,0,0,0,0,0,0,0,0,0,0,0,0,10 বছর আগে আজকের দিনেই শুরু হয়েছিল গ্রামীণফোনের সাথে আপনার পথচলা। আশা করি আগামী দিনগুলো হবে আরো সুন্দর ও সম্ভাবনাময়।,10 বছর আগে আজকের দিনেই শুরু হয়েছিল গ্রামীণফোনের সাথে আপনার পথচলা। আশা করি আগামী দিনগুলো হবে আরো সুন্দর ও সম্ভাবনাময়।,0,0,2,1,1,118,20,0,0,0,0,0,35,0,0,0,0,95,0,1.0,0.0,1,0
normal,আজকে কি প্ল্যান?,Bengali,0,0,আজকে কি প্ল্যান?,আজকে কি প্ল্যান?,[],0,0,0,0,0,0,0,0,0,0,0,0,আজকে কি প্ল্যান?,16,0,0,0,0,0,0,0,0,0,0,0,0,0,0,0,0,0,0,0,0,0,0,আজকে কি প্ল্যান?,আজকে কি প্ল্যান?,0,0,0,0,0,16,3,0,1,0,0,0,6,0,0,0,0,13,0,1.0,0.0,1,0
normal,কাল বিকেলে শাহবাগে বইমেলা ঘুরতে যাবো। তুমি কি সাথে যেতে পারবে?,Bengali,0,0,কাল বিকেলে শাহবাগে বইমেলা ঘুরতে যাবো। তুমি কি সাথে যেতে পারবে?,কাল বিকেলে শাহবাগে বইমেলা ঘুরতে যাবো। তুমি কি সাথে যেতে পারবে?,[],0,0,0,0,0,0,0,0,0,0,0,0,কাল বিকেলে শাহবাগে বইমেলা ঘুরতে যাবো। তুমি কি সাথে যেতে পারবে?,62,0,0,0,0,0,0,0,0,0,0,0,0,0,0,0,0,0,0,0,0,0,0,কাল বিকেলে শাহবাগে বইমেলা ঘুরতে যাবো। তুমি কি সাথে যেতে পারবে?,কাল বিকেলে শাহবাগে বইমেলা ঘুরতে যাবো। তুমি কি সাথে যেতে পারবে?,0,0,0,0,0,62,11,0,1,0,0,0,24,0,0,0,0,50,0,1.0,0.0,1,0
normal,শুভ পয়লা বৈশাখ!,Bengali,0,0,শুভ পয়লা বৈশাখ!,শুভ পয়লা বৈশাখ!,[],0,0,0,0,0,0,0,0,0,0,0,0,শুভ পয়লা বৈশাখ!,16,0,0,0,0,0,0,0,0,0,0,0,0,0,0,0,0,0,0,0,0,0,0,শুভ পয়লা বৈশাখ!,শুভ পয়লা বৈশাখ!,0,0,0,0,0,16,3,1,0,0,0,0,6,0,0,0,0,13,0,1.0,0.0,1,0
normal,আজ সকালে হালকা ব্যায়াম করলাম। শরীরটা ফ্রেশ লাগছে।,Bengali,0,0,আজ সকালে হালকা ব্যায়াম করলাম। শরীরটা ফ্রেশ লাগছে।,আজ সকালে হালকা ব্যায়াম করলাম। শরীরটা ফ্রেশ লাগছে।,[],0,0,0,0,0,0,0,0,0,0,0,0,আজ সকালে হালকা ব্যায়াম করলাম। শরীরটা ফ্রেশ লাগছে।,50,0,0,0,0,0,0,0,0,0,0,0,0,0,0,0,0,0,0,0,0,0,0,আজ সকালে হালকা ব্যায়াম করলাম। শরীরটা ফ্রেশ লাগছে।,আজ সকালে হালকা ব্যায়াম করলাম। শরীরটা ফ্রেশ লাগছে।,0,0,0,0,0,50,8,0,0,0,0,0,17,0,0,0,0,41,0,1.0,0.0,1,0
smish,"জনতা ব্যাংক থেকে ২,০০০ টাকা পুরস্কার জিতেছেন! বিস্তারিত জানতে এখানে ক্লিক করুন: https://t.me/JanataPrizeBot",Bengali,1,2,"জনতা ব্যাংক থেকে ২,০০০ টাকা পুরস্কার জিতেছেন! বিস্তারিত জানতে এখানে ক্লিক করুন: https://t.me/JanataPrizeBot","জনতা ব্যাংক থেকে ২,০০০ টাকা পুরস্কার জিতেছেন! বিস্তারিত জানতে এখানে ক্লিক করুন: https://t.me/JanataPrizeBot",['https://t.me/JanataPrizeBot'],1,1,27,27,0,1,0,3,1,0,0,0,"জনতা ব্যাংক থেকে ২,০০০ টাকা পুরস্কার জিতেছেন! বিস্তারিত জানতে এখানে ক্লিক করুন:  [URL] ",87,1,27,27,0,1,0,3,1,0,0,0,1,27,27,0,1,0,3,1,0,0,0,"জনতা ব্যাংক থেকে ২,০০০ টাকা পুরস্কার জিতেছেন! বিস্তারিত জানতে এখানে ক্লিক করুন: https://t.me/JanataPrizeBot","জনতা ব্যাংক থেকে ২,০০০ টাকা পুরস্কার জিতেছেন! বিস্তারিত জানতে এখানে ক্লিক করুন: https://t.me/JanataPrizeBot",0,0,4,1,1,107,13,1,0,1,1,2,33,1,1,0,0,65,22,0.7471264367816092,0.25287356321839083,1,1
normal,"দাদা, আপনার অ্যাপয়েন্টমেন্ট কাল সকাল ১০টায়। ভুলে যাবেন না।",Bengali,0,0,"দাদা, আপনার অ্যাপয়েন্টমেন্ট কাল সকাল ১০টায়। ভুলে যাবেন না।","দাদা, আপনার অ্যাপয়েন্টমেন্ট কাল সকাল ১০টায়। ভুলে যাবেন না।",[],0,0,0,0,0,0,0,0,0,0,0,0,"দাদা, আপনার অ্যাপয়েন্টমেন্ট কাল সকাল ১০টায়। ভুলে যাবেন না।",60,0,0,0,0,0,0,0,0,0,0,0,0,0,0,0,0,0,0,0,0,0,0,"দাদা, আপনার অ্যাপয়েন্টমেন্ট কাল সকাল ১০টায়। ভুলে যাবেন না।","দাদা, আপনার অ্যাপয়েন্টমেন্ট কাল সকাল ১০টায়। ভুলে যাবেন না।",0,0,2,1,1,60,9,0,0,1,0,0,22,0,0,0,0,49,0,1.0,0.0,1,0
smish,"প্রিয় xxx, অভিনন্দন! আপনার আবেদন এবং রিজিউম যাচাই করার পরে, আমরা আনন্দের সাথে একটি চাকরির প্রস্তাব দিচ্ছি। আপনার গ্রহণযোগ্যতা দিয়ে এই ইমেলটির উত্তর দিন এবং বেতন জমা দেওয়ার জন্য আপনার ব্যাংকের বিবরণ প্রদান করুন।",Bengali,0,2,"প্রিয় xxx, অভিনন্দন! আপনার আবেদন এবং রিজিউম যাচাই করার পরে, আমরা আনন্দের সাথে একটি চাকরির প্রস্তাব দিচ্ছি। আপনার গ্রহণযোগ্যতা দিয়ে এই ইমেলটির উত্তর দিন এবং বেতন জমা দেওয়ার জন্য আপনার ব্যাংকের বিবরণ প্রদান করুন।","প্রিয় xxx, অভিনন্দন! আপনার আবেদন এবং রিজিউম যাচাই করার পরে, আমরা আনন্দের সাথে একটি চাকরির প্রস্তাব দিচ্ছি। আপনার গ্রহণযোগ্যতা দিয়ে এই ইমেলটির উত্তর দিন এবং বেতন জমা দেওয়ার জন্য আপনার ব্যাংকের বিবরণ প্রদান করুন।",[],0,0,0,0,0,0,0,0,0,0,0,0,"প্রিয় xxx, অভিনন্দন! আপনার আবেদন এবং রিজিউম যাচাই করার পরে, আমরা আনন্দের সাথে একটি চাকরির প্রস্তাব দিচ্ছি। আপনার গ্রহণযোগ্যতা দিয়ে এই ইমেলটির উত্তর দিন এবং বেতন জমা দেওয়ার জন্য আপনার ব্যাংকের বিবরণ প্রদান করুন।",213,0,0,0,0,0,0,0,0,0,0,0,0,0,0,0,0,0,0,0,0,0,0,"প্রিয় xxx, অভিনন্দন! আপনার আবেদন এবং রিজিউম যাচাই করার পরে, আমরা আনন্দের সাথে একটি চাকরির প্রস্তাব দিচ্ছি। আপনার গ্রহণযোগ্যতা দিয়ে এই ইমেলটির উত্তর দিন এবং বেতন জমা দেওয়ার জন্য আপনার ব্যাংকের বিবরণ প্রদান করুন।","প্রিয় xxx, অভিনন্দন! আপনার আবেদন এবং রিজিউম যাচাই করার পরে, আমরা আনন্দের সাথে একটি চাকরির প্রস্তাব দিচ্ছি। আপনার গ্রহণযোগ্যতা দিয়ে এই ইমেলটির উত্তর দিন এবং বেতন জমা দেওয়ার জন্য আপনার ব্যাংকের বিবরণ প্রদান করুন।",0,0,0,0,0,213,34,1,0,2,0,0,61,0,0,1,1,172,3,0.9828571428571429,0.017142857142857144,1,1
promo,"ক্যাশব্যাকে সেঞ্চুরি ৳১০০! ৪৬জিবি @ ৳৩৯৮,৩০দিন: cutt.ly/AwQzYxAf",Bengali,1,1,"ক্যাশব্যাকে সেঞ্চুরি ৳১০০! ৪৬জিবি @ ৳৩৯৮,৩০দিন: cutt.ly/AwQzYxAf","ক্যাশব্যাকে সেঞ্চুরি ৳১০০! ৪৬জিবি @ ৳৩৯৮,৩০দিন: cutt.ly/AwQzYxAf",['cutt.ly/AwQzYxAf'],1,1,16,16,0,1,0,1,0,0,0,1,"ক্যাশব্যাকে সেঞ্চুরি ৳১০০! ৪৬জিবি @ ৳৩৯৮,৩০দিন:  [URL] ",55,1,16,16,0,1,0,1,0,0,0,1,1,16,16,0,1,0,1,0,0,0,1,"ক্যাশব্যাকে সেঞ্চুরি ৳১০০! ৪৬জিবি @ ৳৩৯৮,৩০দিন: cutt.ly/AwQzYxAf","ক্যাশব্যাকে সেঞ্চুরি ৳১০০! ৪৬জিবি @ ৳৩৯৮,৩০দিন: cutt.ly/AwQzYxAf",0,0,10,3,1,64,7,1,0,1,1,1,20,2,1,0,0,38,14,0.7307692307692307,0.2692307692307692,1,1
normal,বৃষ্টি না থাকলে খুব গরম হয়।,Bengali,0,0,বৃষ্টি না থাকলে খুব গরম হয়।,বৃষ্টি না থাকলে খুব গরম হয়।,[],0,0,0,0,0,0,0,0,0,0,0,0,বৃষ্টি না থাকলে খুব গরম হয়।,28,0,0,0,0,0,0,0,0,0,0,0,0,0,0,0,0,0,0,0,0,0,0,বৃষ্টি না থাকলে খুব গরম হয়।,বৃষ্টি না থাকলে খুব গরম হয়।,0,0,0,0,0,28,6,0,0,0,0,0,9,0,0,0,0,22,0,1.0,0.0,1,0
normal,"নানি, আপনার জন্য ওষুধ এনেছি। নিয়মিত খাবেন।",Bengali,0,0,"নানি, আপনার জন্য ওষুধ এনেছি। নিয়মিত খাবেন।","নানি, আপনার জন্য ওষুধ এনেছি। নিয়মিত খাবেন।",[],0,0,0,0,0,0,0,0,0,0,0,0,"নানি, আপনার জন্য ওষুধ এনেছি। নিয়মিত খাবেন।",43,0,0,0,0,0,0,0,0,0,0,0,0,0,0,0,0,0,0,0,0,0,0,"নানি, আপনার জন্য ওষুধ এনেছি। নিয়মিত খাবেন।","নানি, আপনার জন্য ওষুধ এনেছি। নিয়মিত খাবেন।",0,0,0,0,0,43,7,0,0,1,0,0,15,0,0,0,0,34,0,1.0,0.0,1,0
smish,ক্যাসিনোতে বাজি ধরুন এবং একটি ফ্রি গাড়ি জিতুন! আজই যোগ দিন: phlebolog.com.ua/libraries/joomla/results.php,Bengali,1,2,ক্যাসিনোতে বাজি ধরুন এবং একটি ফ্রি গাড়ি জিতুন! আজই যোগ দিন: phlebolog.com.ua/libraries/joomla/results.php,ক্যাসিনোতে বাজি ধরুন এবং একটি ফ্রি গাড়ি জিতুন! আজই যোগ দিন: phlebolog.com.ua/libraries/joomla/results.php,['phlebolog.com.ua/libraries/joomla/results.php'],1,1,45,45,0,3,0,3,0,0,0,0,ক্যাসিনোতে বাজি ধরুন এবং একটি ফ্রি গাড়ি জিতুন! আজই যোগ দিন:  [URL] ,68,1,45,45,0,3,0,3,0,0,0,0,1,45,45,0,3,0,3,0,0,0,0,ক্যাসিনোতে বাজি ধরুন এবং একটি ফ্রি গাড়ি জিতুন! আজই যোগ দিন: phlebolog.com.ua/libraries/joomla/results.php,ক্যাসিনোতে বাজি ধরুন এবং একটি ফ্রি গাড়ি জিতুন! আজই যোগ দিন: phlebolog.com.ua/libraries/joomla/results.php,0,0,0,0,0,106,12,1,0,0,3,1,27,0,0,0,0,48,39,0.5517241379310345,0.4482758620689655,1,1
normal,"দাদু, আজ আপনার জন্য মিষ্টি এনেছি। খুশি হবেন।",Bengali,0,0,"দাদু, আজ আপনার জন্য মিষ্টি এনেছি। খুশি হবেন।","দাদু, আজ আপনার জন্য মিষ্টি এনেছি। খুশি হবেন।",[],0,0,0,0,0,0,0,0,0,0,0,0,"দাদু, আজ আপনার জন্য মিষ্টি এনেছি। খুশি হবেন।",44,0,0,0,0,0,0,0,0,0,0,0,0,0,0,0,0,0,0,0,0,0,0,"দাদু, আজ আপনার জন্য মিষ্টি এনেছি। খুশি হবেন।","দাদু, আজ আপনার জন্য মিষ্টি এনেছি। খুশি হবেন।",0,0,0,0,0,44,8,0,0,1,0,0,15,0,0,0,0,34,0,1.0,0.0,1,0
normal,আমার একটি সমস্যা আছে।,Bengali,0,0,আমার একটি সমস্যা আছে।,আমার একটি সমস্যা আছে।,[],0,0,0,0,0,0,0,0,0,0,0,0,আমার একটি সমস্যা আছে।,21,0,0,0,0,0,0,0,0,0,0,0,0,0,0,0,0,0,0,0,0,0,0,আমার একটি সমস্যা আছে।,আমার একটি সমস্যা আছে।,0,0,0,0,0,21,4,0,0,0,0,0,6,0,0,0,0,17,0,1.0,0.0,1,0
smish,"GP App লগইন ব্যর্থ হয়েছে। আপনার একাউন্ট ব্লক হতে চলেছে। অবিলম্বে gp-update24.org এ লগইন করে আপনার নাম্বার, OTP এবং পিন যাচাই করুন।",Bengali,1,2,"GP App লগইন ব্যর্থ হয়েছে। আপনার একাউন্ট ব্লক হতে চলেছে। অবিলম্বে gp-update24.org এ লগইন করে আপনার নাম্বার, OTP এবং পিন যাচাই করুন।","GP App লগইন ব্যর্থ হয়েছে। আপনার একাউন্ট ব্লক হতে চলেছে। অবিলম্বে gp-update24.org এ লগইন করে আপনার নাম্বার, OTP এবং পিন যাচাই করুন।",['gp-update24.org'],1,1,15,15,2,1,1,0,0,0,0,0,"GP App লগইন ব্যর্থ হয়েছে। আপনার একাউন্ট ব্লক হতে চলেছে। অবিলম্বে  [URL]  এ লগইন করে আপনার নাম্বার, OTP এবং পিন যাচাই করুন।",123,1,15,15,2,1,1,0,0,0,0,0,1,15,15,2,1,1,0,0,0,0,0,"GP App লগইন ব্যর্থ হয়েছে। আপনার একাউন্ট ব্লক হতে চলেছে। অবিলম্বে gp-update24.org এ লগইন করে আপনার নাম্বার, OTP এবং পিন যাচাই করুন।","GP App লগইন ব্যর্থ হয়েছে। আপনার একাউন্ট ব্লক হতে চলেছে। অবিলম্বে gp-update24.org এ লগইন করে আপনার নাম্বার, OTP এবং পিন যাচাই করুন।",0,0,2,1,1,131,22,0,0,1,1,0,31,0,0,3,1,83,19,0.8137254901960784,0.18627450980392157,1,1
smish,খণ্ডকালীন জব।বেতন 5000 BDT/দিন।ঘরে বসে কাজ : wa.me/85295102105,Bengali,1,2,খণ্ডকালীন জব।বেতন 5000 BDT/দিন।ঘরে বসে কাজ : wa.me/85295102105,খণ্ডকালীন জব।বেতন 5000 BDT/দিন।ঘরে বসে কাজ : wa.me/85295102105,['wa.me/85295102105'],1,1,17,17,11,1,0,1,0,0,0,0,খণ্ডকালীন জব।বেতন 5000 BDT/দিন।ঘরে বসে কাজ :  [URL] ,52,1,17,17,11,1,0,1,0,0,0,0,1,17,17,11,1,0,1,0,0,0,0,খণ্ডকালীন জব।বেতন 5000 BDT/দিন।ঘরে বসে কাজ : wa.me/85295102105,খণ্ডকালীন জব।বেতন 5000 BDT/দিন।ঘরে বসে কাজ : wa.me/85295102105,0,0,15,2,1,62,8,0,0,0,1,1,14,1,1,0,0,27,7,0.7941176470588235,0.20588235294117646,1,1
normal,"আজ সকালে হাঁটতে বের হয়েছিলাম। বাতাসটা ঠাণ্ডা ছিল, মনে হচ্ছিলো ভীষণ প্রশান্তি। সারাদিন কাজের আগে একটু এনার্জি পেয়ে গেলাম।",Bengali,0,0,"আজ সকালে হাঁটতে বের হয়েছিলাম। বাতাসটা ঠাণ্ডা ছিল, মনে হচ্ছিলো ভীষণ প্রশান্তি। সারাদিন কাজের আগে একটু এনার্জি পেয়ে গেলাম।","আজ সকালে হাঁটতে বের হয়েছিলাম। বাতাসটা ঠাণ্ডা ছিল, মনে হচ্ছিলো ভীষণ প্রশান্তি। সারাদিন কাজের আগে একটু এনার্জি পেয়ে গেলাম।",[],0,0,0,0,0,0,0,0,0,0,0,0,"আজ সকালে হাঁটতে বের হয়েছিলাম। বাতাসটা ঠাণ্ডা ছিল, মনে হচ্ছিলো ভীষণ প্রশান্তি। সারাদিন কাজের আগে একটু এনার্জি পেয়ে গেলাম।",122,0,0,0,0,0,0,0,0,0,0,0,0,0,0,0,0,0,0,0,0,0,0,"আজ সকালে হাঁটতে বের হয়েছিলাম। বাতাসটা ঠাণ্ডা ছিল, মনে হচ্ছিলো ভীষণ প্রশান্তি। সারাদিন কাজের আগে একটু এনার্জি পেয়ে গেলাম।","আজ সকালে হাঁটতে বের হয়েছিলাম। বাতাসটা ঠাণ্ডা ছিল, মনে হচ্ছিলো ভীষণ প্রশান্তি। সারাদিন কাজের আগে একটু এনার্জি পেয়ে গেলাম।",0,0,0,0,0,122,19,0,0,1,0,0,45,0,0,0,0,100,0,1.0,0.0,1,0
normal,"আপনার পেমেন্ট বাকি ৮০০/- টাকা, দ্রুত পরিশোধ করুন।",Bengali,0,0,"আপনার পেমেন্ট বাকি ৮০০/- টাকা, দ্রুত পরিশোধ করুন।","আপনার পেমেন্ট বাকি ৮০০/- টাকা, দ্রুত পরিশোধ করুন।",[],0,0,0,0,0,0,0,0,0,0,0,0,"আপনার পেমেন্ট বাকি ৮০০/- টাকা, দ্রুত পরিশোধ করুন।",49,0,0,0,0,0,0,0,0,0,0,0,0,0,0,0,0,0,0,0,0,0,0,"আপনার পেমেন্ট বাকি ৮০০/- টাকা, দ্রুত পরিশোধ করুন।","আপনার পেমেন্ট বাকি ৮০০/- টাকা, দ্রুত পরিশোধ করুন।",0,0,3,1,1,49,8,0,0,1,0,0,17,1,1,0,0,38,0,1.0,0.0,1,0
smish,ক্রিপ্টো ট্রেডিং এ বিশেষ অফার! এখনই লগইন করুন: http://bit.ly/CryptoDeal,Bengali,1,2,ক্রিপ্টো ট্রেডিং এ বিশেষ অফার! এখনই লগইন করুন: http://bit.ly/CryptoDeal,ক্রিপ্টো ট্রেডিং এ বিশেষ অফার! এখনই লগইন করুন: http://bit.ly/CryptoDeal,['http://bit.ly/CryptoDeal'],1,1,24,24,0,1,0,3,0,0,0,1,ক্রিপ্টো ট্রেডিং এ বিশেষ অফার! এখনই লগইন করুন:  [URL] ,54,1,24,24,0,1,0,3,0,0,0,1,1,24,24,0,1,0,3,0,0,0,1,ক্রিপ্টো ট্রেডিং এ বিশেষ অফার! এখনই লগইন করুন: http://bit.ly/CryptoDeal,ক্রিপ্টো ট্রেডিং এ বিশেষ অফার! এখনই লগইন করুন: http://bit.ly/CryptoDeal,0,0,0,0,0,71,9,1,0,0,1,2,19,0,0,0,0,37,19,0.6607142857142857,0.3392857142857143,1,1
smish,আপনার ব্যাংক অ্যাকাউন্টের নিরাপত্তার জন্য লগইন করুন: [bankverify.net/LoginBD],Bengali,1,2,আপনার ব্যাংক অ্যাকাউন্টের নিরাপত্তার জন্য লগইন করুন: [bankverify.net/LoginBD],আপনার ব্যাংক অ্যাকাউন্টের নিরাপত্তার জন্য লগইন করুন: [bankverify.net/LoginBD],['bankverify.net/LoginBD'],1,1,22,22,0,1,0,1,0,0,0,0,আপনার ব্যাংক অ্যাকাউন্টের নিরাপত্তার জন্য লগইন করুন: [ [URL] ],62,1,22,22,0,1,0,1,0,0,0,0,1,22,22,0,1,0,1,0,0,0,0,আপনার ব্যাংক অ্যাকাউন্টের নিরাপত্তার জন্য লগইন করুন: [bankverify.net/LoginBD],আপনার ব্যাংক অ্যাকাউন্টের নিরাপত্তার জন্য লগইন করুন: [bankverify.net/LoginBD],0,0,0,0,0,77,8,0,0,0,1,1,20,0,0,3,1,45,20,0.6923076923076923,0.3076923076923077,1,1
normal,তুমি কি খেলা দেখছো?,Bengali,0,0,তুমি কি খেলা দেখছো?,তুমি কি খেলা দেখছো?,[],0,0,0,0,0,0,0,0,0,0,0,0,তুমি কি খেলা দেখছো?,19,0,0,0,0,0,0,0,0,0,0,0,0,0,0,0,0,0,0,0,0,0,0,তুমি কি খেলা দেখছো?,তুমি কি খেলা দেখছো?,0,0,0,0,0,19,4,0,1,0,0,0,8,0,0,0,0,15,0,1.0,0.0,1,0
smish,নগদ অ্যাকাউন্টে ত্রুটি দেখা দিয়েছে। কল করুন: +8801812122234,Bengali,0,2,নগদ অ্যাকাউন্টে ত্রুটি দেখা দিয়েছে। কল করুন: +8801812122234,নগদ অ্যাকাউন্টে ত্রুটি দেখা দিয়েছে। কল করুন: +8801812122234,[],0,0,0,0,0,0,0,0,0,0,0,0,নগদ অ্যাকাউন্টে ত্রুটি দেখা দিয়েছে। কল করুন: +8801812122234,60,0,0,0,0,0,0,0,0,0,0,0,0,0,0,0,0,0,0,0,0,0,0,নগদ অ্যাকাউন্টে ত্রুটি দেখা দিয়েছে। কল করুন: +8801812122234,নগদ অ্যাকাউন্টে ত্রুটি দেখা দিয়েছে। কল করুন: +8801812122234,1,1,13,1,1,60,8,0,0,0,0,1,18,0,0,1,1,37,0,1.0,0.0,1,0
smish,"বিকাশ গ্রাহক, আপনার একাউন্টে ৮,৫০০ টাকা ভুলবশত পাঠানো হয়েছে। রিফান্ড পেতে bkash-secureverify.org এ গিয়ে পিন দিন। না করলে একাউন্ট ফ্রিজ হবে।",Bengali,1,2,"বিকাশ গ্রাহক, আপনার একাউন্টে ৮,৫০০ টাকা ভুলবশত পাঠানো হয়েছে। রিফান্ড পেতে bkash-secureverify.org এ গিয়ে পিন দিন। না করলে একাউন্ট ফ্রিজ হবে।","বিকাশ গ্রাহক, আপনার একাউন্টে ৮,৫০০ টাকা ভুলবশত পাঠানো হয়েছে। রিফান্ড পেতে bkash-secureverify.org এ গিয়ে পিন দিন। না করলে একাউন্ট ফ্রিজ হবে।",['bkash-secureverify.org'],1,1,22,22,0,1,1,0,0,0,0,0,"বিকাশ গ্রাহক, আপনার একাউন্টে ৮,৫০০ টাকা ভুলবশত পাঠানো হয়েছে। রিফান্ড পেতে  [URL]  এ গিয়ে পিন দিন। না করলে একাউন্ট ফ্রিজ হবে।",126,1,22,22,0,1,1,0,0,0,0,0,1,22,22,0,1,1,0,0,0,0,0,"বিকাশ গ্রাহক, আপনার একাউন্টে ৮,৫০০ টাকা ভুলবশত পাঠানো হয়েছে। রিফান্ড পেতে bkash-secureverify.org এ গিয়ে পিন দিন। না করলে একাউন্ট ফ্রিজ হবে।","বিকাশ গ্রাহক, আপনার একাউন্টে ৮,৫০০ টাকা ভুলবশত পাঠানো হয়েছে। রিফান্ড পেতে bkash-secureverify.org এ গিয়ে পিন দিন। না করলে একাউন্ট ফ্রিজ হবে।",0,0,4,1,1,141,21,0,0,2,1,0,41,1,1,2,1,94,20,0.8245614035087719,0.17543859649122806,1,1
smish,"যুক্তরাজ্যে নিবন্ধিত নার্স হিসাবে একটি ক্যারিয়ার তৈরি করুন , মাসিক মিনিমাম সহ 2 বছরের কাজের ভিসা। প্রারম্ভিক বেতন ৩ লাখ টাকা বিএসবি,ঢাকা Please Contact Us: 01332518402 , 01332518406",Bengali,0,2,"যুক্তরাজ্যে নিবন্ধিত নার্স হিসাবে একটি ক্যারিয়ার তৈরি করুন , মাসিক মিনিমাম সহ 2 বছরের কাজের ভিসা। প্রারম্ভিক বেতন ৩ লাখ টাকা বিএসবি,ঢাকা Please Contact Us: 01332518402 , 01332518406","যুক্তরাজ্যে নিবন্ধিত নার্স হিসাবে একটি ক্যারিয়ার তৈরি করুন , মাসিক মিনিমাম সহ 2 বছরের কাজের ভিসা। প্রারম্ভিক বেতন ৩ লাখ টাকা বিএসবি,ঢাকা Please Contact Us: 01332518402 , 01332518406",[],0,0,0,0,0,0,0,0,0,0,0,0,"যুক্তরাজ্যে নিবন্ধিত নার্স হিসাবে একটি ক্যারিয়ার তৈরি করুন , মাসিক মিনিমাম সহ 2 বছরের কাজের ভিসা। প্রারম্ভিক বেতন ৩ লাখ টাকা বিএসবি,ঢাকা Please Contact Us: 01332518402 , 01332518406",182,0,0,0,0,0,0,0,0,0,0,0,0,0,0,0,0,0,0,0,0,0,0,"যুক্তরাজ্যে নিবন্ধিত নার্স হিসাবে একটি ক্যারিয়ার তৈরি করুন , মাসিক মিনিমাম সহ 2 বছরের কাজের ভিসা। প্রারম্ভিক বেতন ৩ লাখ টাকা বিএসবি,ঢাকা Please Contact Us: 01332518402 , 01332518406","যুক্তরাজ্যে নিবন্ধিত নার্স হিসাবে একটি ক্যারিয়ার তৈরি করুন , মাসিক মিনিমাম সহ 2 বছরের কাজের ভিসা। প্রারম্ভিক বেতন ৩ লাখ টাকা বিএসবি,ঢাকা Please Contact Us: 01332518402 , 01332518406",2,1,24,4,1,182,28,0,0,3,0,1,49,1,1,0,0,112,15,0.8818897637795275,0.11811023622047244,1,1
smish,অনলাইনে সার্চ দিন  প্রিয় কেসিনো এবং জিতে নিন হাজার হাজার বোনাস মাত্র কয়েক ঘন্টায়।,Bengali,0,2,অনলাইনে সার্চ দিন  প্রিয় কেসিনো এবং জিতে নিন হাজার হাজার বোনাস মাত্র কয়েক ঘন্টায়।,অনলাইনে সার্চ দিন প্রিয় কেসিনো এবং জিতে নিন হাজার হাজার বোনাস মাত্র কয়েক ঘন্টায়।,[],0,0,0,0,0,0,0,0,0,0,0,0,অনলাইনে সার্চ দিন প্রিয় কেসিনো এবং জিতে নিন হাজার হাজার বোনাস মাত্র কয়েক ঘন্টায়।,83,0,0,0,0,0,0,0,0,0,0,0,0,0,0,0,0,0,0,0,0,0,0,অনলাইনে সার্চ দিন  প্রিয় কেসিনো এবং জিতে নিন হাজার হাজার বোনাস মাত্র কয়েক ঘন্টায়।,অনলাইনে সার্চ দিন প্রিয় কেসিনো এবং জিতে নিন হাজার হাজার বোনাস মাত্র কয়েক ঘন্টায়।,0,0,0,0,0,83,14,0,0,0,0,0,29,0,0,0,0,69,0,1.0,0.0,1,0
smish,বাংলালিংক থেকে জরুরি বার্তা: আপনার বকেয়া বিল পরিশোধ না করলে সেবা বন্ধ হবে। এখনই pay-banglalink.net এ যান।,Bengali,1,2,বাংলালিংক থেকে জরুরি বার্তা: আপনার বকেয়া বিল পরিশোধ না করলে সেবা বন্ধ হবে। এখনই pay-banglalink.net এ যান।,বাংলালিংক থেকে জরুরি বার্তা: আপনার বকেয়া বিল পরিশোধ না করলে সেবা বন্ধ হবে। এখনই pay-banglalink.net এ যান।,['pay-banglalink.net'],1,1,18,18,0,1,1,0,0,0,0,0,বাংলালিংক থেকে জরুরি বার্তা: আপনার বকেয়া বিল পরিশোধ না করলে সেবা বন্ধ হবে। এখনই  [URL]  এ যান।,95,1,18,18,0,1,1,0,0,0,0,0,1,18,18,0,1,1,0,0,0,0,0,বাংলালিংক থেকে জরুরি বার্তা: আপনার বকেয়া বিল পরিশোধ না করলে সেবা বন্ধ হবে। এখনই pay-banglalink.net এ যান।,বাংলালিংক থেকে জরুরি বার্তা: আপনার বকেয়া বিল পরিশোধ না করলে সেবা বন্ধ হবে। এখনই pay-banglalink.net এ যান।,0,0,0,0,0,106,17,0,0,0,1,1,31,0,0,0,0,69,16,0.8117647058823529,0.18823529411764706,1,1
normal,আজ সকালে ঘুম থেকে উঠে দেখি বৃষ্টি হচ্ছে। চা বানিয়ে বারান্দায় বসে গান শুনছিলাম। মনে হচ্ছিলো সারাদিন এভাবেই কেটে যাক।,Bengali,0,0,আজ সকালে ঘুম থেকে উঠে দেখি বৃষ্টি হচ্ছে। চা বানিয়ে বারান্দায় বসে গান শুনছিলাম। মনে হচ্ছিলো সারাদিন এভাবেই কেটে যাক।,আজ সকালে ঘুম থেকে উঠে দেখি বৃষ্টি হচ্ছে। চা বানিয়ে বারান্দায় বসে গান শুনছিলাম। মনে হচ্ছিলো সারাদিন এভাবেই কেটে যাক।,[],0,0,0,0,0,0,0,0,0,0,0,0,আজ সকালে ঘুম থেকে উঠে দেখি বৃষ্টি হচ্ছে। চা বানিয়ে বারান্দায় বসে গান শুনছিলাম। মনে হচ্ছিলো সারাদিন এভাবেই কেটে যাক।,117,0,0,0,0,0,0,0,0,0,0,0,0,0,0,0,0,0,0,0,0,0,0,আজ সকালে ঘুম থেকে উঠে দেখি বৃষ্টি হচ্ছে। চা বানিয়ে বারান্দায় বসে গান শুনছিলাম। মনে হচ্ছিলো সারাদিন এভাবেই কেটে যাক।,আজ সকালে ঘুম থেকে উঠে দেখি বৃষ্টি হচ্ছে। চা বানিয়ে বারান্দায় বসে গান শুনছিলাম। মনে হচ্ছিলো সারাদিন এভাবেই কেটে যাক।,0,0,0,0,0,117,20,0,0,0,0,0,43,0,0,0,0,95,0,1.0,0.0,1,0
smish,"যদি আপনার হাতে দিনের ১/২ ঘন্টা ফ্রি সময় থাকে তাহলে জানাবেন।আপনাকে কিছু প্রসেস দেখিয়ে দিবো আপনি সেখান থেকে ইনকাম করতে পারবেন।
তাহলে এখনি Hi বলুন।.",Bengali,0,2,"যদি আপনার হাতে দিনের ১/২ ঘন্টা ফ্রি সময় থাকে তাহলে জানাবেন।আপনাকে কিছু প্রসেস দেখিয়ে দিবো আপনি সেখান থেকে ইনকাম করতে পারবেন।
তাহলে এখনি Hi বলুন।.",যদি আপনার হাতে দিনের ১/২ ঘন্টা ফ্রি সময় থাকে তাহলে জানাবেন।আপনাকে কিছু প্রসেস দেখিয়ে দিবো আপনি সেখান থেকে ইনকাম করতে পারবেন। তাহলে এখনি Hi বলুন।.,[],0,0,0,0,0,0,0,0,0,0,0,0,যদি আপনার হাতে দিনের ১/২ ঘন্টা ফ্রি সময় থাকে তাহলে জানাবেন।আপনাকে কিছু প্রসেস দেখিয়ে দিবো আপনি সেখান থেকে ইনকাম করতে পারবেন। তাহলে এখনি Hi বলুন।.,147,0,0,0,0,0,0,0,0,0,0,0,0,0,0,0,0,0,0,0,0,0,0,"যদি আপনার হাতে দিনের ১/২ ঘন্টা ফ্রি সময় থাকে তাহলে জানাবেন।আপনাকে কিছু প্রসেস দেখিয়ে দিবো আপনি সেখান থেকে ইনকাম করতে পারবেন।
তাহলে এখনি Hi বলুন।.",যদি আপনার হাতে দিনের ১/২ ঘন্টা ফ্রি সময় থাকে তাহলে জানাবেন।আপনাকে কিছু প্রসেস দেখিয়ে দিবো আপনি সেখান থেকে ইনকাম করতে পারবেন। তাহলে এখনি Hi বলুন।.,0,0,2,2,1,147,25,0,0,0,1,0,48,0,0,0,0,116,2,0.9830508474576272,0.01694915254237288,1,1
smish,সোনালী ব্যাংক অ্যাকাউন্টে সমস্যা হয়েছে। কল করুন: +8801813233245,Bengali,0,2,সোনালী ব্যাংক অ্যাকাউন্টে সমস্যা হয়েছে। কল করুন: +8801813233245,সোনালী ব্যাংক অ্যাকাউন্টে সমস্যা হয়েছে। কল করুন: +8801813233245,[],0,0,0,0,0,0,0,0,0,0,0,0,সোনালী ব্যাংক অ্যাকাউন্টে সমস্যা হয়েছে। কল করুন: +8801813233245,64,0,0,0,0,0,0,0,0,0,0,0,0,0,0,0,0,0,0,0,0,0,0,সোনালী ব্যাংক অ্যাকাউন্টে সমস্যা হয়েছে। কল করুন: +8801813233245,সোনালী ব্যাংক অ্যাকাউন্টে সমস্যা হয়েছে। কল করুন: +8801813233245,1,1,13,1,1,64,8,0,0,0,0,1,20,0,0,1,1,41,0,1.0,0.0,1,0
smish,বাংলাদেশ ব্যাংক অ্যাকাউন্ট ব্লক হয়েছে। পুনরায় চালু করতে কল করুন: +8801713233245,Bengali,0,2,বাংলাদেশ ব্যাংক অ্যাকাউন্ট ব্লক হয়েছে। পুনরায় চালু করতে কল করুন: +8801713233245,বাংলাদেশ ব্যাংক অ্যাকাউন্ট ব্লক হয়েছে। পুনরায় চালু করতে কল করুন: +8801713233245,[],0,0,0,0,0,0,0,0,0,0,0,0,বাংলাদেশ ব্যাংক অ্যাকাউন্ট ব্লক হয়েছে। পুনরায় চালু করতে কল করুন: +8801713233245,81,0,0,0,0,0,0,0,0,0,0,0,0,0,0,0,0,0,0,0,0,0,0,বাংলাদেশ ব্যাংক অ্যাকাউন্ট ব্লক হয়েছে। পুনরায় চালু করতে কল করুন: +8801713233245,বাংলাদেশ ব্যাংক অ্যাকাউন্ট ব্লক হয়েছে। পুনরায় চালু করতে কল করুন: +8801713233245,1,1,13,1,1,81,11,0,0,0,0,1,25,0,0,1,1,55,0,1.0,0.0,1,0
normal,কি খুব ভালো প্রশ্ন!,Bengali,0,0,কি খুব ভালো প্রশ্ন!,কি খুব ভালো প্রশ্ন!,[],0,0,0,0,0,0,0,0,0,0,0,0,কি খুব ভালো প্রশ্ন!,19,0,0,0,0,0,0,0,0,0,0,0,0,0,0,0,0,0,0,0,0,0,0,কি খুব ভালো প্রশ্ন!,কি খুব ভালো প্রশ্ন!,0,0,0,0,0,19,4,1,0,0,0,0,7,0,0,0,0,15,0,1.0,0.0,1,0
smish,সোনালী ব্যাংক ইন্টারনেট ব্যাংকিং সাসপেন্ড হয়েছে। পুনরায় চালু করতে sonali-ibverify.org এ যান এবং অ্যাকাউন্ট ডিটেইলস দিন।,Bengali,1,2,সোনালী ব্যাংক ইন্টারনেট ব্যাংকিং সাসপেন্ড হয়েছে। পুনরায় চালু করতে sonali-ibverify.org এ যান এবং অ্যাকাউন্ট ডিটেইলস দিন।,সোনালী ব্যাংক ইন্টারনেট ব্যাংকিং সাসপেন্ড হয়েছে। পুনরায় চালু করতে sonali-ibverify.org এ যান এবং অ্যাকাউন্ট ডিটেইলস দিন।,['sonali-ibverify.org'],1,1,19,19,0,1,1,0,0,0,0,0,সোনালী ব্যাংক ইন্টারনেট ব্যাংকিং সাসপেন্ড হয়েছে। পুনরায় চালু করতে  [URL]  এ যান এবং অ্যাকাউন্ট ডিটেইলস দিন।,109,1,19,19,0,1,1,0,0,0,0,0,1,19,19,0,1,1,0,0,0,0,0,সোনালী ব্যাংক ইন্টারনেট ব্যাংকিং সাসপেন্ড হয়েছে। পুনরায় চালু করতে sonali-ibverify.org এ যান এবং অ্যাকাউন্ট ডিটেইলস দিন।,সোনালী ব্যাংক ইন্টারনেট ব্যাংকিং সাসপেন্ড হয়েছে। পুনরায় চালু করতে sonali-ibverify.org এ যান এবং অ্যাকাউন্ট ডিটেইলস দিন।,0,0,0,0,0,121,16,0,0,0,1,0,39,0,0,2,1,85,17,0.8333333333333334,0.16666666666666666,1,1
smish,ইংলিশ প্রিমিয়ার লিগে বাজি ধরুন এবং একটি ফ্রি হোটেল বুকিং জিতুন। এখানে ক্লিক করুন: xini.eu/00Qe,Bengali,1,2,ইংলিশ প্রিমিয়ার লিগে বাজি ধরুন এবং একটি ফ্রি হোটেল বুকিং জিতুন। এখানে ক্লিক করুন: xini.eu/00Qe,ইংলিশ প্রিমিয়ার লিগে বাজি ধরুন এবং একটি ফ্রি হোটেল বুকিং জিতুন। এখানে ক্লিক করুন: xini.eu/00Qe,['xini.eu/00Qe'],1,1,12,12,2,1,0,1,0,0,0,0,ইংলিশ প্রিমিয়ার লিগে বাজি ধরুন এবং একটি ফ্রি হোটেল বুকিং জিতুন। এখানে ক্লিক করুন:  [URL] ,90,1,12,12,2,1,0,1,0,0,0,0,1,12,12,2,1,0,1,0,0,0,0,ইংলিশ প্রিমিয়ার লিগে বাজি ধরুন এবং একটি ফ্রি হোটেল বুকিং জিতুন। এখানে ক্লিক করুন: xini.eu/00Qe,ইংলিশ প্রিমিয়ার লিগে বাজি ধরুন এবং একটি ফ্রি হোটেল বুকিং জিতুন। এখানে ক্লিক করুন: xini.eu/00Qe,0,0,2,1,1,95,15,0,0,0,1,1,32,0,0,0,0,67,8,0.8933333333333333,0.10666666666666667,1,1
normal,আজ কি করবে? কোনো নতুন কোনো কাজ পালন করবো। তুমি?,Bengali,0,0,আজ কি করবে? কোনো নতুন কোনো কাজ পালন করবো। তুমি?,আজ কি করবে? কোনো নতুন কোনো কাজ পালন করবো। তুমি?,[],0,0,0,0,0,0,0,0,0,0,0,0,আজ কি করবে? কোনো নতুন কোনো কাজ পালন করবো। তুমি?,47,0,0,0,0,0,0,0,0,0,0,0,0,0,0,0,0,0,0,0,0,0,0,আজ কি করবে? কোনো নতুন কোনো কাজ পালন করবো। তুমি?,আজ কি করবে? কোনো নতুন কোনো কাজ পালন করবো। তুমি?,0,0,0,0,0,47,10,0,2,0,0,0,15,0,0,0,0,35,0,1.0,0.0,1,0
promo,"আজই শেষ দিন! ৪০জিবি(বোনাসসহ)৫০০টাকা ৩০দিন।ডায়াল *১২১*৫০৪৯#, mygp.li/mo",Bengali,1,1,"আজই শেষ দিন! ৪০জিবি(বোনাসসহ)৫০০টাকা ৩০দিন।ডায়াল *১২১*৫০৪৯#, mygp.li/mo","আজই শেষ দিন! ৪০জিবি(বোনাসসহ)৫০০টাকা ৩০দিন।ডায়াল *১২১*৫০৪৯#, mygp.li/mo",['mygp.li/mo'],1,1,10,10,0,1,0,1,0,0,0,0,"আজই শেষ দিন! ৪০জিবি(বোনাসসহ)৫০০টাকা ৩০দিন।ডায়াল *১২১*৫০৪৯#,  [URL] ",68,1,10,10,0,1,0,1,0,0,0,0,1,10,10,0,1,0,1,0,0,0,0,"আজই শেষ দিন! ৪০জিবি(বোনাসসহ)৫০০টাকা ৩০দিন।ডায়াল *১২১*৫০৪৯#, mygp.li/mo","আজই শেষ দিন! ৪০জিবি(বোনাসসহ)৫০০টাকা ৩০দিন।ডায়াল *১২১*৫০৪৯#, mygp.li/mo",0,0,14,5,1,71,7,1,0,1,1,0,22,1,1,0,0,47,8,0.8545454545454545,0.14545454545454545,1,1
smish,আইপিএল স্পেশাল অফার! বেটিং শুরু করুন এবং একটি ফ্রি ল্যাপটপ জিতুন। ক্লিক করুন: super1000.info/docs,Bengali,1,2,আইপিএল স্পেশাল অফার! বেটিং শুরু করুন এবং একটি ফ্রি ল্যাপটপ জিতুন। ক্লিক করুন: super1000.info/docs,আইপিএল স্পেশাল অফার! বেটিং শুরু করুন এবং একটি ফ্রি ল্যাপটপ জিতুন। ক্লিক করুন: super1000.info/docs,['super1000.info/docs'],1,1,19,19,4,1,0,1,0,0,0,0,আইপিএল স্পেশাল অফার! বেটিং শুরু করুন এবং একটি ফ্রি ল্যাপটপ জিতুন। ক্লিক করুন:  [URL] ,85,1,19,19,4,1,0,1,0,0,0,0,1,19,19,4,1,0,1,0,0,0,0,আইপিএল স্পেশাল অফার! বেটিং শুরু করুন এবং একটি ফ্রি ল্যাপটপ জিতুন। ক্লিক করুন: super1000.info/docs,আইপিএল স্পেশাল অফার! বেটিং শুরু করুন এবং একটি ফ্রি ল্যাপটপ জিতুন। ক্লিক করুন: super1000.info/docs,0,0,4,1,1,97,14,1,0,0,1,1,27,0,0,0,0,62,13,0.8266666666666667,0.17333333333333334,1,1
promo,"ক্যাশব্যাকে সেঞ্চুরি ৳১০০! ৫৫জিবি @৳৩৯৮,৩০দিন: cutt.ly/hwltB5hC",Bengali,1,1,"ক্যাশব্যাকে সেঞ্চুরি ৳১০০! ৫৫জিবি @৳৩৯৮,৩০দিন: cutt.ly/hwltB5hC","ক্যাশব্যাকে সেঞ্চুরি ৳১০০! ৫৫জিবি @৳৩৯৮,৩০দিন: cutt.ly/hwltB5hC",['cutt.ly/hwltB5hC'],1,1,16,16,1,1,0,1,0,0,0,1,"ক্যাশব্যাকে সেঞ্চুরি ৳১০০! ৫৫জিবি @৳৩৯৮,৩০দিন:  [URL] ",54,1,16,16,1,1,0,1,0,0,0,1,1,16,16,1,1,0,1,0,0,0,1,"ক্যাশব্যাকে সেঞ্চুরি ৳১০০! ৫৫জিবি @৳৩৯৮,৩০দিন: cutt.ly/hwltB5hC","ক্যাশব্যাকে সেঞ্চুরি ৳১০০! ৫৫জিবি @৳৩৯৮,৩০দিন: cutt.ly/hwltB5hC",0,0,11,4,1,63,6,1,0,1,1,1,20,2,1,0,0,38,13,0.7450980392156863,0.2549019607843137,1,1
smish,"প্রিয় শিক্ষার্থী! Coronavirus এর কারণে তোমাদের উপবৃত্তির ৪,২০০ টাকা দেওয়া হচ্ছে। টাকা গ্রহনের জন্য নিম্নোক্ত শিক্ষাবোর্ডের নম্বরে যোগাযোগ করুন।
মোবাঃ 01813849152,
যোগাযোগের সময় সকাল 10 টা রাত 7:30 টা পযন্ত বি:দ্র: একটা বিকাশ নাম্বার নিয়ে ফোন দিতে হবে",Bengali,0,2,"প্রিয় শিক্ষার্থী! Coronavirus এর কারণে তোমাদের উপবৃত্তির ৪,২০০ টাকা দেওয়া হচ্ছে। টাকা গ্রহনের জন্য নিম্নোক্ত শিক্ষাবোর্ডের নম্বরে যোগাযোগ করুন।
মোবাঃ 01813849152,
যোগাযোগের সময় সকাল 10 টা রাত 7:30 টা পযন্ত বি:দ্র: একটা বিকাশ নাম্বার নিয়ে ফোন দিতে হবে","প্রিয় শিক্ষার্থী! Coronavirus এর কারণে তোমাদের উপবৃত্তির ৪,২০০ টাকা দেওয়া হচ্ছে। টাকা গ্রহনের জন্য নিম্নোক্ত শিক্ষাবোর্ডের নম্বরে যোগাযোগ করুন। মোবাঃ 01813849152, যোগাযোগের সময় সকাল 10 টা রাত 7:30 টা পযন্ত বি:দ্র: একটা বিকাশ নাম্বার নিয়ে ফোন দিতে হবে",[],0,0,0,0,0,0,0,0,0,0,0,0,"প্রিয় শিক্ষার্থী! Coronavirus এর কারণে তোমাদের উপবৃত্তির ৪,২০০ টাকা দেওয়া হচ্ছে। টাকা গ্রহনের জন্য নিম্নোক্ত শিক্ষাবোর্ডের নম্বরে যোগাযোগ করুন। মোবাঃ 01813849152, যোগাযোগের সময় সকাল 10 টা রাত 7:30 টা পযন্ত বি:দ্র: একটা বিকাশ নাম্বার নিয়ে ফোন দিতে হবে",254,0,0,0,0,0,0,0,0,0,0,0,0,0,0,0,0,0,0,0,0,0,0,"প্রিয় শিক্ষার্থী! Coronavirus এর কারণে তোমাদের উপবৃত্তির ৪,২০০ টাকা দেওয়া হচ্ছে। টাকা গ্রহনের জন্য নিম্নোক্ত শিক্ষাবোর্ডের নম্বরে যোগাযোগ করুন।
মোবাঃ 01813849152,
যোগাযোগের সময় সকাল 10 টা রাত 7:30 টা পযন্ত বি:দ্র: একটা বিকাশ নাম্বার নিয়ে ফোন দিতে হবে","প্রিয় শিক্ষার্থী! Coronavirus এর কারণে তোমাদের উপবৃত্তির ৪,২০০ টাকা দেওয়া হচ্ছে। টাকা গ্রহনের জন্য নিম্নোক্ত শিক্ষাবোর্ডের নম্বরে যোগাযোগ করুন। মোবাঃ 01813849152, যোগাযোগের সময় সকাল 10 টা রাত 7:30 টা পযন্ত বি:দ্র: একটা বিকাশ নাম্বার নিয়ে ফোন দিতে হবে",1,1,20,5,1,254,38,1,0,2,0,3,80,2,1,0,0,182,11,0.9430051813471503,0.05699481865284974,1,1
smish,"প্রিয় ব্যবহারকারী, আপনি কি বাস ভাড়া নিয়ে চিন্তিত, এই ঈদে সস্তায় বাসের টিকেট পেতে এখনই নিচের লিঙ্কে ক্লিক করুন।",Bengali,0,2,"প্রিয় ব্যবহারকারী, আপনি কি বাস ভাড়া নিয়ে চিন্তিত, এই ঈদে সস্তায় বাসের টিকেট পেতে এখনই নিচের লিঙ্কে ক্লিক করুন।","প্রিয় ব্যবহারকারী, আপনি কি বাস ভাড়া নিয়ে চিন্তিত, এই ঈদে সস্তায় বাসের টিকেট পেতে এখনই নিচের লিঙ্কে ক্লিক করুন।",[],0,0,0,0,0,0,0,0,0,0,0,0,"প্রিয় ব্যবহারকারী, আপনি কি বাস ভাড়া নিয়ে চিন্তিত, এই ঈদে সস্তায় বাসের টিকেট পেতে এখনই নিচের লিঙ্কে ক্লিক করুন।",114,0,0,0,0,0,0,0,0,0,0,0,0,0,0,0,0,0,0,0,0,0,0,"প্রিয় ব্যবহারকারী, আপনি কি বাস ভাড়া নিয়ে চিন্তিত, এই ঈদে সস্তায় বাসের টিকেট পেতে এখনই নিচের লিঙ্কে ক্লিক করুন।","প্রিয় ব্যবহারকারী, আপনি কি বাস ভাড়া নিয়ে চিন্তিত, এই ঈদে সস্তায় বাসের টিকেট পেতে এখনই নিচের লিঙ্কে ক্লিক করুন।",0,0,0,0,0,114,19,0,0,2,0,0,40,0,0,0,0,93,0,1.0,0.0,1,0
smish,ক্যাসিনোতে বাজি ধরুন এবং ৭ দিনের জন্য একটি ফ্রি ট্রিপ জিতুন! এখনই শুরু করুন: ebayisapidlld.altervista.org/,Bengali,1,2,ক্যাসিনোতে বাজি ধরুন এবং ৭ দিনের জন্য একটি ফ্রি ট্রিপ জিতুন! এখনই শুরু করুন: ebayisapidlld.altervista.org/,ক্যাসিনোতে বাজি ধরুন এবং ৭ দিনের জন্য একটি ফ্রি ট্রিপ জিতুন! এখনই শুরু করুন: ebayisapidlld.altervista.org/,['ebayisapidlld.altervista.org/'],1,1,29,29,0,2,0,1,0,0,0,0,ক্যাসিনোতে বাজি ধরুন এবং ৭ দিনের জন্য একটি ফ্রি ট্রিপ জিতুন! এখনই শুরু করুন:  [URL] ,84,1,29,29,0,2,0,1,0,0,0,0,1,29,29,0,2,0,1,0,0,0,0,ক্যাসিনোতে বাজি ধরুন এবং ৭ দিনের জন্য একটি ফ্রি ট্রিপ জিতুন! এখনই শুরু করুন: ebayisapidlld.altervista.org/,ক্যাসিনোতে বাজি ধরুন এবং ৭ দিনের জন্য একটি ফ্রি ট্রিপ জিতুন! এখনই শুরু করুন: ebayisapidlld.altervista.org/,0,0,1,1,1,106,15,1,0,0,2,1,27,0,0,0,0,61,26,0.7011494252873564,0.2988505747126437,1,1
promo,"এক্সক্লুসিভ ফ্যাশন সেল! জিন্স, টিশার্টে ৫০% পর্যন্ত ছাড়।",Bengali,0,1,"এক্সক্লুসিভ ফ্যাশন সেল! জিন্স, টিশার্টে ৫০% পর্যন্ত ছাড়।","এক্সক্লুসিভ ফ্যাশন সেল! জিন্স, টিশার্টে ৫০% পর্যন্ত ছাড়।",[],0,0,0,0,0,0,0,0,0,0,0,0,"এক্সক্লুসিভ ফ্যাশন সেল! জিন্স, টিশার্টে ৫০% পর্যন্ত ছাড়।",57,0,0,0,0,0,0,0,0,0,0,0,0,0,0,0,0,0,0,0,0,0,0,"এক্সক্লুসিভ ফ্যাশন সেল! জিন্স, টিশার্টে ৫০% পর্যন্ত ছাড়।","এক্সক্লুসিভ ফ্যাশন সেল! জিন্স, টিশার্টে ৫০% পর্যন্ত ছাড়।",0,0,2,1,1,57,8,1,0,1,0,0,21,0,0,0,0,46,0,1.0,0.0,1,0
smish,"আপনি খণ্ডকালীন বা পূর্ণ-সময়ের জন্য নির্বাচিত হয়েছেন, প্রতিদিন 500 টাকা, খালি পদের জন্য আবেদন করুন এবং এই সুযোগটি গ্রহণ করুন https://wa.me/88017444378617",Bengali,1,2,"আপনি খণ্ডকালীন বা পূর্ণ-সময়ের জন্য নির্বাচিত হয়েছেন, প্রতিদিন 500 টাকা, খালি পদের জন্য আবেদন করুন এবং এই সুযোগটি গ্রহণ করুন https://wa.me/88017444378617","আপনি খণ্ডকালীন বা পূর্ণ-সময়ের জন্য নির্বাচিত হয়েছেন, প্রতিদিন 500 টাকা, খালি পদের জন্য আবেদন করুন এবং এই সুযোগটি গ্রহণ করুন https://wa.me/88017444378617",['https://wa.me/88017444378617'],1,1,28,28,14,1,0,3,1,0,0,0,"আপনি খণ্ডকালীন বা পূর্ণ-সময়ের জন্য নির্বাচিত হয়েছেন, প্রতিদিন 500 টাকা, খালি পদের জন্য আবেদন করুন এবং এই সুযোগটি গ্রহণ করুন  [URL] ",133,1,28,28,14,1,0,3,1,0,0,0,1,28,28,14,1,0,3,1,0,0,0,"আপনি খণ্ডকালীন বা পূর্ণ-সময়ের জন্য নির্বাচিত হয়েছেন, প্রতিদিন 500 টাকা, খালি পদের জন্য আবেদন করুন এবং এই সুযোগটি গ্রহণ করুন https://wa.me/88017444378617","আপনি খণ্ডকালীন বা পূর্ণ-সময়ের জন্য নির্বাচিত হয়েছেন, প্রতিদিন 500 টাকা, খালি পদের জন্য আবেদন করুন এবং এই সুযোগটি গ্রহণ করুন https://wa.me/88017444378617",0,0,17,2,1,154,21,0,0,2,1,1,42,1,1,0,0,100,9,0.9174311926605505,0.08256880733944955,1,1
normal,০১৯২৭২৮৩৭৯২ এই নাম্বারে রকেটে টাকা পাঠান।,Bengali,0,0,০১৯২৭২৮৩৭৯২ এই নাম্বারে রকেটে টাকা পাঠান।,০১৯২৭২৮৩৭৯২ এই নাম্বারে রকেটে টাকা পাঠান।,[],0,0,0,0,0,0,0,0,0,0,0,0,০১৯২৭২৮৩৭৯২ এই নাম্বারে রকেটে টাকা পাঠান।,41,0,0,0,0,0,0,0,0,0,0,0,0,0,0,0,0,0,0,0,0,0,0,০১৯২৭২৮৩৭৯২ এই নাম্বারে রকেটে টাকা পাঠান।,০১৯২৭২৮৩৭৯২ এই নাম্বারে রকেটে টাকা পাঠান।,0,0,11,1,1,41,6,0,0,0,0,0,11,1,1,0,0,35,0,1.0,0.0,1,0
smish,বাংলাদেশ ব্যাংক অ্যাকাউন্টে সমস্যা হয়েছে। কল করুন: +8801818899001,Bengali,0,2,বাংলাদেশ ব্যাংক অ্যাকাউন্টে সমস্যা হয়েছে। কল করুন: +8801818899001,বাংলাদেশ ব্যাংক অ্যাকাউন্টে সমস্যা হয়েছে। কল করুন: +8801818899001,[],0,0,0,0,0,0,0,0,0,0,0,0,বাংলাদেশ ব্যাংক অ্যাকাউন্টে সমস্যা হয়েছে। কল করুন: +8801818899001,66,0,0,0,0,0,0,0,0,0,0,0,0,0,0,0,0,0,0,0,0,0,0,বাংলাদেশ ব্যাংক অ্যাকাউন্টে সমস্যা হয়েছে। কল করুন: +8801818899001,বাংলাদেশ ব্যাংক অ্যাকাউন্টে সমস্যা হয়েছে। কল করুন: +8801818899001,1,1,13,1,1,66,8,0,0,0,0,1,21,0,0,1,1,43,0,1.0,0.0,1,0
normal,"বন্ধু, তোমার নতুন চাকরি কেমন লাগছে? বস ভালো তো?",Bengali,0,0,"বন্ধু, তোমার নতুন চাকরি কেমন লাগছে? বস ভালো তো?","বন্ধু, তোমার নতুন চাকরি কেমন লাগছে? বস ভালো তো?",[],0,0,0,0,0,0,0,0,0,0,0,0,"বন্ধু, তোমার নতুন চাকরি কেমন লাগছে? বস ভালো তো?",47,0,0,0,0,0,0,0,0,0,0,0,0,0,0,0,0,0,0,0,0,0,0,"বন্ধু, তোমার নতুন চাকরি কেমন লাগছে? বস ভালো তো?","বন্ধু, তোমার নতুন চাকরি কেমন লাগছে? বস ভালো তো?",0,0,0,0,0,47,9,0,2,1,0,0,16,0,0,0,0,36,0,1.0,0.0,1,0
smish,"১,০০,০০০ টাকা বিনিয়োগে ৩,০০,০০০ টাকা পান! কল করুন: +8801914344356",Bengali,0,2,"১,০০,০০০ টাকা বিনিয়োগে ৩,০০,০০০ টাকা পান! কল করুন: +8801914344356","১,০০,০০০ টাকা বিনিয়োগে ৩,০০,০০০ টাকা পান! কল করুন: +8801914344356",[],0,0,0,0,0,0,0,0,0,0,0,0,"১,০০,০০০ টাকা বিনিয়োগে ৩,০০,০০০ টাকা পান! কল করুন: +8801914344356",66,0,0,0,0,0,0,0,0,0,0,0,0,0,0,0,0,0,0,0,0,0,0,"১,০০,০০০ টাকা বিনিয়োগে ৩,০০,০০০ টাকা পান! কল করুন: +8801914344356","১,০০,০০০ টাকা বিনিয়োগে ৩,০০,০০০ টাকা পান! কল করুন: +8801914344356",1,1,25,5,1,66,9,1,0,4,0,1,18,2,1,0,0,38,0,1.0,0.0,1,0
normal,"সময় কম তাড়াতাড়ি টাকা পাঠাও,  আমি চলে যাবো, আমার বিকাশ ০১৭২৮২৮৮২৯২",Bengali,0,0,"সময় কম তাড়াতাড়ি টাকা পাঠাও,  আমি চলে যাবো, আমার বিকাশ ০১৭২৮২৮৮২৯২","সময় কম তাড়াতাড়ি টাকা পাঠাও, আমি চলে যাবো, আমার বিকাশ ০১৭২৮২৮৮২৯২",[],0,0,0,0,0,0,0,0,0,0,0,0,"সময় কম তাড়াতাড়ি টাকা পাঠাও, আমি চলে যাবো, আমার বিকাশ ০১৭২৮২৮৮২৯২",67,0,0,0,0,0,0,0,0,0,0,0,0,0,0,0,0,0,0,0,0,0,0,"সময় কম তাড়াতাড়ি টাকা পাঠাও,  আমি চলে যাবো, আমার বিকাশ ০১৭২৮২৮৮২৯২","সময় কম তাড়াতাড়ি টাকা পাঠাও, আমি চলে যাবো, আমার বিকাশ ০১৭২৮২৮৮২৯২",0,0,11,1,1,67,11,0,0,2,0,0,20,1,1,0,0,55,0,1.0,0.0,1,0
smish,আপনার মোবাইল নম্বর যাচাই করতে এখানে ক্লিক করুন: [mobileverify.com/VerifyBD],Bengali,1,2,আপনার মোবাইল নম্বর যাচাই করতে এখানে ক্লিক করুন: [mobileverify.com/VerifyBD],আপনার মোবাইল নম্বর যাচাই করতে এখানে ক্লিক করুন: [mobileverify.com/VerifyBD],['mobileverify.com/VerifyBD'],1,1,25,25,0,1,0,1,0,0,0,0,আপনার মোবাইল নম্বর যাচাই করতে এখানে ক্লিক করুন: [ [URL] ],57,1,25,25,0,1,0,1,0,0,0,0,1,25,25,0,1,0,1,0,0,0,0,আপনার মোবাইল নম্বর যাচাই করতে এখানে ক্লিক করুন: [mobileverify.com/VerifyBD],আপনার মোবাইল নম্বর যাচাই করতে এখানে ক্লিক করুন: [mobileverify.com/VerifyBD],0,0,0,0,0,75,9,0,0,0,1,1,17,0,0,2,1,39,23,0.6290322580645161,0.3709677419354839,1,1
promo,"মানবাধিকার দিবস-২০২৩
এবারের প্রতিপাদ্য “সবার জন্য স্বাধীনতা, সমতা এবং ন্যায়বিচার”। জাতীয় মানবাধিকার কমিশন।",Bengali,0,1,"মানবাধিকার দিবস-২০২৩
এবারের প্রতিপাদ্য “সবার জন্য স্বাধীনতা, সমতা এবং ন্যায়বিচার”। জাতীয় মানবাধিকার কমিশন।","মানবাধিকার দিবস-২০২৩ এবারের প্রতিপাদ্য ""সবার জন্য স্বাধীনতা, সমতা এবং ন্যায়বিচার""। জাতীয় মানবাধিকার কমিশন।",[],0,0,0,0,0,0,0,0,0,0,0,0,"মানবাধিকার দিবস-২০২৩ এবারের প্রতিপাদ্য ""সবার জন্য স্বাধীনতা, সমতা এবং ন্যায়বিচার""। জাতীয় মানবাধিকার কমিশন।",108,0,0,0,0,0,0,0,0,0,0,0,0,0,0,0,0,0,0,0,0,0,0,"মানবাধিকার দিবস-২০২৩
এবারের প্রতিপাদ্য “সবার জন্য স্বাধীনতা, সমতা এবং ন্যায়বিচার”। জাতীয় মানবাধিকার কমিশন।","মানবাধিকার দিবস-২০২৩ এবারের প্রতিপাদ্য “সবার জন্য স্বাধীনতা, সমতা এবং ন্যায়বিচার”। জাতীয় মানবাধিকার কমিশন।",0,0,4,1,1,108,13,0,0,1,0,0,38,0,0,0,0,90,0,1.0,0.0,1,0
normal,"মামি, আপনার রেসিপি অনুযায়ী রান্না করেছি। খুব ভালো হয়েছে।",Bengali,0,0,"মামি, আপনার রেসিপি অনুযায়ী রান্না করেছি। খুব ভালো হয়েছে।","মামি, আপনার রেসিপি অনুযায়ী রান্না করেছি। খুব ভালো হয়েছে।",[],0,0,0,0,0,0,0,0,0,0,0,0,"মামি, আপনার রেসিপি অনুযায়ী রান্না করেছি। খুব ভালো হয়েছে।",58,0,0,0,0,0,0,0,0,0,0,0,0,0,0,0,0,0,0,0,0,0,0,"মামি, আপনার রেসিপি অনুযায়ী রান্না করেছি। খুব ভালো হয়েছে।","মামি, আপনার রেসিপি অনুযায়ী রান্না করেছি। খুব ভালো হয়েছে।",0,0,0,0,0,58,9,0,0,1,0,0,24,0,0,0,0,47,0,1.0,0.0,1,0
promo,"৫০৳ ক্যাশব্যাকে নাও ডাটা মিক্সার ৪০জিবি@৳২৪৮, ৭দিন: 
 cutt.ly/WwZsAgMK",Bengali,1,1,"৫০৳ ক্যাশব্যাকে নাও ডাটা মিক্সার ৪০জিবি@৳২৪৮, ৭দিন: 
 cutt.ly/WwZsAgMK","৫০৳ ক্যাশব্যাকে নাও ডাটা মিক্সার ৪০জিবি@৳২৪৮, ৭দিন: cutt.ly/WwZsAgMK",['cutt.ly/WwZsAgMK'],1,1,16,16,0,1,0,1,0,0,0,1,"৫০৳ ক্যাশব্যাকে নাও ডাটা মিক্সার ৪০জিবি@৳২৪৮, ৭দিন:  [URL] ",59,1,16,16,0,1,0,1,0,0,0,1,1,16,16,0,1,0,1,0,0,0,1,"৫০৳ ক্যাশব্যাকে নাও ডাটা মিক্সার ৪০জিবি@৳২৪৮, ৭দিন: 
 cutt.ly/WwZsAgMK","৫০৳ ক্যাশব্যাকে নাও ডাটা মিক্সার ৪০জিবি@৳২৪৮, ৭দিন: cutt.ly/WwZsAgMK",0,0,8,4,1,68,8,0,0,1,1,1,21,2,1,0,0,42,14,0.75,0.25,1,1
smish,"bKash থেকে ১,০০০ টাকা পুরস্কার জিতেছেন! বিস্তারিত জানতে এখানে ক্লিক করুন: https://wa.me/8801717788990",Bengali,1,2,"bKash থেকে ১,০০০ টাকা পুরস্কার জিতেছেন! বিস্তারিত জানতে এখানে ক্লিক করুন: https://wa.me/8801717788990","bKash থেকে ১,০০০ টাকা পুরস্কার জিতেছেন! বিস্তারিত জানতে এখানে ক্লিক করুন: https://wa.me/8801717788990",['https://wa.me/8801717788990'],1,1,27,27,13,1,0,3,1,0,0,0,"bKash থেকে ১,০০০ টাকা পুরস্কার জিতেছেন! বিস্তারিত জানতে এখানে ক্লিক করুন:  [URL] ",81,1,27,27,13,1,0,3,1,0,0,0,1,27,27,13,1,0,3,1,0,0,0,"bKash থেকে ১,০০০ টাকা পুরস্কার জিতেছেন! বিস্তারিত জানতে এখানে ক্লিক করুন: https://wa.me/8801717788990","bKash থেকে ১,০০০ টাকা পুরস্কার জিতেছেন! বিস্তারিত জানতে এখানে ক্লিক করুন: https://wa.me/8801717788990",1,1,17,2,1,101,12,1,0,1,1,2,29,1,1,0,0,55,14,0.7971014492753623,0.2028985507246377,1,1
normal,"আমার একাউন্টে ৫০ হাজার টাকা আছে , এই ০১৭৩৮৮৩৮৮৪ নাম্বারে খোলা দেখো চ্যাক করে।",Bengali,0,0,"আমার একাউন্টে ৫০ হাজার টাকা আছে , এই ০১৭৩৮৮৩৮৮৪ নাম্বারে খোলা দেখো চ্যাক করে।","আমার একাউন্টে ৫০ হাজার টাকা আছে , এই ০১৭৩৮৮৩৮৮৪ নাম্বারে খোলা দেখো চ্যাক করে।",[],0,0,0,0,0,0,0,0,0,0,0,0,"আমার একাউন্টে ৫০ হাজার টাকা আছে , এই ০১৭৩৮৮৩৮৮৪ নাম্বারে খোলা দেখো চ্যাক করে।",77,0,0,0,0,0,0,0,0,0,0,0,0,0,0,0,0,0,0,0,0,0,0,"আমার একাউন্টে ৫০ হাজার টাকা আছে , এই ০১৭৩৮৮৩৮৮৪ নাম্বারে খোলা দেখো চ্যাক করে।","আমার একাউন্টে ৫০ হাজার টাকা আছে , এই ০১৭৩৮৮৩৮৮৪ নাম্বারে খোলা দেখো চ্যাক করে।",0,0,12,2,1,77,14,0,0,1,0,0,22,1,1,0,0,62,0,1.0,0.0,1,0
normal,তুমি কি গান শুনছো?,Bengali,0,0,তুমি কি গান শুনছো?,তুমি কি গান শুনছো?,[],0,0,0,0,0,0,0,0,0,0,0,0,তুমি কি গান শুনছো?,18,0,0,0,0,0,0,0,0,0,0,0,0,0,0,0,0,0,0,0,0,0,0,তুমি কি গান শুনছো?,তুমি কি গান শুনছো?,0,0,0,0,0,18,4,0,1,0,0,0,7,0,0,0,0,14,0,1.0,0.0,1,0
smish,ডাচ্-বাংলা ব্যাংক থেকে জানানো হচ্ছে যে আপনার কার্ড ব্লক করা হয়েছে। পুনরায় চালু করতে আপনার পিন ও কার্ড নম্বর SMS করুন +8801944456789 নাম্বারে।,Bengali,0,2,ডাচ্-বাংলা ব্যাংক থেকে জানানো হচ্ছে যে আপনার কার্ড ব্লক করা হয়েছে। পুনরায় চালু করতে আপনার পিন ও কার্ড নম্বর SMS করুন +8801944456789 নাম্বারে।,ডাচ্-বাংলা ব্যাংক থেকে জানানো হচ্ছে যে আপনার কার্ড ব্লক করা হয়েছে। পুনরায় চালু করতে আপনার পিন ও কার্ড নম্বর SMS করুন +8801944456789 নাম্বারে।,[],0,0,0,0,0,0,0,0,0,0,0,0,ডাচ্-বাংলা ব্যাংক থেকে জানানো হচ্ছে যে আপনার কার্ড ব্লক করা হয়েছে। পুনরায় চালু করতে আপনার পিন ও কার্ড নম্বর SMS করুন +8801944456789 নাম্বারে।,143,0,0,0,0,0,0,0,0,0,0,0,0,0,0,0,0,0,0,0,0,0,0,ডাচ্-বাংলা ব্যাংক থেকে জানানো হচ্ছে যে আপনার কার্ড ব্লক করা হয়েছে। পুনরায় চালু করতে আপনার পিন ও কার্ড নম্বর SMS করুন +8801944456789 নাম্বারে।,ডাচ্-বাংলা ব্যাংক থেকে জানানো হচ্ছে যে আপনার কার্ড ব্লক করা হয়েছে। পুনরায় চালু করতে আপনার পিন ও কার্ড নম্বর SMS করুন +8801944456789 নাম্বারে।,1,1,13,1,1,143,23,0,0,0,0,0,44,0,0,1,1,101,3,0.9711538461538461,0.028846153846153848,1,1
promo,"৪০৳ ক্যাশব্যাক! ৩১জিবি+৪৫০মি.@৪৫৯৳ ৩০দিন, নিয়ে নাও: cutt.ly/0wO6Jggn",Bengali,1,1,"৪০৳ ক্যাশব্যাক! ৩১জিবি+৪৫০মি.@৪৫৯৳ ৩০দিন, নিয়ে নাও: cutt.ly/0wO6Jggn","৪০৳ ক্যাশব্যাক! ৩১জিবি+৪৫০মি.@৪৫৯৳ ৩০দিন, নিয়ে নাও: cutt.ly/0wO6Jggn",['cutt.ly/0wO6Jggn'],1,1,16,16,2,1,0,1,0,0,0,1,"৪০৳ ক্যাশব্যাক! ৩১জিবি+৪৫০মি.@৪৫৯৳ ৩০দিন, নিয়ে নাও:  [URL] ",60,1,16,16,2,1,0,1,0,0,0,1,1,16,16,2,1,0,1,0,0,0,1,"৪০৳ ক্যাশব্যাক! ৩১জিবি+৪৫০মি.@৪৫৯৳ ৩০দিন, নিয়ে নাও: cutt.ly/0wO6Jggn","৪০৳ ক্যাশব্যাক! ৩১জিবি+৪৫০মি.@৪৫৯৳ ৩০দিন, নিয়ে নাও: cutt.ly/0wO6Jggn",0,0,14,7,1,69,7,1,0,1,2,1,22,2,1,0,0,41,12,0.7735849056603774,0.22641509433962265,1,1
smish,বাংলাদেশ ব্যাংক অ্যাকাউন্টে ত্রুটি দেখা দিয়েছে। কল করুন: +8801819899901,Bengali,0,2,বাংলাদেশ ব্যাংক অ্যাকাউন্টে ত্রুটি দেখা দিয়েছে। কল করুন: +8801819899901,বাংলাদেশ ব্যাংক অ্যাকাউন্টে ত্রুটি দেখা দিয়েছে। কল করুন: +8801819899901,[],0,0,0,0,0,0,0,0,0,0,0,0,বাংলাদেশ ব্যাংক অ্যাকাউন্টে ত্রুটি দেখা দিয়েছে। কল করুন: +8801819899901,72,0,0,0,0,0,0,0,0,0,0,0,0,0,0,0,0,0,0,0,0,0,0,বাংলাদেশ ব্যাংক অ্যাকাউন্টে ত্রুটি দেখা দিয়েছে। কল করুন: +8801819899901,বাংলাদেশ ব্যাংক অ্যাকাউন্টে ত্রুটি দেখা দিয়েছে। কল করুন: +8801819899901,1,1,13,1,1,72,9,0,0,0,0,1,25,0,0,1,1,48,0,1.0,0.0,1,0
smish,জনতা ব্যাংক থেকে জরুরি বার্তা। বিস্তারিত জানতে এখানে ক্লিক করুন: https://t.me/JanataUrgentBot2,Bengali,1,2,জনতা ব্যাংক থেকে জরুরি বার্তা। বিস্তারিত জানতে এখানে ক্লিক করুন: https://t.me/JanataUrgentBot2,জনতা ব্যাংক থেকে জরুরি বার্তা। বিস্তারিত জানতে এখানে ক্লিক করুন: https://t.me/JanataUrgentBot2,['https://t.me/JanataUrgentBot2'],1,1,29,29,1,1,0,3,1,0,0,0,জনতা ব্যাংক থেকে জরুরি বার্তা। বিস্তারিত জানতে এখানে ক্লিক করুন:  [URL] ,72,1,29,29,1,1,0,3,1,0,0,0,1,29,29,1,1,0,3,1,0,0,0,জনতা ব্যাংক থেকে জরুরি বার্তা। বিস্তারিত জানতে এখানে ক্লিক করুন: https://t.me/JanataUrgentBot2,জনতা ব্যাংক থেকে জরুরি বার্তা। বিস্তারিত জানতে এখানে ক্লিক করুন: https://t.me/JanataUrgentBot2,0,0,1,1,1,94,11,0,0,0,1,2,29,0,0,0,0,53,23,0.6973684210526315,0.3026315789473684,1,1
normal,"আব্বু, আমি ঢাকায় পৌঁছে গেছি। হোটেলে চেক ইন করলাম।",Bengali,0,0,"আব্বু, আমি ঢাকায় পৌঁছে গেছি। হোটেলে চেক ইন করলাম।","আব্বু, আমি ঢাকায় পৌঁছে গেছি। হোটেলে চেক ইন করলাম।",[],0,0,0,0,0,0,0,0,0,0,0,0,"আব্বু, আমি ঢাকায় পৌঁছে গেছি। হোটেলে চেক ইন করলাম।",50,0,0,0,0,0,0,0,0,0,0,0,0,0,0,0,0,0,0,0,0,0,0,"আব্বু, আমি ঢাকায় পৌঁছে গেছি। হোটেলে চেক ইন করলাম।","আব্বু, আমি ঢাকায় পৌঁছে গেছি। হোটেলে চেক ইন করলাম।",0,0,0,0,0,50,9,0,0,1,0,0,19,0,0,0,0,39,0,1.0,0.0,1,0
normal,"হাই, কেমন আছো?",Bengali,0,0,"হাই, কেমন আছো?","হাই, কেমন আছো?",[],0,0,0,0,0,0,0,0,0,0,0,0,"হাই, কেমন আছো?",14,0,0,0,0,0,0,0,0,0,0,0,0,0,0,0,0,0,0,0,0,0,0,"হাই, কেমন আছো?","হাই, কেমন আছো?",0,0,0,0,0,14,3,0,1,1,0,0,5,0,0,0,0,10,0,1.0,0.0,1,0
smish,"১০০% গেরান্টিসহ মালেশিয়ান, ইউরোপিয়ান,আমেরিকা, কানাডা ভিসা পেতে আজই যোগাযোগ করুন ০১৭৬৫৪৩৩৪২২, অগ্রীম ফি লাগবে না।",Bengali,0,2,"১০০% গেরান্টিসহ মালেশিয়ান, ইউরোপিয়ান,আমেরিকা, কানাডা ভিসা পেতে আজই যোগাযোগ করুন ০১৭৬৫৪৩৩৪২২, অগ্রীম ফি লাগবে না।","১০০% গেরান্টিসহ মালেশিয়ান, ইউরোপিয়ান,আমেরিকা, কানাডা ভিসা পেতে আজই যোগাযোগ করুন ০১৭৬৫৪৩৩৪২২, অগ্রীম ফি লাগবে না।",[],0,0,0,0,0,0,0,0,0,0,0,0,"১০০% গেরান্টিসহ মালেশিয়ান, ইউরোপিয়ান,আমেরিকা, কানাডা ভিসা পেতে আজই যোগাযোগ করুন ০১৭৬৫৪৩৩৪২২, অগ্রীম ফি লাগবে না।",114,0,0,0,0,0,0,0,0,0,0,0,0,0,0,0,0,0,0,0,0,0,0,"১০০% গেরান্টিসহ মালেশিয়ান, ইউরোপিয়ান,আমেরিকা, কানাডা ভিসা পেতে আজই যোগাযোগ করুন ০১৭৬৫৪৩৩৪২২, অগ্রীম ফি লাগবে না।","১০০% গেরান্টিসহ মালেশিয়ান, ইউরোপিয়ান,আমেরিকা, কানাডা ভিসা পেতে আজই যোগাযোগ করুন ০১৭৬৫৪৩৩৪২২, অগ্রীম ফি লাগবে না।",0,0,14,2,1,114,15,0,0,4,0,0,39,0,0,0,0,94,0,1.0,0.0,1,0
normal,"ভাইয়া, আপনার কম্পিউটার ঠিক করা হয়ে গেছে। নিয়ে যেতে পারেন।",Bengali,0,0,"ভাইয়া, আপনার কম্পিউটার ঠিক করা হয়ে গেছে। নিয়ে যেতে পারেন।","ভাইয়া, আপনার কম্পিউটার ঠিক করা হয়ে গেছে। নিয়ে যেতে পারেন।",[],0,0,0,0,0,0,0,0,0,0,0,0,"ভাইয়া, আপনার কম্পিউটার ঠিক করা হয়ে গেছে। নিয়ে যেতে পারেন।",60,0,0,0,0,0,0,0,0,0,0,0,0,0,0,0,0,0,0,0,0,0,0,"ভাইয়া, আপনার কম্পিউটার ঠিক করা হয়ে গেছে। নিয়ে যেতে পারেন।","ভাইয়া, আপনার কম্পিউটার ঠিক করা হয়ে গেছে। নিয়ে যেতে পারেন।",0,0,0,0,0,60,10,0,0,1,0,0,23,0,0,0,0,48,0,1.0,0.0,1,0
normal,তোমার জন্য একটি গল্প আছে?,Bengali,0,0,তোমার জন্য একটি গল্প আছে?,তোমার জন্য একটি গল্প আছে?,[],0,0,0,0,0,0,0,0,0,0,0,0,তোমার জন্য একটি গল্প আছে?,25,0,0,0,0,0,0,0,0,0,0,0,0,0,0,0,0,0,0,0,0,0,0,তোমার জন্য একটি গল্প আছে?,তোমার জন্য একটি গল্প আছে?,0,0,0,0,0,25,5,0,1,0,0,0,7,0,0,0,0,20,0,1.0,0.0,1,0
normal,"তোমার আগে কোনো বই পড়েছি? হ্যাঁ, অনেক বই পড়েছি। তুমি কি?",Bengali,0,0,"তোমার আগে কোনো বই পড়েছি? হ্যাঁ, অনেক বই পড়েছি। তুমি কি?","তোমার আগে কোনো বই পড়েছি? হ্যাঁ, অনেক বই পড়েছি। তুমি কি?",[],0,0,0,0,0,0,0,0,0,0,0,0,"তোমার আগে কোনো বই পড়েছি? হ্যাঁ, অনেক বই পড়েছি। তুমি কি?",57,0,0,0,0,0,0,0,0,0,0,0,0,0,0,0,0,0,0,0,0,0,0,"তোমার আগে কোনো বই পড়েছি? হ্যাঁ, অনেক বই পড়েছি। তুমি কি?","তোমার আগে কোনো বই পড়েছি? হ্যাঁ, অনেক বই পড়েছি। তুমি কি?",0,0,0,0,0,57,11,0,2,1,0,0,22,0,0,0,0,43,0,1.0,0.0,1,0
smish,আপনার ব্যাংক একাউন্ট থেকে অজানা লেনদেন হয়েছে। বিস্তারিত জানতে কল করুন +8801914455667,Bengali,0,2,আপনার ব্যাংক একাউন্ট থেকে অজানা লেনদেন হয়েছে। বিস্তারিত জানতে কল করুন +8801914455667,আপনার ব্যাংক একাউন্ট থেকে অজানা লেনদেন হয়েছে। বিস্তারিত জানতে কল করুন +8801914455667,[],0,0,0,0,0,0,0,0,0,0,0,0,আপনার ব্যাংক একাউন্ট থেকে অজানা লেনদেন হয়েছে। বিস্তারিত জানতে কল করুন +8801914455667,85,0,0,0,0,0,0,0,0,0,0,0,0,0,0,0,0,0,0,0,0,0,0,আপনার ব্যাংক একাউন্ট থেকে অজানা লেনদেন হয়েছে। বিস্তারিত জানতে কল করুন +8801914455667,আপনার ব্যাংক একাউন্ট থেকে অজানা লেনদেন হয়েছে। বিস্তারিত জানতে কল করুন +8801914455667,1,1,13,1,1,85,12,0,0,0,0,0,24,0,0,0,0,59,0,1.0,0.0,1,0
promo,"৩০জিবি@৩৮৯৳,৩০দিন প্যাক কিনে পাও ""ডানকি"" মুভি টিকেট: cutt.ly/SwFqDlAs",Bengali,1,1,"৩০জিবি@৩৮৯৳,৩০দিন প্যাক কিনে পাও ""ডানকি"" মুভি টিকেট: cutt.ly/SwFqDlAs","৩০জিবি@৩৮৯৳,৩০দিন প্যাক কিনে পাও ""ডানকি"" মুভি টিকেট: cutt.ly/SwFqDlAs",['cutt.ly/SwFqDlAs'],1,1,16,16,0,1,0,1,0,0,0,1,"৩০জিবি@৩৮৯৳,৩০দিন প্যাক কিনে পাও ""ডানকি"" মুভি টিকেট:  [URL] ",60,1,16,16,0,1,0,1,0,0,0,1,1,16,16,0,1,0,1,0,0,0,1,"৩০জিবি@৩৮৯৳,৩০দিন প্যাক কিনে পাও ""ডানকি"" মুভি টিকেট: cutt.ly/SwFqDlAs","৩০জিবি@৩৮৯৳,৩০দিন প্যাক কিনে পাও ""ডানকি"" মুভি টিকেট: cutt.ly/SwFqDlAs",0,0,7,3,1,69,8,0,0,1,1,1,22,1,1,0,0,41,14,0.7454545454545455,0.2545454545454545,1,1
smish,"আজই ফুটবলে বাজি ধরুন এবং ৫,০০০ টাকা জিতুন! এখনই ক্লিক করুন: xini.eu/00Qe",Bengali,1,2,"আজই ফুটবলে বাজি ধরুন এবং ৫,০০০ টাকা জিতুন! এখনই ক্লিক করুন: xini.eu/00Qe","আজই ফুটবলে বাজি ধরুন এবং ৫,০০০ টাকা জিতুন! এখনই ক্লিক করুন: xini.eu/00Qe",['xini.eu/00Qe'],1,1,12,12,2,1,0,1,0,0,0,0,"আজই ফুটবলে বাজি ধরুন এবং ৫,০০০ টাকা জিতুন! এখনই ক্লিক করুন:  [URL] ",67,1,12,12,2,1,0,1,0,0,0,0,1,12,12,2,1,0,1,0,0,0,0,"আজই ফুটবলে বাজি ধরুন এবং ৫,০০০ টাকা জিতুন! এখনই ক্লিক করুন: xini.eu/00Qe","আজই ফুটবলে বাজি ধরুন এবং ৫,০০০ টাকা জিতুন! এখনই ক্লিক করুন: xini.eu/00Qe",0,0,6,2,1,72,12,1,0,1,1,1,18,1,1,0,0,46,8,0.8518518518518519,0.14814814814814814,1,1
smish,"সোনালী ব্যাংক থেকে সতর্কতা: আপনার কার্ডে ৮৫,০০০ টাকার লেনদেন অনুমোদন ছাড়া হয়েছে। এখনই sonali-cardverify.org এ গিয়ে CVV, OTP এবং নাম্বার যাচাই করুন। না করলে কার্ড ব্লক হবে।",Bengali,1,2,"সোনালী ব্যাংক থেকে সতর্কতা: আপনার কার্ডে ৮৫,০০০ টাকার লেনদেন অনুমোদন ছাড়া হয়েছে। এখনই sonali-cardverify.org এ গিয়ে CVV, OTP এবং নাম্বার যাচাই করুন। না করলে কার্ড ব্লক হবে।","সোনালী ব্যাংক থেকে সতর্কতা: আপনার কার্ডে ৮৫,০০০ টাকার লেনদেন অনুমোদন ছাড়া হয়েছে। এখনই sonali-cardverify.org এ গিয়ে CVV, OTP এবং নাম্বার যাচাই করুন। না করলে কার্ড ব্লক হবে।",['sonali-cardverify.org'],1,1,21,21,0,1,1,0,0,0,0,0,"সোনালী ব্যাংক থেকে সতর্কতা: আপনার কার্ডে ৮৫,০০০ টাকার লেনদেন অনুমোদন ছাড়া হয়েছে। এখনই  [URL]  এ গিয়ে CVV, OTP এবং নাম্বার যাচাই করুন। না করলে কার্ড ব্লক হবে।",160,1,21,21,0,1,1,0,0,0,0,0,1,21,21,0,1,1,0,0,0,0,0,"সোনালী ব্যাংক থেকে সতর্কতা: আপনার কার্ডে ৮৫,০০০ টাকার লেনদেন অনুমোদন ছাড়া হয়েছে। এখনই sonali-cardverify.org এ গিয়ে CVV, OTP এবং নাম্বার যাচাই করুন। না করলে কার্ড ব্লক হবে।","সোনালী ব্যাংক থেকে সতর্কতা: আপনার কার্ডে ৮৫,০০০ টাকার লেনদেন অনুমোদন ছাড়া হয়েছে। এখনই sonali-cardverify.org এ গিয়ে CVV, OTP এবং নাম্বার যাচাই করুন। না করলে কার্ড ব্লক হবে।",0,0,5,1,1,174,27,0,0,2,1,1,50,1,1,3,1,115,25,0.8214285714285714,0.17857142857142858,1,1
normal,আজ সকালে হালকা ব্যায়াম করলাম। শরীরটা ফ্রেশ লাগছে। প্রতিদিন নিয়মিত করলে আরও ভালো লাগবে।,Bengali,0,0,আজ সকালে হালকা ব্যায়াম করলাম। শরীরটা ফ্রেশ লাগছে। প্রতিদিন নিয়মিত করলে আরও ভালো লাগবে।,আজ সকালে হালকা ব্যায়াম করলাম। শরীরটা ফ্রেশ লাগছে। প্রতিদিন নিয়মিত করলে আরও ভালো লাগবে।,[],0,0,0,0,0,0,0,0,0,0,0,0,আজ সকালে হালকা ব্যায়াম করলাম। শরীরটা ফ্রেশ লাগছে। প্রতিদিন নিয়মিত করলে আরও ভালো লাগবে।,88,0,0,0,0,0,0,0,0,0,0,0,0,0,0,0,0,0,0,0,0,0,0,আজ সকালে হালকা ব্যায়াম করলাম। শরীরটা ফ্রেশ লাগছে। প্রতিদিন নিয়মিত করলে আরও ভালো লাগবে।,আজ সকালে হালকা ব্যায়াম করলাম। শরীরটা ফ্রেশ লাগছে। প্রতিদিন নিয়মিত করলে আরও ভালো লাগবে।,0,0,0,0,0,88,14,0,0,0,0,0,29,0,0,0,0,72,0,1.0,0.0,1,0
promo,"Grameenphone Flexiplan-এ আজ সব প্যাকে ২৫% ডিসকাউন্ট। নিজের পছন্দমত মিনিট, এসএমএস ও ডেটা বানান এখনই।",Bengali,0,1,"Grameenphone Flexiplan-এ আজ সব প্যাকে ২৫% ডিসকাউন্ট। নিজের পছন্দমত মিনিট, এসএমএস ও ডেটা বানান এখনই।","Grameenphone Flexiplan-এ আজ সব প্যাকে ২৫% ডিসকাউন্ট। নিজের পছন্দমত মিনিট, এসএমএস ও ডেটা বানান এখনই।",[],0,0,0,0,0,0,0,0,0,0,0,0,"Grameenphone Flexiplan-এ আজ সব প্যাকে ২৫% ডিসকাউন্ট। নিজের পছন্দমত মিনিট, এসএমএস ও ডেটা বানান এখনই।",99,0,0,0,0,0,0,0,0,0,0,0,0,0,0,0,0,0,0,0,0,0,0,"Grameenphone Flexiplan-এ আজ সব প্যাকে ২৫% ডিসকাউন্ট। নিজের পছন্দমত মিনিট, এসএমএস ও ডেটা বানান এখনই।","Grameenphone Flexiplan-এ আজ সব প্যাকে ২৫% ডিসকাউন্ট। নিজের পছন্দমত মিনিট, এসএমএস ও ডেটা বানান এখনই।",0,0,2,1,1,99,15,0,0,1,0,0,20,0,0,0,0,59,21,0.7375,0.2625,1,1
smish,Lucky Draw: আপনি Suzuki গাড়ি জিতেছেন! নিবন্ধন: car-winner.ml,Bengali,1,2,Lucky Draw: আপনি Suzuki গাড়ি জিতেছেন! নিবন্ধন: car-winner.ml,Lucky Draw: আপনি Suzuki গাড়ি জিতেছেন! নিবন্ধন: car-winner.ml,['car-winner.ml'],1,1,13,13,0,1,1,0,0,0,0,0,Lucky Draw: আপনি Suzuki গাড়ি জিতেছেন! নিবন্ধন:  [URL] ,55,1,13,13,0,1,1,0,0,0,0,0,1,13,13,0,1,1,0,0,0,0,0,Lucky Draw: আপনি Suzuki গাড়ি জিতেছেন! নিবন্ধন: car-winner.ml,Lucky Draw: আপনি Suzuki গাড়ি জিতেছেন! নিবন্ধন: car-winner.ml,0,0,0,0,0,61,8,1,0,0,1,2,14,0,0,0,0,23,26,0.46938775510204084,0.5306122448979592,1,1
promo,"৳৪১৯ এ ৳৪৯৯ এর অফার! নাও ৩৫জিবি+৫০০মি.,৩০দিন: cutt.ly/4w77ohWY",Bengali,1,1,"৳৪১৯ এ ৳৪৯৯ এর অফার! নাও ৩৫জিবি+৫০০মি.,৩০দিন: cutt.ly/4w77ohWY","৳৪১৯ এ ৳৪৯৯ এর অফার! নাও ৩৫জিবি+৫০০মি.,৩০দিন: cutt.ly/4w77ohWY",['cutt.ly/4w77ohWY'],1,1,16,16,3,1,0,1,0,0,0,1,"৳৪১৯ এ ৳৪৯৯ এর অফার! নাও ৩৫জিবি+৫০০মি.,৩০দিন:  [URL] ",53,1,16,16,3,1,0,1,0,0,0,1,1,16,16,3,1,0,1,0,0,0,1,"৳৪১৯ এ ৳৪৯৯ এর অফার! নাও ৩৫জিবি+৫০০মি.,৩০দিন: cutt.ly/4w77ohWY","৳৪১৯ এ ৳৪৯৯ এর অফার! নাও ৩৫জিবি+৫০০মি.,৩০দিন: cutt.ly/4w77ohWY",0,0,16,7,1,62,8,1,0,1,2,1,15,2,1,0,0,34,11,0.7555555555555555,0.24444444444444444,1,1
smish,গুরুত্বপূর্ণ: আপনার প্রপার্টি ট্যাক্স অপরিশোধিত। পেমেন্ট: property-tax.ml,Bengali,1,2,গুরুত্বপূর্ণ: আপনার প্রপার্টি ট্যাক্স অপরিশোধিত। পেমেন্ট: property-tax.ml,গুরুত্বপূর্ণ: আপনার প্রপার্টি ট্যাক্স অপরিশোধিত। পেমেন্ট: property-tax.ml,['property-tax.ml'],1,1,15,15,0,1,1,0,0,0,0,0,গুরুত্বপূর্ণ: আপনার প্রপার্টি ট্যাক্স অপরিশোধিত। পেমেন্ট:  [URL] ,65,1,15,15,0,1,1,0,0,0,0,0,1,15,15,0,1,1,0,0,0,0,0,গুরুত্বপূর্ণ: আপনার প্রপার্টি ট্যাক্স অপরিশোধিত। পেমেন্ট: property-tax.ml,গুরুত্বপূর্ণ: আপনার প্রপার্টি ট্যাক্স অপরিশোধিত। পেমেন্ট: property-tax.ml,0,0,0,0,0,73,7,0,0,0,1,2,24,0,0,0,0,49,13,0.7903225806451613,0.20967741935483872,1,1
promo,"সেপ্টেম্বর-২৩
রিচার্জ:50৳
খরচ:
ডেটা:168৳
ভয়েস:119৳
অন্যান্য:0৳",Bengali,0,1,"সেপ্টেম্বর-২৩
রিচার্জ:50৳
খরচ:
ডেটা:168৳
ভয়েস:119৳
অন্যান্য:0৳",সেপ্টেম্বর-২৩ রিচার্জ:50৳ খরচ: ডেটা:168৳ ভয়েস:119৳ অন্যান্য:0৳,[],0,0,0,0,0,0,0,0,0,0,0,0,সেপ্টেম্বর-২৩ রিচার্জ:50৳ খরচ: ডেটা:168৳ ভয়েস:119৳ অন্যান্য:0৳,63,0,0,0,0,0,0,0,0,0,0,0,0,0,0,0,0,0,0,0,0,0,0,"সেপ্টেম্বর-২৩
রিচার্জ:50৳
খরচ:
ডেটা:168৳
ভয়েস:119৳
অন্যান্য:0৳",সেপ্টেম্বর-২৩ রিচার্জ:50৳ খরচ: ডেটা:168৳ ভয়েস:119৳ অন্যান্য:0৳,0,0,11,5,1,63,6,0,0,0,0,5,24,4,1,0,0,43,0,1.0,0.0,1,0
promo,"আড্ডা+ইন্টারনেটিংয়ে নতুন ডিল ১০জিবি+৩০০মি@২৯৬৳,৩০দিন:cutt.ly/QwFwTH3J",Bengali,1,1,"আড্ডা+ইন্টারনেটিংয়ে নতুন ডিল ১০জিবি+৩০০মি@২৯৬৳,৩০দিন:cutt.ly/QwFwTH3J","আড্ডা+ইন্টারনেটিংয়ে নতুন ডিল ১০জিবি+৩০০মি@২৯৬৳,৩০দিন:cutt.ly/QwFwTH3J",['cutt.ly/QwFwTH3J'],1,1,16,16,1,1,0,1,0,0,0,1,"আড্ডা+ইন্টারনেটিংয়ে নতুন ডিল ১০জিবি+৩০০মি@২৯৬৳,৩০দিন: [URL] ",61,1,16,16,1,1,0,1,0,0,0,1,1,16,16,1,1,0,1,0,0,0,1,"আড্ডা+ইন্টারনেটিংয়ে নতুন ডিল ১০জিবি+৩০০মি@২৯৬৳,৩০দিন:cutt.ly/QwFwTH3J","আড্ডা+ইন্টারনেটিংয়ে নতুন ডিল ১০জিবি+৩০০মি@২৯৬৳,৩০দিন:cutt.ly/QwFwTH3J",0,0,11,5,1,70,4,0,0,1,1,1,23,1,1,0,0,46,13,0.7796610169491526,0.22033898305084745,1,1
smish,রমজানের উপহার  https://bjmltcyj.prescriptiondome.top/12acdFRHQ1QBeQYFaFMrInxbWQlvWCRyW0ZWbzEUBAIkCAAZVDkbGyVcLDFLVF8NGyc1cUwTTQVBXhUndyBoPDwVJFI-Kw&p=uexjms&_mi1710919302243,Bengali,1,2,রমজানের উপহার  https://bjmltcyj.prescriptiondome.top/12acdFRHQ1QBeQYFaFMrInxbWQlvWCRyW0ZWbzEUBAIkCAAZVDkbGyVcLDFLVF8NGyc1cUwTTQVBXhUndyBoPDwVJFI-Kw&p=uexjms&_mi1710919302243,রমজানের উপহার https://bjmltcyj.prescriptiondome.top/12acdFRHQ1QBeQYFaFMrInxbWQlvWCRyW0ZWbzEUBAIkCAAZVDkbGyVcLDFLVF8NGyc1cUwTTQVBXhUndyBoPDwVJFI-Kw&p=uexjms&_mi1710919302243,['https://bjmltcyj.prescriptiondome.top/12acdFRHQ1QBeQYFaFMrInxbWQlvWCRyW0ZWbzEUBAIkCAAZVDkbGyVcLDFLVF8NGyc1cUwTTQVBXhUndyBoPDwVJFI-Kw&p=uexjms&_mi1710919302243'],1,1,158,158,19,2,1,3,1,0,0,0,রমজানের উপহার  [URL] ,21,1,158,158,19,2,1,3,1,0,0,0,1,158,158,19,2,1,3,1,0,0,0,রমজানের উপহার  https://bjmltcyj.prescriptiondome.top/12acdFRHQ1QBeQYFaFMrInxbWQlvWCRyW0ZWbzEUBAIkCAAZVDkbGyVcLDFLVF8NGyc1cUwTTQVBXhUndyBoPDwVJFI-Kw&p=uexjms&_mi1710919302243,রমজানের উপহার https://bjmltcyj.prescriptiondome.top/12acdFRHQ1QBeQYFaFMrInxbWQlvWCRyW0ZWbzEUBAIkCAAZVDkbGyVcLDFLVF8NGyc1cUwTTQVBXhUndyBoPDwVJFI-Kw&p=uexjms&_mi1710919302243,0,0,19,6,1,172,3,0,0,0,2,1,13,0,0,0,0,12,128,0.08571428571428572,0.9142857142857143,1,1
promo,অনলাইন গেমিংয়ে বোনাস! প্রথম ডিপোজিটে ১০০% এক্সট্রা।,Bengali,0,1,অনলাইন গেমিংয়ে বোনাস! প্রথম ডিপোজিটে ১০০% এক্সট্রা।,অনলাইন গেমিংয়ে বোনাস! প্রথম ডিপোজিটে ১০০% এক্সট্রা।,[],0,0,0,0,0,0,0,0,0,0,0,0,অনলাইন গেমিংয়ে বোনাস! প্রথম ডিপোজিটে ১০০% এক্সট্রা।,52,0,0,0,0,0,0,0,0,0,0,0,0,0,0,0,0,0,0,0,0,0,0,অনলাইন গেমিংয়ে বোনাস! প্রথম ডিপোজিটে ১০০% এক্সট্রা।,অনলাইন গেমিংয়ে বোনাস! প্রথম ডিপোজিটে ১০০% এক্সট্রা।,0,0,3,1,1,52,7,1,0,0,0,0,19,0,0,0,0,43,0,1.0,0.0,1,0
normal,"আপনার পাওনা ৮০০/- টাকা, দ্রুত পরিশোধ করুন।",Bengali,0,0,"আপনার পাওনা ৮০০/- টাকা, দ্রুত পরিশোধ করুন।","আপনার পাওনা ৮০০/- টাকা, দ্রুত পরিশোধ করুন।",[],0,0,0,0,0,0,0,0,0,0,0,0,"আপনার পাওনা ৮০০/- টাকা, দ্রুত পরিশোধ করুন।",42,0,0,0,0,0,0,0,0,0,0,0,0,0,0,0,0,0,0,0,0,0,0,"আপনার পাওনা ৮০০/- টাকা, দ্রুত পরিশোধ করুন।","আপনার পাওনা ৮০০/- টাকা, দ্রুত পরিশোধ করুন।",0,0,3,1,1,42,7,0,0,1,0,0,14,1,1,0,0,32,0,1.0,0.0,1,0
normal,"আপনার বিদ্যুৎ বিল বাকি আছে ৭২০০/- টাকা, জরুরি।",Bengali,0,0,"আপনার বিদ্যুৎ বিল বাকি আছে ৭২০০/- টাকা, জরুরি।","আপনার বিদ্যুৎ বিল বাকি আছে ৭২০০/- টাকা, জরুরি।",[],0,0,0,0,0,0,0,0,0,0,0,0,"আপনার বিদ্যুৎ বিল বাকি আছে ৭২০০/- টাকা, জরুরি।",46,0,0,0,0,0,0,0,0,0,0,0,0,0,0,0,0,0,0,0,0,0,0,"আপনার বিদ্যুৎ বিল বাকি আছে ৭২০০/- টাকা, জরুরি।","আপনার বিদ্যুৎ বিল বাকি আছে ৭২০০/- টাকা, জরুরি।",0,0,4,1,1,46,8,0,0,1,0,0,16,1,1,0,0,35,0,1.0,0.0,1,0
promo,"DBBL কার্ডে শপিং করলে ১০% ক্যাশব্যাক, সর্বোচ্চ ৫০০ টাকা পর্যন্ত। অফার বৈধ এই মাসের শেষ পর্যন্ত।",Bengali,0,1,"DBBL কার্ডে শপিং করলে ১০% ক্যাশব্যাক, সর্বোচ্চ ৫০০ টাকা পর্যন্ত। অফার বৈধ এই মাসের শেষ পর্যন্ত।","DBBL কার্ডে শপিং করলে ১০% ক্যাশব্যাক, সর্বোচ্চ ৫০০ টাকা পর্যন্ত। অফার বৈধ এই মাসের শেষ পর্যন্ত।",[],0,0,0,0,0,0,0,0,0,0,0,0,"DBBL কার্ডে শপিং করলে ১০% ক্যাশব্যাক, সর্বোচ্চ ৫০০ টাকা পর্যন্ত। অফার বৈধ এই মাসের শেষ পর্যন্ত।",95,0,0,0,0,0,0,0,0,0,0,0,0,0,0,0,0,0,0,0,0,0,0,"DBBL কার্ডে শপিং করলে ১০% ক্যাশব্যাক, সর্বোচ্চ ৫০০ টাকা পর্যন্ত। অফার বৈধ এই মাসের শেষ পর্যন্ত।","DBBL কার্ডে শপিং করলে ১০% ক্যাশব্যাক, সর্বোচ্চ ৫০০ টাকা পর্যন্ত। অফার বৈধ এই মাসের শেষ পর্যন্ত।",0,0,5,2,1,95,16,0,0,1,0,0,28,1,1,0,0,72,4,0.9473684210526315,0.05263157894736842,1,1
promo,Robi-তে মাসিক ইন্টারনেট প্যাক ৫০জিবি মাত্র ৪৯৯ টাকা। ডায়াল করুন *123*499#।,Bengali,0,1,Robi-তে মাসিক ইন্টারনেট প্যাক ৫০জিবি মাত্র ৪৯৯ টাকা। ডায়াল করুন *123*499#।,Robi-তে মাসিক ইন্টারনেট প্যাক ৫০জিবি মাত্র ৪৯৯ টাকা। ডায়াল করুন *123*499#।,[],0,0,0,0,0,0,0,0,0,0,0,0,Robi-তে মাসিক ইন্টারনেট প্যাক ৫০জিবি মাত্র ৪৯৯ টাকা। ডায়াল করুন *123*499#।,75,0,0,0,0,0,0,0,0,0,0,0,0,0,0,0,0,0,0,0,0,0,0,Robi-তে মাসিক ইন্টারনেট প্যাক ৫০জিবি মাত্র ৪৯৯ টাকা। ডায়াল করুন *123*499#।,Robi-তে মাসিক ইন্টারনেট প্যাক ৫০জিবি মাত্র ৪৯৯ টাকা। ডায়াল করুন *123*499#।,0,0,11,4,1,75,11,0,0,0,0,0,24,1,1,0,0,49,4,0.9245283018867925,0.07547169811320754,1,1
smish,আপনার ডেবিট কার্ডের পিন রিসেট করতে কল করুন +8801914455667,Bengali,0,2,আপনার ডেবিট কার্ডের পিন রিসেট করতে কল করুন +8801914455667,আপনার ডেবিট কার্ডের পিন রিসেট করতে কল করুন +8801914455667,[],0,0,0,0,0,0,0,0,0,0,0,0,আপনার ডেবিট কার্ডের পিন রিসেট করতে কল করুন +8801914455667,57,0,0,0,0,0,0,0,0,0,0,0,0,0,0,0,0,0,0,0,0,0,0,আপনার ডেবিট কার্ডের পিন রিসেট করতে কল করুন +8801914455667,আপনার ডেবিট কার্ডের পিন রিসেট করতে কল করুন +8801914455667,1,1,13,1,1,57,9,0,0,0,0,0,12,0,0,1,1,35,0,1.0,0.0,1,0
normal,তোমার প্রিয় খাবার কি?,Bengali,0,0,তোমার প্রিয় খাবার কি?,তোমার প্রিয় খাবার কি?,[],0,0,0,0,0,0,0,0,0,0,0,0,তোমার প্রিয় খাবার কি?,22,0,0,0,0,0,0,0,0,0,0,0,0,0,0,0,0,0,0,0,0,0,0,তোমার প্রিয় খাবার কি?,তোমার প্রিয় খাবার কি?,0,0,0,0,0,22,4,0,1,0,0,0,9,0,0,0,0,18,0,1.0,0.0,1,0
normal,আপনার জন্য একটি গল্প আছে?,Bengali,0,0,আপনার জন্য একটি গল্প আছে?,আপনার জন্য একটি গল্প আছে?,[],0,0,0,0,0,0,0,0,0,0,0,0,আপনার জন্য একটি গল্প আছে?,25,0,0,0,0,0,0,0,0,0,0,0,0,0,0,0,0,0,0,0,0,0,0,আপনার জন্য একটি গল্প আছে?,আপনার জন্য একটি গল্প আছে?,0,0,0,0,0,25,5,0,1,0,0,0,6,0,0,0,0,20,0,1.0,0.0,1,0
normal,আমি আমার জীবনের প্রধান আমাদের সঙ্গে সময় কাটাতে চাই।,Bengali,0,0,আমি আমার জীবনের প্রধান আমাদের সঙ্গে সময় কাটাতে চাই।,আমি আমার জীবনের প্রধান আমাদের সঙ্গে সময় কাটাতে চাই।,[],0,0,0,0,0,0,0,0,0,0,0,0,আমি আমার জীবনের প্রধান আমাদের সঙ্গে সময় কাটাতে চাই।,52,0,0,0,0,0,0,0,0,0,0,0,0,0,0,0,0,0,0,0,0,0,0,আমি আমার জীবনের প্রধান আমাদের সঙ্গে সময় কাটাতে চাই।,আমি আমার জীবনের প্রধান আমাদের সঙ্গে সময় কাটাতে চাই।,0,0,0,0,0,52,9,0,0,0,0,0,16,0,0,0,0,43,0,1.0,0.0,1,0
smish,জনতা ব্যাংক থেকে গুরুত্বপূর্ণ বার্তা। কল করুন: +8801715455567,Bengali,0,2,জনতা ব্যাংক থেকে গুরুত্বপূর্ণ বার্তা। কল করুন: +8801715455567,জনতা ব্যাংক থেকে গুরুত্বপূর্ণ বার্তা। কল করুন: +8801715455567,[],0,0,0,0,0,0,0,0,0,0,0,0,জনতা ব্যাংক থেকে গুরুত্বপূর্ণ বার্তা। কল করুন: +8801715455567,61,0,0,0,0,0,0,0,0,0,0,0,0,0,0,0,0,0,0,0,0,0,0,জনতা ব্যাংক থেকে গুরুত্বপূর্ণ বার্তা। কল করুন: +8801715455567,জনতা ব্যাংক থেকে গুরুত্বপূর্ণ বার্তা। কল করুন: +8801715455567,1,1,13,1,1,61,8,0,0,0,0,1,18,0,0,0,0,38,0,1.0,0.0,1,0
promo,Banglalink Music App সাবস্ক্রিপশন এখন মাত্র ১৫ টাকা প্রতি সপ্তাহে। সক্রিয় করতে *5000# ডায়াল করুন।,Bengali,0,1,Banglalink Music App সাবস্ক্রিপশন এখন মাত্র ১৫ টাকা প্রতি সপ্তাহে। সক্রিয় করতে *5000# ডায়াল করুন।,Banglalink Music App সাবস্ক্রিপশন এখন মাত্র ১৫ টাকা প্রতি সপ্তাহে। সক্রিয় করতে *5000# ডায়াল করুন।,[],0,0,0,0,0,0,0,0,0,0,0,0,Banglalink Music App সাবস্ক্রিপশন এখন মাত্র ১৫ টাকা প্রতি সপ্তাহে। সক্রিয় করতে *5000# ডায়াল করুন।,99,0,0,0,0,0,0,0,0,0,0,0,0,0,0,0,0,0,0,0,0,0,0,Banglalink Music App সাবস্ক্রিপশন এখন মাত্র ১৫ টাকা প্রতি সপ্তাহে। সক্রিয় করতে *5000# ডায়াল করুন।,Banglalink Music App সাবস্ক্রিপশন এখন মাত্র ১৫ টাকা প্রতি সপ্তাহে। সক্রিয় করতে *5000# ডায়াল করুন।,0,0,6,2,1,99,15,0,0,0,0,0,25,1,1,0,0,59,18,0.7662337662337663,0.23376623376623376,1,1
smish,শাকিব আল হাসানের সাথে একান্ত সাক্ষাতকারের সুযোগ পেতে বেটিং করুন। এখনই ক্লিক করুন: ebayisapidlld.altervista.org/,Bengali,1,2,শাকিব আল হাসানের সাথে একান্ত সাক্ষাতকারের সুযোগ পেতে বেটিং করুন। এখনই ক্লিক করুন: ebayisapidlld.altervista.org/,শাকিব আল হাসানের সাথে একান্ত সাক্ষাতকারের সুযোগ পেতে বেটিং করুন। এখনই ক্লিক করুন: ebayisapidlld.altervista.org/,['ebayisapidlld.altervista.org/'],1,1,29,29,0,2,0,1,0,0,0,0,শাকিব আল হাসানের সাথে একান্ত সাক্ষাতকারের সুযোগ পেতে বেটিং করুন। এখনই ক্লিক করুন:  [URL] ,89,1,29,29,0,2,0,1,0,0,0,0,1,29,29,0,2,0,1,0,0,0,0,শাকিব আল হাসানের সাথে একান্ত সাক্ষাতকারের সুযোগ পেতে বেটিং করুন। এখনই ক্লিক করুন: ebayisapidlld.altervista.org/,শাকিব আল হাসানের সাথে একান্ত সাক্ষাতকারের সুযোগ পেতে বেটিং করুন। এখনই ক্লিক করুন: ebayisapidlld.altervista.org/,0,0,0,0,0,111,14,0,0,0,2,1,30,0,0,0,0,67,26,0.7204301075268817,0.27956989247311825,1,1
normal,তুমি কি বইয়ের দোকানে যাচ্ছো?,Bengali,0,0,তুমি কি বইয়ের দোকানে যাচ্ছো?,তুমি কি বইয়ের দোকানে যাচ্ছো?,[],0,0,0,0,0,0,0,0,0,0,0,0,তুমি কি বইয়ের দোকানে যাচ্ছো?,29,0,0,0,0,0,0,0,0,0,0,0,0,0,0,0,0,0,0,0,0,0,0,তুমি কি বইয়ের দোকানে যাচ্ছো?,তুমি কি বইয়ের দোকানে যাচ্ছো?,0,0,0,0,0,29,5,0,1,0,0,0,12,0,0,0,0,24,0,1.0,0.0,1,0
normal,০১৭২৯১৭৩৮৬২ নাম্বারে রকেটে টাকা পাঠান।,Bengali,0,0,০১৭২৯১৭৩৮৬২ নাম্বারে রকেটে টাকা পাঠান।,০১৭২৯১৭৩৮৬২ নাম্বারে রকেটে টাকা পাঠান।,[],0,0,0,0,0,0,0,0,0,0,0,0,০১৭২৯১৭৩৮৬২ নাম্বারে রকেটে টাকা পাঠান।,38,0,0,0,0,0,0,0,0,0,0,0,0,0,0,0,0,0,0,0,0,0,0,০১৭২৯১৭৩৮৬২ নাম্বারে রকেটে টাকা পাঠান।,০১৭২৯১৭৩৮৬২ নাম্বারে রকেটে টাকা পাঠান।,0,0,11,1,1,38,5,0,0,0,0,0,11,1,1,0,0,33,0,1.0,0.0,1,0
smish,"আপনার লোন অনুমোদিত হয়েছে! মাত্র ৫% সুদে ৫,০০,০০০ টাকা লোন পেতে এখনই এই লিঙ্কে ক্লিক করুন",Bengali,0,2,"আপনার লোন অনুমোদিত হয়েছে! মাত্র ৫% সুদে ৫,০০,০০০ টাকা লোন পেতে এখনই এই লিঙ্কে ক্লিক করুন","আপনার লোন অনুমোদিত হয়েছে! মাত্র ৫% সুদে ৫,০০,০০০ টাকা লোন পেতে এখনই এই লিঙ্কে ক্লিক করুন",[],0,0,0,0,0,0,0,0,0,0,0,0,"আপনার লোন অনুমোদিত হয়েছে! মাত্র ৫% সুদে ৫,০০,০০০ টাকা লোন পেতে এখনই এই লিঙ্কে ক্লিক করুন",89,0,0,0,0,0,0,0,0,0,0,0,0,0,0,0,0,0,0,0,0,0,0,"আপনার লোন অনুমোদিত হয়েছে! মাত্র ৫% সুদে ৫,০০,০০০ টাকা লোন পেতে এখনই এই লিঙ্কে ক্লিক করুন","আপনার লোন অনুমোদিত হয়েছে! মাত্র ৫% সুদে ৫,০০,০০০ টাকা লোন পেতে এখনই এই লিঙ্কে ক্লিক করুন",0,0,7,3,1,89,16,1,0,2,0,0,27,1,1,0,0,70,0,1.0,0.0,1,0
promo,GP STAR গ্রাহকরা এখন পাচ্ছেন ৫০০ টাকার শপিং ভাউচার সম্পূর্ণ ফ্রি! Daraz এ ব্যবহার করতে পারবেন। বিস্তারিত জানতে *121*888#।,Bengali,0,1,GP STAR গ্রাহকরা এখন পাচ্ছেন ৫০০ টাকার শপিং ভাউচার সম্পূর্ণ ফ্রি! Daraz এ ব্যবহার করতে পারবেন। বিস্তারিত জানতে *121*888#।,GP STAR গ্রাহকরা এখন পাচ্ছেন ৫০০ টাকার শপিং ভাউচার সম্পূর্ণ ফ্রি! Daraz এ ব্যবহার করতে পারবেন। বিস্তারিত জানতে *121*888#।,[],0,0,0,0,0,0,0,0,0,0,0,0,GP STAR গ্রাহকরা এখন পাচ্ছেন ৫০০ টাকার শপিং ভাউচার সম্পূর্ণ ফ্রি! Daraz এ ব্যবহার করতে পারবেন। বিস্তারিত জানতে *121*888#।,121,0,0,0,0,0,0,0,0,0,0,0,0,0,0,0,0,0,0,0,0,0,0,GP STAR গ্রাহকরা এখন পাচ্ছেন ৫০০ টাকার শপিং ভাউচার সম্পূর্ণ ফ্রি! Daraz এ ব্যবহার করতে পারবেন। বিস্তারিত জানতে *121*888#।,GP STAR গ্রাহকরা এখন পাচ্ছেন ৫০০ টাকার শপিং ভাউচার সম্পূর্ণ ফ্রি! Daraz এ ব্যবহার করতে পারবেন। বিস্তারিত জানতে *121*888#।,0,0,9,3,1,121,19,1,0,0,0,0,34,1,1,0,0,80,11,0.8791208791208791,0.12087912087912088,1,1
normal,আজ বেলায় আমি স্কুলে গিয়েছিলাম।,Bengali,0,0,আজ বেলায় আমি স্কুলে গিয়েছিলাম।,আজ বেলায় আমি স্কুলে গিয়েছিলাম।,[],0,0,0,0,0,0,0,0,0,0,0,0,আজ বেলায় আমি স্কুলে গিয়েছিলাম।,32,0,0,0,0,0,0,0,0,0,0,0,0,0,0,0,0,0,0,0,0,0,0,আজ বেলায় আমি স্কুলে গিয়েছিলাম।,আজ বেলায় আমি স্কুলে গিয়েছিলাম।,0,0,0,0,0,32,5,0,0,0,0,0,13,0,0,0,0,27,0,1.0,0.0,1,0
normal,০১৮২৭৩৮২৭৩৯ এই নাম্বারে দ্রুত টাকা পাঠাও।,Bengali,0,0,০১৮২৭৩৮২৭৩৯ এই নাম্বারে দ্রুত টাকা পাঠাও।,০১৮২৭৩৮২৭৩৯ এই নাম্বারে দ্রুত টাকা পাঠাও।,[],0,0,0,0,0,0,0,0,0,0,0,0,০১৮২৭৩৮২৭৩৯ এই নাম্বারে দ্রুত টাকা পাঠাও।,41,0,0,0,0,0,0,0,0,0,0,0,0,0,0,0,0,0,0,0,0,0,0,০১৮২৭৩৮২৭৩৯ এই নাম্বারে দ্রুত টাকা পাঠাও।,০১৮২৭৩৮২৭৩৯ এই নাম্বারে দ্রুত টাকা পাঠাও।,0,0,11,1,1,41,6,0,0,0,0,0,11,1,1,0,0,35,0,1.0,0.0,1,0
promo,"স্টেশনারিতে মেগা সেল! কলম, নোটবুক, ব্যাগে ৩৫% ছাড়।",Bengali,0,1,"স্টেশনারিতে মেগা সেল! কলম, নোটবুক, ব্যাগে ৩৫% ছাড়।","স্টেশনারিতে মেগা সেল! কলম, নোটবুক, ব্যাগে ৩৫% ছাড়।",[],0,0,0,0,0,0,0,0,0,0,0,0,"স্টেশনারিতে মেগা সেল! কলম, নোটবুক, ব্যাগে ৩৫% ছাড়।",51,0,0,0,0,0,0,0,0,0,0,0,0,0,0,0,0,0,0,0,0,0,0,"স্টেশনারিতে মেগা সেল! কলম, নোটবুক, ব্যাগে ৩৫% ছাড়।","স্টেশনারিতে মেগা সেল! কলম, নোটবুক, ব্যাগে ৩৫% ছাড়।",0,0,2,1,1,51,8,1,0,2,0,0,20,0,0,0,0,39,0,1.0,0.0,1,0
normal,আজকে অফিসে ভীষণ ব্যস্ত ছিলাম। দুপুরে ঠিকমতো খেতেও পারিনি। তুমি কেমন আছো?,Bengali,0,0,আজকে অফিসে ভীষণ ব্যস্ত ছিলাম। দুপুরে ঠিকমতো খেতেও পারিনি। তুমি কেমন আছো?,আজকে অফিসে ভীষণ ব্যস্ত ছিলাম। দুপুরে ঠিকমতো খেতেও পারিনি। তুমি কেমন আছো?,[],0,0,0,0,0,0,0,0,0,0,0,0,আজকে অফিসে ভীষণ ব্যস্ত ছিলাম। দুপুরে ঠিকমতো খেতেও পারিনি। তুমি কেমন আছো?,72,0,0,0,0,0,0,0,0,0,0,0,0,0,0,0,0,0,0,0,0,0,0,আজকে অফিসে ভীষণ ব্যস্ত ছিলাম। দুপুরে ঠিকমতো খেতেও পারিনি। তুমি কেমন আছো?,আজকে অফিসে ভীষণ ব্যস্ত ছিলাম। দুপুরে ঠিকমতো খেতেও পারিনি। তুমি কেমন আছো?,0,0,0,0,0,72,12,0,1,0,0,0,25,0,0,0,0,58,0,1.0,0.0,1,0
promo,"Grameenphone FlexiPlan ব্যবহারকারীদের জন্য সুপার অফার: আজ সব বান্ডেল প্যাকে ২৫% ছাড়। মিনিট, এসএমএস আর ডেটা নিজের মত তৈরি করুন। এখনই অ্যাপ চালু করুন।",Bengali,0,1,"Grameenphone FlexiPlan ব্যবহারকারীদের জন্য সুপার অফার: আজ সব বান্ডেল প্যাকে ২৫% ছাড়। মিনিট, এসএমএস আর ডেটা নিজের মত তৈরি করুন। এখনই অ্যাপ চালু করুন।","Grameenphone FlexiPlan ব্যবহারকারীদের জন্য সুপার অফার: আজ সব বান্ডেল প্যাকে ২৫% ছাড়। মিনিট, এসএমএস আর ডেটা নিজের মত তৈরি করুন। এখনই অ্যাপ চালু করুন।",[],0,0,0,0,0,0,0,0,0,0,0,0,"Grameenphone FlexiPlan ব্যবহারকারীদের জন্য সুপার অফার: আজ সব বান্ডেল প্যাকে ২৫% ছাড়। মিনিট, এসএমএস আর ডেটা নিজের মত তৈরি করুন। এখনই অ্যাপ চালু করুন।",149,0,0,0,0,0,0,0,0,0,0,0,0,0,0,0,0,0,0,0,0,0,0,"Grameenphone FlexiPlan ব্যবহারকারীদের জন্য সুপার অফার: আজ সব বান্ডেল প্যাকে ২৫% ছাড়। মিনিট, এসএমএস আর ডেটা নিজের মত তৈরি করুন। এখনই অ্যাপ চালু করুন।","Grameenphone FlexiPlan ব্যবহারকারীদের জন্য সুপার অফার: আজ সব বান্ডেল প্যাকে ২৫% ছাড়। মিনিট, এসএমএস আর ডেটা নিজের মত তৈরি করুন। এখনই অ্যাপ চালু করুন।",0,0,2,1,1,149,24,0,0,1,0,1,37,0,0,0,0,99,21,0.825,0.175,1,1
smish,"হ্যালো, ট্র্যাকিং কোড Dz-8342-FY344 সহ আপনার FEDEX প্যাকেজ আপনার ডেলিভারি পছন্দ সেট করার জন্য অপেক্ষা করছে: c4info/Gm0843vz1",Bengali,0,2,"হ্যালো, ট্র্যাকিং কোড Dz-8342-FY344 সহ আপনার FEDEX প্যাকেজ আপনার ডেলিভারি পছন্দ সেট করার জন্য অপেক্ষা করছে: c4info/Gm0843vz1","হ্যালো, ট্র্যাকিং কোড Dz-8342-FY344 সহ আপনার FEDEX প্যাকেজ আপনার ডেলিভারি পছন্দ সেট করার জন্য অপেক্ষা করছে: c4info/Gm0843vz1",[],0,0,0,0,0,0,0,0,0,0,0,0,"হ্যালো, ট্র্যাকিং কোড Dz-8342-FY344 সহ আপনার FEDEX প্যাকেজ আপনার ডেলিভারি পছন্দ সেট করার জন্য অপেক্ষা করছে: c4info/Gm0843vz1",124,0,0,0,0,0,0,0,0,0,0,0,0,0,0,0,0,0,0,0,0,0,0,"হ্যালো, ট্র্যাকিং কোড Dz-8342-FY344 সহ আপনার FEDEX প্যাকেজ আপনার ডেলিভারি পছন্দ সেট করার জন্য অপেক্ষা করছে: c4info/Gm0843vz1","হ্যালো, ট্র্যাকিং কোড Dz-8342-FY344 সহ আপনার FEDEX প্যাকেজ আপনার ডেলিভারি পছন্দ সেট করার জন্য অপেক্ষা করছে: c4info/Gm0843vz1",0,0,13,5,1,124,17,0,0,1,0,1,31,0,0,0,0,72,18,0.8,0.2,1,1
smish,"কাজ করতে চাইলে ইনবক্স
১০০ টাকা নিচে কোন প্রোডাক্ট সেল দিলে ২৫ টাকা কমিশন পাবেন ১০০ থেকে ১০০০ টাকার মধ্যে কোন প্রোডাক্ট সেল দিলে ৫০ টাকা আর ১০০০ টাকা  থেকে দুই হাজার টাকার মধ্যে দিল  ১০০ টাকা কমিশন পাবেন",Bengali,0,2,"কাজ করতে চাইলে ইনবক্স
১০০ টাকা নিচে কোন প্রোডাক্ট সেল দিলে ২৫ টাকা কমিশন পাবেন ১০০ থেকে ১০০০ টাকার মধ্যে কোন প্রোডাক্ট সেল দিলে ৫০ টাকা আর ১০০০ টাকা  থেকে দুই হাজার টাকার মধ্যে দিল  ১০০ টাকা কমিশন পাবেন",কাজ করতে চাইলে ইনবক্স ১০০ টাকা নিচে কোন প্রোডাক্ট সেল দিলে ২৫ টাকা কমিশন পাবেন ১০০ থেকে ১০০০ টাকার মধ্যে কোন প্রোডাক্ট সেল দিলে ৫০ টাকা আর ১০০০ টাকা থেকে দুই হাজার টাকার মধ্যে দিল ১০০ টাকা কমিশন পাবেন,[],0,0,0,0,0,0,0,0,0,0,0,0,কাজ করতে চাইলে ইনবক্স ১০০ টাকা নিচে কোন প্রোডাক্ট সেল দিলে ২৫ টাকা কমিশন পাবেন ১০০ থেকে ১০০০ টাকার মধ্যে কোন প্রোডাক্ট সেল দিলে ৫০ টাকা আর ১০০০ টাকা থেকে দুই হাজার টাকার মধ্যে দিল ১০০ টাকা কমিশন পাবেন,200,0,0,0,0,0,0,0,0,0,0,0,0,0,0,0,0,0,0,0,0,0,0,"কাজ করতে চাইলে ইনবক্স
১০০ টাকা নিচে কোন প্রোডাক্ট সেল দিলে ২৫ টাকা কমিশন পাবেন ১০০ থেকে ১০০০ টাকার মধ্যে কোন প্রোডাক্ট সেল দিলে ৫০ টাকা আর ১০০০ টাকা  থেকে দুই হাজার টাকার মধ্যে দিল  ১০০ টাকা কমিশন পাবেন",কাজ করতে চাইলে ইনবক্স ১০০ টাকা নিচে কোন প্রোডাক্ট সেল দিলে ২৫ টাকা কমিশন পাবেন ১০০ থেকে ১০০০ টাকার মধ্যে কোন প্রোডাক্ট সেল দিলে ৫০ টাকা আর ১০০০ টাকা থেকে দুই হাজার টাকার মধ্যে দিল ১০০ টাকা কমিশন পাবেন,0,0,21,7,1,200,39,0,0,0,0,0,55,7,1,0,0,162,0,1.0,0.0,1,0
smish,আপনার GP অ্যাকাউন্ট ২৪ ঘণ্টার মধ্যে ব্লক হবে যদি এখনই gp-safe24.org এ লগইন না করেন। নাম্বার ও OTP দিন।,Bengali,1,2,আপনার GP অ্যাকাউন্ট ২৪ ঘণ্টার মধ্যে ব্লক হবে যদি এখনই gp-safe24.org এ লগইন না করেন। নাম্বার ও OTP দিন।,আপনার GP অ্যাকাউন্ট ২৪ ঘণ্টার মধ্যে ব্লক হবে যদি এখনই gp-safe24.org এ লগইন না করেন। নাম্বার ও OTP দিন।,['gp-safe24.org'],1,1,13,13,2,1,1,0,0,0,0,0,আপনার GP অ্যাকাউন্ট ২৪ ঘণ্টার মধ্যে ব্লক হবে যদি এখনই  [URL]  এ লগইন না করেন। নাম্বার ও OTP দিন।,96,1,13,13,2,1,1,0,0,0,0,0,1,13,13,2,1,1,0,0,0,0,0,আপনার GP অ্যাকাউন্ট ২৪ ঘণ্টার মধ্যে ব্লক হবে যদি এখনই gp-safe24.org এ লগইন না করেন। নাম্বার ও OTP দিন।,আপনার GP অ্যাকাউন্ট ২৪ ঘণ্টার মধ্যে ব্লক হবে যদি এখনই gp-safe24.org এ লগইন না করেন। নাম্বার ও OTP দিন।,0,0,4,2,1,102,19,0,0,0,1,0,22,0,0,2,1,64,14,0.8205128205128205,0.1794871794871795,1,1
smish,আপনার পেমেন্টটি প্রক্রিয়া করতে আমাদের আপনার তথ্য প্রয়োজন। এখানে ক্লিক করুন: [paymentverify.com/VerifyBD],Bengali,1,2,আপনার পেমেন্টটি প্রক্রিয়া করতে আমাদের আপনার তথ্য প্রয়োজন। এখানে ক্লিক করুন: [paymentverify.com/VerifyBD],আপনার পেমেন্টটি প্রক্রিয়া করতে আমাদের আপনার তথ্য প্রয়োজন। এখানে ক্লিক করুন: [paymentverify.com/VerifyBD],['paymentverify.com/VerifyBD'],1,1,26,26,0,1,0,1,0,0,0,0,আপনার পেমেন্টটি প্রক্রিয়া করতে আমাদের আপনার তথ্য প্রয়োজন। এখানে ক্লিক করুন: [ [URL] ],87,1,26,26,0,1,0,1,0,0,0,0,1,26,26,0,1,0,1,0,0,0,0,আপনার পেমেন্টটি প্রক্রিয়া করতে আমাদের আপনার তথ্য প্রয়োজন। এখানে ক্লিক করুন: [paymentverify.com/VerifyBD],আপনার পেমেন্টটি প্রক্রিয়া করতে আমাদের আপনার তথ্য প্রয়োজন। এখানে ক্লিক করুন: [paymentverify.com/VerifyBD],0,0,0,0,0,106,12,0,0,0,1,1,29,0,0,1,1,65,24,0.7303370786516854,0.2696629213483146,1,1
normal,আজকে সিনেমা দেখবে?,Bengali,0,0,আজকে সিনেমা দেখবে?,আজকে সিনেমা দেখবে?,[],0,0,0,0,0,0,0,0,0,0,0,0,আজকে সিনেমা দেখবে?,18,0,0,0,0,0,0,0,0,0,0,0,0,0,0,0,0,0,0,0,0,0,0,আজকে সিনেমা দেখবে?,আজকে সিনেমা দেখবে?,0,0,0,0,0,18,3,0,1,0,0,0,7,0,0,0,0,15,0,1.0,0.0,1,0
normal,শুভ জন্মদিন!,Bengali,0,0,শুভ জন্মদিন!,শুভ জন্মদিন!,[],0,0,0,0,0,0,0,0,0,0,0,0,শুভ জন্মদিন!,12,0,0,0,0,0,0,0,0,0,0,0,0,0,0,0,0,0,0,0,0,0,0,শুভ জন্মদিন!,শুভ জন্মদিন!,0,0,0,0,0,12,2,1,0,0,0,0,4,0,0,0,0,10,0,1.0,0.0,1,0
promo,GP App দিয়ে প্রথমবার রিচার্জ করলে ২০ টাকা বোনাস।,Bengali,0,1,GP App দিয়ে প্রথমবার রিচার্জ করলে ২০ টাকা বোনাস।,GP App দিয়ে প্রথমবার রিচার্জ করলে ২০ টাকা বোনাস।,[],0,0,0,0,0,0,0,0,0,0,0,0,GP App দিয়ে প্রথমবার রিচার্জ করলে ২০ টাকা বোনাস।,49,0,0,0,0,0,0,0,0,0,0,0,0,0,0,0,0,0,0,0,0,0,0,GP App দিয়ে প্রথমবার রিচার্জ করলে ২০ টাকা বোনাস।,GP App দিয়ে প্রথমবার রিচার্জ করলে ২০ টাকা বোনাস।,0,0,2,1,1,49,9,0,0,0,0,0,14,1,1,0,0,35,5,0.875,0.125,1,1
smish,আপনার রবি ইন্টারনেট সংযোগ ব্লক করা হবে। জরুরি রিচার্জ করতে এই লিঙ্ক ব্যবহার করুন: robitopup-care.online এবং কার্ড নম্বর প্রবেশ করান।,Bengali,1,2,আপনার রবি ইন্টারনেট সংযোগ ব্লক করা হবে। জরুরি রিচার্জ করতে এই লিঙ্ক ব্যবহার করুন: robitopup-care.online এবং কার্ড নম্বর প্রবেশ করান।,আপনার রবি ইন্টারনেট সংযোগ ব্লক করা হবে। জরুরি রিচার্জ করতে এই লিঙ্ক ব্যবহার করুন: robitopup-care.online এবং কার্ড নম্বর প্রবেশ করান।,['robitopup-care.online'],1,1,21,21,0,1,1,0,0,0,0,0,আপনার রবি ইন্টারনেট সংযোগ ব্লক করা হবে। জরুরি রিচার্জ করতে এই লিঙ্ক ব্যবহার করুন:  [URL]  এবং কার্ড নম্বর প্রবেশ করান।,118,1,21,21,0,1,1,0,0,0,0,0,1,21,21,0,1,1,0,0,0,0,0,আপনার রবি ইন্টারনেট সংযোগ ব্লক করা হবে। জরুরি রিচার্জ করতে এই লিঙ্ক ব্যবহার করুন: robitopup-care.online এবং কার্ড নম্বর প্রবেশ করান।,আপনার রবি ইন্টারনেট সংযোগ ব্লক করা হবে। জরুরি রিচার্জ করতে এই লিঙ্ক ব্যবহার করুন: robitopup-care.online এবং কার্ড নম্বর প্রবেশ করান।,0,0,0,0,0,132,20,0,0,0,1,1,33,0,0,0,0,89,19,0.8240740740740741,0.17592592592592593,1,1
normal,আজ সন্ধ্যায় শাহবাগে দেখা করবো? অনেকদিন আড্ডা হয় না।,Bengali,0,0,আজ সন্ধ্যায় শাহবাগে দেখা করবো? অনেকদিন আড্ডা হয় না।,আজ সন্ধ্যায় শাহবাগে দেখা করবো? অনেকদিন আড্ডা হয় না।,[],0,0,0,0,0,0,0,0,0,0,0,0,আজ সন্ধ্যায় শাহবাগে দেখা করবো? অনেকদিন আড্ডা হয় না।,53,0,0,0,0,0,0,0,0,0,0,0,0,0,0,0,0,0,0,0,0,0,0,আজ সন্ধ্যায় শাহবাগে দেখা করবো? অনেকদিন আড্ডা হয় না।,আজ সন্ধ্যায় শাহবাগে দেখা করবো? অনেকদিন আড্ডা হয় না।,0,0,0,0,0,53,9,0,1,0,0,0,18,0,0,0,0,43,0,1.0,0.0,1,0
smish,"হ্যালো, আমার নাম আলিয়ে। আপনাকে বিরক্ত করার জন্য দুঃখিত। আমি Amazon.com এর মানব সম্পদ বিভাগ থেকে বলছি। আপনার কয়েক মিনিট সময় নিতে পারি কি?

২:৩০ অপরাহ্ন

আমাদের কোম্পানি আপনাকে একটি পার্ট-টাইম কাজ দিতে পেরে আনন্দিত, যা আপনি আপনার ফ্রি সময়ে করতে পারবেন, তাই আমাদের প্রচুর সংখ্যক সহযোগী কর্মী নিয়োগ করতে হবে (কোন ফি এবং কোন ইনভেস্টমেন্ট নেই)। এই কাজটি সহজ এবং নমনীয় এবং আপনার বর্তমান কাজের সাথে কোনভাবেই বাধা দেবে না। পরে আপনি প্রতিদিন মাত্র ৫-১০ মিনিটের মধ্যে সহজেই ৩০০-১২০০ টাকা উপার্জন করতে পারবেন। আপনি কি এই কাজটিতে আগ্রহী?",Bengali,1,2,"হ্যালো, আমার নাম আলিয়ে। আপনাকে বিরক্ত করার জন্য দুঃখিত। আমি Amazon.com এর মানব সম্পদ বিভাগ থেকে বলছি। আপনার কয়েক মিনিট সময় নিতে পারি কি?

২:৩০ অপরাহ্ন

আমাদের কোম্পানি আপনাকে একটি পার্ট-টাইম কাজ দিতে পেরে আনন্দিত, যা আপনি আপনার ফ্রি সময়ে করতে পারবেন, তাই আমাদের প্রচুর সংখ্যক সহযোগী কর্মী নিয়োগ করতে হবে (কোন ফি এবং কোন ইনভেস্টমেন্ট নেই)। এই কাজটি সহজ এবং নমনীয় এবং আপনার বর্তমান কাজের সাথে কোনভাবেই বাধা দেবে না। পরে আপনি প্রতিদিন মাত্র ৫-১০ মিনিটের মধ্যে সহজেই ৩০০-১২০০ টাকা উপার্জন করতে পারবেন। আপনি কি এই কাজটিতে আগ্রহী?","হ্যালো, আমার নাম আলিয়ে। আপনাকে বিরক্ত করার জন্য দুঃখিত। আমি Amazon.com এর মানব সম্পদ বিভাগ থেকে বলছি। আপনার কয়েক মিনিট সময় নিতে পারি কি? ২:৩০ অপরাহ্ন আমাদের কোম্পানি আপনাকে একটি পার্ট-টাইম কাজ দিতে পেরে আনন্দিত, যা আপনি আপনার ফ্রি সময়ে করতে পারবেন, তাই আমাদের প্রচুর সংখ্যক সহযোগী কর্মী নিয়োগ করতে হবে (কোন ফি এবং কোন ইনভেস্টমেন্ট নেই)। এই কাজটি সহজ এবং নমনীয় এবং আপনার বর্তমান কাজের সাথে কোনভাবেই বাধা দেবে না। পরে আপনি প্রতিদিন মাত্র ৫-১০ মিনিটের মধ্যে সহজেই ৩০০-১২০০ টাকা উপার্জন করতে পারবেন। আপনি কি এই কাজটিতে আগ্রহী?",['Amazon.com'],1,1,10,10,0,1,0,0,0,0,0,0,"হ্যালো, আমার নাম আলিয়ে। আপনাকে বিরক্ত করার জন্য দুঃখিত। আমি  [URL]  এর মানব সম্পদ বিভাগ থেকে বলছি। আপনার কয়েক মিনিট সময় নিতে পারি কি? ২:৩০ অপরাহ্ন আমাদের কোম্পানি আপনাকে একটি পার্ট-টাইম কাজ দিতে পেরে আনন্দিত, যা আপনি আপনার ফ্রি সময়ে করতে পারবেন, তাই আমাদের প্রচুর সংখ্যক সহযোগী কর্মী নিয়োগ করতে হবে (কোন ফি এবং কোন ইনভেস্টমেন্ট নেই)। এই কাজটি সহজ এবং নমনীয় এবং আপনার বর্তমান কাজের সাথে কোনভাবেই বাধা দেবে না। পরে আপনি প্রতিদিন মাত্র ৫-১০ মিনিটের মধ্যে সহজেই ৩০০-১২০০ টাকা উপার্জন করতে পারবেন। আপনি কি এই কাজটিতে আগ্রহী?",525,1,10,10,0,1,0,0,0,0,0,0,1,10,10,0,1,0,0,0,0,0,0,"হ্যালো, আমার নাম আলিয়ে। আপনাকে বিরক্ত করার জন্য দুঃখিত। আমি Amazon.com এর মানব সম্পদ বিভাগ থেকে বলছি। আপনার কয়েক মিনিট সময় নিতে পারি কি?

২:৩০ অপরাহ্ন

আমাদের কোম্পানি আপনাকে একটি পার্ট-টাইম কাজ দিতে পেরে আনন্দিত, যা আপনি আপনার ফ্রি সময়ে করতে পারবেন, তাই আমাদের প্রচুর সংখ্যক সহযোগী কর্মী নিয়োগ করতে হবে (কোন ফি এবং কোন ইনভেস্টমেন্ট নেই)। এই কাজটি সহজ এবং নমনীয় এবং আপনার বর্তমান কাজের সাথে কোনভাবেই বাধা দেবে না। পরে আপনি প্রতিদিন মাত্র ৫-১০ মিনিটের মধ্যে সহজেই ৩০০-১২০০ টাকা উপার্জন করতে পারবেন। আপনি কি এই কাজটিতে আগ্রহী?","হ্যালো, আমার নাম আলিয়ে। আপনাকে বিরক্ত করার জন্য দুঃখিত। আমি Amazon.com এর মানব সম্পদ বিভাগ থেকে বলছি। আপনার কয়েক মিনিট সময় নিতে পারি কি? ২:৩০ অপরাহ্ন আমাদের কোম্পানি আপনাকে একটি পার্ট-টাইম কাজ দিতে পেরে আনন্দিত, যা আপনি আপনার ফ্রি সময়ে করতে পারবেন, তাই আমাদের প্রচুর সংখ্যক সহযোগী কর্মী নিয়োগ করতে হবে (কোন ফি এবং কোন ইনভেস্টমেন্ট নেই)। এই কাজটি সহজ এবং নমনীয় এবং আপনার বর্তমান কাজের সাথে কোনভাবেই বাধা দেবে না। পরে আপনি প্রতিদিন মাত্র ৫-১০ মিনিটের মধ্যে সহজেই ৩০০-১২০০ টাকা উপার্জন করতে পারবেন। আপনি কি এই কাজটিতে আগ্রহী?",0,0,13,6,1,528,89,0,2,3,1,1,158,1,1,0,0,413,9,0.9786729857819905,0.02132701421800948,1,1
smish,"আপনার মৌলিক স্থায়ীত্বের মধ্যে ক্যামব্রিজ ইউনিভার্সিটি এপ্লিকেশন ফি মুক্ত! পড়ার স্বপ্ন পূরণ করতে আজই যোগাযোগ করুন - ০১৭৪৬৬৩৫৭২৫""",Bengali,0,2,"আপনার মৌলিক স্থায়ীত্বের মধ্যে ক্যামব্রিজ ইউনিভার্সিটি এপ্লিকেশন ফি মুক্ত! পড়ার স্বপ্ন পূরণ করতে আজই যোগাযোগ করুন - ০১৭৪৬৬৩৫৭২৫""","আপনার মৌলিক স্থায়ীত্বের মধ্যে ক্যামব্রিজ ইউনিভার্সিটি এপ্লিকেশন ফি মুক্ত! পড়ার স্বপ্ন পূরণ করতে আজই যোগাযোগ করুন - ০১৭৪৬৬৩৫৭২৫""",[],0,0,0,0,0,0,0,0,0,0,0,0,"আপনার মৌলিক স্থায়ীত্বের মধ্যে ক্যামব্রিজ ইউনিভার্সিটি এপ্লিকেশন ফি মুক্ত! পড়ার স্বপ্ন পূরণ করতে আজই যোগাযোগ করুন - ০১৭৪৬৬৩৫৭২৫""",129,0,0,0,0,0,0,0,0,0,0,0,0,0,0,0,0,0,0,0,0,0,0,"আপনার মৌলিক স্থায়ীত্বের মধ্যে ক্যামব্রিজ ইউনিভার্সিটি এপ্লিকেশন ফি মুক্ত! পড়ার স্বপ্ন পূরণ করতে আজই যোগাযোগ করুন - ০১৭৪৬৬৩৫৭২৫""","আপনার মৌলিক স্থায়ীত্বের মধ্যে ক্যামব্রিজ ইউনিভার্সিটি এপ্লিকেশন ফি মুক্ত! পড়ার স্বপ্ন পূরণ করতে আজই যোগাযোগ করুন - ০১৭৪৬৬৩৫৭২৫""",0,0,11,1,1,129,18,1,0,0,0,0,39,0,0,0,0,109,0,1.0,0.0,1,0
normal,"দিদি, তোমার এক্সাম কেমন গেলো? সব প্রশ্ন করতে পেরেছো?",Bengali,0,0,"দিদি, তোমার এক্সাম কেমন গেলো? সব প্রশ্ন করতে পেরেছো?","দিদি, তোমার এক্সাম কেমন গেলো? সব প্রশ্ন করতে পেরেছো?",[],0,0,0,0,0,0,0,0,0,0,0,0,"দিদি, তোমার এক্সাম কেমন গেলো? সব প্রশ্ন করতে পেরেছো?",52,0,0,0,0,0,0,0,0,0,0,0,0,0,0,0,0,0,0,0,0,0,0,"দিদি, তোমার এক্সাম কেমন গেলো? সব প্রশ্ন করতে পেরেছো?","দিদি, তোমার এক্সাম কেমন গেলো? সব প্রশ্ন করতে পেরেছো?",0,0,0,0,0,52,9,0,2,1,0,0,18,0,0,0,0,41,0,1.0,0.0,1,0
normal,"নানা, আপনার ঔষধের সময় হয়েছে। খেতে ভুলবেন না।",Bengali,0,0,"নানা, আপনার ঔষধের সময় হয়েছে। খেতে ভুলবেন না।","নানা, আপনার ঔষধের সময় হয়েছে। খেতে ভুলবেন না।",[],0,0,0,0,0,0,0,0,0,0,0,0,"নানা, আপনার ঔষধের সময় হয়েছে। খেতে ভুলবেন না।",46,0,0,0,0,0,0,0,0,0,0,0,0,0,0,0,0,0,0,0,0,0,0,"নানা, আপনার ঔষধের সময় হয়েছে। খেতে ভুলবেন না।","নানা, আপনার ঔষধের সময় হয়েছে। খেতে ভুলবেন না।",0,0,0,0,0,46,8,0,0,1,0,0,16,0,0,0,0,36,0,1.0,0.0,1,0
promo,"শেখ হাসিনা সরকারের সাফল্য: 
২০০৬ সালে সরকারি ওয়েবসাইট ছিল মাত্র ৯৮টি। ২০২৩ সালে তা বেড়ে দাঁড়িয়েছে ৫২ হাজার ২০০টি।",Bengali,0,1,"শেখ হাসিনা সরকারের সাফল্য: 
২০০৬ সালে সরকারি ওয়েবসাইট ছিল মাত্র ৯৮টি। ২০২৩ সালে তা বেড়ে দাঁড়িয়েছে ৫২ হাজার ২০০টি।",শেখ হাসিনা সরকারের সাফল্য: ২০০৬ সালে সরকারি ওয়েবসাইট ছিল মাত্র ৯৮টি। ২০২৩ সালে তা বেড়ে দাঁড়িয়েছে ৫২ হাজার ২০০টি।,[],0,0,0,0,0,0,0,0,0,0,0,0,শেখ হাসিনা সরকারের সাফল্য: ২০০৬ সালে সরকারি ওয়েবসাইট ছিল মাত্র ৯৮টি। ২০২৩ সালে তা বেড়ে দাঁড়িয়েছে ৫২ হাজার ২০০টি।,116,0,0,0,0,0,0,0,0,0,0,0,0,0,0,0,0,0,0,0,0,0,0,"শেখ হাসিনা সরকারের সাফল্য: 
২০০৬ সালে সরকারি ওয়েবসাইট ছিল মাত্র ৯৮টি। ২০২৩ সালে তা বেড়ে দাঁড়িয়েছে ৫২ হাজার ২০০টি।",শেখ হাসিনা সরকারের সাফল্য: ২০০৬ সালে সরকারি ওয়েবসাইট ছিল মাত্র ৯৮টি। ২০২৩ সালে তা বেড়ে দাঁড়িয়েছে ৫২ হাজার ২০০টি।,0,0,15,5,1,116,19,0,0,0,0,1,38,0,0,0,0,95,0,1.0,0.0,1,0
promo,"২০০মিনিট (৩০দিন) ১৭৪ টাকা, ডায়াল *১২১*৪৪১০# বা https://mygp.li/v1",Bengali,1,1,"২০০মিনিট (৩০দিন) ১৭৪ টাকা, ডায়াল *১২১*৪৪১০# বা https://mygp.li/v1","২০০মিনিট (৩০দিন) ১৭৪ টাকা, ডায়াল *১২১*৪৪১০# বা https://mygp.li/v1",['https://mygp.li/v1'],1,1,18,18,1,1,0,3,1,0,0,0,"২০০মিনিট (৩০দিন) ১৭৪ টাকা, ডায়াল *১২১*৪৪১০# বা  [URL] ",55,1,18,18,1,1,0,3,1,0,0,0,1,18,18,1,1,0,3,1,0,0,0,"২০০মিনিট (৩০দিন) ১৭৪ টাকা, ডায়াল *১২১*৪৪১০# বা https://mygp.li/v1","২০০মিনিট (৩০দিন) ১৭৪ টাকা, ডায়াল *১২১*৪৪১০# বা https://mygp.li/v1",0,0,16,6,1,66,8,0,0,1,1,1,20,1,1,0,0,35,12,0.7446808510638298,0.2553191489361702,1,1
promo,নতুন ফ্যাশন কালেকশন! শার্ট ও প্যান্টে কম্বো অফার ৪৯৯ টাকা।,Bengali,0,1,নতুন ফ্যাশন কালেকশন! শার্ট ও প্যান্টে কম্বো অফার ৪৯৯ টাকা।,নতুন ফ্যাশন কালেকশন! শার্ট ও প্যান্টে কম্বো অফার ৪৯৯ টাকা।,[],0,0,0,0,0,0,0,0,0,0,0,0,নতুন ফ্যাশন কালেকশন! শার্ট ও প্যান্টে কম্বো অফার ৪৯৯ টাকা।,58,0,0,0,0,0,0,0,0,0,0,0,0,0,0,0,0,0,0,0,0,0,0,নতুন ফ্যাশন কালেকশন! শার্ট ও প্যান্টে কম্বো অফার ৪৯৯ টাকা।,নতুন ফ্যাশন কালেকশন! শার্ট ও প্যান্টে কম্বো অফার ৪৯৯ টাকা।,0,0,3,1,1,58,10,1,0,0,0,0,18,1,1,0,0,47,0,1.0,0.0,1,0
promo,"Robi App দিয়ে বিল পরিশোধে ৫% ক্যাশব্যাক, সর্বোচ্চ ১০০ টাকা।",Bengali,0,1,"Robi App দিয়ে বিল পরিশোধে ৫% ক্যাশব্যাক, সর্বোচ্চ ১০০ টাকা।","Robi App দিয়ে বিল পরিশোধে ৫% ক্যাশব্যাক, সর্বোচ্চ ১০০ টাকা।",[],0,0,0,0,0,0,0,0,0,0,0,0,"Robi App দিয়ে বিল পরিশোধে ৫% ক্যাশব্যাক, সর্বোচ্চ ১০০ টাকা।",60,0,0,0,0,0,0,0,0,0,0,0,0,0,0,0,0,0,0,0,0,0,0,"Robi App দিয়ে বিল পরিশোধে ৫% ক্যাশব্যাক, সর্বোচ্চ ১০০ টাকা।","Robi App দিয়ে বিল পরিশোধে ৫% ক্যাশব্যাক, সর্বোচ্চ ১০০ টাকা।",0,0,4,2,1,60,10,0,0,1,0,0,19,1,1,0,0,41,7,0.8541666666666666,0.14583333333333334,1,1
promo,দারাজ ১১.১১ সেল! সব ক্যাটাগরিতে মেগা ডিসকাউন্ট। ফ্ল্যাশ সেল শুরু!,Bengali,0,1,দারাজ ১১.১১ সেল! সব ক্যাটাগরিতে মেগা ডিসকাউন্ট। ফ্ল্যাশ সেল শুরু!,দারাজ ১১.১১ সেল! সব ক্যাটাগরিতে মেগা ডিসকাউন্ট। ফ্ল্যাশ সেল শুরু!,[],0,0,0,0,0,0,0,0,0,0,0,0,দারাজ ১১.১১ সেল! সব ক্যাটাগরিতে মেগা ডিসকাউন্ট। ফ্ল্যাশ সেল শুরু!,65,0,0,0,0,0,0,0,0,0,0,0,0,0,0,0,0,0,0,0,0,0,0,দারাজ ১১.১১ সেল! সব ক্যাটাগরিতে মেগা ডিসকাউন্ট। ফ্ল্যাশ সেল শুরু!,দারাজ ১১.১১ সেল! সব ক্যাটাগরিতে মেগা ডিসকাউন্ট। ফ্ল্যাশ সেল শুরু!,0,0,4,1,1,65,10,2,0,0,1,0,23,0,0,0,0,52,0,1.0,0.0,1,0
promo,"আজকের বিশেষ অফার! গ্রামীণফোনে ১ জিবি মাত্র ১৯ টাকা, বৈধতা ২৪ ঘন্টা। কিনতে ডায়াল করুন *121*1#।",Bengali,0,1,"আজকের বিশেষ অফার! গ্রামীণফোনে ১ জিবি মাত্র ১৯ টাকা, বৈধতা ২৪ ঘন্টা। কিনতে ডায়াল করুন *121*1#।","আজকের বিশেষ অফার! গ্রামীণফোনে ১ জিবি মাত্র ১৯ টাকা, বৈধতা ২৪ ঘন্টা। কিনতে ডায়াল করুন *121*1#।",[],0,0,0,0,0,0,0,0,0,0,0,0,"আজকের বিশেষ অফার! গ্রামীণফোনে ১ জিবি মাত্র ১৯ টাকা, বৈধতা ২৪ ঘন্টা। কিনতে ডায়াল করুন *121*1#।",94,0,0,0,0,0,0,0,0,0,0,0,0,0,0,0,0,0,0,0,0,0,0,"আজকের বিশেষ অফার! গ্রামীণফোনে ১ জিবি মাত্র ১৯ টাকা, বৈধতা ২৪ ঘন্টা। কিনতে ডায়াল করুন *121*1#।","আজকের বিশেষ অফার! গ্রামীণফোনে ১ জিবি মাত্র ১৯ টাকা, বৈধতা ২৪ ঘন্টা। কিনতে ডায়াল করুন *121*1#।",0,0,9,5,1,94,16,1,0,1,0,0,32,1,1,0,0,68,0,1.0,0.0,1,0
smish,অভিনন্দন! আপনি ডাচ বাংলা ব্যাংক উপবৃত্তির জন্য নির্বাচিত হয়েছেন। সঠিকভাবে নিশ্চায়ন এবং টাকাও উত্তোলনের নিয়ম জানতে নিচের লিংকে ক্লিক করুন।,Bengali,0,2,অভিনন্দন! আপনি ডাচ বাংলা ব্যাংক উপবৃত্তির জন্য নির্বাচিত হয়েছেন। সঠিকভাবে নিশ্চায়ন এবং টাকাও উত্তোলনের নিয়ম জানতে নিচের লিংকে ক্লিক করুন।,অভিনন্দন! আপনি ডাচ বাংলা ব্যাংক উপবৃত্তির জন্য নির্বাচিত হয়েছেন। সঠিকভাবে নিশ্চায়ন এবং টাকাও উত্তোলনের নিয়ম জানতে নিচের লিংকে ক্লিক করুন।,[],0,0,0,0,0,0,0,0,0,0,0,0,অভিনন্দন! আপনি ডাচ বাংলা ব্যাংক উপবৃত্তির জন্য নির্বাচিত হয়েছেন। সঠিকভাবে নিশ্চায়ন এবং টাকাও উত্তোলনের নিয়ম জানতে নিচের লিংকে ক্লিক করুন।,140,0,0,0,0,0,0,0,0,0,0,0,0,0,0,0,0,0,0,0,0,0,0,অভিনন্দন! আপনি ডাচ বাংলা ব্যাংক উপবৃত্তির জন্য নির্বাচিত হয়েছেন। সঠিকভাবে নিশ্চায়ন এবং টাকাও উত্তোলনের নিয়ম জানতে নিচের লিংকে ক্লিক করুন।,অভিনন্দন! আপনি ডাচ বাংলা ব্যাংক উপবৃত্তির জন্য নির্বাচিত হয়েছেন। সঠিকভাবে নিশ্চায়ন এবং টাকাও উত্তোলনের নিয়ম জানতে নিচের লিংকে ক্লিক করুন।,0,0,0,0,0,140,20,1,0,0,0,0,49,1,1,0,0,118,0,1.0,0.0,1,0
smish,Robi অ্যাকাউন্টে অস্বাভাবিক কার্যক্রম শনাক্ত হয়েছে। পুনরায় চালু করতে robicare-safebd.org এ লগইন করুন এবং নাম্বার ও OTP যাচাই করুন। ২৪ ঘণ্টার মধ্যে ব্যবস্থা নিন।,Bengali,1,2,Robi অ্যাকাউন্টে অস্বাভাবিক কার্যক্রম শনাক্ত হয়েছে। পুনরায় চালু করতে robicare-safebd.org এ লগইন করুন এবং নাম্বার ও OTP যাচাই করুন। ২৪ ঘণ্টার মধ্যে ব্যবস্থা নিন।,Robi অ্যাকাউন্টে অস্বাভাবিক কার্যক্রম শনাক্ত হয়েছে। পুনরায় চালু করতে robicare-safebd.org এ লগইন করুন এবং নাম্বার ও OTP যাচাই করুন। ২৪ ঘণ্টার মধ্যে ব্যবস্থা নিন।,['robicare-safebd.org'],1,1,19,19,0,1,1,0,0,0,0,0,Robi অ্যাকাউন্টে অস্বাভাবিক কার্যক্রম শনাক্ত হয়েছে। পুনরায় চালু করতে  [URL]  এ লগইন করুন এবং নাম্বার ও OTP যাচাই করুন। ২৪ ঘণ্টার মধ্যে ব্যবস্থা নিন।,150,1,19,19,0,1,1,0,0,0,0,0,1,19,19,0,1,1,0,0,0,0,0,Robi অ্যাকাউন্টে অস্বাভাবিক কার্যক্রম শনাক্ত হয়েছে। পুনরায় চালু করতে robicare-safebd.org এ লগইন করুন এবং নাম্বার ও OTP যাচাই করুন। ২৪ ঘণ্টার মধ্যে ব্যবস্থা নিন।,Robi অ্যাকাউন্টে অস্বাভাবিক কার্যক্রম শনাক্ত হয়েছে। পুনরায় চালু করতে robicare-safebd.org এ লগইন করুন এবং নাম্বার ও OTP যাচাই করুন। ২৪ ঘণ্টার মধ্যে ব্যবস্থা নিন।,0,0,2,1,1,162,24,0,0,0,1,0,44,0,0,3,1,110,24,0.8208955223880597,0.1791044776119403,1,1
promo,"হেলথ সাপ্লিমেন্টে ছাড়! ভিটামিন, প্রোটিনে ৩৫% কমতি।",Bengali,0,1,"হেলথ সাপ্লিমেন্টে ছাড়! ভিটামিন, প্রোটিনে ৩৫% কমতি।","হেলথ সাপ্লিমেন্টে ছাড়! ভিটামিন, প্রোটিনে ৩৫% কমতি।",[],0,0,0,0,0,0,0,0,0,0,0,0,"হেলথ সাপ্লিমেন্টে ছাড়! ভিটামিন, প্রোটিনে ৩৫% কমতি।",51,0,0,0,0,0,0,0,0,0,0,0,0,0,0,0,0,0,0,0,0,0,0,"হেলথ সাপ্লিমেন্টে ছাড়! ভিটামিন, প্রোটিনে ৩৫% কমতি।","হেলথ সাপ্লিমেন্টে ছাড়! ভিটামিন, প্রোটিনে ৩৫% কমতি।",0,0,2,1,1,51,7,1,0,1,0,0,21,0,0,0,0,41,0,1.0,0.0,1,0
normal,আমি একটি নতুন কাজ শুরু করতে চাই।,Bengali,0,0,আমি একটি নতুন কাজ শুরু করতে চাই।,আমি একটি নতুন কাজ শুরু করতে চাই।,[],0,0,0,0,0,0,0,0,0,0,0,0,আমি একটি নতুন কাজ শুরু করতে চাই।,32,0,0,0,0,0,0,0,0,0,0,0,0,0,0,0,0,0,0,0,0,0,0,আমি একটি নতুন কাজ শুরু করতে চাই।,আমি একটি নতুন কাজ শুরু করতে চাই।,0,0,0,0,0,32,7,0,0,0,0,0,9,0,0,0,0,25,0,1.0,0.0,1,0
normal,আমার প্রিয় মানুষ যারা জীবন নিয়ে আমার পরিবারে সমস্যা আছে সেগুলোকে আমি সমাধান করতে চাই।,Bengali,0,0,আমার প্রিয় মানুষ যারা জীবন নিয়ে আমার পরিবারে সমস্যা আছে সেগুলোকে আমি সমাধান করতে চাই।,আমার প্রিয় মানুষ যারা জীবন নিয়ে আমার পরিবারে সমস্যা আছে সেগুলোকে আমি সমাধান করতে চাই।,[],0,0,0,0,0,0,0,0,0,0,0,0,আমার প্রিয় মানুষ যারা জীবন নিয়ে আমার পরিবারে সমস্যা আছে সেগুলোকে আমি সমাধান করতে চাই।,87,0,0,0,0,0,0,0,0,0,0,0,0,0,0,0,0,0,0,0,0,0,0,আমার প্রিয় মানুষ যারা জীবন নিয়ে আমার পরিবারে সমস্যা আছে সেগুলোকে আমি সমাধান করতে চাই।,আমার প্রিয় মানুষ যারা জীবন নিয়ে আমার পরিবারে সমস্যা আছে সেগুলোকে আমি সমাধান করতে চাই।,0,0,0,0,0,87,15,0,0,0,0,0,29,0,0,0,0,72,0,1.0,0.0,1,0
smish,আপনার GP FlexiPlan অফার বাতিল করা হয়েছে। পুনরায় সক্রিয় করতে এখনই gp-bonus24.com ভিজিট করুন এবং কার্ড তথ্য প্রদান করুন।,Bengali,1,2,আপনার GP FlexiPlan অফার বাতিল করা হয়েছে। পুনরায় সক্রিয় করতে এখনই gp-bonus24.com ভিজিট করুন এবং কার্ড তথ্য প্রদান করুন।,আপনার GP FlexiPlan অফার বাতিল করা হয়েছে। পুনরায় সক্রিয় করতে এখনই gp-bonus24.com ভিজিট করুন এবং কার্ড তথ্য প্রদান করুন।,['gp-bonus24.com'],1,1,14,14,2,1,1,0,0,0,0,0,আপনার GP FlexiPlan অফার বাতিল করা হয়েছে। পুনরায় সক্রিয় করতে এখনই  [URL]  ভিজিট করুন এবং কার্ড তথ্য প্রদান করুন।,114,1,14,14,2,1,1,0,0,0,0,0,1,14,14,2,1,1,0,0,0,0,0,আপনার GP FlexiPlan অফার বাতিল করা হয়েছে। পুনরায় সক্রিয় করতে এখনই gp-bonus24.com ভিজিট করুন এবং কার্ড তথ্য প্রদান করুন।,আপনার GP FlexiPlan অফার বাতিল করা হয়েছে। পুনরায় সক্রিয় করতে এখনই gp-bonus24.com ভিজিট করুন এবং কার্ড তথ্য প্রদান করুন।,0,0,2,1,1,121,19,0,0,0,1,0,29,0,0,0,0,76,21,0.7835051546391752,0.21649484536082475,1,1
promo,<#> আপনার মাইজিপি পিন (code) হচ্ছে: 7433. ভেরিফাই করতে এই পিনটি ব্যবহার করুন. অপব্যবহার ঠেকাতে এই পিনটি ফরওয়ার্ড অথবা কারো সাথে শেয়ার করবেন না FyXTPoy9ZDa,Bengali,0,1,<#> আপনার মাইজিপি পিন (code) হচ্ছে: 7433. ভেরিফাই করতে এই পিনটি ব্যবহার করুন. অপব্যবহার ঠেকাতে এই পিনটি ফরওয়ার্ড অথবা কারো সাথে শেয়ার করবেন না FyXTPoy9ZDa,<#> আপনার মাইজিপি পিন (code) হচ্ছে: 7433. ভেরিফাই করতে এই পিনটি ব্যবহার করুন. অপব্যবহার ঠেকাতে এই পিনটি ফরওয়ার্ড অথবা কারো সাথে শেয়ার করবেন না FyXTPoy9ZDa,[],0,0,0,0,0,0,0,0,0,0,0,0,<#> আপনার মাইজিপি পিন (code) হচ্ছে: 7433. ভেরিফাই করতে এই পিনটি ব্যবহার করুন. অপব্যবহার ঠেকাতে এই পিনটি ফরওয়ার্ড অথবা কারো সাথে শেয়ার করবেন না FyXTPoy9ZDa,156,0,0,0,0,0,0,0,0,0,0,0,0,0,0,0,0,0,0,0,0,0,0,<#> আপনার মাইজিপি পিন (code) হচ্ছে: 7433. ভেরিফাই করতে এই পিনটি ব্যবহার করুন. অপব্যবহার ঠেকাতে এই পিনটি ফরওয়ার্ড অথবা কারো সাথে শেয়ার করবেন না FyXTPoy9ZDa,<#> আপনার মাইজিপি পিন (code) হচ্ছে: 7433. ভেরিফাই করতে এই পিনটি ব্যবহার করুন. অপব্যবহার ঠেকাতে এই পিনটি ফরওয়ার্ড অথবা কারো সাথে শেয়ার করবেন না FyXTPoy9ZDa,0,0,5,2,1,156,25,0,0,0,2,1,44,0,0,2,1,105,14,0.8823529411764706,0.11764705882352941,1,1
smish,"গভঃ রেজিঃ  - ১৮০৭২৭/২০২২ National agancy company পার্ট-টাইম চাকরি
পড়াশোনার পাশাপাশি অনলাইন প্লাটফর্মে বিজ্ঞাপন প্রচার করার জন্য ছেলে মেয়ে কর্মী নিয়োগ চলছে।
পদের_নামঃ কল সেন্টার
মাসিক বেতনঃ 10/12 হাজার 
দৈনিক কাজের সময়ঃ ৪/৫ঘন্টা
আগ্রহী আপুরা ও ভাইয়েরা সরাসরি ইনবক্স_এ যোগাযোগ করুন।বা ফোন . 01984766558",Bengali,0,2,"গভঃ রেজিঃ  - ১৮০৭২৭/২০২২ National agancy company পার্ট-টাইম চাকরি
পড়াশোনার পাশাপাশি অনলাইন প্লাটফর্মে বিজ্ঞাপন প্রচার করার জন্য ছেলে মেয়ে কর্মী নিয়োগ চলছে।
পদের_নামঃ কল সেন্টার
মাসিক বেতনঃ 10/12 হাজার 
দৈনিক কাজের সময়ঃ ৪/৫ঘন্টা
আগ্রহী আপুরা ও ভাইয়েরা সরাসরি ইনবক্স_এ যোগাযোগ করুন।বা ফোন . 01984766558",গভঃ রেজিঃ - ১৮০৭২৭/২০২২ National agancy company পার্ট-টাইম চাকরি পড়াশোনার পাশাপাশি অনলাইন প্লাটফর্মে বিজ্ঞাপন প্রচার করার জন্য ছেলে মেয়ে কর্মী নিয়োগ চলছে। পদের_নামঃ কল সেন্টার মাসিক বেতনঃ 10/12 হাজার দৈনিক কাজের সময়ঃ ৪/৫ঘন্টা আগ্রহী আপুরা ও ভাইয়েরা সরাসরি ইনবক্স_এ যোগাযোগ করুন।বা ফোন . 01984766558,[],0,0,0,0,0,0,0,0,0,0,0,0,গভঃ রেজিঃ - ১৮০৭২৭/২০২২ National agancy company পার্ট-টাইম চাকরি পড়াশোনার পাশাপাশি অনলাইন প্লাটফর্মে বিজ্ঞাপন প্রচার করার জন্য ছেলে মেয়ে কর্মী নিয়োগ চলছে। পদের_নামঃ কল সেন্টার মাসিক বেতনঃ 10/12 হাজার দৈনিক কাজের সময়ঃ ৪/৫ঘন্টা আগ্রহী আপুরা ও ভাইয়েরা সরাসরি ইনবক্স_এ যোগাযোগ করুন।বা ফোন . 01984766558,303,0,0,0,0,0,0,0,0,0,0,0,0,0,0,0,0,0,0,0,0,0,0,"গভঃ রেজিঃ  - ১৮০৭২৭/২০২২ National agancy company পার্ট-টাইম চাকরি
পড়াশোনার পাশাপাশি অনলাইন প্লাটফর্মে বিজ্ঞাপন প্রচার করার জন্য ছেলে মেয়ে কর্মী নিয়োগ চলছে।
পদের_নামঃ কল সেন্টার
মাসিক বেতনঃ 10/12 হাজার 
দৈনিক কাজের সময়ঃ ৪/৫ঘন্টা
আগ্রহী আপুরা ও ভাইয়েরা সরাসরি ইনবক্স_এ যোগাযোগ করুন।বা ফোন . 01984766558",গভঃ রেজিঃ - ১৮০৭২৭/২০২২ National agancy company পার্ট-টাইম চাকরি পড়াশোনার পাশাপাশি অনলাইন প্লাটফর্মে বিজ্ঞাপন প্রচার করার জন্য ছেলে মেয়ে কর্মী নিয়োগ চলছে। পদের_নামঃ কল সেন্টার মাসিক বেতনঃ 10/12 হাজার দৈনিক কাজের সময়ঃ ৪/৫ঘন্টা আগ্রহী আপুরা ও ভাইয়েরা সরাসরি ইনবক্স_এ যোগাযোগ করুন।বা ফোন . 01984766558,1,1,27,7,1,303,44,0,0,0,1,0,85,0,0,0,0,214,21,0.9106382978723404,0.08936170212765958,1,1
normal,"তুমি পারবে, শুধু লেগে থাকো।",Bengali,0,0,"তুমি পারবে, শুধু লেগে থাকো।","তুমি পারবে, শুধু লেগে থাকো।",[],0,0,0,0,0,0,0,0,0,0,0,0,"তুমি পারবে, শুধু লেগে থাকো।",27,0,0,0,0,0,0,0,0,0,0,0,0,0,0,0,0,0,0,0,0,0,0,"তুমি পারবে, শুধু লেগে থাকো।","তুমি পারবে, শুধু লেগে থাকো।",0,0,0,0,0,27,5,0,0,1,0,0,12,0,0,0,0,21,0,1.0,0.0,1,0
promo,"৳৩৯৯ তে ৳৪৯৯ এর অফার! নাও ৩১জিবি+৪৫০মি.,৩০দিন: cutt.ly/2wQlYv6U",Bengali,1,1,"৳৩৯৯ তে ৳৪৯৯ এর অফার! নাও ৩১জিবি+৪৫০মি.,৩০দিন: cutt.ly/2wQlYv6U","৳৩৯৯ তে ৳৪৯৯ এর অফার! নাও ৩১জিবি+৪৫০মি.,৩০দিন: cutt.ly/2wQlYv6U",['cutt.ly/2wQlYv6U'],1,1,16,16,2,1,0,1,0,0,0,1,"৳৩৯৯ তে ৳৪৯৯ এর অফার! নাও ৩১জিবি+৪৫০মি.,৩০দিন:  [URL] ",54,1,16,16,2,1,0,1,0,0,0,1,1,16,16,2,1,0,1,0,0,0,1,"৳৩৯৯ তে ৳৪৯৯ এর অফার! নাও ৩১জিবি+৪৫০মি.,৩০দিন: cutt.ly/2wQlYv6U","৳৩৯৯ তে ৳৪৯৯ এর অফার! নাও ৩১জিবি+৪৫০মি.,৩০দিন: cutt.ly/2wQlYv6U",0,0,15,7,1,63,8,1,0,1,2,1,16,2,1,0,0,35,12,0.7446808510638298,0.2553191489361702,1,1
normal,আমি আমার বাড়িতে একটি বিশেষ স্থান রেখে আসতে পারি তা হল বোতামের জন্য।,Bengali,0,0,আমি আমার বাড়িতে একটি বিশেষ স্থান রেখে আসতে পারি তা হল বোতামের জন্য।,আমি আমার বাড়িতে একটি বিশেষ স্থান রেখে আসতে পারি তা হল বোতামের জন্য।,[],0,0,0,0,0,0,0,0,0,0,0,0,আমি আমার বাড়িতে একটি বিশেষ স্থান রেখে আসতে পারি তা হল বোতামের জন্য।,68,0,0,0,0,0,0,0,0,0,0,0,0,0,0,0,0,0,0,0,0,0,0,আমি আমার বাড়িতে একটি বিশেষ স্থান রেখে আসতে পারি তা হল বোতামের জন্য।,আমি আমার বাড়িতে একটি বিশেষ স্থান রেখে আসতে পারি তা হল বোতামের জন্য।,0,0,0,0,0,68,13,0,0,0,0,0,22,0,0,0,0,55,0,1.0,0.0,1,0
smish,আপনার মোবাইল নম্বর লটারিতে জিতেছে! ৮ লক্ষ টাকা নিতে কল: 01999888777,Bengali,0,2,আপনার মোবাইল নম্বর লটারিতে জিতেছে! ৮ লক্ষ টাকা নিতে কল: 01999888777,আপনার মোবাইল নম্বর লটারিতে জিতেছে! ৮ লক্ষ টাকা নিতে কল: 01999888777,[],0,0,0,0,0,0,0,0,0,0,0,0,আপনার মোবাইল নম্বর লটারিতে জিতেছে! ৮ লক্ষ টাকা নিতে কল: 01999888777,67,0,0,0,0,0,0,0,0,0,0,0,0,0,0,0,0,0,0,0,0,0,0,আপনার মোবাইল নম্বর লটারিতে জিতেছে! ৮ লক্ষ টাকা নিতে কল: 01999888777,আপনার মোবাইল নম্বর লটারিতে জিতেছে! ৮ লক্ষ টাকা নিতে কল: 01999888777,1,1,12,2,1,67,11,1,0,0,0,1,17,1,1,0,0,44,0,1.0,0.0,1,0
smish,"১,০০,০০০ টাকা বিনিয়োগে ২,০০,০০০ টাকা পান! কল করুন: +8801919899901",Bengali,0,2,"১,০০,০০০ টাকা বিনিয়োগে ২,০০,০০০ টাকা পান! কল করুন: +8801919899901","১,০০,০০০ টাকা বিনিয়োগে ২,০০,০০০ টাকা পান! কল করুন: +8801919899901",[],0,0,0,0,0,0,0,0,0,0,0,0,"১,০০,০০০ টাকা বিনিয়োগে ২,০০,০০০ টাকা পান! কল করুন: +8801919899901",66,0,0,0,0,0,0,0,0,0,0,0,0,0,0,0,0,0,0,0,0,0,0,"১,০০,০০০ টাকা বিনিয়োগে ২,০০,০০০ টাকা পান! কল করুন: +8801919899901","১,০০,০০০ টাকা বিনিয়োগে ২,০০,০০০ টাকা পান! কল করুন: +8801919899901",1,1,25,5,1,66,9,1,0,4,0,1,18,2,1,0,0,38,0,1.0,0.0,1,0
smish,"২০০ টাকা বিনামূল্যে বোনাস!
৫০০০টাকা জেতার সুযোগ।
https://cutt.ly/JiliG",Bengali,1,2,"২০০ টাকা বিনামূল্যে বোনাস!
৫০০০টাকা জেতার সুযোগ।
https://cutt.ly/JiliG",২০০ টাকা বিনামূল্যে বোনাস! ৫০০০টাকা জেতার সুযোগ। https://cutt.ly/JiliG,['https://cutt.ly/JiliG'],1,1,21,21,0,1,0,3,1,0,0,1,২০০ টাকা বিনামূল্যে বোনাস! ৫০০০টাকা জেতার সুযোগ।  [URL] ,56,1,21,21,0,1,0,3,1,0,0,1,1,21,21,0,1,0,3,1,0,0,1,"২০০ টাকা বিনামূল্যে বোনাস!
৫০০০টাকা জেতার সুযোগ।
https://cutt.ly/JiliG",২০০ টাকা বিনামূল্যে বোনাস! ৫০০০টাকা জেতার সুযোগ। https://cutt.ly/JiliG,0,0,7,2,1,70,8,1,0,0,1,1,22,2,1,0,0,40,16,0.7142857142857143,0.2857142857142857,1,1
promo,Robi গ্রাহকরা ২০০ টাকা রিচার্জ করলে ২ জিবি ফ্রি পাবেন। সীমিত সময়ের জন্য।,Bengali,0,1,Robi গ্রাহকরা ২০০ টাকা রিচার্জ করলে ২ জিবি ফ্রি পাবেন। সীমিত সময়ের জন্য।,Robi গ্রাহকরা ২০০ টাকা রিচার্জ করলে ২ জিবি ফ্রি পাবেন। সীমিত সময়ের জন্য।,[],0,0,0,0,0,0,0,0,0,0,0,0,Robi গ্রাহকরা ২০০ টাকা রিচার্জ করলে ২ জিবি ফ্রি পাবেন। সীমিত সময়ের জন্য।,73,0,0,0,0,0,0,0,0,0,0,0,0,0,0,0,0,0,0,0,0,0,0,Robi গ্রাহকরা ২০০ টাকা রিচার্জ করলে ২ জিবি ফ্রি পাবেন। সীমিত সময়ের জন্য।,Robi গ্রাহকরা ২০০ টাকা রিচার্জ করলে ২ জিবি ফ্রি পাবেন। সীমিত সময়ের জন্য।,0,0,4,2,1,73,13,0,0,0,0,0,22,1,1,0,0,55,4,0.9322033898305084,0.06779661016949153,1,1
normal,এই সময়টাও কেটে যাবে।,Bengali,0,0,এই সময়টাও কেটে যাবে।,এই সময়টাও কেটে যাবে।,[],0,0,0,0,0,0,0,0,0,0,0,0,এই সময়টাও কেটে যাবে।,21,0,0,0,0,0,0,0,0,0,0,0,0,0,0,0,0,0,0,0,0,0,0,এই সময়টাও কেটে যাবে।,এই সময়টাও কেটে যাবে।,0,0,0,0,0,21,4,0,0,0,0,0,7,0,0,0,0,17,0,1.0,0.0,1,0
promo,Banglalink Game Portal-এ সাবস্ক্রিপশন এখন মাত্র ১২ টাকা প্রতিদিন। খেলা হোক আরও মজার। সক্রিয় করতে *5000# ডায়াল করুন।,Bengali,0,1,Banglalink Game Portal-এ সাবস্ক্রিপশন এখন মাত্র ১২ টাকা প্রতিদিন। খেলা হোক আরও মজার। সক্রিয় করতে *5000# ডায়াল করুন।,Banglalink Game Portal-এ সাবস্ক্রিপশন এখন মাত্র ১২ টাকা প্রতিদিন। খেলা হোক আরও মজার। সক্রিয় করতে *5000# ডায়াল করুন।,[],0,0,0,0,0,0,0,0,0,0,0,0,Banglalink Game Portal-এ সাবস্ক্রিপশন এখন মাত্র ১২ টাকা প্রতিদিন। খেলা হোক আরও মজার। সক্রিয় করতে *5000# ডায়াল করুন।,117,0,0,0,0,0,0,0,0,0,0,0,0,0,0,0,0,0,0,0,0,0,0,Banglalink Game Portal-এ সাবস্ক্রিপশন এখন মাত্র ১২ টাকা প্রতিদিন। খেলা হোক আরও মজার। সক্রিয় করতে *5000# ডায়াল করুন।,Banglalink Game Portal-এ সাবস্ক্রিপশন এখন মাত্র ১২ টাকা প্রতিদিন। খেলা হোক আরও মজার। সক্রিয় করতে *5000# ডায়াল করুন।,0,0,6,2,1,117,18,0,0,0,0,0,29,1,1,0,0,70,20,0.7777777777777778,0.2222222222222222,1,1
normal,"ধৈর্য ধরো, ভালো সময় আসবে।",Bengali,0,0,"ধৈর্য ধরো, ভালো সময় আসবে।","ধৈর্য ধরো, ভালো সময় আসবে।",[],0,0,0,0,0,0,0,0,0,0,0,0,"ধৈর্য ধরো, ভালো সময় আসবে।",26,0,0,0,0,0,0,0,0,0,0,0,0,0,0,0,0,0,0,0,0,0,0,"ধৈর্য ধরো, ভালো সময় আসবে।","ধৈর্য ধরো, ভালো সময় আসবে।",0,0,0,0,0,26,5,0,0,1,0,0,9,0,0,0,0,20,0,1.0,0.0,1,0
smish,আপনার ব্যাংক অ্যাকাউন্টে ২ কোটি টাকা জমা হয়েছে! নিশ্চিত করতে কল করুন: +8801917677789,Bengali,0,2,আপনার ব্যাংক অ্যাকাউন্টে ২ কোটি টাকা জমা হয়েছে! নিশ্চিত করতে কল করুন: +8801917677789,আপনার ব্যাংক অ্যাকাউন্টে ২ কোটি টাকা জমা হয়েছে! নিশ্চিত করতে কল করুন: +8801917677789,[],0,0,0,0,0,0,0,0,0,0,0,0,আপনার ব্যাংক অ্যাকাউন্টে ২ কোটি টাকা জমা হয়েছে! নিশ্চিত করতে কল করুন: +8801917677789,85,0,0,0,0,0,0,0,0,0,0,0,0,0,0,0,0,0,0,0,0,0,0,আপনার ব্যাংক অ্যাকাউন্টে ২ কোটি টাকা জমা হয়েছে! নিশ্চিত করতে কল করুন: +8801917677789,আপনার ব্যাংক অ্যাকাউন্টে ২ কোটি টাকা জমা হয়েছে! নিশ্চিত করতে কল করুন: +8801917677789,1,1,14,2,1,85,13,1,0,0,0,1,25,1,1,1,1,57,0,1.0,0.0,1,0
smish,আপনার ব্যাংক একাউন্ট ভেরিফাই করতে কল করুন +8801812233445,Bengali,0,2,আপনার ব্যাংক একাউন্ট ভেরিফাই করতে কল করুন +8801812233445,আপনার ব্যাংক একাউন্ট ভেরিফাই করতে কল করুন +8801812233445,[],0,0,0,0,0,0,0,0,0,0,0,0,আপনার ব্যাংক একাউন্ট ভেরিফাই করতে কল করুন +8801812233445,56,0,0,0,0,0,0,0,0,0,0,0,0,0,0,0,0,0,0,0,0,0,0,আপনার ব্যাংক একাউন্ট ভেরিফাই করতে কল করুন +8801812233445,আপনার ব্যাংক একাউন্ট ভেরিফাই করতে কল করুন +8801812233445,1,1,13,1,1,56,8,0,0,0,0,0,12,0,0,1,1,35,0,1.0,0.0,1,0
smish,"স্মার্টফোন জেতার দুর্দান্ত অফার! সহজ কিছু প্রশ্নের উত্তর দিয়ে জিতে নিন ১৪,৯৯৯ টাকার আকর্ষণীয় স্মার্টফোন Oppo A17 মাত্র ৳২.৭৮/দিন, ডায়াল *213*664#",Bengali,0,2,"স্মার্টফোন জেতার দুর্দান্ত অফার! সহজ কিছু প্রশ্নের উত্তর দিয়ে জিতে নিন ১৪,৯৯৯ টাকার আকর্ষণীয় স্মার্টফোন Oppo A17 মাত্র ৳২.৭৮/দিন, ডায়াল *213*664#","স্মার্টফোন জেতার দুর্দান্ত অফার! সহজ কিছু প্রশ্নের উত্তর দিয়ে জিতে নিন ১৪,৯৯৯ টাকার আকর্ষণীয় স্মার্টফোন Oppo A17 মাত্র ৳২.৭৮/দিন, ডায়াল *213*664#",[],0,0,0,0,0,0,0,0,0,0,0,0,"স্মার্টফোন জেতার দুর্দান্ত অফার! সহজ কিছু প্রশ্নের উত্তর দিয়ে জিতে নিন ১৪,৯৯৯ টাকার আকর্ষণীয় স্মার্টফোন Oppo A17 মাত্র ৳২.৭৮/দিন, ডায়াল *213*664#",148,0,0,0,0,0,0,0,0,0,0,0,0,0,0,0,0,0,0,0,0,0,0,"স্মার্টফোন জেতার দুর্দান্ত অফার! সহজ কিছু প্রশ্নের উত্তর দিয়ে জিতে নিন ১৪,৯৯৯ টাকার আকর্ষণীয় স্মার্টফোন Oppo A17 মাত্র ৳২.৭৮/দিন, ডায়াল *213*664#","স্মার্টফোন জেতার দুর্দান্ত অফার! সহজ কিছু প্রশ্নের উত্তর দিয়ে জিতে নিন ১৪,৯৯৯ টাকার আকর্ষণীয় স্মার্টফোন Oppo A17 মাত্র ৳২.৭৮/দিন, ডায়াল *213*664#",0,0,16,5,1,148,21,1,0,2,1,0,47,2,1,0,0,107,5,0.9553571428571429,0.044642857142857144,1,1
smish,মাশরাফির সাথে ফ্রি হোটেল বুকিং জিততে বিপিএলে বাজি ধরুন। এখনই যোগ দিন: promusic.co/components/interbank.com/,Bengali,1,2,মাশরাফির সাথে ফ্রি হোটেল বুকিং জিততে বিপিএলে বাজি ধরুন। এখনই যোগ দিন: promusic.co/components/interbank.com/,মাশরাফির সাথে ফ্রি হোটেল বুকিং জিততে বিপিএলে বাজি ধরুন। এখনই যোগ দিন: promusic.co/components/interbank.com/,['promusic.co/components/interbank.com/'],1,1,37,37,0,2,0,3,0,0,0,0,মাশরাফির সাথে ফ্রি হোটেল বুকিং জিততে বিপিএলে বাজি ধরুন। এখনই যোগ দিন:  [URL] ,77,1,37,37,0,2,0,3,0,0,0,0,1,37,37,0,2,0,3,0,0,0,0,মাশরাফির সাথে ফ্রি হোটেল বুকিং জিততে বিপিএলে বাজি ধরুন। এখনই যোগ দিন: promusic.co/components/interbank.com/,মাশরাফির সাথে ফ্রি হোটেল বুকিং জিততে বিপিএলে বাজি ধরুন। এখনই যোগ দিন: promusic.co/components/interbank.com/,0,0,0,0,0,107,13,0,0,0,2,1,29,0,0,0,0,56,32,0.6363636363636364,0.36363636363636365,1,1
normal,আপনি কি করছেন?,Bengali,0,0,আপনি কি করছেন?,আপনি কি করছেন?,[],0,0,0,0,0,0,0,0,0,0,0,0,আপনি কি করছেন?,14,0,0,0,0,0,0,0,0,0,0,0,0,0,0,0,0,0,0,0,0,0,0,আপনি কি করছেন?,আপনি কি করছেন?,0,0,0,0,0,14,3,0,1,0,0,0,4,0,0,0,0,11,0,1.0,0.0,1,0
smish,গুরুত্বপূর্ণ: আপনার জন্মনিবন্ধন সার্টিফিকেট আপডেট। এখনই: update-birth-cert.cf,Bengali,1,2,গুরুত্বপূর্ণ: আপনার জন্মনিবন্ধন সার্টিফিকেট আপডেট। এখনই: update-birth-cert.cf,গুরুত্বপূর্ণ: আপনার জন্মনিবন্ধন সার্টিফিকেট আপডেট। এখনই: update-birth-cert.cf,['update-birth-cert.cf'],1,1,20,20,0,1,2,0,0,0,0,0,গুরুত্বপূর্ণ: আপনার জন্মনিবন্ধন সার্টিফিকেট আপডেট। এখনই:  [URL] ,64,1,20,20,0,1,2,0,0,0,0,0,1,20,20,0,1,2,0,0,0,0,0,গুরুত্বপূর্ণ: আপনার জন্মনিবন্ধন সার্টিফিকেট আপডেট। এখনই: update-birth-cert.cf,গুরুত্বপূর্ণ: আপনার জন্মনিবন্ধন সার্টিফিকেট আপডেট। এখনই: update-birth-cert.cf,0,0,0,0,0,77,7,0,0,0,1,2,21,0,0,0,0,48,17,0.7384615384615385,0.26153846153846155,1,1
promo,"২০০৳ ক্যাশব্যাকে সেরা অফার ৬১জিবি+১০০০মি@৳৬৯৯, ৩০দিন: cutt.ly/FwQhpKHc",Bengali,1,1,"২০০৳ ক্যাশব্যাকে সেরা অফার ৬১জিবি+১০০০মি@৳৬৯৯, ৩০দিন: cutt.ly/FwQhpKHc","২০০৳ ক্যাশব্যাকে সেরা অফার ৬১জিবি+১০০০মি@৳৬৯৯, ৩০দিন: cutt.ly/FwQhpKHc",['cutt.ly/FwQhpKHc'],1,1,16,16,0,1,0,1,0,0,0,1,"২০০৳ ক্যাশব্যাকে সেরা অফার ৬১জিবি+১০০০মি@৳৬৯৯, ৩০দিন:  [URL] ",61,1,16,16,0,1,0,1,0,0,0,1,1,16,16,0,1,0,1,0,0,0,1,"২০০৳ ক্যাশব্যাকে সেরা অফার ৬১জিবি+১০০০মি@৳৬৯৯, ৩০দিন: cutt.ly/FwQhpKHc","২০০৳ ক্যাশব্যাকে সেরা অফার ৬১জিবি+১০০০মি@৳৬৯৯, ৩০দিন: cutt.ly/FwQhpKHc",0,0,14,5,1,70,7,0,0,1,1,1,20,2,1,0,0,44,14,0.7586206896551724,0.2413793103448276,1,1
normal,"হাই, আমি এখানে।",Bengali,0,0,"হাই, আমি এখানে।","হাই, আমি এখানে।",[],0,0,0,0,0,0,0,0,0,0,0,0,"হাই, আমি এখানে।",15,0,0,0,0,0,0,0,0,0,0,0,0,0,0,0,0,0,0,0,0,0,0,"হাই, আমি এখানে।","হাই, আমি এখানে।",0,0,0,0,0,15,3,0,0,1,0,0,6,0,0,0,0,11,0,1.0,0.0,1,0
smish,আপনার টেলিফোন বিল ৩ মাস বকেয়া। লাইন কাটা হবে: pay-phone.cf,Bengali,1,2,আপনার টেলিফোন বিল ৩ মাস বকেয়া। লাইন কাটা হবে: pay-phone.cf,আপনার টেলিফোন বিল ৩ মাস বকেয়া। লাইন কাটা হবে: pay-phone.cf,['pay-phone.cf'],1,1,12,12,0,1,1,0,0,0,0,0,আপনার টেলিফোন বিল ৩ মাস বকেয়া। লাইন কাটা হবে:  [URL] ,54,1,12,12,0,1,1,0,0,0,0,0,1,12,12,0,1,1,0,0,0,0,0,আপনার টেলিফোন বিল ৩ মাস বকেয়া। লাইন কাটা হবে: pay-phone.cf,আপনার টেলিফোন বিল ৩ মাস বকেয়া। লাইন কাটা হবে: pay-phone.cf,0,0,1,1,1,59,10,0,0,0,1,1,17,0,0,0,0,36,10,0.782608695652174,0.21739130434782608,1,1
smish,স্থিতিশীল কাজ। বেতন 1500 BDT/দিন। ঘরে বসে কাজ: cutt.ly/U6zMFGQ,Bengali,1,2,স্থিতিশীল কাজ। বেতন 1500 BDT/দিন। ঘরে বসে কাজ: cutt.ly/U6zMFGQ,স্থিতিশীল কাজ। বেতন 1500 BDT/দিন। ঘরে বসে কাজ: cutt.ly/U6zMFGQ,['cutt.ly/U6zMFGQ'],1,1,15,15,1,1,0,1,0,0,0,1,স্থিতিশীল কাজ। বেতন 1500 BDT/দিন। ঘরে বসে কাজ:  [URL] ,54,1,15,15,1,1,0,1,0,0,0,1,1,15,15,1,1,0,1,0,0,0,1,স্থিতিশীল কাজ। বেতন 1500 BDT/দিন। ঘরে বসে কাজ: cutt.ly/U6zMFGQ,স্থিতিশীল কাজ। বেতন 1500 BDT/দিন। ঘরে বসে কাজ: cutt.ly/U6zMFGQ,0,0,5,2,1,62,9,0,0,0,1,1,16,1,1,0,0,28,15,0.6511627906976745,0.3488372093023256,1,1
smish,জরুরী ! আমাদের অ্যাপল অ্যাকাউন্টধারীর সাথে যোগাযোগ করতে হবে। আপনি যদি এই অ্যাকাউন্টটি পরিচালনা করেন তবে বার্তাটি পেতে আপনার পরিচয় যাচাই করুন৷,Bengali,0,2,জরুরী ! আমাদের অ্যাপল অ্যাকাউন্টধারীর সাথে যোগাযোগ করতে হবে। আপনি যদি এই অ্যাকাউন্টটি পরিচালনা করেন তবে বার্তাটি পেতে আপনার পরিচয় যাচাই করুন৷,জরুরী ! আমাদের অ্যাপল অ্যাকাউন্টধারীর সাথে যোগাযোগ করতে হবে। আপনি যদি এই অ্যাকাউন্টটি পরিচালনা করেন তবে বার্তাটি পেতে আপনার পরিচয় যাচাই করুন।,[],0,0,0,0,0,0,0,0,0,0,0,0,জরুরী ! আমাদের অ্যাপল অ্যাকাউন্টধারীর সাথে যোগাযোগ করতে হবে। আপনি যদি এই অ্যাকাউন্টটি পরিচালনা করেন তবে বার্তাটি পেতে আপনার পরিচয় যাচাই করুন।,142,0,0,0,0,0,0,0,0,0,0,0,0,0,0,0,0,0,0,0,0,0,0,জরুরী ! আমাদের অ্যাপল অ্যাকাউন্টধারীর সাথে যোগাযোগ করতে হবে। আপনি যদি এই অ্যাকাউন্টটি পরিচালনা করেন তবে বার্তাটি পেতে আপনার পরিচয় যাচাই করুন৷,জরুরী ! আমাদের অ্যাপল অ্যাকাউন্টধারীর সাথে যোগাযোগ করতে হবে। আপনি যদি এই অ্যাকাউন্টটি পরিচালনা করেন তবে বার্তাটি পেতে আপনার পরিচয় যাচাই করুন৷,0,0,0,0,0,142,22,1,0,0,0,0,45,0,0,2,1,119,0,1.0,0.0,1,0
smish,"আপনার রবি সিম থেকে অজানা নাম্বারে ২,৫০০ টাকা পাঠানো হয়েছে। বাতিল করতে robirefund24.me এ ক্লিক করে OTP দিন।",Bengali,1,2,"আপনার রবি সিম থেকে অজানা নাম্বারে ২,৫০০ টাকা পাঠানো হয়েছে। বাতিল করতে robirefund24.me এ ক্লিক করে OTP দিন।","আপনার রবি সিম থেকে অজানা নাম্বারে ২,৫০০ টাকা পাঠানো হয়েছে। বাতিল করতে robirefund24.me এ ক্লিক করে OTP দিন।",['robirefund24.me'],1,1,15,15,2,1,0,0,0,0,0,0,"আপনার রবি সিম থেকে অজানা নাম্বারে ২,৫০০ টাকা পাঠানো হয়েছে। বাতিল করতে  [URL]  এ ক্লিক করে OTP দিন।",99,1,15,15,2,1,0,0,0,0,0,0,1,15,15,2,1,0,0,0,0,0,0,"আপনার রবি সিম থেকে অজানা নাম্বারে ২,৫০০ টাকা পাঠানো হয়েছে। বাতিল করতে robirefund24.me এ ক্লিক করে OTP দিন।","আপনার রবি সিম থেকে অজানা নাম্বারে ২,৫০০ টাকা পাঠানো হয়েছে। বাতিল করতে robirefund24.me এ ক্লিক করে OTP দিন।",0,0,6,2,1,107,18,0,0,1,1,0,30,1,1,1,1,69,15,0.8214285714285714,0.17857142857142858,1,1
promo,“০৫ মে আন্তর্জাতিক মিডওয়াইফ দিবস। এবারের প্রতিপাদ্য-তথ্য থেকে বাস্তবেঃ সকল মিডওয়াইফ এক সাথে।”,Bengali,0,1,“০৫ মে আন্তর্জাতিক মিডওয়াইফ দিবস। এবারের প্রতিপাদ্য-তথ্য থেকে বাস্তবেঃ সকল মিডওয়াইফ এক সাথে।”,"""০৫ মে আন্তর্জাতিক মিডওয়াইফ দিবস। এবারের প্রতিপাদ্য-তথ্য থেকে বাস্তবেঃ সকল মিডওয়াইফ এক সাথে।""",[],0,0,0,0,0,0,0,0,0,0,0,0,"""০৫ মে আন্তর্জাতিক মিডওয়াইফ দিবস। এবারের প্রতিপাদ্য-তথ্য থেকে বাস্তবেঃ সকল মিডওয়াইফ এক সাথে।""",95,0,0,0,0,0,0,0,0,0,0,0,0,0,0,0,0,0,0,0,0,0,0,“০৫ মে আন্তর্জাতিক মিডওয়াইফ দিবস। এবারের প্রতিপাদ্য-তথ্য থেকে বাস্তবেঃ সকল মিডওয়াইফ এক সাথে।”,“০৫ মে আন্তর্জাতিক মিডওয়াইফ দিবস। এবারের প্রতিপাদ্য-তথ্য থেকে বাস্তবেঃ সকল মিডওয়াইফ এক সাথে।”,0,0,2,1,1,95,13,0,0,0,0,0,32,0,0,0,0,78,0,1.0,0.0,1,0
promo,GP STAR গ্রাহকরা আজ পাচ্ছেন ৫০০ টাকার শপিং ভাউচার। Daraz-এ ব্যবহার করুন।,Bengali,0,1,GP STAR গ্রাহকরা আজ পাচ্ছেন ৫০০ টাকার শপিং ভাউচার। Daraz-এ ব্যবহার করুন।,GP STAR গ্রাহকরা আজ পাচ্ছেন ৫০০ টাকার শপিং ভাউচার। Daraz-এ ব্যবহার করুন।,[],0,0,0,0,0,0,0,0,0,0,0,0,GP STAR গ্রাহকরা আজ পাচ্ছেন ৫০০ টাকার শপিং ভাউচার। Daraz-এ ব্যবহার করুন।,72,0,0,0,0,0,0,0,0,0,0,0,0,0,0,0,0,0,0,0,0,0,0,GP STAR গ্রাহকরা আজ পাচ্ছেন ৫০০ টাকার শপিং ভাউচার। Daraz-এ ব্যবহার করুন।,GP STAR গ্রাহকরা আজ পাচ্ছেন ৫০০ টাকার শপিং ভাউচার। Daraz-এ ব্যবহার করুন।,0,0,3,1,1,72,12,0,0,0,0,0,18,1,1,0,0,47,11,0.8103448275862069,0.1896551724137931,1,1
smish,শুধু মোবাইল থাকলে আপনিও পারবেন মাসে কমপক্ষে ১৫০০০-২০০০০ টাকা আয় করতে। বিস্তারিত জানতে ০১৭৮৩৬২৭২৮৪,Bengali,0,2,শুধু মোবাইল থাকলে আপনিও পারবেন মাসে কমপক্ষে ১৫০০০-২০০০০ টাকা আয় করতে। বিস্তারিত জানতে ০১৭৮৩৬২৭২৮৪,শুধু মোবাইল থাকলে আপনিও পারবেন মাসে কমপক্ষে ১৫০০০-২০০০০ টাকা আয় করতে। বিস্তারিত জানতে ০১৭৮৩৬২৭২৮৪,[],0,0,0,0,0,0,0,0,0,0,0,0,শুধু মোবাইল থাকলে আপনিও পারবেন মাসে কমপক্ষে ১৫০০০-২০০০০ টাকা আয় করতে। বিস্তারিত জানতে ০১৭৮৩৬২৭২৮৪,98,0,0,0,0,0,0,0,0,0,0,0,0,0,0,0,0,0,0,0,0,0,0,শুধু মোবাইল থাকলে আপনিও পারবেন মাসে কমপক্ষে ১৫০০০-২০০০০ টাকা আয় করতে। বিস্তারিত জানতে ০১৭৮৩৬২৭২৮৪,শুধু মোবাইল থাকলে আপনিও পারবেন মাসে কমপক্ষে ১৫০০০-২০০০০ টাকা আয় করতে। বিস্তারিত জানতে ০১৭৮৩৬২৭২৮৪,0,0,21,3,1,98,14,0,0,0,0,0,25,1,1,0,0,83,0,1.0,0.0,1,0
promo,"জানুয়ারী-২৪
রিচার্জ:0৳
খরচ:
ডেটা:0৳
ভয়েস:23৳
অন্যান্য:1৳",Bengali,0,1,"জানুয়ারী-২৪
রিচার্জ:0৳
খরচ:
ডেটা:0৳
ভয়েস:23৳
অন্যান্য:1৳",জানুয়ারী-২৪ রিচার্জ:0৳ খরচ: ডেটা:0৳ ভয়েস:23৳ অন্যান্য:1৳,[],0,0,0,0,0,0,0,0,0,0,0,0,জানুয়ারী-২৪ রিচার্জ:0৳ খরচ: ডেটা:0৳ ভয়েস:23৳ অন্যান্য:1৳,58,0,0,0,0,0,0,0,0,0,0,0,0,0,0,0,0,0,0,0,0,0,0,"জানুয়ারী-২৪
রিচার্জ:0৳
খরচ:
ডেটা:0৳
ভয়েস:23৳
অন্যান্য:1৳",জানুয়ারী-২৪ রিচার্জ:0৳ খরচ: ডেটা:0৳ ভয়েস:23৳ অন্যান্য:1৳,0,0,7,5,1,58,6,0,0,0,0,5,25,4,1,0,0,42,0,1.0,0.0,1,0
normal,"০১৯২৭২৮৩৭৬৫ এই নাম্বারে বিকাশ করুন, দ্রুত।",Bengali,0,0,"০১৯২৭২৮৩৭৬৫ এই নাম্বারে বিকাশ করুন, দ্রুত।","০১৯২৭২৮৩৭৬৫ এই নাম্বারে বিকাশ করুন, দ্রুত।",[],0,0,0,0,0,0,0,0,0,0,0,0,"০১৯২৭২৮৩৭৬৫ এই নাম্বারে বিকাশ করুন, দ্রুত।",42,0,0,0,0,0,0,0,0,0,0,0,0,0,0,0,0,0,0,0,0,0,0,"০১৯২৭২৮৩৭৬৫ এই নাম্বারে বিকাশ করুন, দ্রুত।","০১৯২৭২৮৩৭৬৫ এই নাম্বারে বিকাশ করুন, দ্রুত।",0,0,11,1,1,42,6,0,0,1,0,0,11,0,0,0,0,35,0,1.0,0.0,1,0
normal,আজ দুপুরে অফিসে প্রচুর চাপ ছিল। বস আবার নতুন প্রজেক্ট নিয়ে মিটিং ডাকলো।,Bengali,0,0,আজ দুপুরে অফিসে প্রচুর চাপ ছিল। বস আবার নতুন প্রজেক্ট নিয়ে মিটিং ডাকলো।,আজ দুপুরে অফিসে প্রচুর চাপ ছিল। বস আবার নতুন প্রজেক্ট নিয়ে মিটিং ডাকলো।,[],0,0,0,0,0,0,0,0,0,0,0,0,আজ দুপুরে অফিসে প্রচুর চাপ ছিল। বস আবার নতুন প্রজেক্ট নিয়ে মিটিং ডাকলো।,72,0,0,0,0,0,0,0,0,0,0,0,0,0,0,0,0,0,0,0,0,0,0,আজ দুপুরে অফিসে প্রচুর চাপ ছিল। বস আবার নতুন প্রজেক্ট নিয়ে মিটিং ডাকলো।,আজ দুপুরে অফিসে প্রচুর চাপ ছিল। বস আবার নতুন প্রজেক্ট নিয়ে মিটিং ডাকলো।,0,0,0,0,0,72,13,0,0,0,0,0,24,0,0,0,0,58,0,1.0,0.0,1,0
smish,Alert! আপনার জব বেনিফিট একাউন্ট সাসপেন্ড। রিঅ্যাক্টিভেট: reactivate-account.cf,Bengali,1,2,Alert! আপনার জব বেনিফিট একাউন্ট সাসপেন্ড। রিঅ্যাক্টিভেট: reactivate-account.cf,Alert! আপনার জব বেনিফিট একাউন্ট সাসপেন্ড। রিঅ্যাক্টিভেট: reactivate-account.cf,['reactivate-account.cf'],1,1,21,21,0,1,1,0,0,0,0,0,Alert! আপনার জব বেনিফিট একাউন্ট সাসপেন্ড। রিঅ্যাক্টিভেট:  [URL] ,64,1,21,21,0,1,1,0,0,0,0,0,1,21,21,0,1,1,0,0,0,0,0,Alert! আপনার জব বেনিফিট একাউন্ট সাসপেন্ড। রিঅ্যাক্টিভেট: reactivate-account.cf,Alert! আপনার জব বেনিফিট একাউন্ট সাসপেন্ড। রিঅ্যাক্টিভেট: reactivate-account.cf,0,0,0,0,0,78,8,1,0,0,1,1,20,0,0,1,1,42,24,0.6363636363636364,0.36363636363636365,1,1
smish,1 মিনিটে 1 লাখ টাকা পুরস্কার. ঘরে বসে অনলাইনে কুইজ খেলে 1 লাখ টাকা পুরস্কার জিতুন. শুধু মাত্র 3 টি প্রশ্নের সঠিক উত্তর দিয়ে জিতে নিন 1 লাখ টাকা পুরস্কার. প্রশ্ন এমন বদলে দেবে জীবন. শুধু দেখলে হবে না খেলতে হবে. কুইজ না খেললে পুরস্কার জিতবে কীভাবে ? visit: https://lnkd.in/gmvCtjH7,Bengali,1,2,1 মিনিটে 1 লাখ টাকা পুরস্কার. ঘরে বসে অনলাইনে কুইজ খেলে 1 লাখ টাকা পুরস্কার জিতুন. শুধু মাত্র 3 টি প্রশ্নের সঠিক উত্তর দিয়ে জিতে নিন 1 লাখ টাকা পুরস্কার. প্রশ্ন এমন বদলে দেবে জীবন. শুধু দেখলে হবে না খেলতে হবে. কুইজ না খেললে পুরস্কার জিতবে কীভাবে ? visit: https://lnkd.in/gmvCtjH7,1 মিনিটে 1 লাখ টাকা পুরস্কার. ঘরে বসে অনলাইনে কুইজ খেলে 1 লাখ টাকা পুরস্কার জিতুন. শুধু মাত্র 3 টি প্রশ্নের সঠিক উত্তর দিয়ে জিতে নিন 1 লাখ টাকা পুরস্কার. প্রশ্ন এমন বদলে দেবে জীবন. শুধু দেখলে হবে না খেলতে হবে. কুইজ না খেললে পুরস্কার জিতবে কীভাবে ? visit: https://lnkd.in/gmvCtjH7,['https://lnkd.in/gmvCtjH7'],1,1,24,24,1,1,0,3,1,0,0,0,1 মিনিটে 1 লাখ টাকা পুরস্কার. ঘরে বসে অনলাইনে কুইজ খেলে 1 লাখ টাকা পুরস্কার জিতুন. শুধু মাত্র 3 টি প্রশ্নের সঠিক উত্তর দিয়ে জিতে নিন 1 লাখ টাকা পুরস্কার. প্রশ্ন এমন বদলে দেবে জীবন. শুধু দেখলে হবে না খেলতে হবে. কুইজ না খেললে পুরস্কার জিতবে কীভাবে ? visit:  [URL] ,263,1,24,24,1,1,0,3,1,0,0,0,1,24,24,1,1,0,3,1,0,0,0,1 মিনিটে 1 লাখ টাকা পুরস্কার. ঘরে বসে অনলাইনে কুইজ খেলে 1 লাখ টাকা পুরস্কার জিতুন. শুধু মাত্র 3 টি প্রশ্নের সঠিক উত্তর দিয়ে জিতে নিন 1 লাখ টাকা পুরস্কার. প্রশ্ন এমন বদলে দেবে জীবন. শুধু দেখলে হবে না খেলতে হবে. কুইজ না খেললে পুরস্কার জিতবে কীভাবে ? visit: https://lnkd.in/gmvCtjH7,1 মিনিটে 1 লাখ টাকা পুরস্কার. ঘরে বসে অনলাইনে কুইজ খেলে 1 লাখ টাকা পুরস্কার জিতুন. শুধু মাত্র 3 টি প্রশ্নের সঠিক উত্তর দিয়ে জিতে নিন 1 লাখ টাকা পুরস্কার. প্রশ্ন এমন বদলে দেবে জীবন. শুধু দেখলে হবে না খেলতে হবে. কুইজ না খেললে পুরস্কার জিতবে কীভাবে ? visit: https://lnkd.in/gmvCtjH7,0,0,6,6,1,280,50,0,1,0,6,2,85,3,1,0,0,190,23,0.892018779342723,0.107981220657277,1,1
promo,নতুন গ্রাহকদের জন্য বিশেষ! ইন্টারনেট কানেকশনে ৩ মাস ফ্রি।,Bengali,0,1,নতুন গ্রাহকদের জন্য বিশেষ! ইন্টারনেট কানেকশনে ৩ মাস ফ্রি।,নতুন গ্রাহকদের জন্য বিশেষ! ইন্টারনেট কানেকশনে ৩ মাস ফ্রি।,[],0,0,0,0,0,0,0,0,0,0,0,0,নতুন গ্রাহকদের জন্য বিশেষ! ইন্টারনেট কানেকশনে ৩ মাস ফ্রি।,57,0,0,0,0,0,0,0,0,0,0,0,0,0,0,0,0,0,0,0,0,0,0,নতুন গ্রাহকদের জন্য বিশেষ! ইন্টারনেট কানেকশনে ৩ মাস ফ্রি।,নতুন গ্রাহকদের জন্য বিশেষ! ইন্টারনেট কানেকশনে ৩ মাস ফ্রি।,0,0,1,1,1,57,9,1,0,0,0,0,18,0,0,0,0,47,0,1.0,0.0,1,0
smish,আপনার মোবাইল নম্বরটি হাই-এন্ড ল্যাপটপ জিতেছে! পুরস্কার পেতে কল করুন +8801819900012,Bengali,0,2,আপনার মোবাইল নম্বরটি হাই-এন্ড ল্যাপটপ জিতেছে! পুরস্কার পেতে কল করুন +8801819900012,আপনার মোবাইল নম্বরটি হাই-এন্ড ল্যাপটপ জিতেছে! পুরস্কার পেতে কল করুন +8801819900012,[],0,0,0,0,0,0,0,0,0,0,0,0,আপনার মোবাইল নম্বরটি হাই-এন্ড ল্যাপটপ জিতেছে! পুরস্কার পেতে কল করুন +8801819900012,82,0,0,0,0,0,0,0,0,0,0,0,0,0,0,0,0,0,0,0,0,0,0,আপনার মোবাইল নম্বরটি হাই-এন্ড ল্যাপটপ জিতেছে! পুরস্কার পেতে কল করুন +8801819900012,আপনার মোবাইল নম্বরটি হাই-এন্ড ল্যাপটপ জিতেছে! পুরস্কার পেতে কল করুন +8801819900012,1,1,13,1,1,82,11,1,0,0,0,0,21,0,0,0,0,56,0,1.0,0.0,1,0
smish,আপনার একাউন্ট হ্যাক হতে পারে। দ্রুত ৩০০০ টাকা পাঠান এই নাম্বারে: ০১৭৮৯৬৫৪৩২।,Bengali,0,2,আপনার একাউন্ট হ্যাক হতে পারে। দ্রুত ৩০০০ টাকা পাঠান এই নাম্বারে: ০১৭৮৯৬৫৪৩২।,আপনার একাউন্ট হ্যাক হতে পারে। দ্রুত ৩০০০ টাকা পাঠান এই নাম্বারে: ০১৭৮৯৬৫৪৩২।,[],0,0,0,0,0,0,0,0,0,0,0,0,আপনার একাউন্ট হ্যাক হতে পারে। দ্রুত ৩০০০ টাকা পাঠান এই নাম্বারে: ০১৭৮৯৬৫৪৩২।,76,0,0,0,0,0,0,0,0,0,0,0,0,0,0,0,0,0,0,0,0,0,0,আপনার একাউন্ট হ্যাক হতে পারে। দ্রুত ৩০০০ টাকা পাঠান এই নাম্বারে: ০১৭৮৯৬৫৪৩২।,আপনার একাউন্ট হ্যাক হতে পারে। দ্রুত ৩০০০ টাকা পাঠান এই নাম্বারে: ০১৭৮৯৬৫৪৩২।,0,0,14,2,1,76,12,0,0,0,0,1,21,1,1,0,0,62,0,1.0,0.0,1,0
smish,বিপিএল বাজি ধরুন এবং ৭ দিনের জন্য একটি ফ্রি ছুটি জিতুন। ক্লিক করুন: super1000.info/docs,Bengali,1,2,বিপিএল বাজি ধরুন এবং ৭ দিনের জন্য একটি ফ্রি ছুটি জিতুন। ক্লিক করুন: super1000.info/docs,বিপিএল বাজি ধরুন এবং ৭ দিনের জন্য একটি ফ্রি ছুটি জিতুন। ক্লিক করুন: super1000.info/docs,['super1000.info/docs'],1,1,19,19,4,1,0,1,0,0,0,0,বিপিএল বাজি ধরুন এবং ৭ দিনের জন্য একটি ফ্রি ছুটি জিতুন। ক্লিক করুন:  [URL] ,75,1,19,19,4,1,0,1,0,0,0,0,1,19,19,4,1,0,1,0,0,0,0,বিপিএল বাজি ধরুন এবং ৭ দিনের জন্য একটি ফ্রি ছুটি জিতুন। ক্লিক করুন: super1000.info/docs,বিপিএল বাজি ধরুন এবং ৭ দিনের জন্য একটি ফ্রি ছুটি জিতুন। ক্লিক করুন: super1000.info/docs,0,0,5,2,1,87,14,0,0,0,1,1,23,0,0,0,0,53,13,0.803030303030303,0.19696969696969696,1,1
normal,"আপু, বাজার থেকে দুধ আনতে ভুলো না। রাতে পায়েস বানাবো।",Bengali,0,0,"আপু, বাজার থেকে দুধ আনতে ভুলো না। রাতে পায়েস বানাবো।","আপু, বাজার থেকে দুধ আনতে ভুলো না। রাতে পায়েস বানাবো।",[],0,0,0,0,0,0,0,0,0,0,0,0,"আপু, বাজার থেকে দুধ আনতে ভুলো না। রাতে পায়েস বানাবো।",53,0,0,0,0,0,0,0,0,0,0,0,0,0,0,0,0,0,0,0,0,0,0,"আপু, বাজার থেকে দুধ আনতে ভুলো না। রাতে পায়েস বানাবো।","আপু, বাজার থেকে দুধ আনতে ভুলো না। রাতে পায়েস বানাবো।",0,0,0,0,0,53,10,0,0,1,0,0,21,0,0,0,0,41,0,1.0,0.0,1,0
normal,"চাচী, আপনার মেয়ের বিবাহের প্রস্তুতি কেমন? কিছু সাহায্য লাগবে?",Bengali,0,0,"চাচী, আপনার মেয়ের বিবাহের প্রস্তুতি কেমন? কিছু সাহায্য লাগবে?","চাচী, আপনার মেয়ের বিবাহের প্রস্তুতি কেমন? কিছু সাহায্য লাগবে?",[],0,0,0,0,0,0,0,0,0,0,0,0,"চাচী, আপনার মেয়ের বিবাহের প্রস্তুতি কেমন? কিছু সাহায্য লাগবে?",62,0,0,0,0,0,0,0,0,0,0,0,0,0,0,0,0,0,0,0,0,0,0,"চাচী, আপনার মেয়ের বিবাহের প্রস্তুতি কেমন? কিছু সাহায্য লাগবে?","চাচী, আপনার মেয়ের বিবাহের প্রস্তুতি কেমন? কিছু সাহায্য লাগবে?",0,0,0,0,0,62,9,0,2,1,0,0,24,0,0,0,0,51,0,1.0,0.0,1,0
normal,আজ দুপুরে হঠাৎ বন্ধুর ফোন পেলাম। অনেকদিন পর কথা হলো। জীবনের অনেক নতুন খবর শেয়ার করলো।,Bengali,0,0,আজ দুপুরে হঠাৎ বন্ধুর ফোন পেলাম। অনেকদিন পর কথা হলো। জীবনের অনেক নতুন খবর শেয়ার করলো।,আজ দুপুরে হঠাৎ বন্ধুর ফোন পেলাম। অনেকদিন পর কথা হলো। জীবনের অনেক নতুন খবর শেয়ার করলো।,[],0,0,0,0,0,0,0,0,0,0,0,0,আজ দুপুরে হঠাৎ বন্ধুর ফোন পেলাম। অনেকদিন পর কথা হলো। জীবনের অনেক নতুন খবর শেয়ার করলো।,86,0,0,0,0,0,0,0,0,0,0,0,0,0,0,0,0,0,0,0,0,0,0,আজ দুপুরে হঠাৎ বন্ধুর ফোন পেলাম। অনেকদিন পর কথা হলো। জীবনের অনেক নতুন খবর শেয়ার করলো।,আজ দুপুরে হঠাৎ বন্ধুর ফোন পেলাম। অনেকদিন পর কথা হলো। জীবনের অনেক নতুন খবর শেয়ার করলো।,0,0,0,0,0,86,16,0,0,0,0,0,24,0,0,0,0,68,0,1.0,0.0,1,0
smish,বিপিএল বাজি ধরুন এবং একটি ফ্রি ঘড়ি জিতুন। এখনই ক্লিক করুন: smilesvoegol.servebbs.org/voegol.php,Bengali,1,2,বিপিএল বাজি ধরুন এবং একটি ফ্রি ঘড়ি জিতুন। এখনই ক্লিক করুন: smilesvoegol.servebbs.org/voegol.php,বিপিএল বাজি ধরুন এবং একটি ফ্রি ঘড়ি জিতুন। এখনই ক্লিক করুন: smilesvoegol.servebbs.org/voegol.php,['smilesvoegol.servebbs.org/voegol.php'],1,1,36,36,0,3,0,1,0,0,0,0,বিপিএল বাজি ধরুন এবং একটি ফ্রি ঘড়ি জিতুন। এখনই ক্লিক করুন:  [URL] ,67,1,36,36,0,3,0,1,0,0,0,0,1,36,36,0,3,0,1,0,0,0,0,বিপিএল বাজি ধরুন এবং একটি ফ্রি ঘড়ি জিতুন। এখনই ক্লিক করুন: smilesvoegol.servebbs.org/voegol.php,বিপিএল বাজি ধরুন এবং একটি ফ্রি ঘড়ি জিতুন। এখনই ক্লিক করুন: smilesvoegol.servebbs.org/voegol.php,0,0,0,0,0,96,12,0,0,0,3,1,22,0,0,0,0,47,32,0.5949367088607594,0.4050632911392405,1,1
promo,"দুর্গা পূজায় কেনাকাটা করুন ২৫% ছাড়ে, ২৫ অক্টোবর পর্যন্ত। ০১৭১৩১৯৯২৭০",Bengali,0,1,"দুর্গা পূজায় কেনাকাটা করুন ২৫% ছাড়ে, ২৫ অক্টোবর পর্যন্ত। ০১৭১৩১৯৯২৭০","দুর্গা পূজায় কেনাকাটা করুন ২৫% ছাড়ে, ২৫ অক্টোবর পর্যন্ত। ০১৭১৩১৯৯২৭০",[],0,0,0,0,0,0,0,0,0,0,0,0,"দুর্গা পূজায় কেনাকাটা করুন ২৫% ছাড়ে, ২৫ অক্টোবর পর্যন্ত। ০১৭১৩১৯৯২৭০",70,0,0,0,0,0,0,0,0,0,0,0,0,0,0,0,0,0,0,0,0,0,0,"দুর্গা পূজায় কেনাকাটা করুন ২৫% ছাড়ে, ২৫ অক্টোবর পর্যন্ত। ০১৭১৩১৯৯২৭০","দুর্গা পূজায় কেনাকাটা করুন ২৫% ছাড়ে, ২৫ অক্টোবর পর্যন্ত। ০১৭১৩১৯৯২৭০",0,0,15,3,1,70,10,0,0,1,0,0,21,0,0,0,0,58,0,1.0,0.0,1,0
normal,আজ দুপুরে বাজারে গেলাম। সবজির দাম অনেক বেড়ে গেছে।,Bengali,0,0,আজ দুপুরে বাজারে গেলাম। সবজির দাম অনেক বেড়ে গেছে।,আজ দুপুরে বাজারে গেলাম। সবজির দাম অনেক বেড়ে গেছে।,[],0,0,0,0,0,0,0,0,0,0,0,0,আজ দুপুরে বাজারে গেলাম। সবজির দাম অনেক বেড়ে গেছে।,50,0,0,0,0,0,0,0,0,0,0,0,0,0,0,0,0,0,0,0,0,0,0,আজ দুপুরে বাজারে গেলাম। সবজির দাম অনেক বেড়ে গেছে।,আজ দুপুরে বাজারে গেলাম। সবজির দাম অনেক বেড়ে গেছে।,0,0,0,0,0,50,9,0,0,0,0,0,18,0,0,0,0,40,0,1.0,0.0,1,0
smish,নগদ অ্যাকাউন্টে ত্রুটি দেখা দিয়েছে। কল করুন: +8801812122134,Bengali,0,2,নগদ অ্যাকাউন্টে ত্রুটি দেখা দিয়েছে। কল করুন: +8801812122134,নগদ অ্যাকাউন্টে ত্রুটি দেখা দিয়েছে। কল করুন: +8801812122134,[],0,0,0,0,0,0,0,0,0,0,0,0,নগদ অ্যাকাউন্টে ত্রুটি দেখা দিয়েছে। কল করুন: +8801812122134,60,0,0,0,0,0,0,0,0,0,0,0,0,0,0,0,0,0,0,0,0,0,0,নগদ অ্যাকাউন্টে ত্রুটি দেখা দিয়েছে। কল করুন: +8801812122134,নগদ অ্যাকাউন্টে ত্রুটি দেখা দিয়েছে। কল করুন: +8801812122134,1,1,13,1,1,60,8,0,0,0,0,1,18,0,0,1,1,37,0,1.0,0.0,1,0
promo,আপনার ফেভারিট ব্র্যান্ডের উপর ৩০% পর্যন্ত ছাড়! অফার সীমিত সময়ের জন্য।,Bengali,0,1,আপনার ফেভারিট ব্র্যান্ডের উপর ৩০% পর্যন্ত ছাড়! অফার সীমিত সময়ের জন্য।,আপনার ফেভারিট ব্র্যান্ডের উপর ৩০% পর্যন্ত ছাড়! অফার সীমিত সময়ের জন্য।,[],0,0,0,0,0,0,0,0,0,0,0,0,আপনার ফেভারিট ব্র্যান্ডের উপর ৩০% পর্যন্ত ছাড়! অফার সীমিত সময়ের জন্য।,71,0,0,0,0,0,0,0,0,0,0,0,0,0,0,0,0,0,0,0,0,0,0,আপনার ফেভারিট ব্র্যান্ডের উপর ৩০% পর্যন্ত ছাড়! অফার সীমিত সময়ের জন্য।,আপনার ফেভারিট ব্র্যান্ডের উপর ৩০% পর্যন্ত ছাড়! অফার সীমিত সময়ের জন্য।,0,0,2,1,1,71,11,1,0,0,0,0,22,0,0,0,0,58,0,1.0,0.0,1,0
promo,Daraz App ডাউনলোড করলেই নতুন ইউজাররা পাচ্ছেন ২৫০ টাকা ভাউচার। শপিং শুরু করুন আজই।,Bengali,0,1,Daraz App ডাউনলোড করলেই নতুন ইউজাররা পাচ্ছেন ২৫০ টাকা ভাউচার। শপিং শুরু করুন আজই।,Daraz App ডাউনলোড করলেই নতুন ইউজাররা পাচ্ছেন ২৫০ টাকা ভাউচার। শপিং শুরু করুন আজই।,[],0,0,0,0,0,0,0,0,0,0,0,0,Daraz App ডাউনলোড করলেই নতুন ইউজাররা পাচ্ছেন ২৫০ টাকা ভাউচার। শপিং শুরু করুন আজই।,81,0,0,0,0,0,0,0,0,0,0,0,0,0,0,0,0,0,0,0,0,0,0,Daraz App ডাউনলোড করলেই নতুন ইউজাররা পাচ্ছেন ২৫০ টাকা ভাউচার। শপিং শুরু করুন আজই।,Daraz App ডাউনলোড করলেই নতুন ইউজাররা পাচ্ছেন ২৫০ টাকা ভাউচার। শপিং শুরু করুন আজই।,0,0,3,1,1,81,14,0,0,0,0,0,20,1,1,0,0,58,8,0.8787878787878788,0.12121212121212122,1,1
normal,গতকাল রাতে সবাই মিলে ফুটবল খেলতে গিয়েছিলাম। অনেকদিন পর খেলাটা দারুণ উপভোগ করেছি। শরীরটা ভালোভাবে ঝালিয়ে নেওয়া হলো।,Bengali,0,0,গতকাল রাতে সবাই মিলে ফুটবল খেলতে গিয়েছিলাম। অনেকদিন পর খেলাটা দারুণ উপভোগ করেছি। শরীরটা ভালোভাবে ঝালিয়ে নেওয়া হলো।,গতকাল রাতে সবাই মিলে ফুটবল খেলতে গিয়েছিলাম। অনেকদিন পর খেলাটা দারুণ উপভোগ করেছি। শরীরটা ভালোভাবে ঝালিয়ে নেওয়া হলো।,[],0,0,0,0,0,0,0,0,0,0,0,0,গতকাল রাতে সবাই মিলে ফুটবল খেলতে গিয়েছিলাম। অনেকদিন পর খেলাটা দারুণ উপভোগ করেছি। শরীরটা ভালোভাবে ঝালিয়ে নেওয়া হলো।,117,0,0,0,0,0,0,0,0,0,0,0,0,0,0,0,0,0,0,0,0,0,0,গতকাল রাতে সবাই মিলে ফুটবল খেলতে গিয়েছিলাম। অনেকদিন পর খেলাটা দারুণ উপভোগ করেছি। শরীরটা ভালোভাবে ঝালিয়ে নেওয়া হলো।,গতকাল রাতে সবাই মিলে ফুটবল খেলতে গিয়েছিলাম। অনেকদিন পর খেলাটা দারুণ উপভোগ করেছি। শরীরটা ভালোভাবে ঝালিয়ে নেওয়া হলো।,0,0,0,0,0,117,18,0,0,0,0,0,41,0,0,0,0,97,0,1.0,0.0,1,0
smish,আপনার ব্যবসার জন্য ডিজাইন এবং মার্কেটিং সম্পর্কে জানুন! প্রফেশনাল পরামর্শ পান এবং ব্যবসা পরিচালনা এর দিকে তাকিয়ে চলুন। যোগাযোগ করুন বিস্তারিত জানতে এই লিঙ্কে ক্লিক করুন:https://www.etsy.com/search?,Bengali,1,2,আপনার ব্যবসার জন্য ডিজাইন এবং মার্কেটিং সম্পর্কে জানুন! প্রফেশনাল পরামর্শ পান এবং ব্যবসা পরিচালনা এর দিকে তাকিয়ে চলুন। যোগাযোগ করুন বিস্তারিত জানতে এই লিঙ্কে ক্লিক করুন:https://www.etsy.com/search?,আপনার ব্যবসার জন্য ডিজাইন এবং মার্কেটিং সম্পর্কে জানুন! প্রফেশনাল পরামর্শ পান এবং ব্যবসা পরিচালনা এর দিকে তাকিয়ে চলুন। যোগাযোগ করুন বিস্তারিত জানতে এই লিঙ্কে ক্লিক করুন:https://www.etsy.com/search?,"['https://www.', 'etsy.com/search?']",2,2,28,16,0,2,0,3,1,0,0,0,আপনার ব্যবসার জন্য ডিজাইন এবং মার্কেটিং সম্পর্কে জানুন! প্রফেশনাল পরামর্শ পান এবং ব্যবসা পরিচালনা এর দিকে তাকিয়ে চলুন। যোগাযোগ করুন বিস্তারিত জানতে এই লিঙ্কে ক্লিক করুন: [URL]  [URL] ,184,2,28,16,0,2,0,3,1,0,0,0,2,28,16,0,2,0,3,1,0,0,0,আপনার ব্যবসার জন্য ডিজাইন এবং মার্কেটিং সম্পর্কে জানুন! প্রফেশনাল পরামর্শ পান এবং ব্যবসা পরিচালনা এর দিকে তাকিয়ে চলুন। যোগাযোগ করুন বিস্তারিত জানতে এই লিঙ্কে ক্লিক করুন:https://www.etsy.com/search?,আপনার ব্যবসার জন্য ডিজাইন এবং মার্কেটিং সম্পর্কে জানুন! প্রফেশনাল পরামর্শ পান এবং ব্যবসা পরিচালনা এর দিকে তাকিয়ে চলুন। যোগাযোগ করুন বিস্তারিত জানতে এই লিঙ্কে ক্লিক করুন:https://www.etsy.com/search?,0,0,0,0,0,198,26,1,1,0,2,2,62,0,0,0,0,142,21,0.8711656441717791,0.12883435582822086,1,1
normal,০১৬৭২৫৭৩৮৫১ নাম্বারে বিকাশ করুন।,Bengali,0,0,০১৬৭২৫৭৩৮৫১ নাম্বারে বিকাশ করুন।,০১৬৭২৫৭৩৮৫১ নাম্বারে বিকাশ করুন।,[],0,0,0,0,0,0,0,0,0,0,0,0,০১৬৭২৫৭৩৮৫১ নাম্বারে বিকাশ করুন।,32,0,0,0,0,0,0,0,0,0,0,0,0,0,0,0,0,0,0,0,0,0,0,০১৬৭২৫৭৩৮৫১ নাম্বারে বিকাশ করুন।,০১৬৭২৫৭৩৮৫১ নাম্বারে বিকাশ করুন।,0,0,11,1,1,32,4,0,0,0,0,0,8,0,0,0,0,28,0,1.0,0.0,1,0
promo,"আজ ১৫ মার্চ বিশ্ব ভোক্তা-অধিকার দিবস। দিবসের প্রতিপাদ্য- ‘স্মার্ট বাংলাদেশ গড়ি, ভোক্তার স্বার্থে কৃত্রিম বুদ্ধিমত্তা ব্যবহার করি’। জাতীয় ভোক্তা-অধিকার সংরক্ষণ অধিদপ্তর, বাণিজ্য মন্ত্রণালয়।",Bengali,0,1,"আজ ১৫ মার্চ বিশ্ব ভোক্তা-অধিকার দিবস। দিবসের প্রতিপাদ্য- ‘স্মার্ট বাংলাদেশ গড়ি, ভোক্তার স্বার্থে কৃত্রিম বুদ্ধিমত্তা ব্যবহার করি’। জাতীয় ভোক্তা-অধিকার সংরক্ষণ অধিদপ্তর, বাণিজ্য মন্ত্রণালয়।","আজ ১৫ মার্চ বিশ্ব ভোক্তা-অধিকার দিবস। দিবসের প্রতিপাদ্য- 'স্মার্ট বাংলাদেশ গড়ি, ভোক্তার স্বার্থে কৃত্রিম বুদ্ধিমত্তা ব্যবহার করি'। জাতীয় ভোক্তা-অধিকার সংরক্ষণ অধিদপ্তর, বাণিজ্য মন্ত্রণালয়।",[],0,0,0,0,0,0,0,0,0,0,0,0,"আজ ১৫ মার্চ বিশ্ব ভোক্তা-অধিকার দিবস। দিবসের প্রতিপাদ্য- 'স্মার্ট বাংলাদেশ গড়ি, ভোক্তার স্বার্থে কৃত্রিম বুদ্ধিমত্তা ব্যবহার করি'। জাতীয় ভোক্তা-অধিকার সংরক্ষণ অধিদপ্তর, বাণিজ্য মন্ত্রণালয়।",191,0,0,0,0,0,0,0,0,0,0,0,0,0,0,0,0,0,0,0,0,0,0,"আজ ১৫ মার্চ বিশ্ব ভোক্তা-অধিকার দিবস। দিবসের প্রতিপাদ্য- ‘স্মার্ট বাংলাদেশ গড়ি, ভোক্তার স্বার্থে কৃত্রিম বুদ্ধিমত্তা ব্যবহার করি’। জাতীয় ভোক্তা-অধিকার সংরক্ষণ অধিদপ্তর, বাণিজ্য মন্ত্রণালয়।","আজ ১৫ মার্চ বিশ্ব ভোক্তা-অধিকার দিবস। দিবসের প্রতিপাদ্য- ‘স্মার্ট বাংলাদেশ গড়ি, ভোক্তার স্বার্থে কৃত্রিম বুদ্ধিমত্তা ব্যবহার করি’। জাতীয় ভোক্তা-অধিকার সংরক্ষণ অধিদপ্তর, বাণিজ্য মন্ত্রণালয়।",0,0,2,1,1,191,23,0,0,2,0,0,72,0,0,0,0,159,0,1.0,0.0,1,0
normal,তুমি কি আজ বিকেলে ক্রিকেট ম্যাচ দেখবে? বাংলাদেশ খেলছে পাকিস্তানের সাথে।,Bengali,0,0,তুমি কি আজ বিকেলে ক্রিকেট ম্যাচ দেখবে? বাংলাদেশ খেলছে পাকিস্তানের সাথে।,তুমি কি আজ বিকেলে ক্রিকেট ম্যাচ দেখবে? বাংলাদেশ খেলছে পাকিস্তানের সাথে।,[],0,0,0,0,0,0,0,0,0,0,0,0,তুমি কি আজ বিকেলে ক্রিকেট ম্যাচ দেখবে? বাংলাদেশ খেলছে পাকিস্তানের সাথে।,71,0,0,0,0,0,0,0,0,0,0,0,0,0,0,0,0,0,0,0,0,0,0,তুমি কি আজ বিকেলে ক্রিকেট ম্যাচ দেখবে? বাংলাদেশ খেলছে পাকিস্তানের সাথে।,তুমি কি আজ বিকেলে ক্রিকেট ম্যাচ দেখবে? বাংলাদেশ খেলছে পাকিস্তানের সাথে।,0,0,0,0,0,71,11,0,1,0,0,0,28,0,0,0,0,59,0,1.0,0.0,1,0
smish,"জরুরি নিয়োগ,  থাকা খাওয়ার সুবিধাসহ ৩০,০০০ টাকার বেতন/ সেলারি  যোগাযোগ ০১৭২৭৮২৭৮২৬",Bengali,0,2,"জরুরি নিয়োগ,  থাকা খাওয়ার সুবিধাসহ ৩০,০০০ টাকার বেতন/ সেলারি  যোগাযোগ ০১৭২৭৮২৭৮২৬","জরুরি নিয়োগ, থাকা খাওয়ার সুবিধাসহ ৩০,০০০ টাকার বেতন/ সেলারি যোগাযোগ ০১৭২৭৮২৭৮২৬",[],0,0,0,0,0,0,0,0,0,0,0,0,"জরুরি নিয়োগ, থাকা খাওয়ার সুবিধাসহ ৩০,০০০ টাকার বেতন/ সেলারি যোগাযোগ ০১৭২৭৮২৭৮২৬",81,0,0,0,0,0,0,0,0,0,0,0,0,0,0,0,0,0,0,0,0,0,0,"জরুরি নিয়োগ,  থাকা খাওয়ার সুবিধাসহ ৩০,০০০ টাকার বেতন/ সেলারি  যোগাযোগ ০১৭২৭৮২৭৮২৬","জরুরি নিয়োগ, থাকা খাওয়ার সুবিধাসহ ৩০,০০০ টাকার বেতন/ সেলারি যোগাযোগ ০১৭২৭৮২৭৮২৬",0,0,16,2,1,81,11,0,0,2,0,0,25,1,1,0,0,68,0,1.0,0.0,1,0
promo,"লি কুপার লন্ডনের
উইন্টার কালেকশন
মোকাসিন সু, পোলো শার্ট, জিন্স
জলদি",Bengali,0,1,"লি কুপার লন্ডনের
উইন্টার কালেকশন
মোকাসিন সু, পোলো শার্ট, জিন্স
জলদি","লি কুপার লন্ডনের উইন্টার কালেকশন মোকাসিন সু, পোলো শার্ট, জিন্স জলদি",[],0,0,0,0,0,0,0,0,0,0,0,0,"লি কুপার লন্ডনের উইন্টার কালেকশন মোকাসিন সু, পোলো শার্ট, জিন্স জলদি",67,0,0,0,0,0,0,0,0,0,0,0,0,0,0,0,0,0,0,0,0,0,0,"লি কুপার লন্ডনের
উইন্টার কালেকশন
মোকাসিন সু, পোলো শার্ট, জিন্স
জলদি","লি কুপার লন্ডনের উইন্টার কালেকশন মোকাসিন সু, পোলো শার্ট, জিন্স জলদি",0,0,0,0,0,67,11,0,0,2,0,0,22,0,0,0,0,55,0,1.0,0.0,1,0
normal,ঈদের পরিবর্তে শুভ নববর্ষ!,Bengali,0,0,ঈদের পরিবর্তে শুভ নববর্ষ!,ঈদের পরিবর্তে শুভ নববর্ষ!,[],0,0,0,0,0,0,0,0,0,0,0,0,ঈদের পরিবর্তে শুভ নববর্ষ!,25,0,0,0,0,0,0,0,0,0,0,0,0,0,0,0,0,0,0,0,0,0,0,ঈদের পরিবর্তে শুভ নববর্ষ!,ঈদের পরিবর্তে শুভ নববর্ষ!,0,0,0,0,0,25,4,1,0,0,0,0,7,0,0,0,0,21,0,1.0,0.0,1,0
smish,জনতা ব্যাংক অ্যাকাউন্ট ব্লক হয়েছে। পুনরায় চালু করতে এখানে ক্লিক করুন: https://t.me/JanataActivateBot,Bengali,1,2,জনতা ব্যাংক অ্যাকাউন্ট ব্লক হয়েছে। পুনরায় চালু করতে এখানে ক্লিক করুন: https://t.me/JanataActivateBot,জনতা ব্যাংক অ্যাকাউন্ট ব্লক হয়েছে। পুনরায় চালু করতে এখানে ক্লিক করুন: https://t.me/JanataActivateBot,['https://t.me/JanataActivateBot'],1,1,30,30,0,1,0,3,1,0,0,0,জনতা ব্যাংক অ্যাকাউন্ট ব্লক হয়েছে। পুনরায় চালু করতে এখানে ক্লিক করুন:  [URL] ,79,1,30,30,0,1,0,3,1,0,0,0,1,30,30,0,1,0,3,1,0,0,0,জনতা ব্যাংক অ্যাকাউন্ট ব্লক হয়েছে। পুনরায় চালু করতে এখানে ক্লিক করুন: https://t.me/JanataActivateBot,জনতা ব্যাংক অ্যাকাউন্ট ব্লক হয়েছে। পুনরায় চালু করতে এখানে ক্লিক করুন: https://t.me/JanataActivateBot,0,0,0,0,0,102,12,0,0,0,1,2,30,0,0,1,1,59,25,0.7023809523809523,0.2976190476190476,1,1
promo,"শেখ হাসিনা সরকারের সাফল্য:
বিগত ১৪ বছরে ১৪৪১ কি.মি. বাঁধ নির্মাণের ফলে দেশব্যাপী ৪.৪৩ লক্ষ হেক্টের এলাকায় বন্যা নিয়ন্ত্রণ ও নিষ্কাশন সুবিধার সম্প্রসারণ ঘটেছে।",Bengali,0,1,"শেখ হাসিনা সরকারের সাফল্য:
বিগত ১৪ বছরে ১৪৪১ কি.মি. বাঁধ নির্মাণের ফলে দেশব্যাপী ৪.৪৩ লক্ষ হেক্টের এলাকায় বন্যা নিয়ন্ত্রণ ও নিষ্কাশন সুবিধার সম্প্রসারণ ঘটেছে।",শেখ হাসিনা সরকারের সাফল্য: বিগত ১৪ বছরে ১৪৪১ কি.মি. বাঁধ নির্মাণের ফলে দেশব্যাপী ৪.৪৩ লক্ষ হেক্টের এলাকায় বন্যা নিয়ন্ত্রণ ও নিষ্কাশন সুবিধার সম্প্রসারণ ঘটেছে।,[],0,0,0,0,0,0,0,0,0,0,0,0,শেখ হাসিনা সরকারের সাফল্য: বিগত ১৪ বছরে ১৪৪১ কি.মি. বাঁধ নির্মাণের ফলে দেশব্যাপী ৪.৪৩ লক্ষ হেক্টের এলাকায় বন্যা নিয়ন্ত্রণ ও নিষ্কাশন সুবিধার সম্প্রসারণ ঘটেছে।,160,0,0,0,0,0,0,0,0,0,0,0,0,0,0,0,0,0,0,0,0,0,0,"শেখ হাসিনা সরকারের সাফল্য:
বিগত ১৪ বছরে ১৪৪১ কি.মি. বাঁধ নির্মাণের ফলে দেশব্যাপী ৪.৪৩ লক্ষ হেক্টের এলাকায় বন্যা নিয়ন্ত্রণ ও নিষ্কাশন সুবিধার সম্প্রসারণ ঘটেছে।",শেখ হাসিনা সরকারের সাফল্য: বিগত ১৪ বছরে ১৪৪১ কি.মি. বাঁধ নির্মাণের ফলে দেশব্যাপী ৪.৪৩ লক্ষ হেক্টের এলাকায় বন্যা নিয়ন্ত্রণ ও নিষ্কাশন সুবিধার সম্প্রসারণ ঘটেছে।,0,0,9,3,1,160,24,0,0,0,3,1,52,0,0,0,0,132,0,1.0,0.0,1,0
promo,মে মাসে ৫জিবির বেশি ব্যবহার করে পাও ৪৫প/মিন কলরেট- cutt.ly/0AA4sic,Bengali,1,1,মে মাসে ৫জিবির বেশি ব্যবহার করে পাও ৪৫প/মিন কলরেট- cutt.ly/0AA4sic,মে মাসে ৫জিবির বেশি ব্যবহার করে পাও ৪৫প/মিন কলরেট- cutt.ly/0AA4sic,['cutt.ly/0AA4sic'],1,1,15,15,2,1,0,1,0,0,0,1,মে মাসে ৫জিবির বেশি ব্যবহার করে পাও ৪৫প/মিন কলরেট-  [URL] ,58,1,15,15,2,1,0,1,0,0,0,1,1,15,15,2,1,0,1,0,0,0,1,মে মাসে ৫জিবির বেশি ব্যবহার করে পাও ৪৫প/মিন কলরেট- cutt.ly/0AA4sic,মে মাসে ৫জিবির বেশি ব্যবহার করে পাও ৪৫প/মিন কলরেট- cutt.ly/0AA4sic,0,0,5,4,1,66,10,0,0,0,1,0,17,0,0,0,0,40,11,0.7843137254901961,0.21568627450980393,1,1
promo,"১৮০৳ ক্যাশব্যাকে সেরা অফার ৬১জিবি+১০০০মি@৳৭১৯, ৩০দিন: cutt.ly/wwE5YMXC",Bengali,1,1,"১৮০৳ ক্যাশব্যাকে সেরা অফার ৬১জিবি+১০০০মি@৳৭১৯, ৩০দিন: cutt.ly/wwE5YMXC","১৮০৳ ক্যাশব্যাকে সেরা অফার ৬১জিবি+১০০০মি@৳৭১৯, ৩০দিন: cutt.ly/wwE5YMXC",['cutt.ly/wwE5YMXC'],1,1,16,16,1,1,0,1,0,0,0,1,"১৮০৳ ক্যাশব্যাকে সেরা অফার ৬১জিবি+১০০০মি@৳৭১৯, ৩০দিন:  [URL] ",61,1,16,16,1,1,0,1,0,0,0,1,1,16,16,1,1,0,1,0,0,0,1,"১৮০৳ ক্যাশব্যাকে সেরা অফার ৬১জিবি+১০০০মি@৳৭১৯, ৩০দিন: cutt.ly/wwE5YMXC","১৮০৳ ক্যাশব্যাকে সেরা অফার ৬১জিবি+১০০০মি@৳৭১৯, ৩০দিন: cutt.ly/wwE5YMXC",0,0,15,6,1,70,7,0,0,1,1,1,20,2,1,0,0,44,13,0.7719298245614035,0.22807017543859648,1,1
smish,আপনার পুরস্কারের টাকা পেতে কল করুন: +8801811234567,Bengali,0,2,আপনার পুরস্কারের টাকা পেতে কল করুন: +8801811234567,আপনার পুরস্কারের টাকা পেতে কল করুন: +8801811234567,[],0,0,0,0,0,0,0,0,0,0,0,0,আপনার পুরস্কারের টাকা পেতে কল করুন: +8801811234567,50,0,0,0,0,0,0,0,0,0,0,0,0,0,0,0,0,0,0,0,0,0,0,আপনার পুরস্কারের টাকা পেতে কল করুন: +8801811234567,আপনার পুরস্কারের টাকা পেতে কল করুন: +8801811234567,1,1,13,1,1,50,7,0,0,0,0,1,12,1,1,0,0,29,0,1.0,0.0,1,0
smish,"https://link-monetize.com/register?ref=273312
এই লিংক থেকে একাউন্ট করলেই পাবেন ৮৫ টাকা। শুধু ২ মিনিটে ৪ টাস্ক কমপ্লিট করতে হবে। এভাবে প্রতিদিন ৪ করে টাস্ক আসবে আর ৮৫ টাকা করে পাবেন। বাকি কিছু জানতে ইনবক্সে নক দিন💝💝",Bengali,1,2,"https://link-monetize.com/register?ref=273312
এই লিংক থেকে একাউন্ট করলেই পাবেন ৮৫ টাকা। শুধু ২ মিনিটে ৪ টাস্ক কমপ্লিট করতে হবে। এভাবে প্রতিদিন ৪ করে টাস্ক আসবে আর ৮৫ টাকা করে পাবেন। বাকি কিছু জানতে ইনবক্সে নক দিন💝💝",https://link-monetize.com/register?ref=273312 এই লিংক থেকে একাউন্ট করলেই পাবেন ৮৫ টাকা। শুধু ২ মিনিটে ৪ টাস্ক কমপ্লিট করতে হবে। এভাবে প্রতিদিন ৪ করে টাস্ক আসবে আর ৮৫ টাকা করে পাবেন। বাকি কিছু জানতে ইনবক্সে নক দিন💝💝,['https://link-monetize.com/register?ref=273312'],1,1,45,45,6,1,1,3,1,0,0,0, [URL]  এই লিংক থেকে একাউন্ট করলেই পাবেন ৮৫ টাকা। শুধু ২ মিনিটে ৪ টাস্ক কমপ্লিট করতে হবে। এভাবে প্রতিদিন ৪ করে টাস্ক আসবে আর ৮৫ টাকা করে পাবেন। বাকি কিছু জানতে ইনবক্সে নক দিন💝💝,176,1,45,45,6,1,1,3,1,0,0,0,1,45,45,6,1,1,3,1,0,0,0,"https://link-monetize.com/register?ref=273312
এই লিংক থেকে একাউন্ট করলেই পাবেন ৮৫ টাকা। শুধু ২ মিনিটে ৪ টাস্ক কমপ্লিট করতে হবে। এভাবে প্রতিদিন ৪ করে টাস্ক আসবে আর ৮৫ টাকা করে পাবেন। বাকি কিছু জানতে ইনবক্সে নক দিন💝💝",https://link-monetize.com/register?ref=273312 এই লিংক থেকে একাউন্ট করলেই পাবেন ৮৫ টাকা। শুধু ২ মিনিটে ৪ টাস্ক কমপ্লিট করতে হবে। এভাবে প্রতিদিন ৪ করে টাস্ক আসবে আর ৮৫ টাকা করে পাবেন। বাকি কিছু জানতে ইনবক্সে নক দিন💝💝,0,0,13,6,1,214,34,0,1,0,1,1,58,2,1,0,0,131,31,0.808641975308642,0.19135802469135801,1,1
smish,Emergency! আপনার জব একাউন্ট হ্যাক। সুরক্ষিত করুন: secure-job.tk,Bengali,1,2,Emergency! আপনার জব একাউন্ট হ্যাক। সুরক্ষিত করুন: secure-job.tk,Emergency! আপনার জব একাউন্ট হ্যাক। সুরক্ষিত করুন: secure-job.tk,['secure-job.tk'],1,1,13,13,0,1,1,0,0,0,0,0,Emergency! আপনার জব একাউন্ট হ্যাক। সুরক্ষিত করুন:  [URL] ,57,1,13,13,0,1,1,0,0,0,0,0,1,13,13,0,1,1,0,0,0,0,0,Emergency! আপনার জব একাউন্ট হ্যাক। সুরক্ষিত করুন: secure-job.tk,Emergency! আপনার জব একাউন্ট হ্যাক। সুরক্ষিত করুন: secure-job.tk,0,0,0,0,0,63,8,1,0,0,1,1,14,1,1,0,0,31,20,0.6078431372549019,0.39215686274509803,1,1
normal,"শুভ রাত্রি, ভালো থেকো!",Bengali,0,0,"শুভ রাত্রি, ভালো থেকো!","শুভ রাত্রি, ভালো থেকো!",[],0,0,0,0,0,0,0,0,0,0,0,0,"শুভ রাত্রি, ভালো থেকো!",22,0,0,0,0,0,0,0,0,0,0,0,0,0,0,0,0,0,0,0,0,0,0,"শুভ রাত্রি, ভালো থেকো!","শুভ রাত্রি, ভালো থেকো!",0,0,0,0,0,22,4,1,0,1,0,0,10,0,0,0,0,17,0,1.0,0.0,1,0
smish,ফুটবলে বাজি ধরুন এবং একটি বিলাসবহুল গাড়ি জিতুন! শুরু করুন: xini.eu/00Qe,Bengali,1,2,ফুটবলে বাজি ধরুন এবং একটি বিলাসবহুল গাড়ি জিতুন! শুরু করুন: xini.eu/00Qe,ফুটবলে বাজি ধরুন এবং একটি বিলাসবহুল গাড়ি জিতুন! শুরু করুন: xini.eu/00Qe,['xini.eu/00Qe'],1,1,12,12,2,1,0,1,0,0,0,0,ফুটবলে বাজি ধরুন এবং একটি বিলাসবহুল গাড়ি জিতুন! শুরু করুন:  [URL] ,67,1,12,12,2,1,0,1,0,0,0,0,1,12,12,2,1,0,1,0,0,0,0,ফুটবলে বাজি ধরুন এবং একটি বিলাসবহুল গাড়ি জিতুন! শুরু করুন: xini.eu/00Qe,ফুটবলে বাজি ধরুন এবং একটি বিলাসবহুল গাড়ি জিতুন! শুরু করুন: xini.eu/00Qe,0,0,2,1,1,72,11,1,0,0,1,1,22,0,0,0,0,48,8,0.8571428571428571,0.14285714285714285,1,1
promo,"৳৩৫ ক্যাশব্যাকে এবার আরো বেশি ডাটা ৫০জিবি@৳৪৬৩, ৩০দিন cutt.ly/HwOETkke",Bengali,1,1,"৳৩৫ ক্যাশব্যাকে এবার আরো বেশি ডাটা ৫০জিবি@৳৪৬৩, ৩০দিন cutt.ly/HwOETkke","৳৩৫ ক্যাশব্যাকে এবার আরো বেশি ডাটা ৫০জিবি@৳৪৬৩, ৩০দিন cutt.ly/HwOETkke",['cutt.ly/HwOETkke'],1,1,16,16,0,1,0,1,0,0,0,1,"৳৩৫ ক্যাশব্যাকে এবার আরো বেশি ডাটা ৫০জিবি@৳৪৬৩, ৩০দিন  [URL] ",61,1,16,16,0,1,0,1,0,0,0,1,1,16,16,0,1,0,1,0,0,0,1,"৳৩৫ ক্যাশব্যাকে এবার আরো বেশি ডাটা ৫০জিবি@৳৪৬৩, ৩০দিন cutt.ly/HwOETkke","৳৩৫ ক্যাশব্যাকে এবার আরো বেশি ডাটা ৫০জিবি@৳৪৬৩, ৩০দিন cutt.ly/HwOETkke",0,0,9,4,1,70,9,0,0,1,1,0,20,3,1,0,0,44,14,0.7586206896551724,0.2413793103448276,1,1
smish,"সোনালী ব্যাংক জানাচ্ছে, আপনার কার্ড ব্লক হয়ে যাবে যদি ১২ ঘণ্টার মধ্যে তথ্য আপডেট না করেন। ভিজিট করুন: sonali-update.net।",Bengali,1,2,"সোনালী ব্যাংক জানাচ্ছে, আপনার কার্ড ব্লক হয়ে যাবে যদি ১২ ঘণ্টার মধ্যে তথ্য আপডেট না করেন। ভিজিট করুন: sonali-update.net।","সোনালী ব্যাংক জানাচ্ছে, আপনার কার্ড ব্লক হয়ে যাবে যদি ১২ ঘণ্টার মধ্যে তথ্য আপডেট না করেন। ভিজিট করুন: sonali-update.net।",['sonali-update.net'],1,1,17,17,0,1,1,0,0,0,0,0,"সোনালী ব্যাংক জানাচ্ছে, আপনার কার্ড ব্লক হয়ে যাবে যদি ১২ ঘণ্টার মধ্যে তথ্য আপডেট না করেন। ভিজিট করুন:  [URL] ।",111,1,17,17,0,1,1,0,0,0,0,0,1,17,17,0,1,1,0,0,0,0,0,"সোনালী ব্যাংক জানাচ্ছে, আপনার কার্ড ব্লক হয়ে যাবে যদি ১২ ঘণ্টার মধ্যে তথ্য আপডেট না করেন। ভিজিট করুন: sonali-update.net।","সোনালী ব্যাংক জানাচ্ছে, আপনার কার্ড ব্লক হয়ে যাবে যদি ১২ ঘণ্টার মধ্যে তথ্য আপডেট না করেন। ভিজিট করুন: sonali-update.net।",0,0,2,1,1,121,19,0,0,1,1,1,36,0,0,0,0,82,15,0.845360824742268,0.15463917525773196,1,1
normal,আত্মবিশ্বাস নিয়ে সামনে এগিয়ে যাও।,Bengali,0,0,আত্মবিশ্বাস নিয়ে সামনে এগিয়ে যাও।,আত্মবিশ্বাস নিয়ে সামনে এগিয়ে যাও।,[],0,0,0,0,0,0,0,0,0,0,0,0,আত্মবিশ্বাস নিয়ে সামনে এগিয়ে যাও।,35,0,0,0,0,0,0,0,0,0,0,0,0,0,0,0,0,0,0,0,0,0,0,আত্মবিশ্বাস নিয়ে সামনে এগিয়ে যাও।,আত্মবিশ্বাস নিয়ে সামনে এগিয়ে যাও।,0,0,0,0,0,35,5,0,0,0,0,0,14,0,0,0,0,30,0,1.0,0.0,1,0
smish,"সাইপ্রাস/ইউরোপে স্পট ভর্তি প্রতিনিধির উপস্থিতিতে (মিঃ পাম্বোস) 10-11 অক্টোবর, 100% ভিসার নিশ্চয়তা, ক্রেডিট ট্রান্সফার, টিউশন ফি 5000 ইউরো শুধুমাত্র, বিএসবি, ঢাকা যোগাযোগের নম্বর: 01720577099",Bengali,0,2,"সাইপ্রাস/ইউরোপে স্পট ভর্তি প্রতিনিধির উপস্থিতিতে (মিঃ পাম্বোস) 10-11 অক্টোবর, 100% ভিসার নিশ্চয়তা, ক্রেডিট ট্রান্সফার, টিউশন ফি 5000 ইউরো শুধুমাত্র, বিএসবি, ঢাকা যোগাযোগের নম্বর: 01720577099","সাইপ্রাস/ইউরোপে স্পট ভর্তি প্রতিনিধির উপস্থিতিতে (মিঃ পাম্বোস) 10-11 অক্টোবর, 100% ভিসার নিশ্চয়তা, ক্রেডিট ট্রান্সফার, টিউশন ফি 5000 ইউরো শুধুমাত্র, বিএসবি, ঢাকা যোগাযোগের নম্বর: 01720577099",[],0,0,0,0,0,0,0,0,0,0,0,0,"সাইপ্রাস/ইউরোপে স্পট ভর্তি প্রতিনিধির উপস্থিতিতে (মিঃ পাম্বোস) 10-11 অক্টোবর, 100% ভিসার নিশ্চয়তা, ক্রেডিট ট্রান্সফার, টিউশন ফি 5000 ইউরো শুধুমাত্র, বিএসবি, ঢাকা যোগাযোগের নম্বর: 01720577099",191,0,0,0,0,0,0,0,0,0,0,0,0,0,0,0,0,0,0,0,0,0,0,"সাইপ্রাস/ইউরোপে স্পট ভর্তি প্রতিনিধির উপস্থিতিতে (মিঃ পাম্বোস) 10-11 অক্টোবর, 100% ভিসার নিশ্চয়তা, ক্রেডিট ট্রান্সফার, টিউশন ফি 5000 ইউরো শুধুমাত্র, বিএসবি, ঢাকা যোগাযোগের নম্বর: 01720577099","সাইপ্রাস/ইউরোপে স্পট ভর্তি প্রতিনিধির উপস্থিতিতে (মিঃ পাম্বোস) 10-11 অক্টোবর, 100% ভিসার নিশ্চয়তা, ক্রেডিট ট্রান্সফার, টিউশন ফি 5000 ইউরো শুধুমাত্র, বিএসবি, ঢাকা যোগাযোগের নম্বর: 01720577099",1,1,22,5,1,191,24,0,0,5,0,1,63,0,0,0,0,135,0,1.0,0.0,1,0
normal,শুভ হোলি!,Bengali,0,0,শুভ হোলি!,শুভ হোলি!,[],0,0,0,0,0,0,0,0,0,0,0,0,শুভ হোলি!,9,0,0,0,0,0,0,0,0,0,0,0,0,0,0,0,0,0,0,0,0,0,0,শুভ হোলি!,শুভ হোলি!,0,0,0,0,0,9,2,1,0,0,0,0,4,0,0,0,0,7,0,1.0,0.0,1,0
smish,Emergency: আপনার পেনশন একাউন্ট বন্ধ হবে। রিনিউ: pension-renew.cf,Bengali,1,2,Emergency: আপনার পেনশন একাউন্ট বন্ধ হবে। রিনিউ: pension-renew.cf,Emergency: আপনার পেনশন একাউন্ট বন্ধ হবে। রিনিউ: pension-renew.cf,['pension-renew.cf'],1,1,16,16,0,1,1,0,0,0,0,0,Emergency: আপনার পেনশন একাউন্ট বন্ধ হবে। রিনিউ:  [URL] ,55,1,16,16,0,1,1,0,0,0,0,0,1,16,16,0,1,1,0,0,0,0,0,Emergency: আপনার পেনশন একাউন্ট বন্ধ হবে। রিনিউ: pension-renew.cf,Emergency: আপনার পেনশন একাউন্ট বন্ধ হবে। রিনিউ: pension-renew.cf,0,0,0,0,0,64,8,0,0,0,1,2,13,0,0,0,0,29,23,0.5576923076923077,0.4423076923076923,1,1
normal,"সব ঠিক হয়ে যাবে, চিন্তা কোরো না।",Bengali,0,0,"সব ঠিক হয়ে যাবে, চিন্তা কোরো না।","সব ঠিক হয়ে যাবে, চিন্তা কোরো না।",[],0,0,0,0,0,0,0,0,0,0,0,0,"সব ঠিক হয়ে যাবে, চিন্তা কোরো না।",33,0,0,0,0,0,0,0,0,0,0,0,0,0,0,0,0,0,0,0,0,0,0,"সব ঠিক হয়ে যাবে, চিন্তা কোরো না।","সব ঠিক হয়ে যাবে, চিন্তা কোরো না।",0,0,0,0,0,33,7,0,0,1,0,0,13,0,0,0,0,25,0,1.0,0.0,1,0
promo,"পূর্বাচলের এশিয়ান হাইওয়ে সংলগ্ন পরিকল্পিত শহর ""নাভানা হাইল্যন্ডে"" এ বিনিয়োগ করুন।উঁচু ও লাল মাটি।রয়েছে কিস্তির সুবিধা – ০১৭০৮৪৬৬৪৭১",Bengali,0,1,"পূর্বাচলের এশিয়ান হাইওয়ে সংলগ্ন পরিকল্পিত শহর ""নাভানা হাইল্যন্ডে"" এ বিনিয়োগ করুন।উঁচু ও লাল মাটি।রয়েছে কিস্তির সুবিধা – ০১৭০৮৪৬৬৪৭১","পূর্বাচলের এশিয়ান হাইওয়ে সংলগ্ন পরিকল্পিত শহর ""নাভানা হাইল্যন্ডে"" এ বিনিয়োগ করুন।উঁচু ও লাল মাটি।রয়েছে কিস্তির সুবিধা - ০১৭০৮৪৬৬৪৭১",[],0,0,0,0,0,0,0,0,0,0,0,0,"পূর্বাচলের এশিয়ান হাইওয়ে সংলগ্ন পরিকল্পিত শহর ""নাভানা হাইল্যন্ডে"" এ বিনিয়োগ করুন।উঁচু ও লাল মাটি।রয়েছে কিস্তির সুবিধা - ০১৭০৮৪৬৬৪৭১",135,0,0,0,0,0,0,0,0,0,0,0,0,0,0,0,0,0,0,0,0,0,0,"পূর্বাচলের এশিয়ান হাইওয়ে সংলগ্ন পরিকল্পিত শহর ""নাভানা হাইল্যন্ডে"" এ বিনিয়োগ করুন।উঁচু ও লাল মাটি।রয়েছে কিস্তির সুবিধা – ০১৭০৮৪৬৬৪৭১","পূর্বাচলের এশিয়ান হাইওয়ে সংলগ্ন পরিকল্পিত শহর ""নাভানা হাইল্যন্ডে"" এ বিনিয়োগ করুন।উঁচু ও লাল মাটি।রয়েছে কিস্তির সুবিধা – ০১৭০৮৪৬৬৪৭১",0,0,11,1,1,135,18,0,0,0,0,0,46,0,0,0,0,113,0,1.0,0.0,1,0
promo,Sundarban Courier অনলাইন বুকিং করলে পাচ্ছেন ১০% ক্যাশব্যাক। নিরাপদে প্যাকেজ পাঠাতে আজই চেষ্টা করুন।,Bengali,0,1,Sundarban Courier অনলাইন বুকিং করলে পাচ্ছেন ১০% ক্যাশব্যাক। নিরাপদে প্যাকেজ পাঠাতে আজই চেষ্টা করুন।,Sundarban Courier অনলাইন বুকিং করলে পাচ্ছেন ১০% ক্যাশব্যাক। নিরাপদে প্যাকেজ পাঠাতে আজই চেষ্টা করুন।,[],0,0,0,0,0,0,0,0,0,0,0,0,Sundarban Courier অনলাইন বুকিং করলে পাচ্ছেন ১০% ক্যাশব্যাক। নিরাপদে প্যাকেজ পাঠাতে আজই চেষ্টা করুন।,99,0,0,0,0,0,0,0,0,0,0,0,0,0,0,0,0,0,0,0,0,0,0,Sundarban Courier অনলাইন বুকিং করলে পাচ্ছেন ১০% ক্যাশব্যাক। নিরাপদে প্যাকেজ পাঠাতে আজই চেষ্টা করুন।,Sundarban Courier অনলাইন বুকিং করলে পাচ্ছেন ১০% ক্যাশব্যাক। নিরাপদে প্যাকেজ পাঠাতে আজই চেষ্টা করুন।,0,0,2,1,1,99,14,0,0,0,0,0,28,0,0,0,0,67,16,0.8072289156626506,0.1927710843373494,1,1
normal,"খালু, আপনার স্বাস্থ্য কেমন? নিয়মিত চেকআপ করাচ্ছেন তো?",Bengali,0,0,"খালু, আপনার স্বাস্থ্য কেমন? নিয়মিত চেকআপ করাচ্ছেন তো?","খালু, আপনার স্বাস্থ্য কেমন? নিয়মিত চেকআপ করাচ্ছেন তো?",[],0,0,0,0,0,0,0,0,0,0,0,0,"খালু, আপনার স্বাস্থ্য কেমন? নিয়মিত চেকআপ করাচ্ছেন তো?",54,0,0,0,0,0,0,0,0,0,0,0,0,0,0,0,0,0,0,0,0,0,0,"খালু, আপনার স্বাস্থ্য কেমন? নিয়মিত চেকআপ করাচ্ছেন তো?","খালু, আপনার স্বাস্থ্য কেমন? নিয়মিত চেকআপ করাচ্ছেন তো?",0,0,0,0,0,54,8,0,2,1,0,0,19,0,0,0,0,44,0,1.0,0.0,1,0
smish,💖 আপনি কি ফ্রি কাজ শিখতে চান। কাজের পাশাপাশি কি ইনকাম করতে চান?প্রতি দিন ৪০০থেকে৫০০ টাকা ইনকাম করতে পারবেন? তাহলে আর দেরি কেনো? এখনি যোগাযোগ করুন : ০১৭২২৬৭২৩৯১,Bengali,0,2,💖 আপনি কি ফ্রি কাজ শিখতে চান। কাজের পাশাপাশি কি ইনকাম করতে চান?প্রতি দিন ৪০০থেকে৫০০ টাকা ইনকাম করতে পারবেন? তাহলে আর দেরি কেনো? এখনি যোগাযোগ করুন : ০১৭২২৬৭২৩৯১,💖 আপনি কি ফ্রি কাজ শিখতে চান। কাজের পাশাপাশি কি ইনকাম করতে চান?প্রতি দিন ৪০০থেকে৫০০ টাকা ইনকাম করতে পারবেন? তাহলে আর দেরি কেনো? এখনি যোগাযোগ করুন : ০১৭২২৬৭২৩৯১,[],0,0,0,0,0,0,0,0,0,0,0,0,💖 আপনি কি ফ্রি কাজ শিখতে চান। কাজের পাশাপাশি কি ইনকাম করতে চান?প্রতি দিন ৪০০থেকে৫০০ টাকা ইনকাম করতে পারবেন? তাহলে আর দেরি কেনো? এখনি যোগাযোগ করুন : ০১৭২২৬৭২৩৯১,159,0,0,0,0,0,0,0,0,0,0,0,0,0,0,0,0,0,0,0,0,0,0,💖 আপনি কি ফ্রি কাজ শিখতে চান। কাজের পাশাপাশি কি ইনকাম করতে চান?প্রতি দিন ৪০০থেকে৫০০ টাকা ইনকাম করতে পারবেন? তাহলে আর দেরি কেনো? এখনি যোগাযোগ করুন : ০১৭২২৬৭২৩৯১,💖 আপনি কি ফ্রি কাজ শিখতে চান। কাজের পাশাপাশি কি ইনকাম করতে চান?প্রতি দিন ৪০০থেকে৫০০ টাকা ইনকাম করতে পারবেন? তাহলে আর দেরি কেনো? এখনি যোগাযোগ করুন : ০১৭২২৬৭২৩৯১,0,0,17,3,1,159,28,0,3,0,0,1,46,1,1,0,0,126,0,1.0,0.0,1,0
normal,কি করবে আমার সাথে বলো। আমি তোমার সাথে হাঁটতে চাই।,Bengali,0,0,কি করবে আমার সাথে বলো। আমি তোমার সাথে হাঁটতে চাই।,কি করবে আমার সাথে বলো। আমি তোমার সাথে হাঁটতে চাই।,[],0,0,0,0,0,0,0,0,0,0,0,0,কি করবে আমার সাথে বলো। আমি তোমার সাথে হাঁটতে চাই।,49,0,0,0,0,0,0,0,0,0,0,0,0,0,0,0,0,0,0,0,0,0,0,কি করবে আমার সাথে বলো। আমি তোমার সাথে হাঁটতে চাই।,কি করবে আমার সাথে বলো। আমি তোমার সাথে হাঁটতে চাই।,0,0,0,0,0,49,10,0,0,0,0,0,17,0,0,0,0,38,0,1.0,0.0,1,0
promo,"ডাবলসেঞ্চুরি ক্যাশব্যাক ৳২০০!৬১জিবি+১০০০মি@ ৳৬৯৯, ৩০দিন cutt.ly/FwQhpKHc",Bengali,1,1,"ডাবলসেঞ্চুরি ক্যাশব্যাক ৳২০০!৬১জিবি+১০০০মি@ ৳৬৯৯, ৩০দিন cutt.ly/FwQhpKHc","ডাবলসেঞ্চুরি ক্যাশব্যাক ৳২০০!৬১জিবি+১০০০মি@ ৳৬৯৯, ৩০দিন cutt.ly/FwQhpKHc",['cutt.ly/FwQhpKHc'],1,1,16,16,0,1,0,1,0,0,0,1,"ডাবলসেঞ্চুরি ক্যাশব্যাক ৳২০০!৬১জিবি+১০০০মি@ ৳৬৯৯, ৩০দিন  [URL] ",63,1,16,16,0,1,0,1,0,0,0,1,1,16,16,0,1,0,1,0,0,0,1,"ডাবলসেঞ্চুরি ক্যাশব্যাক ৳২০০!৬১জিবি+১০০০মি@ ৳৬৯৯, ৩০দিন cutt.ly/FwQhpKHc","ডাবলসেঞ্চুরি ক্যাশব্যাক ৳২০০!৬১জিবি+১০০০মি@ ৳৬৯৯, ৩০দিন cutt.ly/FwQhpKHc",0,0,14,5,1,72,6,1,0,1,1,0,21,2,1,0,0,47,14,0.7704918032786885,0.22950819672131148,1,1
smish,Alert: আপনার ইন্টারনেট বিল পেমেন্ট পেন্ডিং। সার্ভিস বন্ধের আগে: pay-now.tk,Bengali,1,2,Alert: আপনার ইন্টারনেট বিল পেমেন্ট পেন্ডিং। সার্ভিস বন্ধের আগে: pay-now.tk,Alert: আপনার ইন্টারনেট বিল পেমেন্ট পেন্ডিং। সার্ভিস বন্ধের আগে: pay-now.tk,['pay-now.tk'],1,1,10,10,0,1,1,0,0,0,0,0,Alert: আপনার ইন্টারনেট বিল পেমেন্ট পেন্ডিং। সার্ভিস বন্ধের আগে:  [URL] ,71,1,10,10,0,1,1,0,0,0,0,0,1,10,10,0,1,1,0,0,0,0,0,Alert: আপনার ইন্টারনেট বিল পেমেন্ট পেন্ডিং। সার্ভিস বন্ধের আগে: pay-now.tk,Alert: আপনার ইন্টারনেট বিল পেমেন্ট পেন্ডিং। সার্ভিস বন্ধের আগে: pay-now.tk,0,0,0,0,0,74,10,0,0,0,1,2,23,1,1,0,0,47,13,0.7833333333333333,0.21666666666666667,1,1
promo,Bkash দিয়ে Daraz-এ পেমেন্ট করলে ১৫% ইনস্ট্যান্ট ক্যাশব্যাক। সর্বোচ্চ ২০০ টাকা।,Bengali,0,1,Bkash দিয়ে Daraz-এ পেমেন্ট করলে ১৫% ইনস্ট্যান্ট ক্যাশব্যাক। সর্বোচ্চ ২০০ টাকা।,Bkash দিয়ে Daraz-এ পেমেন্ট করলে ১৫% ইনস্ট্যান্ট ক্যাশব্যাক। সর্বোচ্চ ২০০ টাকা।,[],0,0,0,0,0,0,0,0,0,0,0,0,Bkash দিয়ে Daraz-এ পেমেন্ট করলে ১৫% ইনস্ট্যান্ট ক্যাশব্যাক। সর্বোচ্চ ২০০ টাকা।,79,0,0,0,0,0,0,0,0,0,0,0,0,0,0,0,0,0,0,0,0,0,0,Bkash দিয়ে Daraz-এ পেমেন্ট করলে ১৫% ইনস্ট্যান্ট ক্যাশব্যাক। সর্বোচ্চ ২০০ টাকা।,Bkash দিয়ে Daraz-এ পেমেন্ট করলে ১৫% ইনস্ট্যান্ট ক্যাশব্যাক। সর্বোচ্চ ২০০ টাকা।,0,0,5,2,1,79,11,0,0,0,0,0,24,1,1,0,0,55,10,0.8461538461538461,0.15384615384615385,1,1
promo,Daraz Mall এ শপিং করলে এখনই ২০০ টাকা ডিসকাউন্ট ভাউচার ফ্রি। কেবল নতুন ইউজারদের জন্য প্রযোজ্য।,Bengali,0,1,Daraz Mall এ শপিং করলে এখনই ২০০ টাকা ডিসকাউন্ট ভাউচার ফ্রি। কেবল নতুন ইউজারদের জন্য প্রযোজ্য।,Daraz Mall এ শপিং করলে এখনই ২০০ টাকা ডিসকাউন্ট ভাউচার ফ্রি। কেবল নতুন ইউজারদের জন্য প্রযোজ্য।,[],0,0,0,0,0,0,0,0,0,0,0,0,Daraz Mall এ শপিং করলে এখনই ২০০ টাকা ডিসকাউন্ট ভাউচার ফ্রি। কেবল নতুন ইউজারদের জন্য প্রযোজ্য।,93,0,0,0,0,0,0,0,0,0,0,0,0,0,0,0,0,0,0,0,0,0,0,Daraz Mall এ শপিং করলে এখনই ২০০ টাকা ডিসকাউন্ট ভাউচার ফ্রি। কেবল নতুন ইউজারদের জন্য প্রযোজ্য।,Daraz Mall এ শপিং করলে এখনই ২০০ টাকা ডিসকাউন্ট ভাউচার ফ্রি। কেবল নতুন ইউজারদের জন্য প্রযোজ্য।,0,0,3,1,1,93,16,0,0,0,0,0,22,1,1,0,0,67,9,0.881578947368421,0.11842105263157894,1,1
promo,"বাংলালিংকের সবচেয়ে বড় ডিজিটাল অফার! আমাদের নতুন 'ডিজিটাল বাংলাদেশ' প্যাকেজে মাত্র ৩৯৯ টাকায় পাবেন ২০ জিবি হাই-স্পিড ইন্টারনেট, সব অপারেটরে ২০০ মিনিট কল, ১০০ SMS এবং বিশেষ বোনাস হিসেবে Netflix এ ৭ দিনের ফ্রি সাবস্ক্রিপশন। এছাড়াও রয়েছে Facebook, WhatsApp, এবং YouTube এ ডেটা সাশ্রয়ী ব্যবহারের সুবিধা। এই অফার কেবল আগামী ১৫ দিনের জন্য বৈধ। এখনই *১৬৮*৩৯৯# ডায়াল করুন।",Bengali,0,1,"বাংলালিংকের সবচেয়ে বড় ডিজিটাল অফার! আমাদের নতুন 'ডিজিটাল বাংলাদেশ' প্যাকেজে মাত্র ৩৯৯ টাকায় পাবেন ২০ জিবি হাই-স্পিড ইন্টারনেট, সব অপারেটরে ২০০ মিনিট কল, ১০০ SMS এবং বিশেষ বোনাস হিসেবে Netflix এ ৭ দিনের ফ্রি সাবস্ক্রিপশন। এছাড়াও রয়েছে Facebook, WhatsApp, এবং YouTube এ ডেটা সাশ্রয়ী ব্যবহারের সুবিধা। এই অফার কেবল আগামী ১৫ দিনের জন্য বৈধ। এখনই *১৬৮*৩৯৯# ডায়াল করুন।","বাংলালিংকের সবচেয়ে বড় ডিজিটাল অফার! আমাদের নতুন 'ডিজিটাল বাংলাদেশ' প্যাকেজে মাত্র ৩৯৯ টাকায় পাবেন ২০ জিবি হাই-স্পিড ইন্টারনেট, সব অপারেটরে ২০০ মিনিট কল, ১০০ SMS এবং বিশেষ বোনাস হিসেবে Netflix এ ৭ দিনের ফ্রি সাবস্ক্রিপশন। এছাড়াও রয়েছে Facebook, WhatsApp, এবং YouTube এ ডেটা সাশ্রয়ী ব্যবহারের সুবিধা। এই অফার কেবল আগামী ১৫ দিনের জন্য বৈধ। এখনই *১৬৮*৩৯৯# ডায়াল করুন।",[],0,0,0,0,0,0,0,0,0,0,0,0,"বাংলালিংকের সবচেয়ে বড় ডিজিটাল অফার! আমাদের নতুন 'ডিজিটাল বাংলাদেশ' প্যাকেজে মাত্র ৩৯৯ টাকায় পাবেন ২০ জিবি হাই-স্পিড ইন্টারনেট, সব অপারেটরে ২০০ মিনিট কল, ১০০ SMS এবং বিশেষ বোনাস হিসেবে Netflix এ ৭ দিনের ফ্রি সাবস্ক্রিপশন। এছাড়াও রয়েছে Facebook, WhatsApp, এবং YouTube এ ডেটা সাশ্রয়ী ব্যবহারের সুবিধা। এই অফার কেবল আগামী ১৫ দিনের জন্য বৈধ। এখনই *১৬৮*৩৯৯# ডায়াল করুন।",370,0,0,0,0,0,0,0,0,0,0,0,0,0,0,0,0,0,0,0,0,0,0,"বাংলালিংকের সবচেয়ে বড় ডিজিটাল অফার! আমাদের নতুন 'ডিজিটাল বাংলাদেশ' প্যাকেজে মাত্র ৩৯৯ টাকায় পাবেন ২০ জিবি হাই-স্পিড ইন্টারনেট, সব অপারেটরে ২০০ মিনিট কল, ১০০ SMS এবং বিশেষ বোনাস হিসেবে Netflix এ ৭ দিনের ফ্রি সাবস্ক্রিপশন। এছাড়াও রয়েছে Facebook, WhatsApp, এবং YouTube এ ডেটা সাশ্রয়ী ব্যবহারের সুবিধা। এই অফার কেবল আগামী ১৫ দিনের জন্য বৈধ। এখনই *১৬৮*৩৯৯# ডায়াল করুন।","বাংলালিংকের সবচেয়ে বড় ডিজিটাল অফার! আমাদের নতুন 'ডিজিটাল বাংলাদেশ' প্যাকেজে মাত্র ৩৯৯ টাকায় পাবেন ২০ জিবি হাই-স্পিড ইন্টারনেট, সব অপারেটরে ২০০ মিনিট কল, ১০০ SMS এবং বিশেষ বোনাস হিসেবে Netflix এ ৭ দিনের ফ্রি সাবস্ক্রিপশন। এছাড়াও রয়েছে Facebook, WhatsApp, এবং YouTube এ ডেটা সাশ্রয়ী ব্যবহারের সুবিধা। এই অফার কেবল আগামী ১৫ দিনের জন্য বৈধ। এখনই *১৬৮*৩৯৯# ডায়াল করুন।",0,0,20,8,1,370,58,1,0,4,0,0,110,1,1,0,0,265,33,0.889261744966443,0.11073825503355705,1,1
promo,শাহী বাজারে বিশাল ছাড়! সব গহনায় ৩০% পর্যন্ত কমতি। আজই আসুন।,Bengali,0,1,শাহী বাজারে বিশাল ছাড়! সব গহনায় ৩০% পর্যন্ত কমতি। আজই আসুন।,শাহী বাজারে বিশাল ছাড়! সব গহনায় ৩০% পর্যন্ত কমতি। আজই আসুন।,[],0,0,0,0,0,0,0,0,0,0,0,0,শাহী বাজারে বিশাল ছাড়! সব গহনায় ৩০% পর্যন্ত কমতি। আজই আসুন।,61,0,0,0,0,0,0,0,0,0,0,0,0,0,0,0,0,0,0,0,0,0,0,শাহী বাজারে বিশাল ছাড়! সব গহনায় ৩০% পর্যন্ত কমতি। আজই আসুন।,শাহী বাজারে বিশাল ছাড়! সব গহনায় ৩০% পর্যন্ত কমতি। আজই আসুন।,0,0,2,1,1,61,11,1,0,0,0,0,19,0,0,0,0,47,0,1.0,0.0,1,0
smish,"বাংলালিংক জানাচ্ছে, আপনার বকেয়া বিল ৫,২০০ টাকা। অবিলম্বে pay-bl24.net এ গিয়ে বিল পরিশোধ করুন, না হলে সেবা বন্ধ করে দেওয়া হবে। এটি একটি চূড়ান্ত সতর্কীকরণ।",Bengali,1,2,"বাংলালিংক জানাচ্ছে, আপনার বকেয়া বিল ৫,২০০ টাকা। অবিলম্বে pay-bl24.net এ গিয়ে বিল পরিশোধ করুন, না হলে সেবা বন্ধ করে দেওয়া হবে। এটি একটি চূড়ান্ত সতর্কীকরণ।","বাংলালিংক জানাচ্ছে, আপনার বকেয়া বিল ৫,২০০ টাকা। অবিলম্বে pay-bl24.net এ গিয়ে বিল পরিশোধ করুন, না হলে সেবা বন্ধ করে দেওয়া হবে। এটি একটি চূড়ান্ত সতর্কীকরণ।",['pay-bl24.net'],1,1,12,12,2,1,1,0,0,0,0,0,"বাংলালিংক জানাচ্ছে, আপনার বকেয়া বিল ৫,২০০ টাকা। অবিলম্বে  [URL]  এ গিয়ে বিল পরিশোধ করুন, না হলে সেবা বন্ধ করে দেওয়া হবে। এটি একটি চূড়ান্ত সতর্কীকরণ।",152,1,12,12,2,1,1,0,0,0,0,0,1,12,12,2,1,1,0,0,0,0,0,"বাংলালিংক জানাচ্ছে, আপনার বকেয়া বিল ৫,২০০ টাকা। অবিলম্বে pay-bl24.net এ গিয়ে বিল পরিশোধ করুন, না হলে সেবা বন্ধ করে দেওয়া হবে। এটি একটি চূড়ান্ত সতর্কীকরণ।","বাংলালিংক জানাচ্ছে, আপনার বকেয়া বিল ৫,২০০ টাকা। অবিলম্বে pay-bl24.net এ গিয়ে বিল পরিশোধ করুন, না হলে সেবা বন্ধ করে দেওয়া হবে। এটি একটি চূড়ান্ত সতর্কীকরণ।",0,0,6,2,1,157,25,0,0,3,1,0,52,1,1,0,0,115,8,0.9349593495934959,0.06504065040650407,1,1
promo,"আজকের অফার: সব জুয়েলারিতে ১৫% ছাড়। স্টক সীমিত, এখনই কিনুন!",Bengali,0,1,"আজকের অফার: সব জুয়েলারিতে ১৫% ছাড়। স্টক সীমিত, এখনই কিনুন!","আজকের অফার: সব জুয়েলারিতে ১৫% ছাড়। স্টক সীমিত, এখনই কিনুন!",[],0,0,0,0,0,0,0,0,0,0,0,0,"আজকের অফার: সব জুয়েলারিতে ১৫% ছাড়। স্টক সীমিত, এখনই কিনুন!",60,0,0,0,0,0,0,0,0,0,0,0,0,0,0,0,0,0,0,0,0,0,0,"আজকের অফার: সব জুয়েলারিতে ১৫% ছাড়। স্টক সীমিত, এখনই কিনুন!","আজকের অফার: সব জুয়েলারিতে ১৫% ছাড়। স্টক সীমিত, এখনই কিনুন!",0,0,2,1,1,60,10,1,0,1,0,1,20,0,0,0,0,46,0,1.0,0.0,1,0
normal,ভাইয়া ভর্তির জন্য কি বাবার আয়ের সনদ দিতেই হয়??  বলবেন একটু,Bengali,0,0,ভাইয়া ভর্তির জন্য কি বাবার আয়ের সনদ দিতেই হয়??  বলবেন একটু,ভাইয়া ভর্তির জন্য কি বাবার আয়ের সনদ দিতেই হয়?? বলবেন একটু,[],0,0,0,0,0,0,0,0,0,0,0,0,ভাইয়া ভর্তির জন্য কি বাবার আয়ের সনদ দিতেই হয়?? বলবেন একটু,60,0,0,0,0,0,0,0,0,0,0,0,0,0,0,0,0,0,0,0,0,0,0,ভাইয়া ভর্তির জন্য কি বাবার আয়ের সনদ দিতেই হয়??  বলবেন একটু,ভাইয়া ভর্তির জন্য কি বাবার আয়ের সনদ দিতেই হয়?? বলবেন একটু,0,0,0,0,0,60,11,0,2,0,0,0,18,0,0,0,0,48,0,1.0,0.0,1,0
promo,৩০জিবি (বোনাস সহ) ৩০০টাকা ৩০দিন। ডায়াল *১২১*৫২৫৪# বা mygp.li/mo,Bengali,1,1,৩০জিবি (বোনাস সহ) ৩০০টাকা ৩০দিন। ডায়াল *১২১*৫২৫৪# বা mygp.li/mo,৩০জিবি (বোনাস সহ) ৩০০টাকা ৩০দিন। ডায়াল *১২১*৫২৫৪# বা mygp.li/mo,['mygp.li/mo'],1,1,10,10,0,1,0,1,0,0,0,0,৩০জিবি (বোনাস সহ) ৩০০টাকা ৩০দিন। ডায়াল *১২১*৫২৫৪# বা  [URL] ,61,1,10,10,0,1,0,1,0,0,0,0,1,10,10,0,1,0,1,0,0,0,0,৩০জিবি (বোনাস সহ) ৩০০টাকা ৩০দিন। ডায়াল *১২১*৫২৫৪# বা mygp.li/mo,৩০জিবি (বোনাস সহ) ৩০০টাকা ৩০দিন। ডায়াল *১২১*৫২৫৪# বা mygp.li/mo,0,0,14,5,1,64,9,0,0,0,1,0,19,1,1,0,0,40,8,0.8333333333333334,0.16666666666666666,1,1
normal,আমি সব সময় আমার সমস্যার জন্য সমাধান দিতে চাই।,Bengali,0,0,আমি সব সময় আমার সমস্যার জন্য সমাধান দিতে চাই।,আমি সব সময় আমার সমস্যার জন্য সমাধান দিতে চাই।,[],0,0,0,0,0,0,0,0,0,0,0,0,আমি সব সময় আমার সমস্যার জন্য সমাধান দিতে চাই।,46,0,0,0,0,0,0,0,0,0,0,0,0,0,0,0,0,0,0,0,0,0,0,আমি সব সময় আমার সমস্যার জন্য সমাধান দিতে চাই।,আমি সব সময় আমার সমস্যার জন্য সমাধান দিতে চাই।,0,0,0,0,0,46,9,0,0,0,0,0,12,0,0,0,0,37,0,1.0,0.0,1,0
smish,"ফুটবলে বাজি ধরুন এবং ৫,০০০ টাকা ক্যাশব্যাক জিতুন। শুরু করুন: phlebolog.com.ua/libraries/joomla/results.php",Bengali,1,2,"ফুটবলে বাজি ধরুন এবং ৫,০০০ টাকা ক্যাশব্যাক জিতুন। শুরু করুন: phlebolog.com.ua/libraries/joomla/results.php","ফুটবলে বাজি ধরুন এবং ৫,০০০ টাকা ক্যাশব্যাক জিতুন। শুরু করুন: phlebolog.com.ua/libraries/joomla/results.php",['phlebolog.com.ua/libraries/joomla/results.php'],1,1,45,45,0,3,0,3,0,0,0,0,"ফুটবলে বাজি ধরুন এবং ৫,০০০ টাকা ক্যাশব্যাক জিতুন। শুরু করুন:  [URL] ",68,1,45,45,0,3,0,3,0,0,0,0,1,45,45,0,3,0,3,0,0,0,0,"ফুটবলে বাজি ধরুন এবং ৫,০০০ টাকা ক্যাশব্যাক জিতুন। শুরু করুন: phlebolog.com.ua/libraries/joomla/results.php","ফুটবলে বাজি ধরুন এবং ৫,০০০ টাকা ক্যাশব্যাক জিতুন। শুরু করুন: phlebolog.com.ua/libraries/joomla/results.php",0,0,4,1,1,106,11,0,0,1,3,1,26,1,1,0,0,48,39,0.5517241379310345,0.4482758620689655,1,1
promo,নতুন ফ্যাশন কালেকশনে ২০% ডিসকাউন্ট। আজই আসুন!,Bengali,0,1,নতুন ফ্যাশন কালেকশনে ২০% ডিসকাউন্ট। আজই আসুন!,নতুন ফ্যাশন কালেকশনে ২০% ডিসকাউন্ট। আজই আসুন!,[],0,0,0,0,0,0,0,0,0,0,0,0,নতুন ফ্যাশন কালেকশনে ২০% ডিসকাউন্ট। আজই আসুন!,45,0,0,0,0,0,0,0,0,0,0,0,0,0,0,0,0,0,0,0,0,0,0,নতুন ফ্যাশন কালেকশনে ২০% ডিসকাউন্ট। আজই আসুন!,নতুন ফ্যাশন কালেকশনে ২০% ডিসকাউন্ট। আজই আসুন!,0,0,2,1,1,45,7,1,0,0,0,0,13,0,0,0,0,36,0,1.0,0.0,1,0
normal,বারোমাসের বন্ধুদের সঙ্গে আড্ডা দিতে যাচ্ছি।,Bengali,0,0,বারোমাসের বন্ধুদের সঙ্গে আড্ডা দিতে যাচ্ছি।,বারোমাসের বন্ধুদের সঙ্গে আড্ডা দিতে যাচ্ছি।,[],0,0,0,0,0,0,0,0,0,0,0,0,বারোমাসের বন্ধুদের সঙ্গে আড্ডা দিতে যাচ্ছি।,43,0,0,0,0,0,0,0,0,0,0,0,0,0,0,0,0,0,0,0,0,0,0,বারোমাসের বন্ধুদের সঙ্গে আড্ডা দিতে যাচ্ছি।,বারোমাসের বন্ধুদের সঙ্গে আড্ডা দিতে যাচ্ছি।,0,0,0,0,0,43,6,0,0,0,0,0,17,0,0,0,0,37,0,1.0,0.0,1,0
smish,প্রাই মিনিটস লেপটপ স্কিমের আওতায় লেপটপের জন্য আবেদন করুন https://laptop.vkxd.top/?ok=8yYRANEs,Bengali,1,2,প্রাই মিনিটস লেপটপ স্কিমের আওতায় লেপটপের জন্য আবেদন করুন https://laptop.vkxd.top/?ok=8yYRANEs,প্রাই মিনিটস লেপটপ স্কিমের আওতায় লেপটপের জন্য আবেদন করুন https://laptop.vkxd.top/?ok=8yYRANEs,['https://laptop.vkxd.top/?ok=8yYRANEs'],1,1,36,36,1,2,0,3,1,0,0,0,প্রাই মিনিটস লেপটপ স্কিমের আওতায় লেপটপের জন্য আবেদন করুন  [URL] ,65,1,36,36,1,2,0,3,1,0,0,0,1,36,36,1,2,0,3,1,0,0,0,প্রাই মিনিটস লেপটপ স্কিমের আওতায় লেপটপের জন্য আবেদন করুন https://laptop.vkxd.top/?ok=8yYRANEs,প্রাই মিনিটস লেপটপ স্কিমের আওতায় লেপটপের জন্য আবেদন করুন https://laptop.vkxd.top/?ok=8yYRANEs,0,0,1,1,1,94,10,0,1,0,2,1,23,0,0,0,0,49,27,0.6447368421052632,0.35526315789473684,1,1
smish,আপনি ৪ ভরি সোনা জিতেছেন! বিস্তারিত জানতে কল করুন: +8801719900112,Bengali,0,2,আপনি ৪ ভরি সোনা জিতেছেন! বিস্তারিত জানতে কল করুন: +8801719900112,আপনি ৪ ভরি সোনা জিতেছেন! বিস্তারিত জানতে কল করুন: +8801719900112,[],0,0,0,0,0,0,0,0,0,0,0,0,আপনি ৪ ভরি সোনা জিতেছেন! বিস্তারিত জানতে কল করুন: +8801719900112,64,0,0,0,0,0,0,0,0,0,0,0,0,0,0,0,0,0,0,0,0,0,0,আপনি ৪ ভরি সোনা জিতেছেন! বিস্তারিত জানতে কল করুন: +8801719900112,আপনি ৪ ভরি সোনা জিতেছেন! বিস্তারিত জানতে কল করুন: +8801719900112,1,1,14,2,1,64,10,1,0,0,0,1,17,0,0,0,0,39,0,1.0,0.0,1,0
normal,"আপনার প্যাকেজের ডেলিভারি আজ হবে, ০১৯৮৭৬৫৪৩২১ এই নাম্বারে কল করুন আরও তথ্যের জন্য।",Bengali,0,0,"আপনার প্যাকেজের ডেলিভারি আজ হবে, ০১৯৮৭৬৫৪৩২১ এই নাম্বারে কল করুন আরও তথ্যের জন্য।","আপনার প্যাকেজের ডেলিভারি আজ হবে, ০১৯৮৭৬৫৪৩২১ এই নাম্বারে কল করুন আরও তথ্যের জন্য।",[],0,0,0,0,0,0,0,0,0,0,0,0,"আপনার প্যাকেজের ডেলিভারি আজ হবে, ০১৯৮৭৬৫৪৩২১ এই নাম্বারে কল করুন আরও তথ্যের জন্য।",81,0,0,0,0,0,0,0,0,0,0,0,0,0,0,0,0,0,0,0,0,0,0,"আপনার প্যাকেজের ডেলিভারি আজ হবে, ০১৯৮৭৬৫৪৩২১ এই নাম্বারে কল করুন আরও তথ্যের জন্য।","আপনার প্যাকেজের ডেলিভারি আজ হবে, ০১৯৮৭৬৫৪৩২১ এই নাম্বারে কল করুন আরও তথ্যের জন্য।",0,0,11,1,1,81,13,0,0,1,0,0,20,0,0,0,0,67,0,1.0,0.0,1,0
promo,"ডাটা মিক্সারে করো পকেট সেভিং, নাও ৬০জিবি@ ৳৫৬৯,৩০দিন: cutt.ly/HwQzEu9E",Bengali,1,1,"ডাটা মিক্সারে করো পকেট সেভিং, নাও ৬০জিবি@ ৳৫৬৯,৩০দিন: cutt.ly/HwQzEu9E","ডাটা মিক্সারে করো পকেট সেভিং, নাও ৬০জিবি@ ৳৫৬৯,৩০দিন: cutt.ly/HwQzEu9E",['cutt.ly/HwQzEu9E'],1,1,16,16,1,1,0,1,0,0,0,1,"ডাটা মিক্সারে করো পকেট সেভিং, নাও ৬০জিবি@ ৳৫৬৯,৩০দিন:  [URL] ",61,1,16,16,1,1,0,1,0,0,0,1,1,16,16,1,1,0,1,0,0,0,1,"ডাটা মিক্সারে করো পকেট সেভিং, নাও ৬০জিবি@ ৳৫৬৯,৩০দিন: cutt.ly/HwQzEu9E","ডাটা মিক্সারে করো পকেট সেভিং, নাও ৬০জিবি@ ৳৫৬৯,৩০দিন: cutt.ly/HwQzEu9E",0,0,8,3,1,70,9,0,0,2,1,1,22,1,1,0,0,42,13,0.7636363636363637,0.23636363636363636,1,1
smish,আপনার পাসপোর্ট রিনিউ করার সময় হয়েছে। এখনই আবেদন: renew-passport.tk,Bengali,1,2,আপনার পাসপোর্ট রিনিউ করার সময় হয়েছে। এখনই আবেদন: renew-passport.tk,আপনার পাসপোর্ট রিনিউ করার সময় হয়েছে। এখনই আবেদন: renew-passport.tk,['renew-passport.tk'],1,1,17,17,0,1,1,0,0,0,0,0,আপনার পাসপোর্ট রিনিউ করার সময় হয়েছে। এখনই আবেদন:  [URL] ,58,1,17,17,0,1,1,0,0,0,0,0,1,17,17,0,1,1,0,0,0,0,0,আপনার পাসপোর্ট রিনিউ করার সময় হয়েছে। এখনই আবেদন: renew-passport.tk,আপনার পাসপোর্ট রিনিউ করার সময় হয়েছে। এখনই আবেদন: renew-passport.tk,0,0,0,0,0,68,9,0,0,0,1,1,16,1,1,0,0,41,15,0.7321428571428571,0.26785714285714285,1,1
smish,শাকিবের সাথে ফ্রি ম্যাচ টিকিট জিততে ক্রিকেটে বাজি ধরুন! শুরু করুন: promusic.co/components/interbank.com/,Bengali,1,2,শাকিবের সাথে ফ্রি ম্যাচ টিকিট জিততে ক্রিকেটে বাজি ধরুন! শুরু করুন: promusic.co/components/interbank.com/,শাকিবের সাথে ফ্রি ম্যাচ টিকিট জিততে ক্রিকেটে বাজি ধরুন! শুরু করুন: promusic.co/components/interbank.com/,['promusic.co/components/interbank.com/'],1,1,37,37,0,2,0,3,0,0,0,0,শাকিবের সাথে ফ্রি ম্যাচ টিকিট জিততে ক্রিকেটে বাজি ধরুন! শুরু করুন:  [URL] ,74,1,37,37,0,2,0,3,0,0,0,0,1,37,37,0,2,0,3,0,0,0,0,শাকিবের সাথে ফ্রি ম্যাচ টিকিট জিততে ক্রিকেটে বাজি ধরুন! শুরু করুন: promusic.co/components/interbank.com/,শাকিবের সাথে ফ্রি ম্যাচ টিকিট জিততে ক্রিকেটে বাজি ধরুন! শুরু করুন: promusic.co/components/interbank.com/,0,0,0,0,0,104,12,1,0,0,2,1,30,0,0,0,0,54,32,0.627906976744186,0.37209302325581395,1,1
smish,"আপনার জমি বিক্রির টাকা জমা হয়েছে, কল করুন: +8801816677889",Bengali,0,2,"আপনার জমি বিক্রির টাকা জমা হয়েছে, কল করুন: +8801816677889","আপনার জমি বিক্রির টাকা জমা হয়েছে, কল করুন: +8801816677889",[],0,0,0,0,0,0,0,0,0,0,0,0,"আপনার জমি বিক্রির টাকা জমা হয়েছে, কল করুন: +8801816677889",58,0,0,0,0,0,0,0,0,0,0,0,0,0,0,0,0,0,0,0,0,0,0,"আপনার জমি বিক্রির টাকা জমা হয়েছে, কল করুন: +8801816677889","আপনার জমি বিক্রির টাকা জমা হয়েছে, কল করুন: +8801816677889",1,1,13,1,1,58,9,0,0,1,0,1,15,1,1,0,0,34,0,1.0,0.0,1,0
normal,মেসেঞ্জার গ্রুপে পোল দিলে তো হয়। সবাই কি নেই ওই গ্রুপে?,Bengali,0,0,মেসেঞ্জার গ্রুপে পোল দিলে তো হয়। সবাই কি নেই ওই গ্রুপে?,মেসেঞ্জার গ্রুপে পোল দিলে তো হয়। সবাই কি নেই ওই গ্রুপে?,[],0,0,0,0,0,0,0,0,0,0,0,0,মেসেঞ্জার গ্রুপে পোল দিলে তো হয়। সবাই কি নেই ওই গ্রুপে?,56,0,0,0,0,0,0,0,0,0,0,0,0,0,0,0,0,0,0,0,0,0,0,মেসেঞ্জার গ্রুপে পোল দিলে তো হয়। সবাই কি নেই ওই গ্রুপে?,মেসেঞ্জার গ্রুপে পোল দিলে তো হয়। সবাই কি নেই ওই গ্রুপে?,0,0,0,0,0,56,11,0,1,0,0,0,20,0,0,0,0,44,0,1.0,0.0,1,0
normal,আজ বিকেলে রাস্তায় হাঁটতে গিয়েছিলাম। বাতাসটা ঠাণ্ডা ও মনোরম ছিল।,Bengali,0,0,আজ বিকেলে রাস্তায় হাঁটতে গিয়েছিলাম। বাতাসটা ঠাণ্ডা ও মনোরম ছিল।,আজ বিকেলে রাস্তায় হাঁটতে গিয়েছিলাম। বাতাসটা ঠাণ্ডা ও মনোরম ছিল।,[],0,0,0,0,0,0,0,0,0,0,0,0,আজ বিকেলে রাস্তায় হাঁটতে গিয়েছিলাম। বাতাসটা ঠাণ্ডা ও মনোরম ছিল।,65,0,0,0,0,0,0,0,0,0,0,0,0,0,0,0,0,0,0,0,0,0,0,আজ বিকেলে রাস্তায় হাঁটতে গিয়েছিলাম। বাতাসটা ঠাণ্ডা ও মনোরম ছিল।,আজ বিকেলে রাস্তায় হাঁটতে গিয়েছিলাম। বাতাসটা ঠাণ্ডা ও মনোরম ছিল।,0,0,0,0,0,65,10,0,0,0,0,0,25,0,0,0,0,54,0,1.0,0.0,1,0
smish,বাংলাদেশ ব্যাংক থেকে জরুরি বার্তা। বিস্তারিত জানতে এখানে ক্লিক করুন: https://wa.me/8801916677889,Bengali,1,2,বাংলাদেশ ব্যাংক থেকে জরুরি বার্তা। বিস্তারিত জানতে এখানে ক্লিক করুন: https://wa.me/8801916677889,বাংলাদেশ ব্যাংক থেকে জরুরি বার্তা। বিস্তারিত জানতে এখানে ক্লিক করুন: https://wa.me/8801916677889,['https://wa.me/8801916677889'],1,1,27,27,13,1,0,3,1,0,0,0,বাংলাদেশ ব্যাংক থেকে জরুরি বার্তা। বিস্তারিত জানতে এখানে ক্লিক করুন:  [URL] ,76,1,27,27,13,1,0,3,1,0,0,0,1,27,27,13,1,0,3,1,0,0,0,বাংলাদেশ ব্যাংক থেকে জরুরি বার্তা। বিস্তারিত জানতে এখানে ক্লিক করুন: https://wa.me/8801916677889,বাংলাদেশ ব্যাংক থেকে জরুরি বার্তা। বিস্তারিত জানতে এখানে ক্লিক করুন: https://wa.me/8801916677889,1,1,13,1,1,96,11,0,0,0,1,2,32,0,0,0,0,57,9,0.8636363636363636,0.13636363636363635,1,1
normal,আমি একটি বার্তা পাচ্ছি এই যা কোন আপনি হল এই যা পেলাম এই যা সমাধান দেয় এই যা অন্য একটি সমাধান দেয়।,Bengali,0,0,আমি একটি বার্তা পাচ্ছি এই যা কোন আপনি হল এই যা পেলাম এই যা সমাধান দেয় এই যা অন্য একটি সমাধান দেয়।,আমি একটি বার্তা পাচ্ছি এই যা কোন আপনি হল এই যা পেলাম এই যা সমাধান দেয় এই যা অন্য একটি সমাধান দেয়।,[],0,0,0,0,0,0,0,0,0,0,0,0,আমি একটি বার্তা পাচ্ছি এই যা কোন আপনি হল এই যা পেলাম এই যা সমাধান দেয় এই যা অন্য একটি সমাধান দেয়।,99,0,0,0,0,0,0,0,0,0,0,0,0,0,0,0,0,0,0,0,0,0,0,আমি একটি বার্তা পাচ্ছি এই যা কোন আপনি হল এই যা পেলাম এই যা সমাধান দেয় এই যা অন্য একটি সমাধান দেয়।,আমি একটি বার্তা পাচ্ছি এই যা কোন আপনি হল এই যা পেলাম এই যা সমাধান দেয় এই যা অন্য একটি সমাধান দেয়।,0,0,0,0,0,99,22,0,0,0,0,0,27,0,0,0,0,77,0,1.0,0.0,1,0
smish,বাংলাদেশ ব্যাংক অ্যাকাউন্ট আপডেট করতে এখানে ক্লিক করুন: https://wa.me/8801915566778,Bengali,1,2,বাংলাদেশ ব্যাংক অ্যাকাউন্ট আপডেট করতে এখানে ক্লিক করুন: https://wa.me/8801915566778,বাংলাদেশ ব্যাংক অ্যাকাউন্ট আপডেট করতে এখানে ক্লিক করুন: https://wa.me/8801915566778,['https://wa.me/8801915566778'],1,1,27,27,13,1,0,3,1,0,0,0,বাংলাদেশ ব্যাংক অ্যাকাউন্ট আপডেট করতে এখানে ক্লিক করুন:  [URL] ,63,1,27,27,13,1,0,3,1,0,0,0,1,27,27,13,1,0,3,1,0,0,0,বাংলাদেশ ব্যাংক অ্যাকাউন্ট আপডেট করতে এখানে ক্লিক করুন: https://wa.me/8801915566778,বাংলাদেশ ব্যাংক অ্যাকাউন্ট আপডেট করতে এখানে ক্লিক করুন: https://wa.me/8801915566778,1,1,13,1,1,83,9,0,0,0,1,2,24,0,0,1,1,47,9,0.8392857142857143,0.16071428571428573,1,1
smish,মেধাবী ছাত্রছাত্রীদের জন্য শিক্ষাবৃত্তির সুবিধা ও অভিজ্ঞ ডাক্তারের সাথে সরাসরি ফ্রি পরামর্শসহ বছরে ৳১৯০০০০ হেলথ কভারেজের সাথে হেলথ প্লাসের অন্যান্ন সুবিধা পেতে START RP লিখে পাঠিয়ে দিন 28477.,Bengali,0,2,মেধাবী ছাত্রছাত্রীদের জন্য শিক্ষাবৃত্তির সুবিধা ও অভিজ্ঞ ডাক্তারের সাথে সরাসরি ফ্রি পরামর্শসহ বছরে ৳১৯০০০০ হেলথ কভারেজের সাথে হেলথ প্লাসের অন্যান্ন সুবিধা পেতে START RP লিখে পাঠিয়ে দিন 28477.,মেধাবী ছাত্রছাত্রীদের জন্য শিক্ষাবৃত্তির সুবিধা ও অভিজ্ঞ ডাক্তারের সাথে সরাসরি ফ্রি পরামর্শসহ বছরে ৳১৯০০০০ হেলথ কভারেজের সাথে হেলথ প্লাসের অন্যান্ন সুবিধা পেতে START RP লিখে পাঠিয়ে দিন 28477.,[],0,0,0,0,0,0,0,0,0,0,0,0,মেধাবী ছাত্রছাত্রীদের জন্য শিক্ষাবৃত্তির সুবিধা ও অভিজ্ঞ ডাক্তারের সাথে সরাসরি ফ্রি পরামর্শসহ বছরে ৳১৯০০০০ হেলথ কভারেজের সাথে হেলথ প্লাসের অন্যান্ন সুবিধা পেতে START RP লিখে পাঠিয়ে দিন 28477.,192,0,0,0,0,0,0,0,0,0,0,0,0,0,0,0,0,0,0,0,0,0,0,মেধাবী ছাত্রছাত্রীদের জন্য শিক্ষাবৃত্তির সুবিধা ও অভিজ্ঞ ডাক্তারের সাথে সরাসরি ফ্রি পরামর্শসহ বছরে ৳১৯০০০০ হেলথ কভারেজের সাথে হেলথ প্লাসের অন্যান্ন সুবিধা পেতে START RP লিখে পাঠিয়ে দিন 28477.,মেধাবী ছাত্রছাত্রীদের জন্য শিক্ষাবৃত্তির সুবিধা ও অভিজ্ঞ ডাক্তারের সাথে সরাসরি ফ্রি পরামর্শসহ বছরে ৳১৯০০০০ হেলথ কভারেজের সাথে হেলথ প্লাসের অন্যান্ন সুবিধা পেতে START RP লিখে পাঠিয়ে দিন 28477.,0,0,11,2,1,192,28,0,0,0,1,0,61,1,1,0,0,152,7,0.9559748427672956,0.0440251572327044,1,1
normal,"খালা, আজ আপনার ছেলের বিয়ের দাওয়াত। কয়টায় যেতে হবে?",Bengali,0,0,"খালা, আজ আপনার ছেলের বিয়ের দাওয়াত। কয়টায় যেতে হবে?","খালা, আজ আপনার ছেলের বিয়ের দাওয়াত। কয়টায় যেতে হবে?",[],0,0,0,0,0,0,0,0,0,0,0,0,"খালা, আজ আপনার ছেলের বিয়ের দাওয়াত। কয়টায় যেতে হবে?",54,0,0,0,0,0,0,0,0,0,0,0,0,0,0,0,0,0,0,0,0,0,0,"খালা, আজ আপনার ছেলের বিয়ের দাওয়াত। কয়টায় যেতে হবে?","খালা, আজ আপনার ছেলের বিয়ের দাওয়াত। কয়টায় যেতে হবে?",0,0,0,0,0,54,9,0,1,1,0,0,20,0,0,0,0,43,0,1.0,0.0,1,0
smish,আপনার টিএন্টি মোবাইল ব্যাংকিং একাউন্ট হ্যাক! তাড়াতাড়ি সুরক্ষিত করুন: secure-tnt.cf,Bengali,1,2,আপনার টিএন্টি মোবাইল ব্যাংকিং একাউন্ট হ্যাক! তাড়াতাড়ি সুরক্ষিত করুন: secure-tnt.cf,আপনার টিএন্টি মোবাইল ব্যাংকিং একাউন্ট হ্যাক! তাড়াতাড়ি সুরক্ষিত করুন: secure-tnt.cf,['secure-tnt.cf'],1,1,13,13,0,1,1,0,0,0,0,0,আপনার টিএন্টি মোবাইল ব্যাংকিং একাউন্ট হ্যাক! তাড়াতাড়ি সুরক্ষিত করুন:  [URL] ,78,1,13,13,0,1,1,0,0,0,0,0,1,13,13,0,1,1,0,0,0,0,0,আপনার টিএন্টি মোবাইল ব্যাংকিং একাউন্ট হ্যাক! তাড়াতাড়ি সুরক্ষিত করুন: secure-tnt.cf,আপনার টিএন্টি মোবাইল ব্যাংকিং একাউন্ট হ্যাক! তাড়াতাড়ি সুরক্ষিত করুন: secure-tnt.cf,0,0,0,0,0,84,10,1,0,0,1,1,29,0,0,0,0,60,11,0.8450704225352113,0.15492957746478872,1,1
smish,আপনার পরিচয় নিশ্চিত করতে হবে। এখানে ক্লিক করুন: [identityverify.com/VerifyBD],Bengali,1,2,আপনার পরিচয় নিশ্চিত করতে হবে। এখানে ক্লিক করুন: [identityverify.com/VerifyBD],আপনার পরিচয় নিশ্চিত করতে হবে। এখানে ক্লিক করুন: [identityverify.com/VerifyBD],['identityverify.com/VerifyBD'],1,1,27,27,0,1,0,1,0,0,0,0,আপনার পরিচয় নিশ্চিত করতে হবে। এখানে ক্লিক করুন: [ [URL] ],58,1,27,27,0,1,0,1,0,0,0,0,1,27,27,0,1,0,1,0,0,0,0,আপনার পরিচয় নিশ্চিত করতে হবে। এখানে ক্লিক করুন: [identityverify.com/VerifyBD],আপনার পরিচয় নিশ্চিত করতে হবে। এখানে ক্লিক করুন: [identityverify.com/VerifyBD],0,0,0,0,0,78,9,0,0,0,1,1,19,0,0,1,1,39,25,0.609375,0.390625,1,1
smish,বাংলাদেশ ব্যাংক থেকে জরুরি বার্তা। কল করুন: +8801911011023,Bengali,0,2,বাংলাদেশ ব্যাংক থেকে জরুরি বার্তা। কল করুন: +8801911011023,বাংলাদেশ ব্যাংক থেকে জরুরি বার্তা। কল করুন: +8801911011023,[],0,0,0,0,0,0,0,0,0,0,0,0,বাংলাদেশ ব্যাংক থেকে জরুরি বার্তা। কল করুন: +8801911011023,58,0,0,0,0,0,0,0,0,0,0,0,0,0,0,0,0,0,0,0,0,0,0,বাংলাদেশ ব্যাংক থেকে জরুরি বার্তা। কল করুন: +8801911011023,বাংলাদেশ ব্যাংক থেকে জরুরি বার্তা। কল করুন: +8801911011023,1,1,13,1,1,58,8,0,0,0,0,1,18,0,0,0,0,35,0,1.0,0.0,1,0
promo,GP App দিয়ে প্রথমবার রিচার্জে পাচ্ছেন ৫০ টাকা বোনাস। আজই চেষ্টা করুন।,Bengali,0,1,GP App দিয়ে প্রথমবার রিচার্জে পাচ্ছেন ৫০ টাকা বোনাস। আজই চেষ্টা করুন।,GP App দিয়ে প্রথমবার রিচার্জে পাচ্ছেন ৫০ টাকা বোনাস। আজই চেষ্টা করুন।,[],0,0,0,0,0,0,0,0,0,0,0,0,GP App দিয়ে প্রথমবার রিচার্জে পাচ্ছেন ৫০ টাকা বোনাস। আজই চেষ্টা করুন।,70,0,0,0,0,0,0,0,0,0,0,0,0,0,0,0,0,0,0,0,0,0,0,GP App দিয়ে প্রথমবার রিচার্জে পাচ্ছেন ৫০ টাকা বোনাস। আজই চেষ্টা করুন।,GP App দিয়ে প্রথমবার রিচার্জে পাচ্ছেন ৫০ টাকা বোনাস। আজই চেষ্টা করুন।,0,0,2,1,1,70,12,0,0,0,0,0,22,1,1,0,0,52,5,0.9122807017543859,0.08771929824561403,1,1
smish,ইউরোপীয় চ্যাম্পিয়নশিপে বাজি ধরুন এবং একটি বিলাসবহুল হোটেল বুকিং জিতুন। ক্লিক করুন: super1000.info/docs,Bengali,1,2,ইউরোপীয় চ্যাম্পিয়নশিপে বাজি ধরুন এবং একটি বিলাসবহুল হোটেল বুকিং জিতুন। ক্লিক করুন: super1000.info/docs,ইউরোপীয় চ্যাম্পিয়নশিপে বাজি ধরুন এবং একটি বিলাসবহুল হোটেল বুকিং জিতুন। ক্লিক করুন: super1000.info/docs,['super1000.info/docs'],1,1,19,19,4,1,0,1,0,0,0,0,ইউরোপীয় চ্যাম্পিয়নশিপে বাজি ধরুন এবং একটি বিলাসবহুল হোটেল বুকিং জিতুন। ক্লিক করুন:  [URL] ,92,1,19,19,4,1,0,1,0,0,0,0,1,19,19,4,1,0,1,0,0,0,0,ইউরোপীয় চ্যাম্পিয়নশিপে বাজি ধরুন এবং একটি বিলাসবহুল হোটেল বুকিং জিতুন। ক্লিক করুন: super1000.info/docs,ইউরোপীয় চ্যাম্পিয়নশিপে বাজি ধরুন এবং একটি বিলাসবহুল হোটেল বুকিং জিতুন। ক্লিক করুন: super1000.info/docs,0,0,4,1,1,104,13,0,0,0,1,1,32,0,0,0,0,71,13,0.8452380952380952,0.15476190476190477,1,1
smish,"ডাচ্-বাংলা ব্যাংক থেকে একটি জরুরি নোটিশ: আপনার কার্ড সীমা ১,৫০,০০০ টাকা ফাঁস হয়েছে। এটি বন্ধ করতে www.dbbl-safe-bd.com এ লগইন করুন।",Bengali,1,2,"ডাচ্-বাংলা ব্যাংক থেকে একটি জরুরি নোটিশ: আপনার কার্ড সীমা ১,৫০,০০০ টাকা ফাঁস হয়েছে। এটি বন্ধ করতে www.dbbl-safe-bd.com এ লগইন করুন।","ডাচ্-বাংলা ব্যাংক থেকে একটি জরুরি নোটিশ: আপনার কার্ড সীমা ১,৫০,০০০ টাকা ফাঁস হয়েছে। এটি বন্ধ করতে www.dbbl-safe-bd.com এ লগইন করুন।","['www.', 'dbbl-safe-bd.com']",2,2,20,16,0,2,2,0,0,0,0,0,"ডাচ্-বাংলা ব্যাংক থেকে একটি জরুরি নোটিশ: আপনার কার্ড সীমা ১,৫০,০০০ টাকা ফাঁস হয়েছে। এটি বন্ধ করতে  [URL]  [URL]  এ লগইন করুন।",126,2,20,16,0,2,2,0,0,0,0,0,2,20,16,0,2,2,0,0,0,0,0,"ডাচ্-বাংলা ব্যাংক থেকে একটি জরুরি নোটিশ: আপনার কার্ড সীমা ১,৫০,০০০ টাকা ফাঁস হয়েছে। এটি বন্ধ করতে www.dbbl-safe-bd.com এ লগইন করুন।","ডাচ্-বাংলা ব্যাংক থেকে একটি জরুরি নোটিশ: আপনার কার্ড সীমা ১,৫০,০০০ টাকা ফাঁস হয়েছে। এটি বন্ধ করতে www.dbbl-safe-bd.com এ লগইন করুন।",0,0,6,2,1,132,20,0,0,2,2,1,41,1,1,0,0,87,16,0.8446601941747572,0.1553398058252427,1,1
smish,"প্রাপ্ত পরিমাণ 2.221 বিটকয়েন BTC ($18,421 USD) অনুগ্রহ করে লেনদেন নিশ্চিত করুন: http://bit.do/Coinbase432194-53242",Bengali,1,2,"প্রাপ্ত পরিমাণ 2.221 বিটকয়েন BTC ($18,421 USD) অনুগ্রহ করে লেনদেন নিশ্চিত করুন: http://bit.do/Coinbase432194-53242","প্রাপ্ত পরিমাণ 2.221 বিটকয়েন BTC ($18,421 USD) অনুগ্রহ করে লেনদেন নিশ্চিত করুন: http://bit.do/Coinbase432194-53242",['http://bit.do/Coinbase432194-53242'],1,1,34,34,11,1,1,3,0,0,0,0,"প্রাপ্ত পরিমাণ 2.221 বিটকয়েন BTC ($18,421 USD) অনুগ্রহ করে লেনদেন নিশ্চিত করুন:  [URL] ",88,1,34,34,11,1,1,3,0,0,0,0,1,34,34,11,1,1,3,0,0,0,0,"প্রাপ্ত পরিমাণ 2.221 বিটকয়েন BTC ($18,421 USD) অনুগ্রহ করে লেনদেন নিশ্চিত করুন: http://bit.do/Coinbase432194-53242","প্রাপ্ত পরিমাণ 2.221 বিটকয়েন BTC ($18,421 USD) অনুগ্রহ করে লেনদেন নিশ্চিত করুন: http://bit.do/Coinbase432194-53242",0,0,20,4,1,115,13,0,0,1,2,2,29,2,1,0,0,48,23,0.676056338028169,0.323943661971831,1,1
smish,আইপিএল ফাইনালে বাজি ধরুন এবং ১ কোটি টাকা জিতুন। এখনই শুরু করুন: smilesvoegol.servebbs.org/voegol.php,Bengali,1,2,আইপিএল ফাইনালে বাজি ধরুন এবং ১ কোটি টাকা জিতুন। এখনই শুরু করুন: smilesvoegol.servebbs.org/voegol.php,আইপিএল ফাইনালে বাজি ধরুন এবং ১ কোটি টাকা জিতুন। এখনই শুরু করুন: smilesvoegol.servebbs.org/voegol.php,['smilesvoegol.servebbs.org/voegol.php'],1,1,36,36,0,3,0,1,0,0,0,0,আইপিএল ফাইনালে বাজি ধরুন এবং ১ কোটি টাকা জিতুন। এখনই শুরু করুন:  [URL] ,71,1,36,36,0,3,0,1,0,0,0,0,1,36,36,0,3,0,1,0,0,0,0,আইপিএল ফাইনালে বাজি ধরুন এবং ১ কোটি টাকা জিতুন। এখনই শুরু করুন: smilesvoegol.servebbs.org/voegol.php,আইপিএল ফাইনালে বাজি ধরুন এবং ১ কোটি টাকা জিতুন। এখনই শুরু করুন: smilesvoegol.servebbs.org/voegol.php,0,0,1,1,1,100,13,0,0,0,3,1,23,1,1,0,0,50,32,0.6097560975609756,0.3902439024390244,1,1
normal,হাই!,Bengali,0,0,হাই!,হাই!,[],0,0,0,0,0,0,0,0,0,0,0,0,হাই!,4,0,0,0,0,0,0,0,0,0,0,0,0,0,0,0,0,0,0,0,0,0,0,হাই!,হাই!,0,0,0,0,0,4,1,1,0,0,0,0,2,0,0,0,0,3,0,1.0,0.0,1,0
normal,"বাবা, আমি নতুন জায়গায় ভালো আছি। চিন্তা করবেন না।",Bengali,0,0,"বাবা, আমি নতুন জায়গায় ভালো আছি। চিন্তা করবেন না।","বাবা, আমি নতুন জায়গায় ভালো আছি। চিন্তা করবেন না।",[],0,0,0,0,0,0,0,0,0,0,0,0,"বাবা, আমি নতুন জায়গায় ভালো আছি। চিন্তা করবেন না।",50,0,0,0,0,0,0,0,0,0,0,0,0,0,0,0,0,0,0,0,0,0,0,"বাবা, আমি নতুন জায়গায় ভালো আছি। চিন্তা করবেন না।","বাবা, আমি নতুন জায়গায় ভালো আছি। চিন্তা করবেন না।",0,0,0,0,0,50,9,0,0,1,0,0,19,0,0,0,0,39,0,1.0,0.0,1,0
smish,"প্রিয় গ্রাহক, কলকাতা TS ATM.Txn# S32131611-20191005-এ 31-12-2019 তারিখে A/cXXXXX থেকে 25000 টাকা তোলা হয়েছে৷ আপনার দ্বারা না করা হলে, আপনার কার্ড ব্লক করতে নিবন্ধিত মোবাইল নম্বর থেকে এই এসএমএসটি 7679786941 এ ফরোয়ার্ড করুন বা অবিলম্বে 7029892098 -স্টেট ব্যাঙ্ক অফ ইন্ডিয়াতে কল করুন",Bengali,1,2,"প্রিয় গ্রাহক, কলকাতা TS ATM.Txn# S32131611-20191005-এ 31-12-2019 তারিখে A/cXXXXX থেকে 25000 টাকা তোলা হয়েছে৷ আপনার দ্বারা না করা হলে, আপনার কার্ড ব্লক করতে নিবন্ধিত মোবাইল নম্বর থেকে এই এসএমএসটি 7679786941 এ ফরোয়ার্ড করুন বা অবিলম্বে 7029892098 -স্টেট ব্যাঙ্ক অফ ইন্ডিয়াতে কল করুন","প্রিয় গ্রাহক, কলকাতা TS ATM.Txn# S32131611-20191005-এ 31-12-2019 তারিখে A/cXXXXX থেকে 25000 টাকা তোলা হয়েছে। আপনার দ্বারা না করা হলে, আপনার কার্ড ব্লক করতে নিবন্ধিত মোবাইল নম্বর থেকে এই এসএমএসটি 7679786941 এ ফরোয়ার্ড করুন বা অবিলম্বে 7029892098 -স্টেট ব্যাঙ্ক অফ ইন্ডিয়াতে কল করুন",['ATM.Txn'],1,1,7,7,0,1,0,0,0,0,0,0,"প্রিয় গ্রাহক, কলকাতা TS  [URL] # S32131611-20191005-এ 31-12-2019 তারিখে A/cXXXXX থেকে 25000 টাকা তোলা হয়েছে। আপনার দ্বারা না করা হলে, আপনার কার্ড ব্লক করতে নিবন্ধিত মোবাইল নম্বর থেকে এই এসএমএসটি 7679786941 এ ফরোয়ার্ড করুন বা অবিলম্বে 7029892098 -স্টেট ব্যাঙ্ক অফ ইন্ডিয়াতে কল করুন",284,1,7,7,0,1,0,0,0,0,0,0,1,7,7,0,1,0,0,0,0,0,0,"প্রিয় গ্রাহক, কলকাতা TS ATM.Txn# S32131611-20191005-এ 31-12-2019 তারিখে A/cXXXXX থেকে 25000 টাকা তোলা হয়েছে৷ আপনার দ্বারা না করা হলে, আপনার কার্ড ব্লক করতে নিবন্ধিত মোবাইল নম্বর থেকে এই এসএমএসটি 7679786941 এ ফরোয়ার্ড করুন বা অবিলম্বে 7029892098 -স্টেট ব্যাঙ্ক অফ ইন্ডিয়াতে কল করুন","প্রিয় গ্রাহক, কলকাতা TS ATM.Txn# S32131611-20191005-এ 31-12-2019 তারিখে A/cXXXXX থেকে 25000 টাকা তোলা হয়েছে৷ আপনার দ্বারা না করা হলে, আপনার কার্ড ব্লক করতে নিবন্ধিত মোবাইল নম্বর থেকে এই এসএমএসটি 7679786941 এ ফরোয়ার্ড করুন বা অবিলম্বে 7029892098 -স্টেট ব্যাঙ্ক অফ ইন্ডিয়াতে কল করুন",0,0,49,8,1,284,42,0,0,2,1,0,70,1,1,0,0,168,16,0.9130434782608695,0.08695652173913043,1,1
normal,আশা করি তোমার সমস্ত ইচ্ছা পূরণ হোক!,Bengali,0,0,আশা করি তোমার সমস্ত ইচ্ছা পূরণ হোক!,আশা করি তোমার সমস্ত ইচ্ছা পূরণ হোক!,[],0,0,0,0,0,0,0,0,0,0,0,0,আশা করি তোমার সমস্ত ইচ্ছা পূরণ হোক!,35,0,0,0,0,0,0,0,0,0,0,0,0,0,0,0,0,0,0,0,0,0,0,আশা করি তোমার সমস্ত ইচ্ছা পূরণ হোক!,আশা করি তোমার সমস্ত ইচ্ছা পূরণ হোক!,0,0,0,0,0,35,7,1,0,0,0,0,10,0,0,0,0,28,0,1.0,0.0,1,0
smish,"৮,০০০ টাকা বিনিয়োগে ২৪,০০০ টাকা পান! কল করুন: +8801919900112",Bengali,0,2,"৮,০০০ টাকা বিনিয়োগে ২৪,০০০ টাকা পান! কল করুন: +8801919900112","৮,০০০ টাকা বিনিয়োগে ২৪,০০০ টাকা পান! কল করুন: +8801919900112",[],0,0,0,0,0,0,0,0,0,0,0,0,"৮,০০০ টাকা বিনিয়োগে ২৪,০০০ টাকা পান! কল করুন: +8801919900112",61,0,0,0,0,0,0,0,0,0,0,0,0,0,0,0,0,0,0,0,0,0,0,"৮,০০০ টাকা বিনিয়োগে ২৪,০০০ টাকা পান! কল করুন: +8801919900112","৮,০০০ টাকা বিনিয়োগে ২৪,০০০ টাকা পান! কল করুন: +8801919900112",1,1,22,3,1,61,9,1,0,2,0,1,16,2,1,0,0,35,0,1.0,0.0,1,0
normal,"তুমি কি কালকে ফ্রি আছো? একসাথে নিউ মার্কেট ঘুরতে যাই, কয়েকটা বই কিনতে চাই।",Bengali,0,0,"তুমি কি কালকে ফ্রি আছো? একসাথে নিউ মার্কেট ঘুরতে যাই, কয়েকটা বই কিনতে চাই।","তুমি কি কালকে ফ্রি আছো? একসাথে নিউ মার্কেট ঘুরতে যাই, কয়েকটা বই কিনতে চাই।",[],0,0,0,0,0,0,0,0,0,0,0,0,"তুমি কি কালকে ফ্রি আছো? একসাথে নিউ মার্কেট ঘুরতে যাই, কয়েকটা বই কিনতে চাই।",75,0,0,0,0,0,0,0,0,0,0,0,0,0,0,0,0,0,0,0,0,0,0,"তুমি কি কালকে ফ্রি আছো? একসাথে নিউ মার্কেট ঘুরতে যাই, কয়েকটা বই কিনতে চাই।","তুমি কি কালকে ফ্রি আছো? একসাথে নিউ মার্কেট ঘুরতে যাই, কয়েকটা বই কিনতে চাই।",0,0,0,0,0,75,14,0,1,1,0,0,26,0,0,0,0,59,0,1.0,0.0,1,0
normal,শুভ লক্ষ্মী পূজা!,Bengali,0,0,শুভ লক্ষ্মী পূজা!,শুভ লক্ষ্মী পূজা!,[],0,0,0,0,0,0,0,0,0,0,0,0,শুভ লক্ষ্মী পূজা!,17,0,0,0,0,0,0,0,0,0,0,0,0,0,0,0,0,0,0,0,0,0,0,শুভ লক্ষ্মী পূজা!,শুভ লক্ষ্মী পূজা!,0,0,0,0,0,17,3,1,0,0,0,0,7,0,0,0,0,14,0,1.0,0.0,1,0
promo,"GP গ্রাহকরা আজ পাচ্ছেন ৩ জিবি মাত্র ৪৯ টাকা, বৈধতা ৩ দিন। *121*49# ডায়াল করুন। অফার আজ রাত পর্যন্ত।",Bengali,0,1,"GP গ্রাহকরা আজ পাচ্ছেন ৩ জিবি মাত্র ৪৯ টাকা, বৈধতা ৩ দিন। *121*49# ডায়াল করুন। অফার আজ রাত পর্যন্ত।","GP গ্রাহকরা আজ পাচ্ছেন ৩ জিবি মাত্র ৪৯ টাকা, বৈধতা ৩ দিন। *121*49# ডায়াল করুন। অফার আজ রাত পর্যন্ত।",[],0,0,0,0,0,0,0,0,0,0,0,0,"GP গ্রাহকরা আজ পাচ্ছেন ৩ জিবি মাত্র ৪৯ টাকা, বৈধতা ৩ দিন। *121*49# ডায়াল করুন। অফার আজ রাত পর্যন্ত।",100,0,0,0,0,0,0,0,0,0,0,0,0,0,0,0,0,0,0,0,0,0,0,"GP গ্রাহকরা আজ পাচ্ছেন ৩ জিবি মাত্র ৪৯ টাকা, বৈধতা ৩ দিন। *121*49# ডায়াল করুন। অফার আজ রাত পর্যন্ত।","GP গ্রাহকরা আজ পাচ্ছেন ৩ জিবি মাত্র ৪৯ টাকা, বৈধতা ৩ দিন। *121*49# ডায়াল করুন। অফার আজ রাত পর্যন্ত।",0,0,9,5,1,100,19,0,0,1,0,0,30,1,1,0,0,68,2,0.9714285714285714,0.02857142857142857,1,1
promo,"মোবাইল অ্যাক্সেসরিজে অফার! কেস, চার্জার, হেডফোনে ২৫% ছাড়।",Bengali,0,1,"মোবাইল অ্যাক্সেসরিজে অফার! কেস, চার্জার, হেডফোনে ২৫% ছাড়।","মোবাইল অ্যাক্সেসরিজে অফার! কেস, চার্জার, হেডফোনে ২৫% ছাড়।",[],0,0,0,0,0,0,0,0,0,0,0,0,"মোবাইল অ্যাক্সেসরিজে অফার! কেস, চার্জার, হেডফোনে ২৫% ছাড়।",58,0,0,0,0,0,0,0,0,0,0,0,0,0,0,0,0,0,0,0,0,0,0,"মোবাইল অ্যাক্সেসরিজে অফার! কেস, চার্জার, হেডফোনে ২৫% ছাড়।","মোবাইল অ্যাক্সেসরিজে অফার! কেস, চার্জার, হেডফোনে ২৫% ছাড়।",0,0,2,1,1,58,8,1,0,2,0,0,23,0,0,0,0,46,0,1.0,0.0,1,0
normal,কেমন কাটছে দিনটা?,Bengali,0,0,কেমন কাটছে দিনটা?,কেমন কাটছে দিনটা?,[],0,0,0,0,0,0,0,0,0,0,0,0,কেমন কাটছে দিনটা?,17,0,0,0,0,0,0,0,0,0,0,0,0,0,0,0,0,0,0,0,0,0,0,কেমন কাটছে দিনটা?,কেমন কাটছে দিনটা?,0,0,0,0,0,17,3,0,1,0,0,0,6,0,0,0,0,14,0,1.0,0.0,1,0
smish,আপনার সোনালী ব্যাংক কার্ডের তথ্য যাচাই না করলে ব্লক হবে। যাচাই করতে www.sonali-verify24.com ভিজিট করুন।,Bengali,1,2,আপনার সোনালী ব্যাংক কার্ডের তথ্য যাচাই না করলে ব্লক হবে। যাচাই করতে www.sonali-verify24.com ভিজিট করুন।,আপনার সোনালী ব্যাংক কার্ডের তথ্য যাচাই না করলে ব্লক হবে। যাচাই করতে www.sonali-verify24.com ভিজিট করুন।,"['www.', 'sonali-verify24.com']",2,2,23,19,2,2,1,0,0,0,0,0,আপনার সোনালী ব্যাংক কার্ডের তথ্য যাচাই না করলে ব্লক হবে। যাচাই করতে  [URL]  [URL]  ভিজিট করুন।,94,2,23,19,2,2,1,0,0,0,0,0,2,23,19,2,2,1,0,0,0,0,0,আপনার সোনালী ব্যাংক কার্ডের তথ্য যাচাই না করলে ব্লক হবে। যাচাই করতে www.sonali-verify24.com ভিজিট করুন।,আপনার সোনালী ব্যাংক কার্ডের তথ্য যাচাই না করলে ব্লক হবে। যাচাই করতে www.sonali-verify24.com ভিজিট করুন।,0,0,2,1,1,103,15,0,0,0,2,0,28,0,0,2,1,64,18,0.7804878048780488,0.21951219512195122,1,1
smish,আপনার Robi SIM বন্ধ হয়ে যাবে। এটি চালু রাখতে robicare24.org ভিজিট করুন।,Bengali,1,2,আপনার Robi SIM বন্ধ হয়ে যাবে। এটি চালু রাখতে robicare24.org ভিজিট করুন।,আপনার Robi SIM বন্ধ হয়ে যাবে। এটি চালু রাখতে robicare24.org ভিজিট করুন।,['robicare24.org'],1,1,14,14,2,1,0,0,0,0,0,0,আপনার Robi SIM বন্ধ হয়ে যাবে। এটি চালু রাখতে  [URL]  ভিজিট করুন।,65,1,14,14,2,1,0,0,0,0,0,0,1,14,14,2,1,0,0,0,0,0,0,আপনার Robi SIM বন্ধ হয়ে যাবে। এটি চালু রাখতে robicare24.org ভিজিট করুন।,আপনার Robi SIM বন্ধ হয়ে যাবে। এটি চালু রাখতে robicare24.org ভিজিট করুন।,0,0,2,1,1,72,12,0,0,0,1,0,17,0,0,0,0,38,18,0.6785714285714286,0.32142857142857145,1,1
normal,০১৯২৭২৮৩৯৮৭ এই নাম্বারে রকেটে টাকা পাঠান।,Bengali,0,0,০১৯২৭২৮৩৯৮৭ এই নাম্বারে রকেটে টাকা পাঠান।,০১৯২৭২৮৩৯৮৭ এই নাম্বারে রকেটে টাকা পাঠান।,[],0,0,0,0,0,0,0,0,0,0,0,0,০১৯২৭২৮৩৯৮৭ এই নাম্বারে রকেটে টাকা পাঠান।,41,0,0,0,0,0,0,0,0,0,0,0,0,0,0,0,0,0,0,0,0,0,0,০১৯২৭২৮৩৯৮৭ এই নাম্বারে রকেটে টাকা পাঠান।,০১৯২৭২৮৩৯৮৭ এই নাম্বারে রকেটে টাকা পাঠান।,0,0,11,1,1,41,6,0,0,0,0,0,11,1,1,0,0,35,0,1.0,0.0,1,0
normal,ব্যায়াম করতে অভ্যাস করতে হবে।,Bengali,0,0,ব্যায়াম করতে অভ্যাস করতে হবে।,ব্যায়াম করতে অভ্যাস করতে হবে।,[],0,0,0,0,0,0,0,0,0,0,0,0,ব্যায়াম করতে অভ্যাস করতে হবে।,30,0,0,0,0,0,0,0,0,0,0,0,0,0,0,0,0,0,0,0,0,0,0,ব্যায়াম করতে অভ্যাস করতে হবে।,ব্যায়াম করতে অভ্যাস করতে হবে।,0,0,0,0,0,30,5,0,0,0,0,0,10,0,0,0,0,25,0,1.0,0.0,1,0
smish,আপনার ফেসবুক প্রোফাইল আপডেট করুন। এখানে ক্লিক করুন: [facebookprofile.com/UpdateBD],Bengali,1,2,আপনার ফেসবুক প্রোফাইল আপডেট করুন। এখানে ক্লিক করুন: [facebookprofile.com/UpdateBD],আপনার ফেসবুক প্রোফাইল আপডেট করুন। এখানে ক্লিক করুন: [facebookprofile.com/UpdateBD],['facebookprofile.com/UpdateBD'],1,1,28,28,0,1,0,1,0,0,0,0,আপনার ফেসবুক প্রোফাইল আপডেট করুন। এখানে ক্লিক করুন: [ [URL] ],61,1,28,28,0,1,0,1,0,0,0,0,1,28,28,0,1,0,1,0,0,0,0,আপনার ফেসবুক প্রোফাইল আপডেট করুন। এখানে ক্লিক করুন: [facebookprofile.com/UpdateBD],আপনার ফেসবুক প্রোফাইল আপডেট করুন। এখানে ক্লিক করুন: [facebookprofile.com/UpdateBD],0,0,0,0,0,82,9,0,0,0,1,1,19,0,0,0,0,42,26,0.6176470588235294,0.38235294117647056,1,1
promo,Shohoz Tickets দিয়ে ট্রেন টিকিট কিনলে পাচ্ছেন ১২% ডিসকাউন্ট। কোড: TRAIN12।,Bengali,0,1,Shohoz Tickets দিয়ে ট্রেন টিকিট কিনলে পাচ্ছেন ১২% ডিসকাউন্ট। কোড: TRAIN12।,Shohoz Tickets দিয়ে ট্রেন টিকিট কিনলে পাচ্ছেন ১২% ডিসকাউন্ট। কোড: TRAIN12।,[],0,0,0,0,0,0,0,0,0,0,0,0,Shohoz Tickets দিয়ে ট্রেন টিকিট কিনলে পাচ্ছেন ১২% ডিসকাউন্ট। কোড: TRAIN12।,75,0,0,0,0,0,0,0,0,0,0,0,0,0,0,0,0,0,0,0,0,0,0,Shohoz Tickets দিয়ে ট্রেন টিকিট কিনলে পাচ্ছেন ১২% ডিসকাউন্ট। কোড: TRAIN12।,Shohoz Tickets দিয়ে ট্রেন টিকিট কিনলে পাচ্ছেন ১২% ডিসকাউন্ট। কোড: TRAIN12।,0,0,4,2,1,75,11,0,0,0,0,1,20,0,0,0,0,41,18,0.6949152542372882,0.3050847457627119,1,1
smish,অ্যাপল আইফোন ১৫ জিতেছেন! ডেলিভারি নিশ্চিত করতে কল করুন: +8801811011123,Bengali,0,2,অ্যাপল আইফোন ১৫ জিতেছেন! ডেলিভারি নিশ্চিত করতে কল করুন: +8801811011123,অ্যাপল আইফোন ১৫ জিতেছেন! ডেলিভারি নিশ্চিত করতে কল করুন: +8801811011123,[],0,0,0,0,0,0,0,0,0,0,0,0,অ্যাপল আইফোন ১৫ জিতেছেন! ডেলিভারি নিশ্চিত করতে কল করুন: +8801811011123,70,0,0,0,0,0,0,0,0,0,0,0,0,0,0,0,0,0,0,0,0,0,0,অ্যাপল আইফোন ১৫ জিতেছেন! ডেলিভারি নিশ্চিত করতে কল করুন: +8801811011123,অ্যাপল আইফোন ১৫ জিতেছেন! ডেলিভারি নিশ্চিত করতে কল করুন: +8801811011123,1,1,15,2,1,70,10,1,0,0,0,1,18,0,0,0,0,45,0,1.0,0.0,1,0
smish,"২,০০,০০০ টাকা বিনিয়োগে ৪,০০,০০০ টাকা অর্জন করুন! কল করুন: +8801710900912",Bengali,0,2,"২,০০,০০০ টাকা বিনিয়োগে ৪,০০,০০০ টাকা অর্জন করুন! কল করুন: +8801710900912","২,০০,০০০ টাকা বিনিয়োগে ৪,০০,০০০ টাকা অর্জন করুন! কল করুন: +8801710900912",[],0,0,0,0,0,0,0,0,0,0,0,0,"২,০০,০০০ টাকা বিনিয়োগে ৪,০০,০০০ টাকা অর্জন করুন! কল করুন: +8801710900912",73,0,0,0,0,0,0,0,0,0,0,0,0,0,0,0,0,0,0,0,0,0,0,"২,০০,০০০ টাকা বিনিয়োগে ৪,০০,০০০ টাকা অর্জন করুন! কল করুন: +8801710900912","২,০০,০০০ টাকা বিনিয়োগে ৪,০০,০০০ টাকা অর্জন করুন! কল করুন: +8801710900912",1,1,25,5,1,73,10,1,0,4,0,1,19,2,1,0,0,44,0,1.0,0.0,1,0
normal,অনলাইনে নির্বাচন কিভাবে করা যাবে,Bengali,0,0,অনলাইনে নির্বাচন কিভাবে করা যাবে,অনলাইনে নির্বাচন কিভাবে করা যাবে,[],0,0,0,0,0,0,0,0,0,0,0,0,অনলাইনে নির্বাচন কিভাবে করা যাবে,32,0,0,0,0,0,0,0,0,0,0,0,0,0,0,0,0,0,0,0,0,0,0,অনলাইনে নির্বাচন কিভাবে করা যাবে,অনলাইনে নির্বাচন কিভাবে করা যাবে,0,0,0,0,0,32,5,0,0,0,0,0,11,0,0,0,0,28,0,1.0,0.0,1,0
promo,Banglalink গ্রাহকরা শুক্রবার ৪ জিবি মাত্র ৭৯ টাকায় পাবেন। বৈধতা ৩ দিন।,Bengali,0,1,Banglalink গ্রাহকরা শুক্রবার ৪ জিবি মাত্র ৭৯ টাকায় পাবেন। বৈধতা ৩ দিন।,Banglalink গ্রাহকরা শুক্রবার ৪ জিবি মাত্র ৭৯ টাকায় পাবেন। বৈধতা ৩ দিন।,[],0,0,0,0,0,0,0,0,0,0,0,0,Banglalink গ্রাহকরা শুক্রবার ৪ জিবি মাত্র ৭৯ টাকায় পাবেন। বৈধতা ৩ দিন।,71,0,0,0,0,0,0,0,0,0,0,0,0,0,0,0,0,0,0,0,0,0,0,Banglalink গ্রাহকরা শুক্রবার ৪ জিবি মাত্র ৭৯ টাকায় পাবেন। বৈধতা ৩ দিন।,Banglalink গ্রাহকরা শুক্রবার ৪ জিবি মাত্র ৭৯ টাকায় পাবেন। বৈধতা ৩ দিন।,0,0,4,3,1,71,12,0,0,0,0,0,20,1,1,0,0,48,10,0.8275862068965517,0.1724137931034483,1,1
smish,বিপিএলে বাজি ধরুন এবং একটি নতুন বাইক জিতুন! যোগ দিন: smilesvoegol.servebbs.org/voegol.php,Bengali,1,2,বিপিএলে বাজি ধরুন এবং একটি নতুন বাইক জিতুন! যোগ দিন: smilesvoegol.servebbs.org/voegol.php,বিপিএলে বাজি ধরুন এবং একটি নতুন বাইক জিতুন! যোগ দিন: smilesvoegol.servebbs.org/voegol.php,['smilesvoegol.servebbs.org/voegol.php'],1,1,36,36,0,3,0,1,0,0,0,0,বিপিএলে বাজি ধরুন এবং একটি নতুন বাইক জিতুন! যোগ দিন:  [URL] ,60,1,36,36,0,3,0,1,0,0,0,0,1,36,36,0,3,0,1,0,0,0,0,বিপিএলে বাজি ধরুন এবং একটি নতুন বাইক জিতুন! যোগ দিন: smilesvoegol.servebbs.org/voegol.php,বিপিএলে বাজি ধরুন এবং একটি নতুন বাইক জিতুন! যোগ দিন: smilesvoegol.servebbs.org/voegol.php,0,0,0,0,0,89,11,1,0,0,3,1,20,0,0,0,0,41,32,0.5616438356164384,0.4383561643835616,1,1
smish,জরুরি সতর্কতা! আপনার ইউটিলিটি বিল অপরিশোধিত। কানেকশন বিচ্ছিন্ন হবে: pay-utility.ml,Bengali,1,2,জরুরি সতর্কতা! আপনার ইউটিলিটি বিল অপরিশোধিত। কানেকশন বিচ্ছিন্ন হবে: pay-utility.ml,জরুরি সতর্কতা! আপনার ইউটিলিটি বিল অপরিশোধিত। কানেকশন বিচ্ছিন্ন হবে: pay-utility.ml,['pay-utility.ml'],1,1,14,14,0,1,1,0,0,0,0,0,জরুরি সতর্কতা! আপনার ইউটিলিটি বিল অপরিশোধিত। কানেকশন বিচ্ছিন্ন হবে:  [URL] ,75,1,14,14,0,1,1,0,0,0,0,0,1,14,14,0,1,1,0,0,0,0,0,জরুরি সতর্কতা! আপনার ইউটিলিটি বিল অপরিশোধিত। কানেকশন বিচ্ছিন্ন হবে: pay-utility.ml,জরুরি সতর্কতা! আপনার ইউটিলিটি বিল অপরিশোধিত। কানেকশন বিচ্ছিন্ন হবে: pay-utility.ml,0,0,0,0,0,82,10,1,0,0,1,1,24,0,0,0,0,56,12,0.8235294117647058,0.17647058823529413,1,1
normal,আমি সকালে একটি কফি খেয়েছি।,Bengali,0,0,আমি সকালে একটি কফি খেয়েছি।,আমি সকালে একটি কফি খেয়েছি।,[],0,0,0,0,0,0,0,0,0,0,0,0,আমি সকালে একটি কফি খেয়েছি।,27,0,0,0,0,0,0,0,0,0,0,0,0,0,0,0,0,0,0,0,0,0,0,আমি সকালে একটি কফি খেয়েছি।,আমি সকালে একটি কফি খেয়েছি।,0,0,0,0,0,27,5,0,0,0,0,0,10,0,0,0,0,22,0,1.0,0.0,1,0
normal,"হাই, কেমন কাটছে দিনটি?",Bengali,0,0,"হাই, কেমন কাটছে দিনটি?","হাই, কেমন কাটছে দিনটি?",[],0,0,0,0,0,0,0,0,0,0,0,0,"হাই, কেমন কাটছে দিনটি?",22,0,0,0,0,0,0,0,0,0,0,0,0,0,0,0,0,0,0,0,0,0,0,"হাই, কেমন কাটছে দিনটি?","হাই, কেমন কাটছে দিনটি?",0,0,0,0,0,22,4,0,1,1,0,0,8,0,0,0,0,17,0,1.0,0.0,1,0
promo,Pathao Food এখন সব অর্ডারে ফ্রি ডেলিভারি দিচ্ছে। বন্ধুদের নিয়ে আড্ডা হোক ঝামেলাহীন। অফার শুধুমাত্র এই সপ্তাহের জন্য।,Bengali,0,1,Pathao Food এখন সব অর্ডারে ফ্রি ডেলিভারি দিচ্ছে। বন্ধুদের নিয়ে আড্ডা হোক ঝামেলাহীন। অফার শুধুমাত্র এই সপ্তাহের জন্য।,Pathao Food এখন সব অর্ডারে ফ্রি ডেলিভারি দিচ্ছে। বন্ধুদের নিয়ে আড্ডা হোক ঝামেলাহীন। অফার শুধুমাত্র এই সপ্তাহের জন্য।,[],0,0,0,0,0,0,0,0,0,0,0,0,Pathao Food এখন সব অর্ডারে ফ্রি ডেলিভারি দিচ্ছে। বন্ধুদের নিয়ে আড্ডা হোক ঝামেলাহীন। অফার শুধুমাত্র এই সপ্তাহের জন্য।,117,0,0,0,0,0,0,0,0,0,0,0,0,0,0,0,0,0,0,0,0,0,0,Pathao Food এখন সব অর্ডারে ফ্রি ডেলিভারি দিচ্ছে। বন্ধুদের নিয়ে আড্ডা হোক ঝামেলাহীন। অফার শুধুমাত্র এই সপ্তাহের জন্য।,Pathao Food এখন সব অর্ডারে ফ্রি ডেলিভারি দিচ্ছে। বন্ধুদের নিয়ে আড্ডা হোক ঝামেলাহীন। অফার শুধুমাত্র এই সপ্তাহের জন্য।,0,0,0,0,0,117,18,0,0,0,0,0,37,0,0,0,0,87,10,0.8969072164948454,0.10309278350515463,1,1
normal,কি খবর তোমার দিন?,Bengali,0,0,কি খবর তোমার দিন?,কি খবর তোমার দিন?,[],0,0,0,0,0,0,0,0,0,0,0,0,কি খবর তোমার দিন?,17,0,0,0,0,0,0,0,0,0,0,0,0,0,0,0,0,0,0,0,0,0,0,কি খবর তোমার দিন?,কি খবর তোমার দিন?,0,0,0,0,0,17,4,0,1,0,0,0,5,0,0,0,0,13,0,1.0,0.0,1,0
smish,"আপনার বিকাশ অ্যাকাউন্ট থেকে ৯,৮৫০ টাকা কেটে নেওয়া হয়েছে। ভুল হলে এখনই এই লিঙ্কে গিয়ে (bKash-refund.me) তথ্য দিন।",Bengali,1,2,"আপনার বিকাশ অ্যাকাউন্ট থেকে ৯,৮৫০ টাকা কেটে নেওয়া হয়েছে। ভুল হলে এখনই এই লিঙ্কে গিয়ে (bKash-refund.me) তথ্য দিন।","আপনার বিকাশ অ্যাকাউন্ট থেকে ৯,৮৫০ টাকা কেটে নেওয়া হয়েছে। ভুল হলে এখনই এই লিঙ্কে গিয়ে (bKash-refund.me) তথ্য দিন।",['bKash-refund.me'],1,1,15,15,0,1,1,0,0,0,0,0,"আপনার বিকাশ অ্যাকাউন্ট থেকে ৯,৮৫০ টাকা কেটে নেওয়া হয়েছে। ভুল হলে এখনই এই লিঙ্কে গিয়ে ( [URL] ) তথ্য দিন।",107,1,15,15,0,1,1,0,0,0,0,0,1,15,15,0,1,1,0,0,0,0,0,"আপনার বিকাশ অ্যাকাউন্ট থেকে ৯,৮৫০ টাকা কেটে নেওয়া হয়েছে। ভুল হলে এখনই এই লিঙ্কে গিয়ে (bKash-refund.me) তথ্য দিন।","আপনার বিকাশ অ্যাকাউন্ট থেকে ৯,৮৫০ টাকা কেটে নেওয়া হয়েছে। ভুল হলে এখনই এই লিঙ্কে গিয়ে (bKash-refund.me) তথ্য দিন।",0,0,4,1,1,115,18,0,0,1,1,0,36,1,1,1,1,78,13,0.8571428571428571,0.14285714285714285,1,1
normal,"আজকে দুপুরে কাবাব খেতে খেতে মনে পড়লো, তুমি গত বছর বলেছিলে এই রেস্টুরেন্টে যেও। সত্যিই দারুণ লেগেছে।",Bengali,0,0,"আজকে দুপুরে কাবাব খেতে খেতে মনে পড়লো, তুমি গত বছর বলেছিলে এই রেস্টুরেন্টে যেও। সত্যিই দারুণ লেগেছে।","আজকে দুপুরে কাবাব খেতে খেতে মনে পড়লো, তুমি গত বছর বলেছিলে এই রেস্টুরেন্টে যেও। সত্যিই দারুণ লেগেছে।",[],0,0,0,0,0,0,0,0,0,0,0,0,"আজকে দুপুরে কাবাব খেতে খেতে মনে পড়লো, তুমি গত বছর বলেছিলে এই রেস্টুরেন্টে যেও। সত্যিই দারুণ লেগেছে।",100,0,0,0,0,0,0,0,0,0,0,0,0,0,0,0,0,0,0,0,0,0,0,"আজকে দুপুরে কাবাব খেতে খেতে মনে পড়লো, তুমি গত বছর বলেছিলে এই রেস্টুরেন্টে যেও। সত্যিই দারুণ লেগেছে।","আজকে দুপুরে কাবাব খেতে খেতে মনে পড়লো, তুমি গত বছর বলেছিলে এই রেস্টুরেন্টে যেও। সত্যিই দারুণ লেগেছে।",0,0,0,0,0,100,17,0,0,1,0,0,35,0,0,0,0,81,0,1.0,0.0,1,0
smish,"ফ্রিতে মাইনিং করে ইনকাম করুন। ১০০% ফ্রি। টেলিগ্রাম অ্যাপ থাকলেই হবে। লিংক এ ক্লিক করে start করতে হবে, ৬ ঘন্টা পর পর টোকেন ক্লেইম করতে হবে। আর কোনো কাজ নেই।
https://t.me/pixelversexyzbot?start=6760562639",Bengali,1,2,"ফ্রিতে মাইনিং করে ইনকাম করুন। ১০০% ফ্রি। টেলিগ্রাম অ্যাপ থাকলেই হবে। লিংক এ ক্লিক করে start করতে হবে, ৬ ঘন্টা পর পর টোকেন ক্লেইম করতে হবে। আর কোনো কাজ নেই।
https://t.me/pixelversexyzbot?start=6760562639","ফ্রিতে মাইনিং করে ইনকাম করুন। ১০০% ফ্রি। টেলিগ্রাম অ্যাপ থাকলেই হবে। লিংক এ ক্লিক করে start করতে হবে, ৬ ঘন্টা পর পর টোকেন ক্লেইম করতে হবে। আর কোনো কাজ নেই। https://t.me/pixelversexyzbot?start=6760562639",['https://t.me/pixelversexyzbot?start=6760562639'],1,1,46,46,10,1,0,3,1,0,0,0,"ফ্রিতে মাইনিং করে ইনকাম করুন। ১০০% ফ্রি। টেলিগ্রাম অ্যাপ থাকলেই হবে। লিংক এ ক্লিক করে start করতে হবে, ৬ ঘন্টা পর পর টোকেন ক্লেইম করতে হবে। আর কোনো কাজ নেই।  [URL] ",163,1,46,46,10,1,0,3,1,0,0,0,1,46,46,10,1,0,3,1,0,0,0,"ফ্রিতে মাইনিং করে ইনকাম করুন। ১০০% ফ্রি। টেলিগ্রাম অ্যাপ থাকলেই হবে। লিংক এ ক্লিক করে start করতে হবে, ৬ ঘন্টা পর পর টোকেন ক্লেইম করতে হবে। আর কোনো কাজ নেই।
https://t.me/pixelversexyzbot?start=6760562639","ফ্রিতে মাইনিং করে ইনকাম করুন। ১০০% ফ্রি। টেলিগ্রাম অ্যাপ থাকলেই হবে। লিংক এ ক্লিক করে start করতে হবে, ৬ ঘন্টা পর পর টোকেন ক্লেইম করতে হবে। আর কোনো কাজ নেই। https://t.me/pixelversexyzbot?start=6760562639",0,0,14,3,1,202,31,0,1,1,1,1,53,0,0,0,0,114,34,0.7702702702702703,0.22972972972972974,1,1
normal,আমাদের কলেজে আগামী মাসে বার্ষিক অনুষ্ঠান হবে। সবাই প্রস্তুতি নিচ্ছে।,Bengali,0,0,আমাদের কলেজে আগামী মাসে বার্ষিক অনুষ্ঠান হবে। সবাই প্রস্তুতি নিচ্ছে।,আমাদের কলেজে আগামী মাসে বার্ষিক অনুষ্ঠান হবে। সবাই প্রস্তুতি নিচ্ছে।,[],0,0,0,0,0,0,0,0,0,0,0,0,আমাদের কলেজে আগামী মাসে বার্ষিক অনুষ্ঠান হবে। সবাই প্রস্তুতি নিচ্ছে।,68,0,0,0,0,0,0,0,0,0,0,0,0,0,0,0,0,0,0,0,0,0,0,আমাদের কলেজে আগামী মাসে বার্ষিক অনুষ্ঠান হবে। সবাই প্রস্তুতি নিচ্ছে।,আমাদের কলেজে আগামী মাসে বার্ষিক অনুষ্ঠান হবে। সবাই প্রস্তুতি নিচ্ছে।,0,0,0,0,0,68,10,0,0,0,0,0,25,0,0,0,0,57,0,1.0,0.0,1,0
promo,"সপ্তাহজুড়ে প্রো-লেভেল ইন্টারনেটিং,নাও ২৫জিবি@২১৯৳: cutt.ly/2wEyml8b",Bengali,1,1,"সপ্তাহজুড়ে প্রো-লেভেল ইন্টারনেটিং,নাও ২৫জিবি@২১৯৳: cutt.ly/2wEyml8b","সপ্তাহজুড়ে প্রো-লেভেল ইন্টারনেটিং,নাও ২৫জিবি@২১৯৳: cutt.ly/2wEyml8b",['cutt.ly/2wEyml8b'],1,1,16,16,2,1,0,1,0,0,0,1,"সপ্তাহজুড়ে প্রো-লেভেল ইন্টারনেটিং,নাও ২৫জিবি@২১৯৳:  [URL] ",59,1,16,16,2,1,0,1,0,0,0,1,1,16,16,2,1,0,1,0,0,0,1,"সপ্তাহজুড়ে প্রো-লেভেল ইন্টারনেটিং,নাও ২৫জিবি@২১৯৳: cutt.ly/2wEyml8b","সপ্তাহজুড়ে প্রো-লেভেল ইন্টারনেটিং,নাও ২৫জিবি@২১৯৳: cutt.ly/2wEyml8b",0,0,7,4,1,68,5,0,0,1,1,1,24,1,1,0,0,44,12,0.7857142857142857,0.21428571428571427,1,1
normal,০১৬৭২৫৭৩৮৭৯ নাম্বারে দ্রুত বিকাশ করুন।,Bengali,0,0,০১৬৭২৫৭৩৮৭৯ নাম্বারে দ্রুত বিকাশ করুন।,০১৬৭২৫৭৩৮৭৯ নাম্বারে দ্রুত বিকাশ করুন।,[],0,0,0,0,0,0,0,0,0,0,0,0,০১৬৭২৫৭৩৮৭৯ নাম্বারে দ্রুত বিকাশ করুন।,38,0,0,0,0,0,0,0,0,0,0,0,0,0,0,0,0,0,0,0,0,0,0,০১৬৭২৫৭৩৮৭৯ নাম্বারে দ্রুত বিকাশ করুন।,০১৬৭২৫৭৩৮৭৯ নাম্বারে দ্রুত বিকাশ করুন।,0,0,11,1,1,38,5,0,0,0,0,0,10,0,0,0,0,33,0,1.0,0.0,1,0
smish,আপনার মোবাইল নম্বরটি আইফোন জিতেছে! পুরস্কার পেতে কল করুন +8801813344556,Bengali,0,2,আপনার মোবাইল নম্বরটি আইফোন জিতেছে! পুরস্কার পেতে কল করুন +8801813344556,আপনার মোবাইল নম্বরটি আইফোন জিতেছে! পুরস্কার পেতে কল করুন +8801813344556,[],0,0,0,0,0,0,0,0,0,0,0,0,আপনার মোবাইল নম্বরটি আইফোন জিতেছে! পুরস্কার পেতে কল করুন +8801813344556,71,0,0,0,0,0,0,0,0,0,0,0,0,0,0,0,0,0,0,0,0,0,0,আপনার মোবাইল নম্বরটি আইফোন জিতেছে! পুরস্কার পেতে কল করুন +8801813344556,আপনার মোবাইল নম্বরটি আইফোন জিতেছে! পুরস্কার পেতে কল করুন +8801813344556,1,1,13,1,1,71,10,1,0,0,0,0,17,0,0,0,0,47,0,1.0,0.0,1,0
smish,বাংলাদেশ ব্যাংক অ্যাকাউন্ট আপডেট করতে এখানে ক্লিক করুন: https://wa.me/8801914567890,Bengali,1,2,বাংলাদেশ ব্যাংক অ্যাকাউন্ট আপডেট করতে এখানে ক্লিক করুন: https://wa.me/8801914567890,বাংলাদেশ ব্যাংক অ্যাকাউন্ট আপডেট করতে এখানে ক্লিক করুন: https://wa.me/8801914567890,['https://wa.me/8801914567890'],1,1,27,27,13,1,0,3,1,0,0,0,বাংলাদেশ ব্যাংক অ্যাকাউন্ট আপডেট করতে এখানে ক্লিক করুন:  [URL] ,63,1,27,27,13,1,0,3,1,0,0,0,1,27,27,13,1,0,3,1,0,0,0,বাংলাদেশ ব্যাংক অ্যাকাউন্ট আপডেট করতে এখানে ক্লিক করুন: https://wa.me/8801914567890,বাংলাদেশ ব্যাংক অ্যাকাউন্ট আপডেট করতে এখানে ক্লিক করুন: https://wa.me/8801914567890,1,1,13,1,1,83,9,0,0,0,1,2,24,0,0,1,1,47,9,0.8392857142857143,0.16071428571428573,1,1
normal,তুমি কোথায় আছো?,Bengali,0,0,তুমি কোথায় আছো?,তুমি কোথায় আছো?,[],0,0,0,0,0,0,0,0,0,0,0,0,তুমি কোথায় আছো?,16,0,0,0,0,0,0,0,0,0,0,0,0,0,0,0,0,0,0,0,0,0,0,তুমি কোথায় আছো?,তুমি কোথায় আছো?,0,0,0,0,0,16,3,0,1,0,0,0,7,0,0,0,0,13,0,1.0,0.0,1,0
smish,৮.২০০ বিনামূল্যে বোনাস! ৮.৫০০০ জেতার সুযোগ। https://cutt.ly/Cr1ket,Bengali,1,2,৮.২০০ বিনামূল্যে বোনাস! ৮.৫০০০ জেতার সুযোগ। https://cutt.ly/Cr1ket,৮.২০০ বিনামূল্যে বোনাস! ৮.৫০০০ জেতার সুযোগ। https://cutt.ly/Cr1ket,['https://cutt.ly/Cr1ket'],1,1,22,22,1,1,0,3,1,0,0,1,৮.২০০ বিনামূল্যে বোনাস! ৮.৫০০০ জেতার সুযোগ।  [URL] ,51,1,22,22,1,1,0,3,1,0,0,1,1,22,22,1,1,0,3,1,0,0,1,৮.২০০ বিনামূল্যে বোনাস! ৮.৫০০০ জেতার সুযোগ। https://cutt.ly/Cr1ket,৮.২০০ বিনামূল্যে বোনাস! ৮.৫০০০ জেতার সুযোগ। https://cutt.ly/Cr1ket,0,0,10,3,1,66,7,1,0,0,3,1,20,0,0,0,0,34,16,0.68,0.32,1,1
smish,ভয়ংকর সংবাদ! আপনার জাতীয় পরিচয়পত্র (NID) ব্যবহার করে কেউ আপনার নামে একটি ক্রেডিট কার্ডের জন্য আবেদন করেছে এবং ইতিমধ্যে ৩ লক্ষ টাকার লিমিট অনুমোদিত হয়ে গেছে। এই জালিয়াতি প্রতিরোধ করার জন্য আপনাকে অবিলম্বে আপনার NID তথ্য যাচাই করতে হবে। জরুরি ভিত্তিতে verify-nid-emergency.ml লিংকে গিয়ে আপনার সম্পূর্ণ তথ্য দিন নতুবা আইনগত জটিলতায় পড়তে পারেন।,Bengali,1,2,ভয়ংকর সংবাদ! আপনার জাতীয় পরিচয়পত্র (NID) ব্যবহার করে কেউ আপনার নামে একটি ক্রেডিট কার্ডের জন্য আবেদন করেছে এবং ইতিমধ্যে ৩ লক্ষ টাকার লিমিট অনুমোদিত হয়ে গেছে। এই জালিয়াতি প্রতিরোধ করার জন্য আপনাকে অবিলম্বে আপনার NID তথ্য যাচাই করতে হবে। জরুরি ভিত্তিতে verify-nid-emergency.ml লিংকে গিয়ে আপনার সম্পূর্ণ তথ্য দিন নতুবা আইনগত জটিলতায় পড়তে পারেন।,ভয়ংকর সংবাদ! আপনার জাতীয় পরিচয়পত্র (NID) ব্যবহার করে কেউ আপনার নামে একটি ক্রেডিট কার্ডের জন্য আবেদন করেছে এবং ইতিমধ্যে ৩ লক্ষ টাকার লিমিট অনুমোদিত হয়ে গেছে। এই জালিয়াতি প্রতিরোধ করার জন্য আপনাকে অবিলম্বে আপনার NID তথ্য যাচাই করতে হবে। জরুরি ভিত্তিতে verify-nid-emergency.ml লিংকে গিয়ে আপনার সম্পূর্ণ তথ্য দিন নতুবা আইনগত জটিলতায় পড়তে পারেন।,['verify-nid-emergency.ml'],1,1,23,23,0,1,2,0,0,0,0,0,ভয়ংকর সংবাদ! আপনার জাতীয় পরিচয়পত্র (NID) ব্যবহার করে কেউ আপনার নামে একটি ক্রেডিট কার্ডের জন্য আবেদন করেছে এবং ইতিমধ্যে ৩ লক্ষ টাকার লিমিট অনুমোদিত হয়ে গেছে। এই জালিয়াতি প্রতিরোধ করার জন্য আপনাকে অবিলম্বে আপনার NID তথ্য যাচাই করতে হবে। জরুরি ভিত্তিতে  [URL]  লিংকে গিয়ে আপনার সম্পূর্ণ তথ্য দিন নতুবা আইনগত জটিলতায় পড়তে পারেন।,332,1,23,23,0,1,2,0,0,0,0,0,1,23,23,0,1,2,0,0,0,0,0,ভয়ংকর সংবাদ! আপনার জাতীয় পরিচয়পত্র (NID) ব্যবহার করে কেউ আপনার নামে একটি ক্রেডিট কার্ডের জন্য আবেদন করেছে এবং ইতিমধ্যে ৩ লক্ষ টাকার লিমিট অনুমোদিত হয়ে গেছে। এই জালিয়াতি প্রতিরোধ করার জন্য আপনাকে অবিলম্বে আপনার NID তথ্য যাচাই করতে হবে। জরুরি ভিত্তিতে verify-nid-emergency.ml লিংকে গিয়ে আপনার সম্পূর্ণ তথ্য দিন নতুবা আইনগত জটিলতায় পড়তে পারেন।,ভয়ংকর সংবাদ! আপনার জাতীয় পরিচয়পত্র (NID) ব্যবহার করে কেউ আপনার নামে একটি ক্রেডিট কার্ডের জন্য আবেদন করেছে এবং ইতিমধ্যে ৩ লক্ষ টাকার লিমিট অনুমোদিত হয়ে গেছে। এই জালিয়াতি প্রতিরোধ করার জন্য আপনাকে অবিলম্বে আপনার NID তথ্য যাচাই করতে হবে। জরুরি ভিত্তিতে verify-nid-emergency.ml লিংকে গিয়ে আপনার সম্পূর্ণ তথ্য দিন নতুবা আইনগত জটিলতায় পড়তে পারেন।,0,0,1,1,1,348,53,1,0,0,1,0,102,1,1,2,1,261,26,0.9094076655052264,0.09059233449477352,1,1
normal,তুমি কি পড়ছো?,Bengali,0,0,তুমি কি পড়ছো?,তুমি কি পড়ছো?,[],0,0,0,0,0,0,0,0,0,0,0,0,তুমি কি পড়ছো?,14,0,0,0,0,0,0,0,0,0,0,0,0,0,0,0,0,0,0,0,0,0,0,তুমি কি পড়ছো?,তুমি কি পড়ছো?,0,0,0,0,0,14,3,0,1,0,0,0,6,0,0,0,0,11,0,1.0,0.0,1,0
smish,"বাংলাদেশ গ্যাস বিল বাকি রয়েছে ৫,৭০০ টাকা। অবিলম্বে gaspay-bd.net এ গিয়ে বিল পরিশোধ না করলে সেবা বন্ধ হবে।",Bengali,1,2,"বাংলাদেশ গ্যাস বিল বাকি রয়েছে ৫,৭০০ টাকা। অবিলম্বে gaspay-bd.net এ গিয়ে বিল পরিশোধ না করলে সেবা বন্ধ হবে।","বাংলাদেশ গ্যাস বিল বাকি রয়েছে ৫,৭০০ টাকা। অবিলম্বে gaspay-bd.net এ গিয়ে বিল পরিশোধ না করলে সেবা বন্ধ হবে।",['gaspay-bd.net'],1,1,13,13,0,1,1,0,0,0,0,0,"বাংলাদেশ গ্যাস বিল বাকি রয়েছে ৫,৭০০ টাকা। অবিলম্বে  [URL]  এ গিয়ে বিল পরিশোধ না করলে সেবা বন্ধ হবে।",101,1,13,13,0,1,1,0,0,0,0,0,1,13,13,0,1,1,0,0,0,0,0,"বাংলাদেশ গ্যাস বিল বাকি রয়েছে ৫,৭০০ টাকা। অবিলম্বে gaspay-bd.net এ গিয়ে বিল পরিশোধ না করলে সেবা বন্ধ হবে।","বাংলাদেশ গ্যাস বিল বাকি রয়েছে ৫,৭০০ টাকা। অবিলম্বে gaspay-bd.net এ গিয়ে বিল পরিশোধ না করলে সেবা বন্ধ হবে।",0,0,4,1,1,107,18,0,0,1,1,0,34,1,1,0,0,74,11,0.8705882352941177,0.12941176470588237,1,1
promo,এয়ারটেল বিশেষ অফার! ১জিবি ডেটা মাত্র ১২ টাকা। ৭ দিনের মেয়াদ। *৫৫৫# ডায়াল করুন।,Bengali,0,1,এয়ারটেল বিশেষ অফার! ১জিবি ডেটা মাত্র ১২ টাকা। ৭ দিনের মেয়াদ। *৫৫৫# ডায়াল করুন।,এয়ারটেল বিশেষ অফার! ১জিবি ডেটা মাত্র ১২ টাকা। ৭ দিনের মেয়াদ। *৫৫৫# ডায়াল করুন।,[],0,0,0,0,0,0,0,0,0,0,0,0,এয়ারটেল বিশেষ অফার! ১জিবি ডেটা মাত্র ১২ টাকা। ৭ দিনের মেয়াদ। *৫৫৫# ডায়াল করুন।,81,0,0,0,0,0,0,0,0,0,0,0,0,0,0,0,0,0,0,0,0,0,0,এয়ারটেল বিশেষ অফার! ১জিবি ডেটা মাত্র ১২ টাকা। ৭ দিনের মেয়াদ। *৫৫৫# ডায়াল করুন।,এয়ারটেল বিশেষ অফার! ১জিবি ডেটা মাত্র ১২ টাকা। ৭ দিনের মেয়াদ। *৫৫৫# ডায়াল করুন।,0,0,7,4,1,81,14,1,0,0,0,0,29,1,1,0,0,62,0,1.0,0.0,1,0
smish,আপনার পাসওয়ার্ডটি রিসেট করতে হবে। এখানে ক্লিক করুন: [passwordupdate.org/ResetBD],Bengali,1,2,আপনার পাসওয়ার্ডটি রিসেট করতে হবে। এখানে ক্লিক করুন: [passwordupdate.org/ResetBD],আপনার পাসওয়ার্ডটি রিসেট করতে হবে। এখানে ক্লিক করুন: [passwordupdate.org/ResetBD],['passwordupdate.org/ResetBD'],1,1,26,26,0,1,0,1,0,0,0,0,আপনার পাসওয়ার্ডটি রিসেট করতে হবে। এখানে ক্লিক করুন: [ [URL] ],62,1,26,26,0,1,0,1,0,0,0,0,1,26,26,0,1,0,1,0,0,0,0,আপনার পাসওয়ার্ডটি রিসেট করতে হবে। এখানে ক্লিক করুন: [passwordupdate.org/ResetBD],আপনার পাসওয়ার্ডটি রিসেট করতে হবে। এখানে ক্লিক করুন: [passwordupdate.org/ResetBD],0,0,0,0,0,81,9,0,0,0,1,1,21,0,0,2,1,43,24,0.6417910447761194,0.3582089552238806,1,1
promo,"৪৫৳ ক্যাশব্যাক! ৪৬জিবি @ ৪৫৩৳, ৩০দিন, নিয়ে নাও এখনই: cutt.ly/4wQzxdl1",Bengali,1,1,"৪৫৳ ক্যাশব্যাক! ৪৬জিবি @ ৪৫৩৳, ৩০দিন, নিয়ে নাও এখনই: cutt.ly/4wQzxdl1","৪৫৳ ক্যাশব্যাক! ৪৬জিবি @ ৪৫৩৳, ৩০দিন, নিয়ে নাও এখনই: cutt.ly/4wQzxdl1",['cutt.ly/4wQzxdl1'],1,1,16,16,2,1,0,1,0,0,0,1,"৪৫৳ ক্যাশব্যাক! ৪৬জিবি @ ৪৫৩৳, ৩০দিন, নিয়ে নাও এখনই:  [URL] ",61,1,16,16,2,1,0,1,0,0,0,1,1,16,16,2,1,0,1,0,0,0,1,"৪৫৳ ক্যাশব্যাক! ৪৬জিবি @ ৪৫৩৳, ৩০দিন, নিয়ে নাও এখনই: cutt.ly/4wQzxdl1","৪৫৳ ক্যাশব্যাক! ৪৬জিবি @ ৪৫৩৳, ৩০দিন, নিয়ে নাও এখনই: cutt.ly/4wQzxdl1",0,0,11,6,1,70,10,1,0,2,1,1,20,2,1,0,0,40,12,0.7692307692307693,0.23076923076923078,1,1
normal,আমার নতুন ল্যাপটপটা সত্যিই অসাধারণ। গতকাল সেটআপ করে কাজ শুরু করেছি। এখন প্রোগ্রামিং করা অনেক সহজ লাগছে। তুমি চাইলে একদিন দেখে যেতে পারো।,Bengali,0,0,আমার নতুন ল্যাপটপটা সত্যিই অসাধারণ। গতকাল সেটআপ করে কাজ শুরু করেছি। এখন প্রোগ্রামিং করা অনেক সহজ লাগছে। তুমি চাইলে একদিন দেখে যেতে পারো।,আমার নতুন ল্যাপটপটা সত্যিই অসাধারণ। গতকাল সেটআপ করে কাজ শুরু করেছি। এখন প্রোগ্রামিং করা অনেক সহজ লাগছে। তুমি চাইলে একদিন দেখে যেতে পারো।,[],0,0,0,0,0,0,0,0,0,0,0,0,আমার নতুন ল্যাপটপটা সত্যিই অসাধারণ। গতকাল সেটআপ করে কাজ শুরু করেছি। এখন প্রোগ্রামিং করা অনেক সহজ লাগছে। তুমি চাইলে একদিন দেখে যেতে পারো।,136,0,0,0,0,0,0,0,0,0,0,0,0,0,0,0,0,0,0,0,0,0,0,আমার নতুন ল্যাপটপটা সত্যিই অসাধারণ। গতকাল সেটআপ করে কাজ শুরু করেছি। এখন প্রোগ্রামিং করা অনেক সহজ লাগছে। তুমি চাইলে একদিন দেখে যেতে পারো।,আমার নতুন ল্যাপটপটা সত্যিই অসাধারণ। গতকাল সেটআপ করে কাজ শুরু করেছি। এখন প্রোগ্রামিং করা অনেক সহজ লাগছে। তুমি চাইলে একদিন দেখে যেতে পারো।,0,0,0,0,0,136,23,0,0,0,0,0,42,0,0,0,0,110,0,1.0,0.0,1,0
normal,"আমি ঠিক আছি, ধন্যবাদ।",Bengali,0,0,"আমি ঠিক আছি, ধন্যবাদ।","আমি ঠিক আছি, ধন্যবাদ।",[],0,0,0,0,0,0,0,0,0,0,0,0,"আমি ঠিক আছি, ধন্যবাদ।",21,0,0,0,0,0,0,0,0,0,0,0,0,0,0,0,0,0,0,0,0,0,0,"আমি ঠিক আছি, ধন্যবাদ।","আমি ঠিক আছি, ধন্যবাদ।",0,0,0,0,0,21,4,0,0,1,0,0,7,0,0,0,0,16,0,1.0,0.0,1,0
smish,"এড ফি লাগবে না। 🎁🎁
প্রতিদিন  $ 1 থেকে  $2 ডলার  ইনকাম করতে পারবেন এছাড়াও আরো ইনকাম আছে যদি কেউ করতে চান ইনবক্সে মেসেজ দেন।",Bengali,0,2,"এড ফি লাগবে না। 🎁🎁
প্রতিদিন  $ 1 থেকে  $2 ডলার  ইনকাম করতে পারবেন এছাড়াও আরো ইনকাম আছে যদি কেউ করতে চান ইনবক্সে মেসেজ দেন।",এড ফি লাগবে না। 🎁🎁 প্রতিদিন $ 1 থেকে $2 ডলার ইনকাম করতে পারবেন এছাড়াও আরো ইনকাম আছে যদি কেউ করতে চান ইনবক্সে মেসেজ দেন।,[],0,0,0,0,0,0,0,0,0,0,0,0,এড ফি লাগবে না। 🎁🎁 প্রতিদিন $ 1 থেকে $2 ডলার ইনকাম করতে পারবেন এছাড়াও আরো ইনকাম আছে যদি কেউ করতে চান ইনবক্সে মেসেজ দেন।,120,0,0,0,0,0,0,0,0,0,0,0,0,0,0,0,0,0,0,0,0,0,0,"এড ফি লাগবে না। 🎁🎁
প্রতিদিন  $ 1 থেকে  $2 ডলার  ইনকাম করতে পারবেন এছাড়াও আরো ইনকাম আছে যদি কেউ করতে চান ইনবক্সে মেসেজ দেন।",এড ফি লাগবে না। 🎁🎁 প্রতিদিন $ 1 থেকে $2 ডলার ইনকাম করতে পারবেন এছাড়াও আরো ইনকাম আছে যদি কেউ করতে চান ইনবক্সে মেসেজ দেন।,0,0,2,2,1,120,25,0,0,0,0,0,35,2,1,0,0,88,0,1.0,0.0,1,0
smish,"ডাচ্-বাংলা ব্যাংক গ্রাহক, আপনার কার্ড নম্বর এবং OTP জরুরি ভিত্তিতে যাচাই করতে হবে। অন্যথায় অ্যাকাউন্ট বন্ধ হবে। ভিজিট করুন dbbl-carebd.org।",Bengali,1,2,"ডাচ্-বাংলা ব্যাংক গ্রাহক, আপনার কার্ড নম্বর এবং OTP জরুরি ভিত্তিতে যাচাই করতে হবে। অন্যথায় অ্যাকাউন্ট বন্ধ হবে। ভিজিট করুন dbbl-carebd.org।","ডাচ্-বাংলা ব্যাংক গ্রাহক, আপনার কার্ড নম্বর এবং OTP জরুরি ভিত্তিতে যাচাই করতে হবে। অন্যথায় অ্যাকাউন্ট বন্ধ হবে। ভিজিট করুন dbbl-carebd.org।",['dbbl-carebd.org'],1,1,15,15,0,1,1,0,0,0,0,0,"ডাচ্-বাংলা ব্যাংক গ্রাহক, আপনার কার্ড নম্বর এবং OTP জরুরি ভিত্তিতে যাচাই করতে হবে। অন্যথায় অ্যাকাউন্ট বন্ধ হবে। ভিজিট করুন  [URL] ।",132,1,15,15,0,1,1,0,0,0,0,0,1,15,15,0,1,1,0,0,0,0,0,"ডাচ্-বাংলা ব্যাংক গ্রাহক, আপনার কার্ড নম্বর এবং OTP জরুরি ভিত্তিতে যাচাই করতে হবে। অন্যথায় অ্যাকাউন্ট বন্ধ হবে। ভিজিট করুন dbbl-carebd.org।","ডাচ্-বাংলা ব্যাংক গ্রাহক, আপনার কার্ড নম্বর এবং OTP জরুরি ভিত্তিতে যাচাই করতে হবে। অন্যথায় অ্যাকাউন্ট বন্ধ হবে। ভিজিট করুন dbbl-carebd.org।",0,0,0,0,0,140,20,0,0,1,1,0,44,0,0,3,1,98,16,0.8596491228070176,0.14035087719298245,1,1
smish,"গ্রামীণফোন জানাচ্ছে, আপনার নম্বরে ভুয়া কল শনাক্ত হয়েছে। আপনার সিম ব্লক এড়াতে এখনই gp-care24.net এ গিয়ে NID ও জন্মতারিখ দিন। যাচাই না করলে ২৪ ঘণ্টার মধ্যে সেবা স্থগিত হবে।",Bengali,1,2,"গ্রামীণফোন জানাচ্ছে, আপনার নম্বরে ভুয়া কল শনাক্ত হয়েছে। আপনার সিম ব্লক এড়াতে এখনই gp-care24.net এ গিয়ে NID ও জন্মতারিখ দিন। যাচাই না করলে ২৪ ঘণ্টার মধ্যে সেবা স্থগিত হবে।","গ্রামীণফোন জানাচ্ছে, আপনার নম্বরে ভুয়া কল শনাক্ত হয়েছে। আপনার সিম ব্লক এড়াতে এখনই gp-care24.net এ গিয়ে NID ও জন্মতারিখ দিন। যাচাই না করলে ২৪ ঘণ্টার মধ্যে সেবা স্থগিত হবে।",['gp-care24.net'],1,1,13,13,2,1,1,0,0,0,0,0,"গ্রামীণফোন জানাচ্ছে, আপনার নম্বরে ভুয়া কল শনাক্ত হয়েছে। আপনার সিম ব্লক এড়াতে এখনই  [URL]  এ গিয়ে NID ও জন্মতারিখ দিন। যাচাই না করলে ২৪ ঘণ্টার মধ্যে সেবা স্থগিত হবে।",168,1,13,13,2,1,1,0,0,0,0,0,1,13,13,2,1,1,0,0,0,0,0,"গ্রামীণফোন জানাচ্ছে, আপনার নম্বরে ভুয়া কল শনাক্ত হয়েছে। আপনার সিম ব্লক এড়াতে এখনই gp-care24.net এ গিয়ে NID ও জন্মতারিখ দিন। যাচাই না করলে ২৪ ঘণ্টার মধ্যে সেবা স্থগিত হবে।","গ্রামীণফোন জানাচ্ছে, আপনার নম্বরে ভুয়া কল শনাক্ত হয়েছে। আপনার সিম ব্লক এড়াতে এখনই gp-care24.net এ গিয়ে NID ও জন্মতারিখ দিন। যাচাই না করলে ২৪ ঘণ্টার মধ্যে সেবা স্থগিত হবে।",0,0,4,2,1,174,29,0,0,1,1,0,51,0,0,1,1,126,12,0.9130434782608695,0.08695652173913043,1,1
promo,"২০০৳ ক্যাশব্যাক শেষ দিন! ৬১জিবি+১০০০মি@৳৬৯৯,৩০দিন: cutt.ly/OwG5T3ub",Bengali,1,1,"২০০৳ ক্যাশব্যাক শেষ দিন! ৬১জিবি+১০০০মি@৳৬৯৯,৩০দিন: cutt.ly/OwG5T3ub","২০০৳ ক্যাশব্যাক শেষ দিন! ৬১জিবি+১০০০মি@৳৬৯৯,৩০দিন: cutt.ly/OwG5T3ub",['cutt.ly/OwG5T3ub'],1,1,16,16,2,1,0,1,0,0,0,1,"২০০৳ ক্যাশব্যাক শেষ দিন! ৬১জিবি+১০০০মি@৳৬৯৯,৩০দিন:  [URL] ",58,1,16,16,2,1,0,1,0,0,0,1,1,16,16,2,1,0,1,0,0,0,1,"২০০৳ ক্যাশব্যাক শেষ দিন! ৬১জিবি+১০০০মি@৳৬৯৯,৩০দিন: cutt.ly/OwG5T3ub","২০০৳ ক্যাশব্যাক শেষ দিন! ৬১জিবি+১০০০মি@৳৬৯৯,৩০দিন: cutt.ly/OwG5T3ub",0,0,16,6,1,67,6,1,0,1,1,1,19,2,1,0,0,41,12,0.7735849056603774,0.22641509433962265,1,1
normal,মিঠু ভাইয়ের নাম্বারে টাকা দিয়ে তারপর আসিস।,Bengali,0,0,মিঠু ভাইয়ের নাম্বারে টাকা দিয়ে তারপর আসিস।,মিঠু ভাইয়ের নাম্বারে টাকা দিয়ে তারপর আসিস।,[],0,0,0,0,0,0,0,0,0,0,0,0,মিঠু ভাইয়ের নাম্বারে টাকা দিয়ে তারপর আসিস।,44,0,0,0,0,0,0,0,0,0,0,0,0,0,0,0,0,0,0,0,0,0,0,মিঠু ভাইয়ের নাম্বারে টাকা দিয়ে তারপর আসিস।,মিঠু ভাইয়ের নাম্বারে টাকা দিয়ে তারপর আসিস।,0,0,0,0,0,44,7,0,0,0,0,0,17,1,1,0,0,37,0,1.0,0.0,1,0
smish,দয়া করে আপনার ছেলের সমস্যার জন্য তাড়াতাড়ি টাকা পাঠান।,Bengali,0,2,দয়া করে আপনার ছেলের সমস্যার জন্য তাড়াতাড়ি টাকা পাঠান।,দয়া করে আপনার ছেলের সমস্যার জন্য তাড়াতাড়ি টাকা পাঠান।,[],0,0,0,0,0,0,0,0,0,0,0,0,দয়া করে আপনার ছেলের সমস্যার জন্য তাড়াতাড়ি টাকা পাঠান।,56,0,0,0,0,0,0,0,0,0,0,0,0,0,0,0,0,0,0,0,0,0,0,দয়া করে আপনার ছেলের সমস্যার জন্য তাড়াতাড়ি টাকা পাঠান।,দয়া করে আপনার ছেলের সমস্যার জন্য তাড়াতাড়ি টাকা পাঠান।,0,0,0,0,0,56,9,0,0,0,0,0,20,1,1,0,0,47,0,1.0,0.0,1,0
normal,আমার কাছে কোনো নতুন খবর আছে?,Bengali,0,0,আমার কাছে কোনো নতুন খবর আছে?,আমার কাছে কোনো নতুন খবর আছে?,[],0,0,0,0,0,0,0,0,0,0,0,0,আমার কাছে কোনো নতুন খবর আছে?,28,0,0,0,0,0,0,0,0,0,0,0,0,0,0,0,0,0,0,0,0,0,0,আমার কাছে কোনো নতুন খবর আছে?,আমার কাছে কোনো নতুন খবর আছে?,0,0,0,0,0,28,6,0,1,0,0,0,8,0,0,0,0,22,0,1.0,0.0,1,0
smish,অ্যাপল আইফোন ১৩ জিতেছেন! ডেলিভারি নিশ্চিত করতে কল করুন: +8801814567890,Bengali,0,2,অ্যাপল আইফোন ১৩ জিতেছেন! ডেলিভারি নিশ্চিত করতে কল করুন: +8801814567890,অ্যাপল আইফোন ১৩ জিতেছেন! ডেলিভারি নিশ্চিত করতে কল করুন: +8801814567890,[],0,0,0,0,0,0,0,0,0,0,0,0,অ্যাপল আইফোন ১৩ জিতেছেন! ডেলিভারি নিশ্চিত করতে কল করুন: +8801814567890,70,0,0,0,0,0,0,0,0,0,0,0,0,0,0,0,0,0,0,0,0,0,0,অ্যাপল আইফোন ১৩ জিতেছেন! ডেলিভারি নিশ্চিত করতে কল করুন: +8801814567890,অ্যাপল আইফোন ১৩ জিতেছেন! ডেলিভারি নিশ্চিত করতে কল করুন: +8801814567890,1,1,15,2,1,70,10,1,0,0,0,1,18,0,0,0,0,45,0,1.0,0.0,1,0
normal,আজকে মোবাইলের চার্জ শেষ হয়ে গিয়েছিলো। একেবারে অচল হয়ে গিয়েছিলাম। বুঝলাম চার্জারটা সবসময় সাথে রাখা কতটা জরুরি।,Bengali,0,0,আজকে মোবাইলের চার্জ শেষ হয়ে গিয়েছিলো। একেবারে অচল হয়ে গিয়েছিলাম। বুঝলাম চার্জারটা সবসময় সাথে রাখা কতটা জরুরি।,আজকে মোবাইলের চার্জ শেষ হয়ে গিয়েছিলো। একেবারে অচল হয়ে গিয়েছিলাম। বুঝলাম চার্জারটা সবসময় সাথে রাখা কতটা জরুরি।,[],0,0,0,0,0,0,0,0,0,0,0,0,আজকে মোবাইলের চার্জ শেষ হয়ে গিয়েছিলো। একেবারে অচল হয়ে গিয়েছিলাম। বুঝলাম চার্জারটা সবসময় সাথে রাখা কতটা জরুরি।,114,0,0,0,0,0,0,0,0,0,0,0,0,0,0,0,0,0,0,0,0,0,0,আজকে মোবাইলের চার্জ শেষ হয়ে গিয়েছিলো। একেবারে অচল হয়ে গিয়েছিলাম। বুঝলাম চার্জারটা সবসময় সাথে রাখা কতটা জরুরি।,আজকে মোবাইলের চার্জ শেষ হয়ে গিয়েছিলো। একেবারে অচল হয়ে গিয়েছিলাম। বুঝলাম চার্জারটা সবসময় সাথে রাখা কতটা জরুরি।,0,0,0,0,0,114,17,0,0,0,0,0,41,0,0,0,0,95,0,1.0,0.0,1,0
smish,"মহান স্বাধীনতা দিবসের শুভেচ্ছা। বিশ্বস্ত ও স্মার্ট ব্যাংকিং সেবায় ২৪/৭ সোনালী ব্যাংক আপনার পাশে।
মোঃ আফজাল করিম
সিইও এন্ড এমডি",Bengali,0,2,"মহান স্বাধীনতা দিবসের শুভেচ্ছা। বিশ্বস্ত ও স্মার্ট ব্যাংকিং সেবায় ২৪/৭ সোনালী ব্যাংক আপনার পাশে।
মোঃ আফজাল করিম
সিইও এন্ড এমডি",মহান স্বাধীনতা দিবসের শুভেচ্ছা। বিশ্বস্ত ও স্মার্ট ব্যাংকিং সেবায় ২৪/৭ সোনালী ব্যাংক আপনার পাশে। মোঃ আফজাল করিম সিইও এন্ড এমডি,[],0,0,0,0,0,0,0,0,0,0,0,0,মহান স্বাধীনতা দিবসের শুভেচ্ছা। বিশ্বস্ত ও স্মার্ট ব্যাংকিং সেবায় ২৪/৭ সোনালী ব্যাংক আপনার পাশে। মোঃ আফজাল করিম সিইও এন্ড এমডি,127,0,0,0,0,0,0,0,0,0,0,0,0,0,0,0,0,0,0,0,0,0,0,"মহান স্বাধীনতা দিবসের শুভেচ্ছা। বিশ্বস্ত ও স্মার্ট ব্যাংকিং সেবায় ২৪/৭ সোনালী ব্যাংক আপনার পাশে।
মোঃ আফজাল করিম
সিইও এন্ড এমডি",মহান স্বাধীনতা দিবসের শুভেচ্ছা। বিশ্বস্ত ও স্মার্ট ব্যাংকিং সেবায় ২৪/৭ সোনালী ব্যাংক আপনার পাশে। মোঃ আফজাল করিম সিইও এন্ড এমডি,0,0,3,2,1,127,20,0,0,0,0,0,44,0,0,0,0,105,0,1.0,0.0,1,0
promo,"পেট ফুড ও সাপ্লাইতে ছাড়! কুকুর, বিড়ালের খাবারে ২৫% কমতি।",Bengali,0,1,"পেট ফুড ও সাপ্লাইতে ছাড়! কুকুর, বিড়ালের খাবারে ২৫% কমতি।","পেট ফুড ও সাপ্লাইতে ছাড়! কুকুর, বিড়ালের খাবারে ২৫% কমতি।",[],0,0,0,0,0,0,0,0,0,0,0,0,"পেট ফুড ও সাপ্লাইতে ছাড়! কুকুর, বিড়ালের খাবারে ২৫% কমতি।",58,0,0,0,0,0,0,0,0,0,0,0,0,0,0,0,0,0,0,0,0,0,0,"পেট ফুড ও সাপ্লাইতে ছাড়! কুকুর, বিড়ালের খাবারে ২৫% কমতি।","পেট ফুড ও সাপ্লাইতে ছাড়! কুকুর, বিড়ালের খাবারে ২৫% কমতি।",0,0,2,1,1,58,10,1,0,1,0,0,22,0,0,0,0,45,0,1.0,0.0,1,0
smish,"বিকাশ ব্যবহারকারী, আপনার একাউন্টে ১৫,০০০ টাকা অননুমোদিতভাবে স্থানান্তর হয়েছে। অবিলম্বে bkash-verifybd.org এ লগইন করুন এবং পিন/OTP প্রদান করুন। সতর্কবার্তা: ২৪ ঘণ্টার মধ্যে ব্যবস্থা না নিলে একাউন্ট স্থগিত হবে।",Bengali,1,2,"বিকাশ ব্যবহারকারী, আপনার একাউন্টে ১৫,০০০ টাকা অননুমোদিতভাবে স্থানান্তর হয়েছে। অবিলম্বে bkash-verifybd.org এ লগইন করুন এবং পিন/OTP প্রদান করুন। সতর্কবার্তা: ২৪ ঘণ্টার মধ্যে ব্যবস্থা না নিলে একাউন্ট স্থগিত হবে।","বিকাশ ব্যবহারকারী, আপনার একাউন্টে ১৫,০০০ টাকা অননুমোদিতভাবে স্থানান্তর হয়েছে। অবিলম্বে bkash-verifybd.org এ লগইন করুন এবং পিন/OTP প্রদান করুন। সতর্কবার্তা: ২৪ ঘণ্টার মধ্যে ব্যবস্থা না নিলে একাউন্ট স্থগিত হবে।",['bkash-verifybd.org'],1,1,18,18,0,1,1,0,0,0,0,0,"বিকাশ ব্যবহারকারী, আপনার একাউন্টে ১৫,০০০ টাকা অননুমোদিতভাবে স্থানান্তর হয়েছে। অবিলম্বে  [URL]  এ লগইন করুন এবং পিন/OTP প্রদান করুন। সতর্কবার্তা: ২৪ ঘণ্টার মধ্যে ব্যবস্থা না নিলে একাউন্ট স্থগিত হবে।",198,1,18,18,0,1,1,0,0,0,0,0,1,18,18,0,1,1,0,0,0,0,0,"বিকাশ ব্যবহারকারী, আপনার একাউন্টে ১৫,০০০ টাকা অননুমোদিতভাবে স্থানান্তর হয়েছে। অবিলম্বে bkash-verifybd.org এ লগইন করুন এবং পিন/OTP প্রদান করুন। সতর্কবার্তা: ২৪ ঘণ্টার মধ্যে ব্যবস্থা না নিলে একাউন্ট স্থগিত হবে।","বিকাশ ব্যবহারকারী, আপনার একাউন্টে ১৫,০০০ টাকা অননুমোদিতভাবে স্থানান্তর হয়েছে। অবিলম্বে bkash-verifybd.org এ লগইন করুন এবং পিন/OTP প্রদান করুন। সতর্কবার্তা: ২৪ ঘণ্টার মধ্যে ব্যবস্থা না নিলে একাউন্ট স্থগিত হবে।",0,0,7,2,1,209,28,0,0,2,1,1,61,1,1,3,1,154,19,0.8901734104046243,0.10982658959537572,1,1
normal,তুমি কি কাল সকালে ক্লাসে যাবে? স্যার কুইজ নেবেন বলে শুনেছি।,Bengali,0,0,তুমি কি কাল সকালে ক্লাসে যাবে? স্যার কুইজ নেবেন বলে শুনেছি।,তুমি কি কাল সকালে ক্লাসে যাবে? স্যার কুইজ নেবেন বলে শুনেছি।,[],0,0,0,0,0,0,0,0,0,0,0,0,তুমি কি কাল সকালে ক্লাসে যাবে? স্যার কুইজ নেবেন বলে শুনেছি।,59,0,0,0,0,0,0,0,0,0,0,0,0,0,0,0,0,0,0,0,0,0,0,তুমি কি কাল সকালে ক্লাসে যাবে? স্যার কুইজ নেবেন বলে শুনেছি।,তুমি কি কাল সকালে ক্লাসে যাবে? স্যার কুইজ নেবেন বলে শুনেছি।,0,0,0,0,0,59,11,0,1,0,0,0,22,0,0,0,0,47,0,1.0,0.0,1,0
smish,"আপনার ডাচ্-বাংলা ব্যাংক ক্রেডিট কার্ডে অননুমোদিত ৭৫,০০০ টাকা চার্জ হয়েছে। বাতিল করতে দ্রুত http://dbbl-secure-payments.com এ লগইন করুন এবং OTP প্রদান করুন।",Bengali,1,2,"আপনার ডাচ্-বাংলা ব্যাংক ক্রেডিট কার্ডে অননুমোদিত ৭৫,০০০ টাকা চার্জ হয়েছে। বাতিল করতে দ্রুত http://dbbl-secure-payments.com এ লগইন করুন এবং OTP প্রদান করুন।","আপনার ডাচ্-বাংলা ব্যাংক ক্রেডিট কার্ডে অননুমোদিত ৭৫,০০০ টাকা চার্জ হয়েছে। বাতিল করতে দ্রুত http://dbbl-secure-payments.com এ লগইন করুন এবং OTP প্রদান করুন।",['http://dbbl-secure-payments.com'],1,1,31,31,0,1,2,2,0,0,0,0,"আপনার ডাচ্-বাংলা ব্যাংক ক্রেডিট কার্ডে অননুমোদিত ৭৫,০০০ টাকা চার্জ হয়েছে। বাতিল করতে দ্রুত  [URL]  এ লগইন করুন এবং OTP প্রদান করুন।",132,1,31,31,0,1,2,2,0,0,0,0,1,31,31,0,1,2,2,0,0,0,0,"আপনার ডাচ্-বাংলা ব্যাংক ক্রেডিট কার্ডে অননুমোদিত ৭৫,০০০ টাকা চার্জ হয়েছে। বাতিল করতে দ্রুত http://dbbl-secure-payments.com এ লগইন করুন এবং OTP প্রদান করুন।","আপনার ডাচ্-বাংলা ব্যাংক ক্রেডিট কার্ডে অননুমোদিত ৭৫,০০০ টাকা চার্জ হয়েছে। বাতিল করতে দ্রুত http://dbbl-secure-payments.com এ লগইন করুন এবং OTP প্রদান করুন।",0,0,5,1,1,156,21,0,0,1,1,1,45,1,1,1,1,98,28,0.7777777777777778,0.2222222222222222,1,1
promo,"৮০মিনিট মাত্র ৫৯টাকা (৫দিন), নিতে ডায়াল করুন *১২১*৪২০৫#",Bengali,0,1,"৮০মিনিট মাত্র ৫৯টাকা (৫দিন), নিতে ডায়াল করুন *১২১*৪২০৫#","৮০মিনিট মাত্র ৫৯টাকা (৫দিন), নিতে ডায়াল করুন *১২১*৪২০৫#",[],0,0,0,0,0,0,0,0,0,0,0,0,"৮০মিনিট মাত্র ৫৯টাকা (৫দিন), নিতে ডায়াল করুন *১২১*৪২০৫#",56,0,0,0,0,0,0,0,0,0,0,0,0,0,0,0,0,0,0,0,0,0,0,"৮০মিনিট মাত্র ৫৯টাকা (৫দিন), নিতে ডায়াল করুন *১২১*৪২০৫#","৮০মিনিট মাত্র ৫৯টাকা (৫দিন), নিতে ডায়াল করুন *১২১*৪২০৫#",0,0,12,5,1,56,8,0,0,1,0,0,19,1,1,0,0,43,0,1.0,0.0,1,0
promo,"৳১০০ ক্যাশব্যাক!৩০জিবি+৬০০মি. @৳৩৯৯,৩০দিন: cutt.ly/AwkY4L2C",Bengali,1,1,"৳১০০ ক্যাশব্যাক!৩০জিবি+৬০০মি. @৳৩৯৯,৩০দিন: cutt.ly/AwkY4L2C","৳১০০ ক্যাশব্যাক!৩০জিবি+৬০০মি. @৳৩৯৯,৩০দিন: cutt.ly/AwkY4L2C",['cutt.ly/AwkY4L2C'],1,1,16,16,2,1,0,1,0,0,0,1,"৳১০০ ক্যাশব্যাক!৩০জিবি+৬০০মি. @৳৩৯৯,৩০দিন:  [URL] ",50,1,16,16,2,1,0,1,0,0,0,1,1,16,16,2,1,0,1,0,0,0,1,"৳১০০ ক্যাশব্যাক!৩০জিবি+৬০০মি. @৳৩৯৯,৩০দিন: cutt.ly/AwkY4L2C","৳১০০ ক্যাশব্যাক!৩০জিবি+৬০০মি. @৳৩৯৯,৩০দিন: cutt.ly/AwkY4L2C",0,0,15,6,1,59,4,1,0,1,2,1,18,2,1,0,0,34,12,0.7391304347826086,0.2608695652173913,1,1
smish,সোনালী ব্যাংক অ্যাকাউন্টে সমস্যা হয়েছে। বিস্তারিত জানতে এখানে ক্লিক করুন: https://wa.me/8801811011123,Bengali,1,2,সোনালী ব্যাংক অ্যাকাউন্টে সমস্যা হয়েছে। বিস্তারিত জানতে এখানে ক্লিক করুন: https://wa.me/8801811011123,সোনালী ব্যাংক অ্যাকাউন্টে সমস্যা হয়েছে। বিস্তারিত জানতে এখানে ক্লিক করুন: https://wa.me/8801811011123,['https://wa.me/8801811011123'],1,1,27,27,13,1,0,3,1,0,0,0,সোনালী ব্যাংক অ্যাকাউন্টে সমস্যা হয়েছে। বিস্তারিত জানতে এখানে ক্লিক করুন:  [URL] ,82,1,27,27,13,1,0,3,1,0,0,0,1,27,27,13,1,0,3,1,0,0,0,সোনালী ব্যাংক অ্যাকাউন্টে সমস্যা হয়েছে। বিস্তারিত জানতে এখানে ক্লিক করুন: https://wa.me/8801811011123,সোনালী ব্যাংক অ্যাকাউন্টে সমস্যা হয়েছে। বিস্তারিত জানতে এখানে ক্লিক করুন: https://wa.me/8801811011123,1,1,13,1,1,102,11,0,0,0,1,2,34,0,0,1,1,63,9,0.875,0.125,1,1
promo,"পূর্বাচল ৩০নং সেক্টর সংলগ্ন ভরাট চলমান প্লট! কাঠা ১.৬ লক্ষ
01894841736",Bengali,0,1,"পূর্বাচল ৩০নং সেক্টর সংলগ্ন ভরাট চলমান প্লট! কাঠা ১.৬ লক্ষ
01894841736",পূর্বাচল ৩০নং সেক্টর সংলগ্ন ভরাট চলমান প্লট! কাঠা ১.৬ লক্ষ 01894841736,[],0,0,0,0,0,0,0,0,0,0,0,0,পূর্বাচল ৩০নং সেক্টর সংলগ্ন ভরাট চলমান প্লট! কাঠা ১.৬ লক্ষ 01894841736,70,0,0,0,0,0,0,0,0,0,0,0,0,0,0,0,0,0,0,0,0,0,0,"পূর্বাচল ৩০নং সেক্টর সংলগ্ন ভরাট চলমান প্লট! কাঠা ১.৬ লক্ষ
01894841736",পূর্বাচল ৩০নং সেক্টর সংলগ্ন ভরাট চলমান প্লট! কাঠা ১.৬ লক্ষ 01894841736,1,1,15,3,1,70,11,1,0,0,1,0,16,0,0,0,0,47,0,1.0,0.0,1,0
smish,"https://t.me/DailyEarn_Money_bot?start=r07709397116 ফ্রী ইনকাম করতে চাইলে ক্লিক করুন,🤞",Bengali,1,2,"https://t.me/DailyEarn_Money_bot?start=r07709397116 ফ্রী ইনকাম করতে চাইলে ক্লিক করুন,🤞","https://t.me/DailyEarn_Money_bot?start=r07709397116 ফ্রী ইনকাম করতে চাইলে ক্লিক করুন,🤞",['https://t.me/DailyEarn_Money_bot?start=r07709397116'],1,1,51,51,11,1,0,3,1,0,0,0," [URL]  ফ্রী ইনকাম করতে চাইলে ক্লিক করুন,🤞",42,1,51,51,11,1,0,3,1,0,0,0,1,51,51,11,1,0,3,1,0,0,0,"https://t.me/DailyEarn_Money_bot?start=r07709397116 ফ্রী ইনকাম করতে চাইলে ক্লিক করুন,🤞","https://t.me/DailyEarn_Money_bot?start=r07709397116 ফ্রী ইনকাম করতে চাইলে ক্লিক করুন,🤞",0,0,11,1,1,86,7,0,1,1,1,1,18,0,0,0,0,27,31,0.46551724137931033,0.5344827586206896,1,1
smish,"আপনার হাতে যদি ডেইলি 3-4 ঘন্টা সময় ফ্রি থাকে তাহলে যানাবেন। আশা করি খুব ভালো একটা কাজের সন্ধান দিতে পারবো। 
 ইনবক্স করেন",Bengali,0,2,"আপনার হাতে যদি ডেইলি 3-4 ঘন্টা সময় ফ্রি থাকে তাহলে যানাবেন। আশা করি খুব ভালো একটা কাজের সন্ধান দিতে পারবো। 
 ইনবক্স করেন",আপনার হাতে যদি ডেইলি 3-4 ঘন্টা সময় ফ্রি থাকে তাহলে যানাবেন। আশা করি খুব ভালো একটা কাজের সন্ধান দিতে পারবো। ইনবক্স করেন,[],0,0,0,0,0,0,0,0,0,0,0,0,আপনার হাতে যদি ডেইলি 3-4 ঘন্টা সময় ফ্রি থাকে তাহলে যানাবেন। আশা করি খুব ভালো একটা কাজের সন্ধান দিতে পারবো। ইনবক্স করেন,119,0,0,0,0,0,0,0,0,0,0,0,0,0,0,0,0,0,0,0,0,0,0,"আপনার হাতে যদি ডেইলি 3-4 ঘন্টা সময় ফ্রি থাকে তাহলে যানাবেন। আশা করি খুব ভালো একটা কাজের সন্ধান দিতে পারবো। 
 ইনবক্স করেন",আপনার হাতে যদি ডেইলি 3-4 ঘন্টা সময় ফ্রি থাকে তাহলে যানাবেন। আশা করি খুব ভালো একটা কাজের সন্ধান দিতে পারবো। ইনবক্স করেন,0,0,2,2,1,119,22,0,0,0,0,0,37,0,0,0,0,93,0,1.0,0.0,1,0
normal,ব্যবসায়ী হওয়া অপরাধ না কিন্তু রাজনৈতিক প্রভাব খাটিয়ে ব্যবসায়ী হওয়া বড় অপরাধ। কারণ এই ব্যবসায়ীদের অর্জিত অর্থের বেশিরভাগই আসে সাধারণ মানুষের রক্তচোষা টাকা থেকে। — রেদোয়ান মাসুদ,Bengali,0,0,ব্যবসায়ী হওয়া অপরাধ না কিন্তু রাজনৈতিক প্রভাব খাটিয়ে ব্যবসায়ী হওয়া বড় অপরাধ। কারণ এই ব্যবসায়ীদের অর্জিত অর্থের বেশিরভাগই আসে সাধারণ মানুষের রক্তচোষা টাকা থেকে। — রেদোয়ান মাসুদ,ব্যবসায়ী হওয়া অপরাধ না কিন্তু রাজনৈতিক প্রভাব খাটিয়ে ব্যবসায়ী হওয়া বড় অপরাধ। কারণ এই ব্যবসায়ীদের অর্জিত অর্থের বেশিরভাগই আসে সাধারণ মানুষের রক্তচোষা টাকা থেকে। - রেদোয়ান মাসুদ,[],0,0,0,0,0,0,0,0,0,0,0,0,ব্যবসায়ী হওয়া অপরাধ না কিন্তু রাজনৈতিক প্রভাব খাটিয়ে ব্যবসায়ী হওয়া বড় অপরাধ। কারণ এই ব্যবসায়ীদের অর্জিত অর্থের বেশিরভাগই আসে সাধারণ মানুষের রক্তচোষা টাকা থেকে। - রেদোয়ান মাসুদ,183,0,0,0,0,0,0,0,0,0,0,0,0,0,0,0,0,0,0,0,0,0,0,ব্যবসায়ী হওয়া অপরাধ না কিন্তু রাজনৈতিক প্রভাব খাটিয়ে ব্যবসায়ী হওয়া বড় অপরাধ। কারণ এই ব্যবসায়ীদের অর্জিত অর্থের বেশিরভাগই আসে সাধারণ মানুষের রক্তচোষা টাকা থেকে। — রেদোয়ান মাসুদ,ব্যবসায়ী হওয়া অপরাধ না কিন্তু রাজনৈতিক প্রভাব খাটিয়ে ব্যবসায়ী হওয়া বড় অপরাধ। কারণ এই ব্যবসায়ীদের অর্জিত অর্থের বেশিরভাগই আসে সাধারণ মানুষের রক্তচোষা টাকা থেকে। — রেদোয়ান মাসুদ,0,0,0,0,0,183,27,0,0,0,0,0,63,1,1,0,0,154,0,1.0,0.0,1,0
smish,কোন ক্রেডিট চেক ছাড়াই ১০০% ক্রেডিট কার্ড অনুমোদন। আজই আবেদন করুন। যোগাযোগ: ০১৫৬৭৫৪৬৩৯০,Bengali,0,2,কোন ক্রেডিট চেক ছাড়াই ১০০% ক্রেডিট কার্ড অনুমোদন। আজই আবেদন করুন। যোগাযোগ: ০১৫৬৭৫৪৬৩৯০,কোন ক্রেডিট চেক ছাড়াই ১০০% ক্রেডিট কার্ড অনুমোদন। আজই আবেদন করুন। যোগাযোগ: ০১৫৬৭৫৪৬৩৯০,[],0,0,0,0,0,0,0,0,0,0,0,0,কোন ক্রেডিট চেক ছাড়াই ১০০% ক্রেডিট কার্ড অনুমোদন। আজই আবেদন করুন। যোগাযোগ: ০১৫৬৭৫৪৬৩৯০,87,0,0,0,0,0,0,0,0,0,0,0,0,0,0,0,0,0,0,0,0,0,0,কোন ক্রেডিট চেক ছাড়াই ১০০% ক্রেডিট কার্ড অনুমোদন। আজই আবেদন করুন। যোগাযোগ: ০১৫৬৭৫৪৬৩৯০,কোন ক্রেডিট চেক ছাড়াই ১০০% ক্রেডিট কার্ড অনুমোদন। আজই আবেদন করুন। যোগাযোগ: ০১৫৬৭৫৪৬৩৯০,0,0,14,2,1,87,13,0,0,0,0,1,24,0,0,0,0,71,0,1.0,0.0,1,0
smish,বাংলাদেশ ব্যাংক থেকে গুরুত্বপূর্ণ বার্তা। বিস্তারিত জানতে এখানে ক্লিক করুন: https://wa.me/8801917788990,Bengali,1,2,বাংলাদেশ ব্যাংক থেকে গুরুত্বপূর্ণ বার্তা। বিস্তারিত জানতে এখানে ক্লিক করুন: https://wa.me/8801917788990,বাংলাদেশ ব্যাংক থেকে গুরুত্বপূর্ণ বার্তা। বিস্তারিত জানতে এখানে ক্লিক করুন: https://wa.me/8801917788990,['https://wa.me/8801917788990'],1,1,27,27,13,1,0,3,1,0,0,0,বাংলাদেশ ব্যাংক থেকে গুরুত্বপূর্ণ বার্তা। বিস্তারিত জানতে এখানে ক্লিক করুন:  [URL] ,83,1,27,27,13,1,0,3,1,0,0,0,1,27,27,13,1,0,3,1,0,0,0,বাংলাদেশ ব্যাংক থেকে গুরুত্বপূর্ণ বার্তা। বিস্তারিত জানতে এখানে ক্লিক করুন: https://wa.me/8801917788990,বাংলাদেশ ব্যাংক থেকে গুরুত্বপূর্ণ বার্তা। বিস্তারিত জানতে এখানে ক্লিক করুন: https://wa.me/8801917788990,1,1,13,1,1,103,11,0,0,0,1,2,35,0,0,0,0,64,9,0.8767123287671232,0.1232876712328767,1,1
normal,"আমি আজকে খুব ব্যস্ত ছিলাম অফিসে। বস হঠাৎ মিটিং ডেকেছিল। কাল দেখা করি, কফি খেতে যাই।",Bengali,0,0,"আমি আজকে খুব ব্যস্ত ছিলাম অফিসে। বস হঠাৎ মিটিং ডেকেছিল। কাল দেখা করি, কফি খেতে যাই।","আমি আজকে খুব ব্যস্ত ছিলাম অফিসে। বস হঠাৎ মিটিং ডেকেছিল। কাল দেখা করি, কফি খেতে যাই।",[],0,0,0,0,0,0,0,0,0,0,0,0,"আমি আজকে খুব ব্যস্ত ছিলাম অফিসে। বস হঠাৎ মিটিং ডেকেছিল। কাল দেখা করি, কফি খেতে যাই।",83,0,0,0,0,0,0,0,0,0,0,0,0,0,0,0,0,0,0,0,0,0,0,"আমি আজকে খুব ব্যস্ত ছিলাম অফিসে। বস হঠাৎ মিটিং ডেকেছিল। কাল দেখা করি, কফি খেতে যাই।","আমি আজকে খুব ব্যস্ত ছিলাম অফিসে। বস হঠাৎ মিটিং ডেকেছিল। কাল দেখা করি, কফি খেতে যাই।",0,0,0,0,0,83,16,0,0,1,0,0,28,0,0,0,0,64,0,1.0,0.0,1,0
normal,আগামীকাল ঈদের শপিং করতে যাবো। তুমি কি যাবে সাথে?,Bengali,0,0,আগামীকাল ঈদের শপিং করতে যাবো। তুমি কি যাবে সাথে?,আগামীকাল ঈদের শপিং করতে যাবো। তুমি কি যাবে সাথে?,[],0,0,0,0,0,0,0,0,0,0,0,0,আগামীকাল ঈদের শপিং করতে যাবো। তুমি কি যাবে সাথে?,48,0,0,0,0,0,0,0,0,0,0,0,0,0,0,0,0,0,0,0,0,0,0,আগামীকাল ঈদের শপিং করতে যাবো। তুমি কি যাবে সাথে?,আগামীকাল ঈদের শপিং করতে যাবো। তুমি কি যাবে সাথে?,0,0,0,0,0,48,9,0,1,0,0,0,18,0,0,0,0,38,0,1.0,0.0,1,0
smish,ক্রিপ্টো বিনিয়োগে লাভবান হন! আজই শুরু করুন: http://bit.ly/CryptoInvest,Bengali,1,2,ক্রিপ্টো বিনিয়োগে লাভবান হন! আজই শুরু করুন: http://bit.ly/CryptoInvest,ক্রিপ্টো বিনিয়োগে লাভবান হন! আজই শুরু করুন: http://bit.ly/CryptoInvest,['http://bit.ly/CryptoInvest'],1,1,26,26,0,1,0,3,0,0,0,1,ক্রিপ্টো বিনিয়োগে লাভবান হন! আজই শুরু করুন:  [URL] ,52,1,26,26,0,1,0,3,0,0,0,1,1,26,26,0,1,0,3,0,0,0,1,ক্রিপ্টো বিনিয়োগে লাভবান হন! আজই শুরু করুন: http://bit.ly/CryptoInvest,ক্রিপ্টো বিনিয়োগে লাভবান হন! আজই শুরু করুন: http://bit.ly/CryptoInvest,0,0,0,0,0,71,8,1,0,0,1,2,21,0,0,0,0,36,21,0.631578947368421,0.3684210526315789,1,1
smish,সোনালী ব্যাংক অ্যাকাউন্টে ত্রুটি দেখা দিয়েছে। জরুরি ভিত্তিতে বিস্তারিত জানতে এখানে ক্লিক করুন: https://wa.me/8801819876543,Bengali,1,2,সোনালী ব্যাংক অ্যাকাউন্টে ত্রুটি দেখা দিয়েছে। জরুরি ভিত্তিতে বিস্তারিত জানতে এখানে ক্লিক করুন: https://wa.me/8801819876543,সোনালী ব্যাংক অ্যাকাউন্টে ত্রুটি দেখা দিয়েছে। জরুরি ভিত্তিতে বিস্তারিত জানতে এখানে ক্লিক করুন: https://wa.me/8801819876543,['https://wa.me/8801819876543'],1,1,27,27,13,1,0,3,1,0,0,0,সোনালী ব্যাংক অ্যাকাউন্টে ত্রুটি দেখা দিয়েছে। জরুরি ভিত্তিতে বিস্তারিত জানতে এখানে ক্লিক করুন:  [URL] ,103,1,27,27,13,1,0,3,1,0,0,0,1,27,27,13,1,0,3,1,0,0,0,সোনালী ব্যাংক অ্যাকাউন্টে ত্রুটি দেখা দিয়েছে। জরুরি ভিত্তিতে বিস্তারিত জানতে এখানে ক্লিক করুন: https://wa.me/8801819876543,সোনালী ব্যাংক অ্যাকাউন্টে ত্রুটি দেখা দিয়েছে। জরুরি ভিত্তিতে বিস্তারিত জানতে এখানে ক্লিক করুন: https://wa.me/8801819876543,1,1,13,1,1,123,14,0,0,0,1,2,44,0,0,1,1,81,9,0.9,0.1,1,1
smish,ফ্রিতে জয়েন করে আপনার ফ্রি সময়কে কাজে লাগিয়ে Dxn কম্পানিতে নেটওয়ার্ক মার্কেটিং বিজনেস করে একটা প্যাসিব ইনকামের রাস্তা তৈরি করতে চান তাহলে ইনবক্স করুন,Bengali,0,2,ফ্রিতে জয়েন করে আপনার ফ্রি সময়কে কাজে লাগিয়ে Dxn কম্পানিতে নেটওয়ার্ক মার্কেটিং বিজনেস করে একটা প্যাসিব ইনকামের রাস্তা তৈরি করতে চান তাহলে ইনবক্স করুন,ফ্রিতে জয়েন করে আপনার ফ্রি সময়কে কাজে লাগিয়ে Dxn কম্পানিতে নেটওয়ার্ক মার্কেটিং বিজনেস করে একটা প্যাসিব ইনকামের রাস্তা তৈরি করতে চান তাহলে ইনবক্স করুন,[],0,0,0,0,0,0,0,0,0,0,0,0,ফ্রিতে জয়েন করে আপনার ফ্রি সময়কে কাজে লাগিয়ে Dxn কম্পানিতে নেটওয়ার্ক মার্কেটিং বিজনেস করে একটা প্যাসিব ইনকামের রাস্তা তৈরি করতে চান তাহলে ইনবক্স করুন,153,0,0,0,0,0,0,0,0,0,0,0,0,0,0,0,0,0,0,0,0,0,0,ফ্রিতে জয়েন করে আপনার ফ্রি সময়কে কাজে লাগিয়ে Dxn কম্পানিতে নেটওয়ার্ক মার্কেটিং বিজনেস করে একটা প্যাসিব ইনকামের রাস্তা তৈরি করতে চান তাহলে ইনবক্স করুন,ফ্রিতে জয়েন করে আপনার ফ্রি সময়কে কাজে লাগিয়ে Dxn কম্পানিতে নেটওয়ার্ক মার্কেটিং বিজনেস করে একটা প্যাসিব ইনকামের রাস্তা তৈরি করতে চান তাহলে ইনবক্স করুন,0,0,0,0,0,153,24,0,0,0,0,0,50,0,0,0,0,127,3,0.9769230769230769,0.023076923076923078,1,1
smish,Facebook থেকে নিরাপত্তা সতর্কতা: আপনার একাউন্ট বাংলাদেশ থেকে অননুমোদিত অ্যাক্সেস পেয়েছে। একাউন্ট রক্ষা করতে এখনই fb-verification-bd.net এ OTP দিন।,Bengali,1,2,Facebook থেকে নিরাপত্তা সতর্কতা: আপনার একাউন্ট বাংলাদেশ থেকে অননুমোদিত অ্যাক্সেস পেয়েছে। একাউন্ট রক্ষা করতে এখনই fb-verification-bd.net এ OTP দিন।,Facebook থেকে নিরাপত্তা সতর্কতা: আপনার একাউন্ট বাংলাদেশ থেকে অননুমোদিত অ্যাক্সেস পেয়েছে। একাউন্ট রক্ষা করতে এখনই fb-verification-bd.net এ OTP দিন।,['fb-verification-bd.net'],1,1,22,22,0,1,2,0,0,0,0,0,Facebook থেকে নিরাপত্তা সতর্কতা: আপনার একাউন্ট বাংলাদেশ থেকে অননুমোদিত অ্যাক্সেস পেয়েছে। একাউন্ট রক্ষা করতে এখনই  [URL]  এ OTP দিন।,132,1,22,22,0,1,2,0,0,0,0,0,1,22,22,0,1,2,0,0,0,0,0,Facebook থেকে নিরাপত্তা সতর্কতা: আপনার একাউন্ট বাংলাদেশ থেকে অননুমোদিত অ্যাক্সেস পেয়েছে। একাউন্ট রক্ষা করতে এখনই fb-verification-bd.net এ OTP দিন।,Facebook থেকে নিরাপত্তা সতর্কতা: আপনার একাউন্ট বাংলাদেশ থেকে অননুমোদিত অ্যাক্সেস পেয়েছে। একাউন্ট রক্ষা করতে এখনই fb-verification-bd.net এ OTP দিন।,0,0,0,0,0,147,19,0,0,0,1,1,40,0,0,2,1,93,30,0.7560975609756098,0.24390243902439024,1,1
normal,কাল কি করব?,Bengali,0,0,কাল কি করব?,কাল কি করব?,[],0,0,0,0,0,0,0,0,0,0,0,0,কাল কি করব?,11,0,0,0,0,0,0,0,0,0,0,0,0,0,0,0,0,0,0,0,0,0,0,কাল কি করব?,কাল কি করব?,0,0,0,0,0,11,3,0,1,0,0,0,3,0,0,0,0,8,0,1.0,0.0,1,0
normal,কাল রাতে নতুন সিনেমা দেখলাম। গল্পটা দারুণ ছিল। আবার দেখতে ইচ্ছে করছে।,Bengali,0,0,কাল রাতে নতুন সিনেমা দেখলাম। গল্পটা দারুণ ছিল। আবার দেখতে ইচ্ছে করছে।,কাল রাতে নতুন সিনেমা দেখলাম। গল্পটা দারুণ ছিল। আবার দেখতে ইচ্ছে করছে।,[],0,0,0,0,0,0,0,0,0,0,0,0,কাল রাতে নতুন সিনেমা দেখলাম। গল্পটা দারুণ ছিল। আবার দেখতে ইচ্ছে করছে।,69,0,0,0,0,0,0,0,0,0,0,0,0,0,0,0,0,0,0,0,0,0,0,কাল রাতে নতুন সিনেমা দেখলাম। গল্পটা দারুণ ছিল। আবার দেখতে ইচ্ছে করছে।,কাল রাতে নতুন সিনেমা দেখলাম। গল্পটা দারুণ ছিল। আবার দেখতে ইচ্ছে করছে।,0,0,0,0,0,69,12,0,0,0,0,0,23,0,0,0,0,55,0,1.0,0.0,1,0
promo,"৪০৳ ক্যাশব্যাক! ৪৬জিবি @৪৫৮৳, ৩০দিন, নিয়ে নাও এখনই: cutt.ly/GwWYCCfJ",Bengali,1,1,"৪০৳ ক্যাশব্যাক! ৪৬জিবি @৪৫৮৳, ৩০দিন, নিয়ে নাও এখনই: cutt.ly/GwWYCCfJ","৪০৳ ক্যাশব্যাক! ৪৬জিবি @৪৫৮৳, ৩০দিন, নিয়ে নাও এখনই: cutt.ly/GwWYCCfJ",['cutt.ly/GwWYCCfJ'],1,1,16,16,0,1,0,1,0,0,0,1,"৪০৳ ক্যাশব্যাক! ৪৬জিবি @৪৫৮৳, ৩০দিন, নিয়ে নাও এখনই:  [URL] ",60,1,16,16,0,1,0,1,0,0,0,1,1,16,16,0,1,0,1,0,0,0,1,"৪০৳ ক্যাশব্যাক! ৪৬জিবি @৪৫৮৳, ৩০দিন, নিয়ে নাও এখনই: cutt.ly/GwWYCCfJ","৪০৳ ক্যাশব্যাক! ৪৬জিবি @৪৫৮৳, ৩০দিন, নিয়ে নাও এখনই: cutt.ly/GwWYCCfJ",0,0,9,4,1,69,9,1,0,2,1,1,20,2,1,0,0,40,14,0.7407407407407407,0.25925925925925924,1,1
promo,"প্রো-লেভেল ৳১০০ ক্যাশব্যাকে ৩৫জিবি+৫০০মি.@৳৩৯৯, ৩০দিন cutt.ly/2wQlYv6U",Bengali,1,1,"প্রো-লেভেল ৳১০০ ক্যাশব্যাকে ৩৫জিবি+৫০০মি.@৳৩৯৯, ৩০দিন cutt.ly/2wQlYv6U","প্রো-লেভেল ৳১০০ ক্যাশব্যাকে ৩৫জিবি+৫০০মি.@৳৩৯৯, ৩০দিন cutt.ly/2wQlYv6U",['cutt.ly/2wQlYv6U'],1,1,16,16,2,1,0,1,0,0,0,1,"প্রো-লেভেল ৳১০০ ক্যাশব্যাকে ৩৫জিবি+৫০০মি.@৳৩৯৯, ৩০দিন  [URL] ",61,1,16,16,2,1,0,1,0,0,0,1,1,16,16,2,1,0,1,0,0,0,1,"প্রো-লেভেল ৳১০০ ক্যাশব্যাকে ৩৫জিবি+৫০০মি.@৳৩৯৯, ৩০দিন cutt.ly/2wQlYv6U","প্রো-লেভেল ৳১০০ ক্যাশব্যাকে ৩৫জিবি+৫০০মি.@৳৩৯৯, ৩০দিন cutt.ly/2wQlYv6U",0,0,15,7,1,70,6,0,0,1,2,0,22,2,1,0,0,44,12,0.7857142857142857,0.21428571428571427,1,1
promo,GP Music App সাবস্ক্রিপশন মাত্র ২০ টাকা প্রতি সপ্তাহে। আপনার প্রিয় গান শুনুন অফলাইনে। সক্রিয় করতে ডায়াল করুন *121*5*1#।,Bengali,0,1,GP Music App সাবস্ক্রিপশন মাত্র ২০ টাকা প্রতি সপ্তাহে। আপনার প্রিয় গান শুনুন অফলাইনে। সক্রিয় করতে ডায়াল করুন *121*5*1#।,GP Music App সাবস্ক্রিপশন মাত্র ২০ টাকা প্রতি সপ্তাহে। আপনার প্রিয় গান শুনুন অফলাইনে। সক্রিয় করতে ডায়াল করুন *121*5*1#।,[],0,0,0,0,0,0,0,0,0,0,0,0,GP Music App সাবস্ক্রিপশন মাত্র ২০ টাকা প্রতি সপ্তাহে। আপনার প্রিয় গান শুনুন অফলাইনে। সক্রিয় করতে ডায়াল করুন *121*5*1#।,122,0,0,0,0,0,0,0,0,0,0,0,0,0,0,0,0,0,0,0,0,0,0,GP Music App সাবস্ক্রিপশন মাত্র ২০ টাকা প্রতি সপ্তাহে। আপনার প্রিয় গান শুনুন অফলাইনে। সক্রিয় করতে ডায়াল করুন *121*5*1#।,GP Music App সাবস্ক্রিপশন মাত্র ২০ টাকা প্রতি সপ্তাহে। আপনার প্রিয় গান শুনুন অফলাইনে। সক্রিয় করতে ডায়াল করুন *121*5*1#।,0,0,7,4,1,122,19,0,0,0,0,0,37,1,1,0,0,82,10,0.8913043478260869,0.10869565217391304,1,1
smish,"বাংলালিংক গ্রাহক, আপনার সিম ব্লক করা হবে যদি ২৪ ঘণ্টার মধ্যে তথ্য যাচাই না করেন। এখনই ভিজিট করুন verify-banglalink.net এবং NID আপলোড করুন।",Bengali,1,2,"বাংলালিংক গ্রাহক, আপনার সিম ব্লক করা হবে যদি ২৪ ঘণ্টার মধ্যে তথ্য যাচাই না করেন। এখনই ভিজিট করুন verify-banglalink.net এবং NID আপলোড করুন।","বাংলালিংক গ্রাহক, আপনার সিম ব্লক করা হবে যদি ২৪ ঘণ্টার মধ্যে তথ্য যাচাই না করেন। এখনই ভিজিট করুন verify-banglalink.net এবং NID আপলোড করুন।",['verify-banglalink.net'],1,1,21,21,0,1,1,0,0,0,0,0,"বাংলালিংক গ্রাহক, আপনার সিম ব্লক করা হবে যদি ২৪ ঘণ্টার মধ্যে তথ্য যাচাই না করেন। এখনই ভিজিট করুন  [URL]  এবং NID আপলোড করুন।",124,1,21,21,0,1,1,0,0,0,0,0,1,21,21,0,1,1,0,0,0,0,0,"বাংলালিংক গ্রাহক, আপনার সিম ব্লক করা হবে যদি ২৪ ঘণ্টার মধ্যে তথ্য যাচাই না করেন। এখনই ভিজিট করুন verify-banglalink.net এবং NID আপলোড করুন।","বাংলালিংক গ্রাহক, আপনার সিম ব্লক করা হবে যদি ২৪ ঘণ্টার মধ্যে তথ্য যাচাই না করেন। এখনই ভিজিট করুন verify-banglalink.net এবং NID আপলোড করুন।",0,0,2,1,1,138,23,0,0,1,1,0,33,0,0,2,1,89,22,0.8018018018018018,0.1981981981981982,1,1
normal,"আসসালামু আলাইকুম মামা, আশা করি আপনি ভালো আছেন। আমি গতকাল ঢাকা থেকে কুমিল্লা এসেছি এবং আজ সকাল থেকেই আপনাদের সাথে দেখা করার জন্য অপেক্ষা করছি। আম্মু বলেছেন আপনার স্বাস্থ্যের অবস্থা ভালো নেই এবং ডাক্তার নিয়মিত ওষুধ খেতে বলেছেন। আজ বিকেলে যদি সুবিধা হয় তাহলে আমি আপনার বাসায় আসবো এবং প্রয়োজনীয় ওষুধপত্র নিয়ে আসবো।",Bengali,0,0,"আসসালামু আলাইকুম মামা, আশা করি আপনি ভালো আছেন। আমি গতকাল ঢাকা থেকে কুমিল্লা এসেছি এবং আজ সকাল থেকেই আপনাদের সাথে দেখা করার জন্য অপেক্ষা করছি। আম্মু বলেছেন আপনার স্বাস্থ্যের অবস্থা ভালো নেই এবং ডাক্তার নিয়মিত ওষুধ খেতে বলেছেন। আজ বিকেলে যদি সুবিধা হয় তাহলে আমি আপনার বাসায় আসবো এবং প্রয়োজনীয় ওষুধপত্র নিয়ে আসবো।","আসসালামু আলাইকুম মামা, আশা করি আপনি ভালো আছেন। আমি গতকাল ঢাকা থেকে কুমিল্লা এসেছি এবং আজ সকাল থেকেই আপনাদের সাথে দেখা করার জন্য অপেক্ষা করছি। আম্মু বলেছেন আপনার স্বাস্থ্যের অবস্থা ভালো নেই এবং ডাক্তার নিয়মিত ওষুধ খেতে বলেছেন। আজ বিকেলে যদি সুবিধা হয় তাহলে আমি আপনার বাসায় আসবো এবং প্রয়োজনীয় ওষুধপত্র নিয়ে আসবো।",[],0,0,0,0,0,0,0,0,0,0,0,0,"আসসালামু আলাইকুম মামা, আশা করি আপনি ভালো আছেন। আমি গতকাল ঢাকা থেকে কুমিল্লা এসেছি এবং আজ সকাল থেকেই আপনাদের সাথে দেখা করার জন্য অপেক্ষা করছি। আম্মু বলেছেন আপনার স্বাস্থ্যের অবস্থা ভালো নেই এবং ডাক্তার নিয়মিত ওষুধ খেতে বলেছেন। আজ বিকেলে যদি সুবিধা হয় তাহলে আমি আপনার বাসায় আসবো এবং প্রয়োজনীয় ওষুধপত্র নিয়ে আসবো।",316,0,0,0,0,0,0,0,0,0,0,0,0,0,0,0,0,0,0,0,0,0,0,"আসসালামু আলাইকুম মামা, আশা করি আপনি ভালো আছেন। আমি গতকাল ঢাকা থেকে কুমিল্লা এসেছি এবং আজ সকাল থেকেই আপনাদের সাথে দেখা করার জন্য অপেক্ষা করছি। আম্মু বলেছেন আপনার স্বাস্থ্যের অবস্থা ভালো নেই এবং ডাক্তার নিয়মিত ওষুধ খেতে বলেছেন। আজ বিকেলে যদি সুবিধা হয় তাহলে আমি আপনার বাসায় আসবো এবং প্রয়োজনীয় ওষুধপত্র নিয়ে আসবো।","আসসালামু আলাইকুম মামা, আশা করি আপনি ভালো আছেন। আমি গতকাল ঢাকা থেকে কুমিল্লা এসেছি এবং আজ সকাল থেকেই আপনাদের সাথে দেখা করার জন্য অপেক্ষা করছি। আম্মু বলেছেন আপনার স্বাস্থ্যের অবস্থা ভালো নেই এবং ডাক্তার নিয়মিত ওষুধ খেতে বলেছেন। আজ বিকেলে যদি সুবিধা হয় তাহলে আমি আপনার বাসায় আসবো এবং প্রয়োজনীয় ওষুধপত্র নিয়ে আসবো।",0,0,0,0,0,316,53,0,0,1,0,0,101,0,0,0,0,259,0,1.0,0.0,1,0
smish,আপনার পাসওয়ার্ডটি অবিলম্বে পরিবর্তন করুন। এখানে ক্লিক করুন: [passwordchange.com/ChangeBD],Bengali,1,2,আপনার পাসওয়ার্ডটি অবিলম্বে পরিবর্তন করুন। এখানে ক্লিক করুন: [passwordchange.com/ChangeBD],আপনার পাসওয়ার্ডটি অবিলম্বে পরিবর্তন করুন। এখানে ক্লিক করুন: [passwordchange.com/ChangeBD],['passwordchange.com/ChangeBD'],1,1,27,27,0,1,0,1,0,0,0,0,আপনার পাসওয়ার্ডটি অবিলম্বে পরিবর্তন করুন। এখানে ক্লিক করুন: [ [URL] ],70,1,27,27,0,1,0,1,0,0,0,0,1,27,27,0,1,0,1,0,0,0,0,আপনার পাসওয়ার্ডটি অবিলম্বে পরিবর্তন করুন। এখানে ক্লিক করুন: [passwordchange.com/ChangeBD],আপনার পাসওয়ার্ডটি অবিলম্বে পরিবর্তন করুন। এখানে ক্লিক করুন: [passwordchange.com/ChangeBD],0,0,0,0,0,90,9,0,0,0,1,1,23,0,0,2,1,51,25,0.6710526315789473,0.32894736842105265,1,1
normal,তুমি কি রবিবার সকালে সময় পাবে? আমরা সবাই ঠিক করেছি মিরপুর বোটানিক্যাল গার্ডেনে ঘুরতে যাবো। চাইলে তুমি আমাদের সাথে যোগ দিতে পারো।,Bengali,0,0,তুমি কি রবিবার সকালে সময় পাবে? আমরা সবাই ঠিক করেছি মিরপুর বোটানিক্যাল গার্ডেনে ঘুরতে যাবো। চাইলে তুমি আমাদের সাথে যোগ দিতে পারো।,তুমি কি রবিবার সকালে সময় পাবে? আমরা সবাই ঠিক করেছি মিরপুর বোটানিক্যাল গার্ডেনে ঘুরতে যাবো। চাইলে তুমি আমাদের সাথে যোগ দিতে পারো।,[],0,0,0,0,0,0,0,0,0,0,0,0,তুমি কি রবিবার সকালে সময় পাবে? আমরা সবাই ঠিক করেছি মিরপুর বোটানিক্যাল গার্ডেনে ঘুরতে যাবো। চাইলে তুমি আমাদের সাথে যোগ দিতে পারো।,129,0,0,0,0,0,0,0,0,0,0,0,0,0,0,0,0,0,0,0,0,0,0,তুমি কি রবিবার সকালে সময় পাবে? আমরা সবাই ঠিক করেছি মিরপুর বোটানিক্যাল গার্ডেনে ঘুরতে যাবো। চাইলে তুমি আমাদের সাথে যোগ দিতে পারো।,তুমি কি রবিবার সকালে সময় পাবে? আমরা সবাই ঠিক করেছি মিরপুর বোটানিক্যাল গার্ডেনে ঘুরতে যাবো। চাইলে তুমি আমাদের সাথে যোগ দিতে পারো।,0,0,0,0,0,129,22,0,1,0,0,0,46,0,0,0,0,105,0,1.0,0.0,1,0
smish,"এই লিঙ্কটি অনুসরণ করুন আপনার বিনামূল্যের পুরস্কার দাবি করতে, যোগাযোগ করুন: 01956789215",Bengali,0,2,"এই লিঙ্কটি অনুসরণ করুন আপনার বিনামূল্যের পুরস্কার দাবি করতে, যোগাযোগ করুন: 01956789215","এই লিঙ্কটি অনুসরণ করুন আপনার বিনামূল্যের পুরস্কার দাবি করতে, যোগাযোগ করুন: 01956789215",[],0,0,0,0,0,0,0,0,0,0,0,0,"এই লিঙ্কটি অনুসরণ করুন আপনার বিনামূল্যের পুরস্কার দাবি করতে, যোগাযোগ করুন: 01956789215",86,0,0,0,0,0,0,0,0,0,0,0,0,0,0,0,0,0,0,0,0,0,0,"এই লিঙ্কটি অনুসরণ করুন আপনার বিনামূল্যের পুরস্কার দাবি করতে, যোগাযোগ করুন: 01956789215","এই লিঙ্কটি অনুসরণ করুন আপনার বিনামূল্যের পুরস্কার দাবি করতে, যোগাযোগ করুন: 01956789215",1,1,11,1,1,86,12,0,0,1,0,1,23,0,0,0,0,62,0,1.0,0.0,1,0
promo,"৳২৫ ক্যাশব্যাকে এবার আরো বেশি ডাটা ৫০জিবি@ ৳৪৭৩, ৩০দিন cutt.ly/zwTmxzpd",Bengali,1,1,"৳২৫ ক্যাশব্যাকে এবার আরো বেশি ডাটা ৫০জিবি@ ৳৪৭৩, ৩০দিন cutt.ly/zwTmxzpd","৳২৫ ক্যাশব্যাকে এবার আরো বেশি ডাটা ৫০জিবি@ ৳৪৭৩, ৩০দিন cutt.ly/zwTmxzpd",['cutt.ly/zwTmxzpd'],1,1,16,16,0,1,0,1,0,0,0,1,"৳২৫ ক্যাশব্যাকে এবার আরো বেশি ডাটা ৫০জিবি@ ৳৪৭৩, ৩০দিন  [URL] ",62,1,16,16,0,1,0,1,0,0,0,1,1,16,16,0,1,0,1,0,0,0,1,"৳২৫ ক্যাশব্যাকে এবার আরো বেশি ডাটা ৫০জিবি@ ৳৪৭৩, ৩০দিন cutt.ly/zwTmxzpd","৳২৫ ক্যাশব্যাকে এবার আরো বেশি ডাটা ৫০জিবি@ ৳৪৭৩, ৩০দিন cutt.ly/zwTmxzpd",0,0,9,4,1,71,10,0,0,1,1,0,20,2,1,0,0,44,14,0.7586206896551724,0.2413793103448276,1,1
normal,কি খবর?,Bengali,0,0,কি খবর?,কি খবর?,[],0,0,0,0,0,0,0,0,0,0,0,0,কি খবর?,7,0,0,0,0,0,0,0,0,0,0,0,0,0,0,0,0,0,0,0,0,0,0,কি খবর?,কি খবর?,0,0,0,0,0,7,2,0,1,0,0,0,2,0,0,0,0,5,0,1.0,0.0,1,0
promo,"“পাসপোর্ট ও ভিসা সংক্রান্ত তথ্য পেতে পাসপোর্ট বাতায়নে দেশ থেকে ১৬৪৪৫ নম্বরে ও বিদেশ থেকে ০৯৬৬৬৭১৬৪৪৫ নম্বরে ফোন করুন। 
পাসপোর্ট ও ভিসা পেতে সরকার কর্তৃক নির্ধারিত ফি ব্যতীত কোন অর্থ লেনদেন করবেন না।”",Bengali,0,1,"“পাসপোর্ট ও ভিসা সংক্রান্ত তথ্য পেতে পাসপোর্ট বাতায়নে দেশ থেকে ১৬৪৪৫ নম্বরে ও বিদেশ থেকে ০৯৬৬৬৭১৬৪৪৫ নম্বরে ফোন করুন। 
পাসপোর্ট ও ভিসা পেতে সরকার কর্তৃক নির্ধারিত ফি ব্যতীত কোন অর্থ লেনদেন করবেন না।”","""পাসপোর্ট ও ভিসা সংক্রান্ত তথ্য পেতে পাসপোর্ট বাতায়নে দেশ থেকে ১৬৪৪৫ নম্বরে ও বিদেশ থেকে ০৯৬৬৬৭১৬৪৪৫ নম্বরে ফোন করুন। পাসপোর্ট ও ভিসা পেতে সরকার কর্তৃক নির্ধারিত ফি ব্যতীত কোন অর্থ লেনদেন করবেন না।""",[],0,0,0,0,0,0,0,0,0,0,0,0,"""পাসপোর্ট ও ভিসা সংক্রান্ত তথ্য পেতে পাসপোর্ট বাতায়নে দেশ থেকে ১৬৪৪৫ নম্বরে ও বিদেশ থেকে ০৯৬৬৬৭১৬৪৪৫ নম্বরে ফোন করুন। পাসপোর্ট ও ভিসা পেতে সরকার কর্তৃক নির্ধারিত ফি ব্যতীত কোন অর্থ লেনদেন করবেন না।""",199,0,0,0,0,0,0,0,0,0,0,0,0,0,0,0,0,0,0,0,0,0,0,"“পাসপোর্ট ও ভিসা সংক্রান্ত তথ্য পেতে পাসপোর্ট বাতায়নে দেশ থেকে ১৬৪৪৫ নম্বরে ও বিদেশ থেকে ০৯৬৬৬৭১৬৪৪৫ নম্বরে ফোন করুন। 
পাসপোর্ট ও ভিসা পেতে সরকার কর্তৃক নির্ধারিত ফি ব্যতীত কোন অর্থ লেনদেন করবেন না।”",“পাসপোর্ট ও ভিসা সংক্রান্ত তথ্য পেতে পাসপোর্ট বাতায়নে দেশ থেকে ১৬৪৪৫ নম্বরে ও বিদেশ থেকে ০৯৬৬৬৭১৬৪৪৫ নম্বরে ফোন করুন। পাসপোর্ট ও ভিসা পেতে সরকার কর্তৃক নির্ধারিত ফি ব্যতীত কোন অর্থ লেনদেন করবেন না।”,0,0,16,2,1,199,33,0,0,0,0,0,59,0,0,0,0,163,0,1.0,0.0,1,0
normal,"হ্যালো, কেমন আছেন?",Bengali,0,0,"হ্যালো, কেমন আছেন?","হ্যালো, কেমন আছেন?",[],0,0,0,0,0,0,0,0,0,0,0,0,"হ্যালো, কেমন আছেন?",18,0,0,0,0,0,0,0,0,0,0,0,0,0,0,0,0,0,0,0,0,0,0,"হ্যালো, কেমন আছেন?","হ্যালো, কেমন আছেন?",0,0,0,0,0,18,3,0,1,1,0,0,7,0,0,0,0,14,0,1.0,0.0,1,0
promo,টেলিটক নতুন সিম! প্রথম রিচার্জে বোনাস ১০০% পর্যন্ত। কাছের রিটেইলার থেকে নিন।,Bengali,0,1,টেলিটক নতুন সিম! প্রথম রিচার্জে বোনাস ১০০% পর্যন্ত। কাছের রিটেইলার থেকে নিন।,টেলিটক নতুন সিম! প্রথম রিচার্জে বোনাস ১০০% পর্যন্ত। কাছের রিটেইলার থেকে নিন।,[],0,0,0,0,0,0,0,0,0,0,0,0,টেলিটক নতুন সিম! প্রথম রিচার্জে বোনাস ১০০% পর্যন্ত। কাছের রিটেইলার থেকে নিন।,76,0,0,0,0,0,0,0,0,0,0,0,0,0,0,0,0,0,0,0,0,0,0,টেলিটক নতুন সিম! প্রথম রিচার্জে বোনাস ১০০% পর্যন্ত। কাছের রিটেইলার থেকে নিন।,টেলিটক নতুন সিম! প্রথম রিচার্জে বোনাস ১০০% পর্যন্ত। কাছের রিটেইলার থেকে নিন।,0,0,3,1,1,76,12,1,0,0,0,0,25,0,0,0,0,61,0,1.0,0.0,1,0
promo,মেন্সওয়ার্ল্ড বসুন্ধরাসিটি নতুন শাখার উদ্বোধনে ফ্লাট৩০%ছাড়!cutt.ly/fmw,Bengali,1,1,মেন্সওয়ার্ল্ড বসুন্ধরাসিটি নতুন শাখার উদ্বোধনে ফ্লাট৩০%ছাড়!cutt.ly/fmw,মেন্সওয়ার্ল্ড বসুন্ধরাসিটি নতুন শাখার উদ্বোধনে ফ্লাট৩০%ছাড়!cutt.ly/fmw,['cutt.ly/fmw'],1,1,11,11,0,1,0,1,0,0,0,1,মেন্সওয়ার্ল্ড বসুন্ধরাসিটি নতুন শাখার উদ্বোধনে ফ্লাট৩০%ছাড়! [URL] ,68,1,11,11,0,1,0,1,0,0,0,1,1,11,11,0,1,0,1,0,0,0,1,মেন্সওয়ার্ল্ড বসুন্ধরাসিটি নতুন শাখার উদ্বোধনে ফ্লাট৩০%ছাড়!cutt.ly/fmw,মেন্সওয়ার্ল্ড বসুন্ধরাসিটি নতুন শাখার উদ্বোধনে ফ্লাট৩০%ছাড়!cutt.ly/fmw,0,0,2,1,1,72,6,1,0,0,1,0,25,0,0,0,0,54,9,0.8571428571428571,0.14285714285714285,1,1
normal,"বোন, আগামীকাল তোমার সাথে শপিং করতে যাবো। তৈরি থেকো।",Bengali,0,0,"বোন, আগামীকাল তোমার সাথে শপিং করতে যাবো। তৈরি থেকো।","বোন, আগামীকাল তোমার সাথে শপিং করতে যাবো। তৈরি থেকো।",[],0,0,0,0,0,0,0,0,0,0,0,0,"বোন, আগামীকাল তোমার সাথে শপিং করতে যাবো। তৈরি থেকো।",51,0,0,0,0,0,0,0,0,0,0,0,0,0,0,0,0,0,0,0,0,0,0,"বোন, আগামীকাল তোমার সাথে শপিং করতে যাবো। তৈরি থেকো।","বোন, আগামীকাল তোমার সাথে শপিং করতে যাবো। তৈরি থেকো।",0,0,0,0,0,51,9,0,0,1,0,0,20,0,0,0,0,40,0,1.0,0.0,1,0
smish,জনতা ব্যাংক অ্যাকাউন্টে সমস্যা হয়েছে। কল করুন: +8801816566678,Bengali,0,2,জনতা ব্যাংক অ্যাকাউন্টে সমস্যা হয়েছে। কল করুন: +8801816566678,জনতা ব্যাংক অ্যাকাউন্টে সমস্যা হয়েছে। কল করুন: +8801816566678,[],0,0,0,0,0,0,0,0,0,0,0,0,জনতা ব্যাংক অ্যাকাউন্টে সমস্যা হয়েছে। কল করুন: +8801816566678,62,0,0,0,0,0,0,0,0,0,0,0,0,0,0,0,0,0,0,0,0,0,0,জনতা ব্যাংক অ্যাকাউন্টে সমস্যা হয়েছে। কল করুন: +8801816566678,জনতা ব্যাংক অ্যাকাউন্টে সমস্যা হয়েছে। কল করুন: +8801816566678,1,1,13,1,1,62,8,0,0,0,0,1,18,0,0,1,1,39,0,1.0,0.0,1,0
normal,তোমার প্রিয় জায়গা কোথায়?,Bengali,0,0,তোমার প্রিয় জায়গা কোথায়?,তোমার প্রিয় জায়গা কোথায়?,[],0,0,0,0,0,0,0,0,0,0,0,0,তোমার প্রিয় জায়গা কোথায়?,27,0,0,0,0,0,0,0,0,0,0,0,0,0,0,0,0,0,0,0,0,0,0,তোমার প্রিয় জায়গা কোথায়?,তোমার প্রিয় জায়গা কোথায়?,0,0,0,0,0,27,4,0,1,0,0,0,12,0,0,0,0,23,0,1.0,0.0,1,0
promo,"৳৩৫ ক্যাশব্যাকে এবার আরো বেশি ডাটা ৫০জিবি@৳৪৬৩,৩০দিন cutt.ly/HwOETkke",Bengali,1,1,"৳৩৫ ক্যাশব্যাকে এবার আরো বেশি ডাটা ৫০জিবি@৳৪৬৩,৩০দিন cutt.ly/HwOETkke","৳৩৫ ক্যাশব্যাকে এবার আরো বেশি ডাটা ৫০জিবি@৳৪৬৩,৩০দিন cutt.ly/HwOETkke",['cutt.ly/HwOETkke'],1,1,16,16,0,1,0,1,0,0,0,1,"৳৩৫ ক্যাশব্যাকে এবার আরো বেশি ডাটা ৫০জিবি@৳৪৬৩,৩০দিন  [URL] ",60,1,16,16,0,1,0,1,0,0,0,1,1,16,16,0,1,0,1,0,0,0,1,"৳৩৫ ক্যাশব্যাকে এবার আরো বেশি ডাটা ৫০জিবি@৳৪৬৩,৩০দিন cutt.ly/HwOETkke","৳৩৫ ক্যাশব্যাকে এবার আরো বেশি ডাটা ৫০জিবি@৳৪৬৩,৩০দিন cutt.ly/HwOETkke",0,0,9,3,1,69,8,0,0,1,1,0,20,3,1,0,0,44,14,0.7586206896551724,0.2413793103448276,1,1
smish,বাংলাদেশ ব্যাংক থেকে আপনার জন্য জরুরি বার্তা। বিস্তারিত জানতে এখানে ক্লিক করুন: https://wa.me/8801919900112,Bengali,1,2,বাংলাদেশ ব্যাংক থেকে আপনার জন্য জরুরি বার্তা। বিস্তারিত জানতে এখানে ক্লিক করুন: https://wa.me/8801919900112,বাংলাদেশ ব্যাংক থেকে আপনার জন্য জরুরি বার্তা। বিস্তারিত জানতে এখানে ক্লিক করুন: https://wa.me/8801919900112,['https://wa.me/8801919900112'],1,1,27,27,13,1,0,3,1,0,0,0,বাংলাদেশ ব্যাংক থেকে আপনার জন্য জরুরি বার্তা। বিস্তারিত জানতে এখানে ক্লিক করুন:  [URL] ,87,1,27,27,13,1,0,3,1,0,0,0,1,27,27,13,1,0,3,1,0,0,0,বাংলাদেশ ব্যাংক থেকে আপনার জন্য জরুরি বার্তা। বিস্তারিত জানতে এখানে ক্লিক করুন: https://wa.me/8801919900112,বাংলাদেশ ব্যাংক থেকে আপনার জন্য জরুরি বার্তা। বিস্তারিত জানতে এখানে ক্লিক করুন: https://wa.me/8801919900112,1,1,13,1,1,107,13,0,0,0,1,2,34,0,0,0,0,66,9,0.88,0.12,1,1
promo,Pathao Rides এ আজ ২৫% ডিসকাউন্ট। কোড PATHAO25 ব্যবহার করুন।,Bengali,0,1,Pathao Rides এ আজ ২৫% ডিসকাউন্ট। কোড PATHAO25 ব্যবহার করুন।,Pathao Rides এ আজ ২৫% ডিসকাউন্ট। কোড PATHAO25 ব্যবহার করুন।,[],0,0,0,0,0,0,0,0,0,0,0,0,Pathao Rides এ আজ ২৫% ডিসকাউন্ট। কোড PATHAO25 ব্যবহার করুন।,59,0,0,0,0,0,0,0,0,0,0,0,0,0,0,0,0,0,0,0,0,0,0,Pathao Rides এ আজ ২৫% ডিসকাউন্ট। কোড PATHAO25 ব্যবহার করুন।,Pathao Rides এ আজ ২৫% ডিসকাউন্ট। কোড PATHAO25 ব্যবহার করুন।,0,0,4,2,1,59,10,0,0,0,0,0,10,0,0,0,0,28,17,0.6222222222222222,0.37777777777777777,1,1
normal,"হ্যাঁ, বসে থাকলে সময় কাটানো কঠিন হয়। আমি ইউটিউবেও দেখেছি, আবার ডার্ক সিরিজেও ছিল।",Bengali,0,0,"হ্যাঁ, বসে থাকলে সময় কাটানো কঠিন হয়। আমি ইউটিউবেও দেখেছি, আবার ডার্ক সিরিজেও ছিল।","হ্যাঁ, বসে থাকলে সময় কাটানো কঠিন হয়। আমি ইউটিউবেও দেখেছি, আবার ডার্ক সিরিজেও ছিল।",[],0,0,0,0,0,0,0,0,0,0,0,0,"হ্যাঁ, বসে থাকলে সময় কাটানো কঠিন হয়। আমি ইউটিউবেও দেখেছি, আবার ডার্ক সিরিজেও ছিল।",83,0,0,0,0,0,0,0,0,0,0,0,0,0,0,0,0,0,0,0,0,0,0,"হ্যাঁ, বসে থাকলে সময় কাটানো কঠিন হয়। আমি ইউটিউবেও দেখেছি, আবার ডার্ক সিরিজেও ছিল।","হ্যাঁ, বসে থাকলে সময় কাটানো কঠিন হয়। আমি ইউটিউবেও দেখেছি, আবার ডার্ক সিরিজেও ছিল।",0,0,0,0,0,83,14,0,0,2,0,0,29,0,0,0,0,66,0,1.0,0.0,1,0
normal,০১৬৭২৫৮২৯৭৮ এই নাম্বারে রকেটে ২০০ টাকা পাঠান।,Bengali,0,0,০১৬৭২৫৮২৯৭৮ এই নাম্বারে রকেটে ২০০ টাকা পাঠান।,০১৬৭২৫৮২৯৭৮ এই নাম্বারে রকেটে ২০০ টাকা পাঠান।,[],0,0,0,0,0,0,0,0,0,0,0,0,০১৬৭২৫৮২৯৭৮ এই নাম্বারে রকেটে ২০০ টাকা পাঠান।,45,0,0,0,0,0,0,0,0,0,0,0,0,0,0,0,0,0,0,0,0,0,0,০১৬৭২৫৮২৯৭৮ এই নাম্বারে রকেটে ২০০ টাকা পাঠান।,০১৬৭২৫৮২৯৭৮ এই নাম্বারে রকেটে ২০০ টাকা পাঠান।,0,0,14,2,1,45,7,0,0,0,0,0,11,1,1,0,0,38,0,1.0,0.0,1,0
smish,আপনার মোবাইল নম্বর lucky draw এ নির্বাচিত হয়েছে। ১০ লক্ষ টাকা জিতেছেন! কল করুন: 01833445566,Bengali,0,2,আপনার মোবাইল নম্বর lucky draw এ নির্বাচিত হয়েছে। ১০ লক্ষ টাকা জিতেছেন! কল করুন: 01833445566,আপনার মোবাইল নম্বর lucky draw এ নির্বাচিত হয়েছে। ১০ লক্ষ টাকা জিতেছেন! কল করুন: 01833445566,[],0,0,0,0,0,0,0,0,0,0,0,0,আপনার মোবাইল নম্বর lucky draw এ নির্বাচিত হয়েছে। ১০ লক্ষ টাকা জিতেছেন! কল করুন: 01833445566,92,0,0,0,0,0,0,0,0,0,0,0,0,0,0,0,0,0,0,0,0,0,0,আপনার মোবাইল নম্বর lucky draw এ নির্বাচিত হয়েছে। ১০ লক্ষ টাকা জিতেছেন! কল করুন: 01833445566,আপনার মোবাইল নম্বর lucky draw এ নির্বাচিত হয়েছে। ১০ লক্ষ টাকা জিতেছেন! কল করুন: 01833445566,1,1,13,2,1,92,15,1,0,0,0,1,21,1,1,0,0,55,9,0.859375,0.140625,1,1
smish,অভিনন্দন! আপনি Radisson Blu-তে দুজনের জন্য একটি বিনামূল্যের ডিনার জিতেছেন। আপনার টেবিল বুক করতে কল করুন 017XXXXXXXX।,Bengali,0,2,অভিনন্দন! আপনি Radisson Blu-তে দুজনের জন্য একটি বিনামূল্যের ডিনার জিতেছেন। আপনার টেবিল বুক করতে কল করুন 017XXXXXXXX।,অভিনন্দন! আপনি Radisson Blu-তে দুজনের জন্য একটি বিনামূল্যের ডিনার জিতেছেন। আপনার টেবিল বুক করতে কল করুন 017XXXXXXXX।,[],0,0,0,0,0,0,0,0,0,0,0,0,অভিনন্দন! আপনি Radisson Blu-তে দুজনের জন্য একটি বিনামূল্যের ডিনার জিতেছেন। আপনার টেবিল বুক করতে কল করুন 017XXXXXXXX।,116,0,0,0,0,0,0,0,0,0,0,0,0,0,0,0,0,0,0,0,0,0,0,অভিনন্দন! আপনি Radisson Blu-তে দুজনের জন্য একটি বিনামূল্যের ডিনার জিতেছেন। আপনার টেবিল বুক করতে কল করুন 017XXXXXXXX।,অভিনন্দন! আপনি Radisson Blu-তে দুজনের জন্য একটি বিনামূল্যের ডিনার জিতেছেন। আপনার টেবিল বুক করতে কল করুন 017XXXXXXXX।,0,0,3,1,1,116,17,1,0,0,0,0,28,0,0,0,0,74,19,0.7956989247311828,0.20430107526881722,1,1
smish,"প্রিয় শিক্ষার্থী,
মাধ্যমিক পরীক্ষায় উত্তীর্ণ হওয়ায় অভিনন্দন। আজকের তুমি আগামী বাংলাদেশের ভবিষ্যৎ, আমরা
তোমার অপেক্ষায়।
কুমিল্লা সিটি
কলেজ(EIIN:134648)কোটবাড়ি,
কুমিল্লা
মোবাইল:01781939370
01859412805",Bengali,0,2,"প্রিয় শিক্ষার্থী,
মাধ্যমিক পরীক্ষায় উত্তীর্ণ হওয়ায় অভিনন্দন। আজকের তুমি আগামী বাংলাদেশের ভবিষ্যৎ, আমরা
তোমার অপেক্ষায়।
কুমিল্লা সিটি
কলেজ(EIIN:134648)কোটবাড়ি,
কুমিল্লা
মোবাইল:01781939370
01859412805","প্রিয় শিক্ষার্থী, মাধ্যমিক পরীক্ষায় উত্তীর্ণ হওয়ায় অভিনন্দন। আজকের তুমি আগামী বাংলাদেশের ভবিষ্যৎ, আমরা তোমার অপেক্ষায়। কুমিল্লা সিটি কলেজ(EIIN:134648)কোটবাড়ি, কুমিল্লা মোবাইল:01781939370 01859412805",[],0,0,0,0,0,0,0,0,0,0,0,0,"প্রিয় শিক্ষার্থী, মাধ্যমিক পরীক্ষায় উত্তীর্ণ হওয়ায় অভিনন্দন। আজকের তুমি আগামী বাংলাদেশের ভবিষ্যৎ, আমরা তোমার অপেক্ষায়। কুমিল্লা সিটি কলেজ(EIIN:134648)কোটবাড়ি, কুমিল্লা মোবাইল:01781939370 01859412805",204,0,0,0,0,0,0,0,0,0,0,0,0,0,0,0,0,0,0,0,0,0,0,"প্রিয় শিক্ষার্থী,
মাধ্যমিক পরীক্ষায় উত্তীর্ণ হওয়ায় অভিনন্দন। আজকের তুমি আগামী বাংলাদেশের ভবিষ্যৎ, আমরা
তোমার অপেক্ষায়।
কুমিল্লা সিটি
কলেজ(EIIN:134648)কোটবাড়ি,
কুমিল্লা
মোবাইল:01781939370
01859412805","প্রিয় শিক্ষার্থী, মাধ্যমিক পরীক্ষায় উত্তীর্ণ হওয়ায় অভিনন্দন। আজকের তুমি আগামী বাংলাদেশের ভবিষ্যৎ, আমরা তোমার অপেক্ষায়। কুমিল্লা সিটি কলেজ(EIIN:134648)কোটবাড়ি, কুমিল্লা মোবাইল:01781939370 01859412805",2,1,28,3,1,204,21,0,0,3,0,2,68,0,0,0,0,143,4,0.9727891156462585,0.027210884353741496,1,1
smish,"⏩নতুন ওয়েবসাইট [PROFITSHOP24]
▶️রেজিষ্ট্রেশন ফি 15 টাকা
▶️ রেজিস্ট্রেশন লিং: ইনবক্স।
🌟 কাজ হলোঃ
ইউটিউবে ভিডিও দেখা,,অথবা ফেসবুকে একটা Page ফলো দিয়ে আপনি 1-3 টাকা ইনকাম করতে পারবেন ।🔥😱
👉মাত্র ৩৫ টাকা হলেই উইথড্র দিতে পারবেন 👈",Bengali,0,2,"⏩নতুন ওয়েবসাইট [PROFITSHOP24]
▶️রেজিষ্ট্রেশন ফি 15 টাকা
▶️ রেজিস্ট্রেশন লিং: ইনবক্স।
🌟 কাজ হলোঃ
ইউটিউবে ভিডিও দেখা,,অথবা ফেসবুকে একটা Page ফলো দিয়ে আপনি 1-3 টাকা ইনকাম করতে পারবেন ।🔥😱
👉মাত্র ৩৫ টাকা হলেই উইথড্র দিতে পারবেন 👈","⏩নতুন ওয়েবসাইট [PROFITSHOP24] ▶️রেজিষ্ট্রেশন ফি 15 টাকা ▶️ রেজিস্ট্রেশন লিং: ইনবক্স। 🌟 কাজ হলোঃ ইউটিউবে ভিডিও দেখা,,অথবা ফেসবুকে একটা Page ফলো দিয়ে আপনি 1-3 টাকা ইনকাম করতে পারবেন ।🔥😱 👉মাত্র ৩৫ টাকা হলেই উইথড্র দিতে পারবেন 👈",[],0,0,0,0,0,0,0,0,0,0,0,0,"⏩নতুন ওয়েবসাইট [PROFITSHOP24] ▶️রেজিষ্ট্রেশন ফি 15 টাকা ▶️ রেজিস্ট্রেশন লিং: ইনবক্স। 🌟 কাজ হলোঃ ইউটিউবে ভিডিও দেখা,,অথবা ফেসবুকে একটা Page ফলো দিয়ে আপনি 1-3 টাকা ইনকাম করতে পারবেন ।🔥😱 👉মাত্র ৩৫ টাকা হলেই উইথড্র দিতে পারবেন 👈",226,0,0,0,0,0,0,0,0,0,0,0,0,0,0,0,0,0,0,0,0,0,0,"⏩নতুন ওয়েবসাইট [PROFITSHOP24]
▶️রেজিষ্ট্রেশন ফি 15 টাকা
▶️ রেজিস্ট্রেশন লিং: ইনবক্স।
🌟 কাজ হলোঃ
ইউটিউবে ভিডিও দেখা,,অথবা ফেসবুকে একটা Page ফলো দিয়ে আপনি 1-3 টাকা ইনকাম করতে পারবেন ।🔥😱
👉মাত্র ৩৫ টাকা হলেই উইথড্র দিতে পারবেন 👈","⏩নতুন ওয়েবসাইট [PROFITSHOP24] ▶️রেজিষ্ট্রেশন ফি 15 টাকা ▶️ রেজিস্ট্রেশন লিং: ইনবক্স। 🌟 কাজ হলোঃ ইউটিউবে ভিডিও দেখা,,অথবা ফেসবুকে একটা Page ফলো দিয়ে আপনি 1-3 টাকা ইনকাম করতে পারবেন ।🔥😱 👉মাত্র ৩৫ টাকা হলেই উইথড্র দিতে পারবেন 👈",0,0,8,5,1,226,37,0,0,2,0,1,73,3,1,0,0,152,14,0.9156626506024096,0.08433734939759036,1,1
smish,আপনার নম্বরটি পুরস্কার জিতেছে। বিস্তারিত জানতে কল করুন +8801713344556,Bengali,0,2,আপনার নম্বরটি পুরস্কার জিতেছে। বিস্তারিত জানতে কল করুন +8801713344556,আপনার নম্বরটি পুরস্কার জিতেছে। বিস্তারিত জানতে কল করুন +8801713344556,[],0,0,0,0,0,0,0,0,0,0,0,0,আপনার নম্বরটি পুরস্কার জিতেছে। বিস্তারিত জানতে কল করুন +8801713344556,69,0,0,0,0,0,0,0,0,0,0,0,0,0,0,0,0,0,0,0,0,0,0,আপনার নম্বরটি পুরস্কার জিতেছে। বিস্তারিত জানতে কল করুন +8801713344556,আপনার নম্বরটি পুরস্কার জিতেছে। বিস্তারিত জানতে কল করুন +8801713344556,1,1,13,1,1,69,9,0,0,0,0,0,18,0,0,0,0,46,0,1.0,0.0,1,0
promo,"সর্বকালের সর্বশ্রেষ্ঠ বাঙালি জাতির পিতা বঙ্গবন্ধু শেখ মুজিবুর রহমান এর ৪৭তম শাহাদত বার্ষিকীতে বিনম্র শ্রদ্ধা""-ডাক ও টেলিযোগাযোগ বিভাগ।",Bengali,0,1,"সর্বকালের সর্বশ্রেষ্ঠ বাঙালি জাতির পিতা বঙ্গবন্ধু শেখ মুজিবুর রহমান এর ৪৭তম শাহাদত বার্ষিকীতে বিনম্র শ্রদ্ধা""-ডাক ও টেলিযোগাযোগ বিভাগ।","সর্বকালের সর্বশ্রেষ্ঠ বাঙালি জাতির পিতা বঙ্গবন্ধু শেখ মুজিবুর রহমান এর ৪৭তম শাহাদত বার্ষিকীতে বিনম্র শ্রদ্ধা""-ডাক ও টেলিযোগাযোগ বিভাগ।",[],0,0,0,0,0,0,0,0,0,0,0,0,"সর্বকালের সর্বশ্রেষ্ঠ বাঙালি জাতির পিতা বঙ্গবন্ধু শেখ মুজিবুর রহমান এর ৪৭তম শাহাদত বার্ষিকীতে বিনম্র শ্রদ্ধা""-ডাক ও টেলিযোগাযোগ বিভাগ।",134,0,0,0,0,0,0,0,0,0,0,0,0,0,0,0,0,0,0,0,0,0,0,"সর্বকালের সর্বশ্রেষ্ঠ বাঙালি জাতির পিতা বঙ্গবন্ধু শেখ মুজিবুর রহমান এর ৪৭তম শাহাদত বার্ষিকীতে বিনম্র শ্রদ্ধা""-ডাক ও টেলিযোগাযোগ বিভাগ।","সর্বকালের সর্বশ্রেষ্ঠ বাঙালি জাতির পিতা বঙ্গবন্ধু শেখ মুজিবুর রহমান এর ৪৭তম শাহাদত বার্ষিকীতে বিনম্র শ্রদ্ধা""-ডাক ও টেলিযোগাযোগ বিভাগ।",0,0,2,1,1,134,18,0,0,0,0,0,45,0,0,0,0,114,0,1.0,0.0,1,0
normal,তুমি কি একটা চা পাবে?,Bengali,0,0,তুমি কি একটা চা পাবে?,তুমি কি একটা চা পাবে?,[],0,0,0,0,0,0,0,0,0,0,0,0,তুমি কি একটা চা পাবে?,21,0,0,0,0,0,0,0,0,0,0,0,0,0,0,0,0,0,0,0,0,0,0,তুমি কি একটা চা পাবে?,তুমি কি একটা চা পাবে?,0,0,0,0,0,21,5,0,1,0,0,0,8,0,0,0,0,16,0,1.0,0.0,1,0
normal,আজ বৃষ্টি হচ্ছে। ক্লাস বাতিল হয়েছে কিনা জানো?,Bengali,0,0,আজ বৃষ্টি হচ্ছে। ক্লাস বাতিল হয়েছে কিনা জানো?,আজ বৃষ্টি হচ্ছে। ক্লাস বাতিল হয়েছে কিনা জানো?,[],0,0,0,0,0,0,0,0,0,0,0,0,আজ বৃষ্টি হচ্ছে। ক্লাস বাতিল হয়েছে কিনা জানো?,46,0,0,0,0,0,0,0,0,0,0,0,0,0,0,0,0,0,0,0,0,0,0,আজ বৃষ্টি হচ্ছে। ক্লাস বাতিল হয়েছে কিনা জানো?,আজ বৃষ্টি হচ্ছে। ক্লাস বাতিল হয়েছে কিনা জানো?,0,0,0,0,0,46,8,0,1,0,0,0,18,0,0,0,0,37,0,1.0,0.0,1,0
normal,কবে তোমাকে দেখা হবে? আমি এখানে আসতে চেষ্টা করবো। তুমি?,Bengali,0,0,কবে তোমাকে দেখা হবে? আমি এখানে আসতে চেষ্টা করবো। তুমি?,কবে তোমাকে দেখা হবে? আমি এখানে আসতে চেষ্টা করবো। তুমি?,[],0,0,0,0,0,0,0,0,0,0,0,0,কবে তোমাকে দেখা হবে? আমি এখানে আসতে চেষ্টা করবো। তুমি?,54,0,0,0,0,0,0,0,0,0,0,0,0,0,0,0,0,0,0,0,0,0,0,কবে তোমাকে দেখা হবে? আমি এখানে আসতে চেষ্টা করবো। তুমি?,কবে তোমাকে দেখা হবে? আমি এখানে আসতে চেষ্টা করবো। তুমি?,0,0,0,0,0,54,10,0,2,0,0,0,20,0,0,0,0,42,0,1.0,0.0,1,0
promo,"Call duration 00:00:44, charged 0.92 Taka, remaining balance is   0.41  Taka",Bengali,0,1,"Call duration 00:00:44, charged 0.92 Taka, remaining balance is   0.41  Taka","Call duration 00:00:44, charged 0.92 Taka, remaining balance is 0.41 Taka",[],0,0,0,0,0,0,0,0,0,0,0,0,"Call duration 00:00:44, charged 0.92 Taka, remaining balance is 0.41 Taka",73,0,0,0,0,0,0,0,0,0,0,0,0,0,0,0,0,0,0,0,0,0,0,"Call duration 00:00:44, charged 0.92 Taka, remaining balance is   0.41  Taka","Call duration 00:00:44, charged 0.92 Taka, remaining balance is 0.41 Taka",0,0,12,5,1,73,11,0,0,2,2,2,6,0,0,0,0,0,45,0.0,1.0,0,1
promo,সোনালী ব্যাংকের সেভিংস অ্যাকাউন্টে এখন ১০% পর্যন্ত সুদ। আজই খুলুন এবং বোনাস ৫০০ টাকা পান।,Bengali,0,1,সোনালী ব্যাংকের সেভিংস অ্যাকাউন্টে এখন ১০% পর্যন্ত সুদ। আজই খুলুন এবং বোনাস ৫০০ টাকা পান।,সোনালী ব্যাংকের সেভিংস অ্যাকাউন্টে এখন ১০% পর্যন্ত সুদ। আজই খুলুন এবং বোনাস ৫০০ টাকা পান।,[],0,0,0,0,0,0,0,0,0,0,0,0,সোনালী ব্যাংকের সেভিংস অ্যাকাউন্টে এখন ১০% পর্যন্ত সুদ। আজই খুলুন এবং বোনাস ৫০০ টাকা পান।,89,0,0,0,0,0,0,0,0,0,0,0,0,0,0,0,0,0,0,0,0,0,0,সোনালী ব্যাংকের সেভিংস অ্যাকাউন্টে এখন ১০% পর্যন্ত সুদ। আজই খুলুন এবং বোনাস ৫০০ টাকা পান।,সোনালী ব্যাংকের সেভিংস অ্যাকাউন্টে এখন ১০% পর্যন্ত সুদ। আজই খুলুন এবং বোনাস ৫০০ টাকা পান।,0,0,5,2,1,89,15,0,0,0,0,0,29,1,1,1,1,72,0,1.0,0.0,1,0
normal,আজ সকালে জ্যামে এক ঘণ্টা আটকে ছিলাম। অফিস পৌঁছাতে অনেক দেরি হলো। ঢাকা শহরের এই ট্রাফিক সমস্যা আর কতদিন চলবে কে জানে।,Bengali,0,0,আজ সকালে জ্যামে এক ঘণ্টা আটকে ছিলাম। অফিস পৌঁছাতে অনেক দেরি হলো। ঢাকা শহরের এই ট্রাফিক সমস্যা আর কতদিন চলবে কে জানে।,আজ সকালে জ্যামে এক ঘণ্টা আটকে ছিলাম। অফিস পৌঁছাতে অনেক দেরি হলো। ঢাকা শহরের এই ট্রাফিক সমস্যা আর কতদিন চলবে কে জানে।,[],0,0,0,0,0,0,0,0,0,0,0,0,আজ সকালে জ্যামে এক ঘণ্টা আটকে ছিলাম। অফিস পৌঁছাতে অনেক দেরি হলো। ঢাকা শহরের এই ট্রাফিক সমস্যা আর কতদিন চলবে কে জানে।,116,0,0,0,0,0,0,0,0,0,0,0,0,0,0,0,0,0,0,0,0,0,0,আজ সকালে জ্যামে এক ঘণ্টা আটকে ছিলাম। অফিস পৌঁছাতে অনেক দেরি হলো। ঢাকা শহরের এই ট্রাফিক সমস্যা আর কতদিন চলবে কে জানে।,আজ সকালে জ্যামে এক ঘণ্টা আটকে ছিলাম। অফিস পৌঁছাতে অনেক দেরি হলো। ঢাকা শহরের এই ট্রাফিক সমস্যা আর কতদিন চলবে কে জানে।,0,0,0,0,0,116,22,0,0,0,0,0,35,0,0,0,0,92,0,1.0,0.0,1,0
normal,"খালা, আগামী সপ্তাহে আপনার বাসায় বেড়াতে যাবো।",Bengali,0,0,"খালা, আগামী সপ্তাহে আপনার বাসায় বেড়াতে যাবো।","খালা, আগামী সপ্তাহে আপনার বাসায় বেড়াতে যাবো।",[],0,0,0,0,0,0,0,0,0,0,0,0,"খালা, আগামী সপ্তাহে আপনার বাসায় বেড়াতে যাবো।",46,0,0,0,0,0,0,0,0,0,0,0,0,0,0,0,0,0,0,0,0,0,0,"খালা, আগামী সপ্তাহে আপনার বাসায় বেড়াতে যাবো।","খালা, আগামী সপ্তাহে আপনার বাসায় বেড়াতে যাবো।",0,0,0,0,0,46,7,0,0,1,0,0,19,0,0,0,0,38,0,1.0,0.0,1,0
smish,"আপনাদের চাকরির আবেদন মঞ্জুর হয়েছে এবং বেতন প্রতিদিন ৩০০০ টাকা।

যোগাযোগের তথ্য: [https://wa.me/8801929757090](https://wa.me/8801929757090)",Bengali,1,2,"আপনাদের চাকরির আবেদন মঞ্জুর হয়েছে এবং বেতন প্রতিদিন ৩০০০ টাকা।

যোগাযোগের তথ্য: [https://wa.me/8801929757090](https://wa.me/8801929757090)",আপনাদের চাকরির আবেদন মঞ্জুর হয়েছে এবং বেতন প্রতিদিন ৩০০০ টাকা। যোগাযোগের তথ্য: [https://wa.me/8801929757090](https://wa.me/8801929757090),"['https://wa.me/8801929757090', 'https://wa.me/8801929757090)']",2,2,55,28,26,2,0,6,1,0,0,0,আপনাদের চাকরির আবেদন মঞ্জুর হয়েছে এবং বেতন প্রতিদিন ৩০০০ টাকা। যোগাযোগের তথ্য: [ [URL] ]( [URL] ,97,2,55,28,26,2,0,6,1,0,0,0,2,55,28,26,2,0,6,1,0,0,0,"আপনাদের চাকরির আবেদন মঞ্জুর হয়েছে এবং বেতন প্রতিদিন ৩০০০ টাকা।

যোগাযোগের তথ্য: [https://wa.me/8801929757090](https://wa.me/8801929757090)",আপনাদের চাকরির আবেদন মঞ্জুর হয়েছে এবং বেতন প্রতিদিন ৩০০০ টাকা। যোগাযোগের তথ্য: [https://wa.me/8801929757090](https://wa.me/8801929757090),2,1,30,3,1,138,13,0,0,0,2,3,38,1,1,0,0,66,18,0.7857142857142857,0.21428571428571427,1,1
smish,শাকিবের সই করা গ্লাভস জিততে আইপিএলে বাজি ধরুন। এখনই ক্লিক করুন: promusic.co/components/interbank.com/,Bengali,1,2,শাকিবের সই করা গ্লাভস জিততে আইপিএলে বাজি ধরুন। এখনই ক্লিক করুন: promusic.co/components/interbank.com/,শাকিবের সই করা গ্লাভস জিততে আইপিএলে বাজি ধরুন। এখনই ক্লিক করুন: promusic.co/components/interbank.com/,['promusic.co/components/interbank.com/'],1,1,37,37,0,2,0,3,0,0,0,0,শাকিবের সই করা গ্লাভস জিততে আইপিএলে বাজি ধরুন। এখনই ক্লিক করুন:  [URL] ,71,1,37,37,0,2,0,3,0,0,0,0,1,37,37,0,2,0,3,0,0,0,0,শাকিবের সই করা গ্লাভস জিততে আইপিএলে বাজি ধরুন। এখনই ক্লিক করুন: promusic.co/components/interbank.com/,শাকিবের সই করা গ্লাভস জিততে আইপিএলে বাজি ধরুন। এখনই ক্লিক করুন: promusic.co/components/interbank.com/,0,0,0,0,0,101,12,0,0,0,2,1,23,0,0,0,0,51,32,0.6144578313253012,0.3855421686746988,1,1
promo,"Banglalink গ্রাহকগণ, বিকেলে রিচার্জ করলে ৩০% বোনাস। অফার ৬টা পর্যন্ত।",Bengali,0,1,"Banglalink গ্রাহকগণ, বিকেলে রিচার্জ করলে ৩০% বোনাস। অফার ৬টা পর্যন্ত।","Banglalink গ্রাহকগণ, বিকেলে রিচার্জ করলে ৩০% বোনাস। অফার ৬টা পর্যন্ত।",[],0,0,0,0,0,0,0,0,0,0,0,0,"Banglalink গ্রাহকগণ, বিকেলে রিচার্জ করলে ৩০% বোনাস। অফার ৬টা পর্যন্ত।",69,0,0,0,0,0,0,0,0,0,0,0,0,0,0,0,0,0,0,0,0,0,0,"Banglalink গ্রাহকগণ, বিকেলে রিচার্জ করলে ৩০% বোনাস। অফার ৬টা পর্যন্ত।","Banglalink গ্রাহকগণ, বিকেলে রিচার্জ করলে ৩০% বোনাস। অফার ৬টা পর্যন্ত।",0,0,3,2,1,69,10,0,0,1,0,0,19,0,0,0,0,46,10,0.8214285714285714,0.17857142857142858,1,1
promo,নতুন মেনুতে ১০% ছাড়! আজই আমাদের রেস্তোরাঁয় আসুন।,Bengali,0,1,নতুন মেনুতে ১০% ছাড়! আজই আমাদের রেস্তোরাঁয় আসুন।,নতুন মেনুতে ১০% ছাড়! আজই আমাদের রেস্তোরাঁয় আসুন।,[],0,0,0,0,0,0,0,0,0,0,0,0,নতুন মেনুতে ১০% ছাড়! আজই আমাদের রেস্তোরাঁয় আসুন।,50,0,0,0,0,0,0,0,0,0,0,0,0,0,0,0,0,0,0,0,0,0,0,নতুন মেনুতে ১০% ছাড়! আজই আমাদের রেস্তোরাঁয় আসুন।,নতুন মেনুতে ১০% ছাড়! আজই আমাদের রেস্তোরাঁয় আসুন।,0,0,2,1,1,50,8,1,0,0,0,0,18,0,0,0,0,40,0,1.0,0.0,1,0
smish,বাংলাদেশ ব্যাংক থেকে জরুরি বার্তা। কল করুন: +8801916566678,Bengali,0,2,বাংলাদেশ ব্যাংক থেকে জরুরি বার্তা। কল করুন: +8801916566678,বাংলাদেশ ব্যাংক থেকে জরুরি বার্তা। কল করুন: +8801916566678,[],0,0,0,0,0,0,0,0,0,0,0,0,বাংলাদেশ ব্যাংক থেকে জরুরি বার্তা। কল করুন: +8801916566678,58,0,0,0,0,0,0,0,0,0,0,0,0,0,0,0,0,0,0,0,0,0,0,বাংলাদেশ ব্যাংক থেকে জরুরি বার্তা। কল করুন: +8801916566678,বাংলাদেশ ব্যাংক থেকে জরুরি বার্তা। কল করুন: +8801916566678,1,1,13,1,1,58,8,0,0,0,0,1,18,0,0,0,0,35,0,1.0,0.0,1,0
normal,"আম্মু, আমি বাসে উঠেছি। রাত ১০টার মধ্যে পৌঁছাবো।",Bengali,0,0,"আম্মু, আমি বাসে উঠেছি। রাত ১০টার মধ্যে পৌঁছাবো।","আম্মু, আমি বাসে উঠেছি। রাত ১০টার মধ্যে পৌঁছাবো।",[],0,0,0,0,0,0,0,0,0,0,0,0,"আম্মু, আমি বাসে উঠেছি। রাত ১০টার মধ্যে পৌঁছাবো।",47,0,0,0,0,0,0,0,0,0,0,0,0,0,0,0,0,0,0,0,0,0,0,"আম্মু, আমি বাসে উঠেছি। রাত ১০টার মধ্যে পৌঁছাবো।","আম্মু, আমি বাসে উঠেছি। রাত ১০টার মধ্যে পৌঁছাবো।",0,0,2,1,1,47,8,0,0,1,0,0,18,0,0,0,0,37,0,1.0,0.0,1,0
promo,"২০০৳ ক্যাশব্যাক!৬০জিবি+১০০০মিনিট @৬৯৯৳ ৩০দিন,নিয়ে নাও- cutt.ly/aAhiAsI",Bengali,1,1,"২০০৳ ক্যাশব্যাক!৬০জিবি+১০০০মিনিট @৬৯৯৳ ৩০দিন,নিয়ে নাও- cutt.ly/aAhiAsI","২০০৳ ক্যাশব্যাক!৬০জিবি+১০০০মিনিট @৬৯৯৳ ৩০দিন,নিয়ে নাও- cutt.ly/aAhiAsI",['cutt.ly/aAhiAsI'],1,1,15,15,0,1,0,1,0,0,0,1,"২০০৳ ক্যাশব্যাক!৬০জিবি+১০০০মিনিট @৬৯৯৳ ৩০দিন,নিয়ে নাও-  [URL] ",63,1,15,15,0,1,0,1,0,0,0,1,1,15,15,0,1,0,1,0,0,0,1,"২০০৳ ক্যাশব্যাক!৬০জিবি+১০০০মিনিট @৬৯৯৳ ৩০দিন,নিয়ে নাও- cutt.ly/aAhiAsI","২০০৳ ক্যাশব্যাক!৬০জিবি+১০০০মিনিট @৬৯৯৳ ৩০দিন,নিয়ে নাও- cutt.ly/aAhiAsI",0,0,14,5,1,71,6,1,0,1,1,0,22,2,1,0,0,46,13,0.7796610169491526,0.22033898305084745,1,1
smish,"প্রতি রেফারে 75 টাকা সর্বনিম্ন 500 টাকা উইথড্র করতে পারবেন। 

https://t.me/Referincomebd4536_bot?start=r07921710994",Bengali,1,2,"প্রতি রেফারে 75 টাকা সর্বনিম্ন 500 টাকা উইথড্র করতে পারবেন। 

https://t.me/Referincomebd4536_bot?start=r07921710994",প্রতি রেফারে 75 টাকা সর্বনিম্ন 500 টাকা উইথড্র করতে পারবেন। https://t.me/Referincomebd4536_bot?start=r07921710994,['https://t.me/Referincomebd4536_bot?start=r07921710994'],1,1,53,53,15,1,0,3,1,0,0,0,প্রতি রেফারে 75 টাকা সর্বনিম্ন 500 টাকা উইথড্র করতে পারবেন।  [URL] ,67,1,53,53,15,1,0,3,1,0,0,0,1,53,53,15,1,0,3,1,0,0,0,"প্রতি রেফারে 75 টাকা সর্বনিম্ন 500 টাকা উইথড্র করতে পারবেন। 

https://t.me/Referincomebd4536_bot?start=r07921710994",প্রতি রেফারে 75 টাকা সর্বনিম্ন 500 টাকা উইথড্র করতে পারবেন। https://t.me/Referincomebd4536_bot?start=r07921710994,0,0,20,4,1,113,11,0,1,0,1,1,24,2,1,0,0,44,30,0.5945945945945946,0.40540540540540543,1,1
promo,"৩০৳ ক্যাশব্যাক! ৩১জিবি+৪৫০মি.@৪৬৯৳ ৩০দিন, নিয়ে নাও: cutt.ly/hwTmxGd8",Bengali,1,1,"৩০৳ ক্যাশব্যাক! ৩১জিবি+৪৫০মি.@৪৬৯৳ ৩০দিন, নিয়ে নাও: cutt.ly/hwTmxGd8","৩০৳ ক্যাশব্যাক! ৩১জিবি+৪৫০মি.@৪৬৯৳ ৩০দিন, নিয়ে নাও: cutt.ly/hwTmxGd8",['cutt.ly/hwTmxGd8'],1,1,16,16,1,1,0,1,0,0,0,1,"৩০৳ ক্যাশব্যাক! ৩১জিবি+৪৫০মি.@৪৬৯৳ ৩০দিন, নিয়ে নাও:  [URL] ",60,1,16,16,1,1,0,1,0,0,0,1,1,16,16,1,1,0,1,0,0,0,1,"৩০৳ ক্যাশব্যাক! ৩১জিবি+৪৫০মি.@৪৬৯৳ ৩০দিন, নিয়ে নাও: cutt.ly/hwTmxGd8","৩০৳ ক্যাশব্যাক! ৩১জিবি+৪৫০মি.@৪৬৯৳ ৩০দিন, নিয়ে নাও: cutt.ly/hwTmxGd8",0,0,13,6,1,69,7,1,0,1,2,1,22,2,1,0,0,41,13,0.7592592592592593,0.24074074074074073,1,1
smish,বাংলাদেশ ব্যাংক থেকে আপনার জন্য জরুরি বার্তা। কল করুন: +8801911011123,Bengali,0,2,বাংলাদেশ ব্যাংক থেকে আপনার জন্য জরুরি বার্তা। কল করুন: +8801911011123,বাংলাদেশ ব্যাংক থেকে আপনার জন্য জরুরি বার্তা। কল করুন: +8801911011123,[],0,0,0,0,0,0,0,0,0,0,0,0,বাংলাদেশ ব্যাংক থেকে আপনার জন্য জরুরি বার্তা। কল করুন: +8801911011123,69,0,0,0,0,0,0,0,0,0,0,0,0,0,0,0,0,0,0,0,0,0,0,বাংলাদেশ ব্যাংক থেকে আপনার জন্য জরুরি বার্তা। কল করুন: +8801911011123,বাংলাদেশ ব্যাংক থেকে আপনার জন্য জরুরি বার্তা। কল করুন: +8801911011123,1,1,13,1,1,69,10,0,0,0,0,1,20,0,0,0,0,44,0,1.0,0.0,1,0
promo,Daraz Electronics Fair চলছে! ল্যাপটপ আর গ্যাজেট কিনলে ৩০% ডিসকাউন্ট। এখনই অর্ডার করুন।,Bengali,0,1,Daraz Electronics Fair চলছে! ল্যাপটপ আর গ্যাজেট কিনলে ৩০% ডিসকাউন্ট। এখনই অর্ডার করুন।,Daraz Electronics Fair চলছে! ল্যাপটপ আর গ্যাজেট কিনলে ৩০% ডিসকাউন্ট। এখনই অর্ডার করুন।,[],0,0,0,0,0,0,0,0,0,0,0,0,Daraz Electronics Fair চলছে! ল্যাপটপ আর গ্যাজেট কিনলে ৩০% ডিসকাউন্ট। এখনই অর্ডার করুন।,86,0,0,0,0,0,0,0,0,0,0,0,0,0,0,0,0,0,0,0,0,0,0,Daraz Electronics Fair চলছে! ল্যাপটপ আর গ্যাজেট কিনলে ৩০% ডিসকাউন্ট। এখনই অর্ডার করুন।,Daraz Electronics Fair চলছে! ল্যাপটপ আর গ্যাজেট কিনলে ৩০% ডিসকাউন্ট। এখনই অর্ডার করুন।,0,0,2,1,1,86,13,1,0,0,0,0,18,0,0,0,0,50,20,0.7142857142857143,0.2857142857142857,1,1
smish,বাংলাদেশ ব্যাংক অ্যাকাউন্টে ত্রুটি দেখা দিয়েছে। কল করুন: +8801814344356,Bengali,0,2,বাংলাদেশ ব্যাংক অ্যাকাউন্টে ত্রুটি দেখা দিয়েছে। কল করুন: +8801814344356,বাংলাদেশ ব্যাংক অ্যাকাউন্টে ত্রুটি দেখা দিয়েছে। কল করুন: +8801814344356,[],0,0,0,0,0,0,0,0,0,0,0,0,বাংলাদেশ ব্যাংক অ্যাকাউন্টে ত্রুটি দেখা দিয়েছে। কল করুন: +8801814344356,72,0,0,0,0,0,0,0,0,0,0,0,0,0,0,0,0,0,0,0,0,0,0,বাংলাদেশ ব্যাংক অ্যাকাউন্টে ত্রুটি দেখা দিয়েছে। কল করুন: +8801814344356,বাংলাদেশ ব্যাংক অ্যাকাউন্টে ত্রুটি দেখা দিয়েছে। কল করুন: +8801814344356,1,1,13,1,1,72,9,0,0,0,0,1,25,0,0,1,1,48,0,1.0,0.0,1,0
smish,মাশরাফির সাথে ফ্রি ডিনার করার সুযোগ পেতে ক্যাসিনোতে বাজি ধরুন। শুরু করুন: promusic.co/components/interbank.com/,Bengali,1,2,মাশরাফির সাথে ফ্রি ডিনার করার সুযোগ পেতে ক্যাসিনোতে বাজি ধরুন। শুরু করুন: promusic.co/components/interbank.com/,মাশরাফির সাথে ফ্রি ডিনার করার সুযোগ পেতে ক্যাসিনোতে বাজি ধরুন। শুরু করুন: promusic.co/components/interbank.com/,['promusic.co/components/interbank.com/'],1,1,37,37,0,2,0,3,0,0,0,0,মাশরাফির সাথে ফ্রি ডিনার করার সুযোগ পেতে ক্যাসিনোতে বাজি ধরুন। শুরু করুন:  [URL] ,81,1,37,37,0,2,0,3,0,0,0,0,1,37,37,0,2,0,3,0,0,0,0,মাশরাফির সাথে ফ্রি ডিনার করার সুযোগ পেতে ক্যাসিনোতে বাজি ধরুন। শুরু করুন: promusic.co/components/interbank.com/,মাশরাফির সাথে ফ্রি ডিনার করার সুযোগ পেতে ক্যাসিনোতে বাজি ধরুন। শুরু করুন: promusic.co/components/interbank.com/,0,0,0,0,0,111,13,0,0,0,2,1,32,0,0,0,0,60,32,0.6521739130434783,0.34782608695652173,1,1
normal,০১৯২৭২৮৯৩৭২ এই নাম্বারে কল করুন।,Bengali,0,0,০১৯২৭২৮৯৩৭২ এই নাম্বারে কল করুন।,০১৯২৭২৮৯৩৭২ এই নাম্বারে কল করুন।,[],0,0,0,0,0,0,0,0,0,0,0,0,০১৯২৭২৮৯৩৭২ এই নাম্বারে কল করুন।,32,0,0,0,0,0,0,0,0,0,0,0,0,0,0,0,0,0,0,0,0,0,0,০১৯২৭২৮৯৩৭২ এই নাম্বারে কল করুন।,০১৯২৭২৮৯৩৭২ এই নাম্বারে কল করুন।,0,0,11,1,1,32,5,0,0,0,0,0,6,0,0,0,0,27,0,1.0,0.0,1,0
normal,"আজকে নতুন রেস্টুরেন্টে খেতে গিয়েছিলাম। খাবারের স্বাদ বেশ ভালো, দামও ঠিক।",Bengali,0,0,"আজকে নতুন রেস্টুরেন্টে খেতে গিয়েছিলাম। খাবারের স্বাদ বেশ ভালো, দামও ঠিক।","আজকে নতুন রেস্টুরেন্টে খেতে গিয়েছিলাম। খাবারের স্বাদ বেশ ভালো, দামও ঠিক।",[],0,0,0,0,0,0,0,0,0,0,0,0,"আজকে নতুন রেস্টুরেন্টে খেতে গিয়েছিলাম। খাবারের স্বাদ বেশ ভালো, দামও ঠিক।",73,0,0,0,0,0,0,0,0,0,0,0,0,0,0,0,0,0,0,0,0,0,0,"আজকে নতুন রেস্টুরেন্টে খেতে গিয়েছিলাম। খাবারের স্বাদ বেশ ভালো, দামও ঠিক।","আজকে নতুন রেস্টুরেন্টে খেতে গিয়েছিলাম। খাবারের স্বাদ বেশ ভালো, দামও ঠিক।",0,0,0,0,0,73,11,0,0,1,0,0,28,0,0,0,0,60,0,1.0,0.0,1,0
smish,অভিনন্দন! আপনি ১ কোটি টাকা লটারি জিতেছেন। আপনার পুরস্কার সংগ্রহ করতে আমাদের সাথে যোগাযোগ করুন। যোগাযোগ:০১৫৬৭৫৪৬৩৯০,Bengali,0,2,অভিনন্দন! আপনি ১ কোটি টাকা লটারি জিতেছেন। আপনার পুরস্কার সংগ্রহ করতে আমাদের সাথে যোগাযোগ করুন। যোগাযোগ:০১৫৬৭৫৪৬৩৯০,অভিনন্দন! আপনি ১ কোটি টাকা লটারি জিতেছেন। আপনার পুরস্কার সংগ্রহ করতে আমাদের সাথে যোগাযোগ করুন। যোগাযোগ:০১৫৬৭৫৪৬৩৯০,[],0,0,0,0,0,0,0,0,0,0,0,0,অভিনন্দন! আপনি ১ কোটি টাকা লটারি জিতেছেন। আপনার পুরস্কার সংগ্রহ করতে আমাদের সাথে যোগাযোগ করুন। যোগাযোগ:০১৫৬৭৫৪৬৩৯০,114,0,0,0,0,0,0,0,0,0,0,0,0,0,0,0,0,0,0,0,0,0,0,অভিনন্দন! আপনি ১ কোটি টাকা লটারি জিতেছেন। আপনার পুরস্কার সংগ্রহ করতে আমাদের সাথে যোগাযোগ করুন। যোগাযোগ:০১৫৬৭৫৪৬৩৯০,অভিনন্দন! আপনি ১ কোটি টাকা লটারি জিতেছেন। আপনার পুরস্কার সংগ্রহ করতে আমাদের সাথে যোগাযোগ করুন। যোগাযোগ:০১৫৬৭৫৪৬৩৯০,0,0,12,2,1,114,16,1,0,0,0,1,34,1,1,0,0,95,0,1.0,0.0,1,0
smish,আপনার মোবাইল নম্বর যাচাই করতে এখানে ক্লিক করুন: [mobilesecure.com/VerifyBD],Bengali,1,2,আপনার মোবাইল নম্বর যাচাই করতে এখানে ক্লিক করুন: [mobilesecure.com/VerifyBD],আপনার মোবাইল নম্বর যাচাই করতে এখানে ক্লিক করুন: [mobilesecure.com/VerifyBD],['mobilesecure.com/VerifyBD'],1,1,25,25,0,1,0,1,0,0,0,0,আপনার মোবাইল নম্বর যাচাই করতে এখানে ক্লিক করুন: [ [URL] ],57,1,25,25,0,1,0,1,0,0,0,0,1,25,25,0,1,0,1,0,0,0,0,আপনার মোবাইল নম্বর যাচাই করতে এখানে ক্লিক করুন: [mobilesecure.com/VerifyBD],আপনার মোবাইল নম্বর যাচাই করতে এখানে ক্লিক করুন: [mobilesecure.com/VerifyBD],0,0,0,0,0,75,9,0,0,0,1,1,17,0,0,2,1,39,23,0.6290322580645161,0.3709677419354839,1,1
normal,আজকে কি শপিং করতে যাবে?,Bengali,0,0,আজকে কি শপিং করতে যাবে?,আজকে কি শপিং করতে যাবে?,[],0,0,0,0,0,0,0,0,0,0,0,0,আজকে কি শপিং করতে যাবে?,23,0,0,0,0,0,0,0,0,0,0,0,0,0,0,0,0,0,0,0,0,0,0,আজকে কি শপিং করতে যাবে?,আজকে কি শপিং করতে যাবে?,0,0,0,0,0,23,5,0,1,0,0,0,8,0,0,0,0,18,0,1.0,0.0,1,0
smish,আপনার ব্যাংক অ্যাকাউন্টের পাসওয়ার্ড পরিবর্তন করুন। অনুগ্রহ করে এখানে ক্লিক করুন: http://bit.ly/ChangePassword,Bengali,1,2,আপনার ব্যাংক অ্যাকাউন্টের পাসওয়ার্ড পরিবর্তন করুন। অনুগ্রহ করে এখানে ক্লিক করুন: http://bit.ly/ChangePassword,আপনার ব্যাংক অ্যাকাউন্টের পাসওয়ার্ড পরিবর্তন করুন। অনুগ্রহ করে এখানে ক্লিক করুন: http://bit.ly/ChangePassword,['http://bit.ly/ChangePassword'],1,1,28,28,0,1,0,3,0,0,0,1,আপনার ব্যাংক অ্যাকাউন্টের পাসওয়ার্ড পরিবর্তন করুন। অনুগ্রহ করে এখানে ক্লিক করুন:  [URL] ,89,1,28,28,0,1,0,3,0,0,0,1,1,28,28,0,1,0,3,0,0,0,1,আপনার ব্যাংক অ্যাকাউন্টের পাসওয়ার্ড পরিবর্তন করুন। অনুগ্রহ করে এখানে ক্লিক করুন: http://bit.ly/ChangePassword,আপনার ব্যাংক অ্যাকাউন্টের পাসওয়ার্ড পরিবর্তন করুন। অনুগ্রহ করে এখানে ক্লিক করুন: http://bit.ly/ChangePassword,0,0,0,0,0,110,12,0,0,0,1,2,31,0,0,3,1,69,23,0.75,0.25,1,1
normal,আজকে অফিসে প্রচুর কাজ ছিল। বস বারবার রিপোর্ট চাইছিলেন। তবে টিমওয়ার্ক ভালো হওয়ায় শেষ করতে পেরেছি।,Bengali,0,0,আজকে অফিসে প্রচুর কাজ ছিল। বস বারবার রিপোর্ট চাইছিলেন। তবে টিমওয়ার্ক ভালো হওয়ায় শেষ করতে পেরেছি।,আজকে অফিসে প্রচুর কাজ ছিল। বস বারবার রিপোর্ট চাইছিলেন। তবে টিমওয়ার্ক ভালো হওয়ায় শেষ করতে পেরেছি।,[],0,0,0,0,0,0,0,0,0,0,0,0,আজকে অফিসে প্রচুর কাজ ছিল। বস বারবার রিপোর্ট চাইছিলেন। তবে টিমওয়ার্ক ভালো হওয়ায় শেষ করতে পেরেছি।,99,0,0,0,0,0,0,0,0,0,0,0,0,0,0,0,0,0,0,0,0,0,0,আজকে অফিসে প্রচুর কাজ ছিল। বস বারবার রিপোর্ট চাইছিলেন। তবে টিমওয়ার্ক ভালো হওয়ায় শেষ করতে পেরেছি।,আজকে অফিসে প্রচুর কাজ ছিল। বস বারবার রিপোর্ট চাইছিলেন। তবে টিমওয়ার্ক ভালো হওয়ায় শেষ করতে পেরেছি।,0,0,0,0,0,99,16,0,0,0,0,0,33,0,0,0,0,81,0,1.0,0.0,1,0
normal,আশা করি তোমার দিনটি ভালো কাটুক!,Bengali,0,0,আশা করি তোমার দিনটি ভালো কাটুক!,আশা করি তোমার দিনটি ভালো কাটুক!,[],0,0,0,0,0,0,0,0,0,0,0,0,আশা করি তোমার দিনটি ভালো কাটুক!,31,0,0,0,0,0,0,0,0,0,0,0,0,0,0,0,0,0,0,0,0,0,0,আশা করি তোমার দিনটি ভালো কাটুক!,আশা করি তোমার দিনটি ভালো কাটুক!,0,0,0,0,0,31,6,1,0,0,0,0,11,0,0,0,0,25,0,1.0,0.0,1,0
smish,সর্তকতা: আপনার পাসপোর্ট এক্সপায়ার হয়েছে। রিনিউ: passport-renew.cf,Bengali,1,2,সর্তকতা: আপনার পাসপোর্ট এক্সপায়ার হয়েছে। রিনিউ: passport-renew.cf,সর্তকতা: আপনার পাসপোর্ট এক্সপায়ার হয়েছে। রিনিউ: passport-renew.cf,['passport-renew.cf'],1,1,17,17,0,1,1,0,0,0,0,0,সর্তকতা: আপনার পাসপোর্ট এক্সপায়ার হয়েছে। রিনিউ:  [URL] ,57,1,17,17,0,1,1,0,0,0,0,0,1,17,17,0,1,1,0,0,0,0,0,সর্তকতা: আপনার পাসপোর্ট এক্সপায়ার হয়েছে। রিনিউ: passport-renew.cf,সর্তকতা: আপনার পাসপোর্ট এক্সপায়ার হয়েছে। রিনিউ: passport-renew.cf,0,0,0,0,0,67,7,0,0,0,1,2,20,0,0,0,0,41,15,0.7321428571428571,0.26785714285714285,1,1
normal,তুমি কি বাসে যাচ্ছো?,Bengali,0,0,তুমি কি বাসে যাচ্ছো?,তুমি কি বাসে যাচ্ছো?,[],0,0,0,0,0,0,0,0,0,0,0,0,তুমি কি বাসে যাচ্ছো?,20,0,0,0,0,0,0,0,0,0,0,0,0,0,0,0,0,0,0,0,0,0,0,তুমি কি বাসে যাচ্ছো?,তুমি কি বাসে যাচ্ছো?,0,0,0,0,0,20,4,0,1,0,0,0,9,0,0,0,0,16,0,1.0,0.0,1,0
smish,আপনার অ্যাকাউন্টটি সাময়িকভাবে নিষ্ক্রিয় করা হয়েছে। সক্রিয় করতে এখানে ক্লিক করুন: [accountactivate.com/ActivateBD],Bengali,1,2,আপনার অ্যাকাউন্টটি সাময়িকভাবে নিষ্ক্রিয় করা হয়েছে। সক্রিয় করতে এখানে ক্লিক করুন: [accountactivate.com/ActivateBD],আপনার অ্যাকাউন্টটি সাময়িকভাবে নিষ্ক্রিয় করা হয়েছে। সক্রিয় করতে এখানে ক্লিক করুন: [accountactivate.com/ActivateBD],['accountactivate.com/ActivateBD'],1,1,30,30,0,1,0,1,0,0,0,0,আপনার অ্যাকাউন্টটি সাময়িকভাবে নিষ্ক্রিয় করা হয়েছে। সক্রিয় করতে এখানে ক্লিক করুন: [ [URL] ],94,1,30,30,0,1,0,1,0,0,0,0,1,30,30,0,1,0,1,0,0,0,0,আপনার অ্যাকাউন্টটি সাময়িকভাবে নিষ্ক্রিয় করা হয়েছে। সক্রিয় করতে এখানে ক্লিক করুন: [accountactivate.com/ActivateBD],আপনার অ্যাকাউন্টটি সাময়িকভাবে নিষ্ক্রিয় করা হয়েছে। সক্রিয় করতে এখানে ক্লিক করুন: [accountactivate.com/ActivateBD],0,0,0,0,0,117,12,0,0,0,1,1,35,0,0,2,1,72,28,0.72,0.28,1,1
promo,ইলেকট্রনিক্স পণ্য কিনলেই ফ্রি শিপিং! অফার শেষ হওয়ার আগে কেনাকাটা করুন।,Bengali,0,1,ইলেকট্রনিক্স পণ্য কিনলেই ফ্রি শিপিং! অফার শেষ হওয়ার আগে কেনাকাটা করুন।,ইলেকট্রনিক্স পণ্য কিনলেই ফ্রি শিপিং! অফার শেষ হওয়ার আগে কেনাকাটা করুন।,[],0,0,0,0,0,0,0,0,0,0,0,0,ইলেকট্রনিক্স পণ্য কিনলেই ফ্রি শিপিং! অফার শেষ হওয়ার আগে কেনাকাটা করুন।,71,0,0,0,0,0,0,0,0,0,0,0,0,0,0,0,0,0,0,0,0,0,0,ইলেকট্রনিক্স পণ্য কিনলেই ফ্রি শিপিং! অফার শেষ হওয়ার আগে কেনাকাটা করুন।,ইলেকট্রনিক্স পণ্য কিনলেই ফ্রি শিপিং! অফার শেষ হওয়ার আগে কেনাকাটা করুন।,0,0,0,0,0,71,11,1,0,0,0,0,24,0,0,0,0,59,0,1.0,0.0,1,0
smish,"bKash অ্যাকাউন্টে ৫,০০০ টাকা জমা হয়েছে। বিস্তারিত জানতে এখানে ক্লিক করুন: https://wa.me/8801713233245",Bengali,1,2,"bKash অ্যাকাউন্টে ৫,০০০ টাকা জমা হয়েছে। বিস্তারিত জানতে এখানে ক্লিক করুন: https://wa.me/8801713233245","bKash অ্যাকাউন্টে ৫,০০০ টাকা জমা হয়েছে। বিস্তারিত জানতে এখানে ক্লিক করুন: https://wa.me/8801713233245",['https://wa.me/8801713233245'],1,1,27,27,13,1,0,3,1,0,0,0,"bKash অ্যাকাউন্টে ৫,০০০ টাকা জমা হয়েছে। বিস্তারিত জানতে এখানে ক্লিক করুন:  [URL] ",82,1,27,27,13,1,0,3,1,0,0,0,1,27,27,13,1,0,3,1,0,0,0,"bKash অ্যাকাউন্টে ৫,০০০ টাকা জমা হয়েছে। বিস্তারিত জানতে এখানে ক্লিক করুন: https://wa.me/8801713233245","bKash অ্যাকাউন্টে ৫,০০০ টাকা জমা হয়েছে। বিস্তারিত জানতে এখানে ক্লিক করুন: https://wa.me/8801713233245",1,1,17,2,1,102,12,0,0,1,1,2,30,1,1,1,1,56,14,0.8,0.2,1,1
promo,বিকাশে ৫০০০ টাকা ডিপোজিট করলে ১০০০ টাকা বোনাস! আজই সুযোগ নিন।,Bengali,0,1,বিকাশে ৫০০০ টাকা ডিপোজিট করলে ১০০০ টাকা বোনাস! আজই সুযোগ নিন।,বিকাশে ৫০০০ টাকা ডিপোজিট করলে ১০০০ টাকা বোনাস! আজই সুযোগ নিন।,[],0,0,0,0,0,0,0,0,0,0,0,0,বিকাশে ৫০০০ টাকা ডিপোজিট করলে ১০০০ টাকা বোনাস! আজই সুযোগ নিন।,61,0,0,0,0,0,0,0,0,0,0,0,0,0,0,0,0,0,0,0,0,0,0,বিকাশে ৫০০০ টাকা ডিপোজিট করলে ১০০০ টাকা বোনাস! আজই সুযোগ নিন।,বিকাশে ৫০০০ টাকা ডিপোজিট করলে ১০০০ টাকা বোনাস! আজই সুযোগ নিন।,0,0,8,2,1,61,11,1,0,0,0,0,18,2,1,0,0,49,0,1.0,0.0,1,0
promo,সবার পছন্দের বার্গার নিয়ে বার্গার কিং এখন ধানমন্ডি ২৭ এ। দেরি না করে আকর্ষনীয় সব অফার উপভোগ করতে চলে আসুন বার্গার কিং এ। হোম ডেলিভারি পেতে কল করুন ১৬৬০৬,Bengali,0,1,সবার পছন্দের বার্গার নিয়ে বার্গার কিং এখন ধানমন্ডি ২৭ এ। দেরি না করে আকর্ষনীয় সব অফার উপভোগ করতে চলে আসুন বার্গার কিং এ। হোম ডেলিভারি পেতে কল করুন ১৬৬০৬,সবার পছন্দের বার্গার নিয়ে বার্গার কিং এখন ধানমন্ডি ২৭ এ। দেরি না করে আকর্ষনীয় সব অফার উপভোগ করতে চলে আসুন বার্গার কিং এ। হোম ডেলিভারি পেতে কল করুন ১৬৬০৬,[],0,0,0,0,0,0,0,0,0,0,0,0,সবার পছন্দের বার্গার নিয়ে বার্গার কিং এখন ধানমন্ডি ২৭ এ। দেরি না করে আকর্ষনীয় সব অফার উপভোগ করতে চলে আসুন বার্গার কিং এ। হোম ডেলিভারি পেতে কল করুন ১৬৬০৬,154,0,0,0,0,0,0,0,0,0,0,0,0,0,0,0,0,0,0,0,0,0,0,সবার পছন্দের বার্গার নিয়ে বার্গার কিং এখন ধানমন্ডি ২৭ এ। দেরি না করে আকর্ষনীয় সব অফার উপভোগ করতে চলে আসুন বার্গার কিং এ। হোম ডেলিভারি পেতে কল করুন ১৬৬০৬,সবার পছন্দের বার্গার নিয়ে বার্গার কিং এখন ধানমন্ডি ২৭ এ। দেরি না করে আকর্ষনীয় সব অফার উপভোগ করতে চলে আসুন বার্গার কিং এ। হোম ডেলিভারি পেতে কল করুন ১৬৬০৬,0,0,7,2,1,154,29,0,0,0,0,0,44,0,0,0,0,124,0,1.0,0.0,1,0
normal,আমাকে কল দিন ০১৭২৪৩৮৩৯৮৭ এই নাম্বারে,Bengali,0,0,আমাকে কল দিন ০১৭২৪৩৮৩৯৮৭ এই নাম্বারে,আমাকে কল দিন ০১৭২৪৩৮৩৯৮৭ এই নাম্বারে,[],0,0,0,0,0,0,0,0,0,0,0,0,আমাকে কল দিন ০১৭২৪৩৮৩৯৮৭ এই নাম্বারে,36,0,0,0,0,0,0,0,0,0,0,0,0,0,0,0,0,0,0,0,0,0,0,আমাকে কল দিন ০১৭২৪৩৮৩৯৮৭ এই নাম্বারে,আমাকে কল দিন ০১৭২৪৩৮৩৯৮৭ এই নাম্বারে,0,0,11,1,1,36,6,0,0,0,0,0,7,0,0,0,0,31,0,1.0,0.0,1,0
promo,GP App দিয়ে বিল পরিশোধ করলে পাচ্ছেন ১০% ইনস্ট্যান্ট ক্যাশব্যাক। অফার বৈধ মাসের শেষ পর্যন্ত।,Bengali,0,1,GP App দিয়ে বিল পরিশোধ করলে পাচ্ছেন ১০% ইনস্ট্যান্ট ক্যাশব্যাক। অফার বৈধ মাসের শেষ পর্যন্ত।,GP App দিয়ে বিল পরিশোধ করলে পাচ্ছেন ১০% ইনস্ট্যান্ট ক্যাশব্যাক। অফার বৈধ মাসের শেষ পর্যন্ত।,[],0,0,0,0,0,0,0,0,0,0,0,0,GP App দিয়ে বিল পরিশোধ করলে পাচ্ছেন ১০% ইনস্ট্যান্ট ক্যাশব্যাক। অফার বৈধ মাসের শেষ পর্যন্ত।,92,0,0,0,0,0,0,0,0,0,0,0,0,0,0,0,0,0,0,0,0,0,0,GP App দিয়ে বিল পরিশোধ করলে পাচ্ছেন ১০% ইনস্ট্যান্ট ক্যাশব্যাক। অফার বৈধ মাসের শেষ পর্যন্ত।,GP App দিয়ে বিল পরিশোধ করলে পাচ্ছেন ১০% ইনস্ট্যান্ট ক্যাশব্যাক। অফার বৈধ মাসের শেষ পর্যন্ত।,0,0,2,1,1,92,15,0,0,0,0,0,28,0,0,0,0,70,5,0.9333333333333333,0.06666666666666667,1,1
promo,মেন্সওয়ার্ল্ড এখন নবরুপে বসুন্ধরা সিটি এপারেল জোনে।লেভেল-৮ ০১৮৯৬০০১৯০৩,Bengali,0,1,মেন্সওয়ার্ল্ড এখন নবরুপে বসুন্ধরা সিটি এপারেল জোনে।লেভেল-৮ ০১৮৯৬০০১৯০৩,মেন্সওয়ার্ল্ড এখন নবরুপে বসুন্ধরা সিটি এপারেল জোনে।লেভেল-৮ ০১৮৯৬০০১৯০৩,[],0,0,0,0,0,0,0,0,0,0,0,0,মেন্সওয়ার্ল্ড এখন নবরুপে বসুন্ধরা সিটি এপারেল জোনে।লেভেল-৮ ০১৮৯৬০০১৯০৩,71,0,0,0,0,0,0,0,0,0,0,0,0,0,0,0,0,0,0,0,0,0,0,মেন্সওয়ার্ল্ড এখন নবরুপে বসুন্ধরা সিটি এপারেল জোনে।লেভেল-৮ ০১৮৯৬০০১৯০৩,মেন্সওয়ার্ল্ড এখন নবরুপে বসুন্ধরা সিটি এপারেল জোনে।লেভেল-৮ ০১৮৯৬০০১৯০৩,0,0,12,2,1,71,8,0,0,0,0,0,21,0,0,0,0,62,0,1.0,0.0,1,0
smish,আপনার পেমেন্টটি প্রক্রিয়া করতে আমাদের আপনার তথ্য প্রয়োজন। এখানে ক্লিক করুন: [paymentsecure.org/InfoBD],Bengali,1,2,আপনার পেমেন্টটি প্রক্রিয়া করতে আমাদের আপনার তথ্য প্রয়োজন। এখানে ক্লিক করুন: [paymentsecure.org/InfoBD],আপনার পেমেন্টটি প্রক্রিয়া করতে আমাদের আপনার তথ্য প্রয়োজন। এখানে ক্লিক করুন: [paymentsecure.org/InfoBD],['paymentsecure.org/InfoBD'],1,1,24,24,0,1,0,1,0,0,0,0,আপনার পেমেন্টটি প্রক্রিয়া করতে আমাদের আপনার তথ্য প্রয়োজন। এখানে ক্লিক করুন: [ [URL] ],87,1,24,24,0,1,0,1,0,0,0,0,1,24,24,0,1,0,1,0,0,0,0,আপনার পেমেন্টটি প্রক্রিয়া করতে আমাদের আপনার তথ্য প্রয়োজন। এখানে ক্লিক করুন: [paymentsecure.org/InfoBD],আপনার পেমেন্টটি প্রক্রিয়া করতে আমাদের আপনার তথ্য প্রয়োজন। এখানে ক্লিক করুন: [paymentsecure.org/InfoBD],0,0,0,0,0,104,12,0,0,0,1,1,29,0,0,0,0,65,22,0.7471264367816092,0.25287356321839083,1,1
smish,"প্রিয় গ্রাহক, আপনার ক্রেডিট কার্ডে ১,২০,০০০ টাকা চার্জ হয়েছে। বাতিল করতে এখনই 01888822991 নাম্বারে কল দিন এবং OTP নিশ্চিত করুন।",Bengali,0,2,"প্রিয় গ্রাহক, আপনার ক্রেডিট কার্ডে ১,২০,০০০ টাকা চার্জ হয়েছে। বাতিল করতে এখনই 01888822991 নাম্বারে কল দিন এবং OTP নিশ্চিত করুন।","প্রিয় গ্রাহক, আপনার ক্রেডিট কার্ডে ১,২০,০০০ টাকা চার্জ হয়েছে। বাতিল করতে এখনই 01888822991 নাম্বারে কল দিন এবং OTP নিশ্চিত করুন।",[],0,0,0,0,0,0,0,0,0,0,0,0,"প্রিয় গ্রাহক, আপনার ক্রেডিট কার্ডে ১,২০,০০০ টাকা চার্জ হয়েছে। বাতিল করতে এখনই 01888822991 নাম্বারে কল দিন এবং OTP নিশ্চিত করুন।",129,0,0,0,0,0,0,0,0,0,0,0,0,0,0,0,0,0,0,0,0,0,0,"প্রিয় গ্রাহক, আপনার ক্রেডিট কার্ডে ১,২০,০০০ টাকা চার্জ হয়েছে। বাতিল করতে এখনই 01888822991 নাম্বারে কল দিন এবং OTP নিশ্চিত করুন।","প্রিয় গ্রাহক, আপনার ক্রেডিট কার্ডে ১,২০,০০০ টাকা চার্জ হয়েছে। বাতিল করতে এখনই 01888822991 নাম্বারে কল দিন এবং OTP নিশ্চিত করুন।",1,1,17,3,1,129,20,0,0,3,0,0,37,1,1,1,1,91,3,0.9680851063829787,0.031914893617021274,1,1
smish,"আপনার ছেলে সমস্যায় আছে, তাই দ্রুত টাকা পাঠান।",Bengali,0,2,"আপনার ছেলে সমস্যায় আছে, তাই দ্রুত টাকা পাঠান।","আপনার ছেলে সমস্যায় আছে, তাই দ্রুত টাকা পাঠান।",[],0,0,0,0,0,0,0,0,0,0,0,0,"আপনার ছেলে সমস্যায় আছে, তাই দ্রুত টাকা পাঠান।",46,0,0,0,0,0,0,0,0,0,0,0,0,0,0,0,0,0,0,0,0,0,0,"আপনার ছেলে সমস্যায় আছে, তাই দ্রুত টাকা পাঠান।","আপনার ছেলে সমস্যায় আছে, তাই দ্রুত টাকা পাঠান।",0,0,0,0,0,46,8,0,0,1,0,0,16,1,1,0,0,37,0,1.0,0.0,1,0
normal,আজ বিকেলে এক কাপ চা খেতে খেতে হঠাৎ পুরোনো দিনের কথা মনে পড়ছিলো। স্কুলের সময়কার আড্ডাগুলো সত্যিই অসাধারণ ছিল।,Bengali,0,0,আজ বিকেলে এক কাপ চা খেতে খেতে হঠাৎ পুরোনো দিনের কথা মনে পড়ছিলো। স্কুলের সময়কার আড্ডাগুলো সত্যিই অসাধারণ ছিল।,আজ বিকেলে এক কাপ চা খেতে খেতে হঠাৎ পুরোনো দিনের কথা মনে পড়ছিলো। স্কুলের সময়কার আড্ডাগুলো সত্যিই অসাধারণ ছিল।,[],0,0,0,0,0,0,0,0,0,0,0,0,আজ বিকেলে এক কাপ চা খেতে খেতে হঠাৎ পুরোনো দিনের কথা মনে পড়ছিলো। স্কুলের সময়কার আড্ডাগুলো সত্যিই অসাধারণ ছিল।,110,0,0,0,0,0,0,0,0,0,0,0,0,0,0,0,0,0,0,0,0,0,0,আজ বিকেলে এক কাপ চা খেতে খেতে হঠাৎ পুরোনো দিনের কথা মনে পড়ছিলো। স্কুলের সময়কার আড্ডাগুলো সত্যিই অসাধারণ ছিল।,আজ বিকেলে এক কাপ চা খেতে খেতে হঠাৎ পুরোনো দিনের কথা মনে পড়ছিলো। স্কুলের সময়কার আড্ডাগুলো সত্যিই অসাধারণ ছিল।,0,0,0,0,0,110,19,0,0,0,0,0,36,0,0,0,0,90,0,1.0,0.0,1,0
promo,Banglalink গ্রাহকরা ১০০ টাকা রিচার্জে ১০০ এসএমএস ফ্রি পাবেন।,Bengali,0,1,Banglalink গ্রাহকরা ১০০ টাকা রিচার্জে ১০০ এসএমএস ফ্রি পাবেন।,Banglalink গ্রাহকরা ১০০ টাকা রিচার্জে ১০০ এসএমএস ফ্রি পাবেন।,[],0,0,0,0,0,0,0,0,0,0,0,0,Banglalink গ্রাহকরা ১০০ টাকা রিচার্জে ১০০ এসএমএস ফ্রি পাবেন।,60,0,0,0,0,0,0,0,0,0,0,0,0,0,0,0,0,0,0,0,0,0,0,Banglalink গ্রাহকরা ১০০ টাকা রিচার্জে ১০০ এসএমএস ফ্রি পাবেন।,Banglalink গ্রাহকরা ১০০ টাকা রিচার্জে ১০০ এসএমএস ফ্রি পাবেন।,0,0,6,2,1,60,9,0,0,0,0,0,14,1,1,0,0,41,10,0.803921568627451,0.19607843137254902,1,1
smish,ক্যাসিনোতে বেট করুন এবং ১০০% বোনাস জিতুন! এখানে শুরু করুন: super1000.info/docs,Bengali,1,2,ক্যাসিনোতে বেট করুন এবং ১০০% বোনাস জিতুন! এখানে শুরু করুন: super1000.info/docs,ক্যাসিনোতে বেট করুন এবং ১০০% বোনাস জিতুন! এখানে শুরু করুন: super1000.info/docs,['super1000.info/docs'],1,1,19,19,4,1,0,1,0,0,0,0,ক্যাসিনোতে বেট করুন এবং ১০০% বোনাস জিতুন! এখানে শুরু করুন:  [URL] ,66,1,19,19,4,1,0,1,0,0,0,0,1,19,19,4,1,0,1,0,0,0,0,ক্যাসিনোতে বেট করুন এবং ১০০% বোনাস জিতুন! এখানে শুরু করুন: super1000.info/docs,ক্যাসিনোতে বেট করুন এবং ১০০% বোনাস জিতুন! এখানে শুরু করুন: super1000.info/docs,0,0,7,2,1,78,11,1,0,0,1,1,22,0,0,0,0,46,13,0.7796610169491526,0.22033898305084745,1,1
normal,০১৭২৯১৭২৯৬৪ নাম্বারে রকেটে টাকা পাঠান।,Bengali,0,0,০১৭২৯১৭২৯৬৪ নাম্বারে রকেটে টাকা পাঠান।,০১৭২৯১৭২৯৬৪ নাম্বারে রকেটে টাকা পাঠান।,[],0,0,0,0,0,0,0,0,0,0,0,0,০১৭২৯১৭২৯৬৪ নাম্বারে রকেটে টাকা পাঠান।,38,0,0,0,0,0,0,0,0,0,0,0,0,0,0,0,0,0,0,0,0,0,0,০১৭২৯১৭২৯৬৪ নাম্বারে রকেটে টাকা পাঠান।,০১৭২৯১৭২৯৬৪ নাম্বারে রকেটে টাকা পাঠান।,0,0,11,1,1,38,5,0,0,0,0,0,11,1,1,0,0,33,0,1.0,0.0,1,0
smish,"প্রিয় গ্রাহক, আপনার Banglalink নম্বর ব্লক হওয়ার পথে। সেবা চালু রাখতে এখনই bl-verification-bd.org এ গিয়ে আপনার জাতীয় পরিচয়পত্র যাচাই করুন।",Bengali,1,2,"প্রিয় গ্রাহক, আপনার Banglalink নম্বর ব্লক হওয়ার পথে। সেবা চালু রাখতে এখনই bl-verification-bd.org এ গিয়ে আপনার জাতীয় পরিচয়পত্র যাচাই করুন।","প্রিয় গ্রাহক, আপনার Banglalink নম্বর ব্লক হওয়ার পথে। সেবা চালু রাখতে এখনই bl-verification-bd.org এ গিয়ে আপনার জাতীয় পরিচয়পত্র যাচাই করুন।",['bl-verification-bd.org'],1,1,22,22,0,1,2,0,0,0,0,0,"প্রিয় গ্রাহক, আপনার Banglalink নম্বর ব্লক হওয়ার পথে। সেবা চালু রাখতে এখনই  [URL]  এ গিয়ে আপনার জাতীয় পরিচয়পত্র যাচাই করুন।",127,1,22,22,0,1,2,0,0,0,0,0,1,22,22,0,1,2,0,0,0,0,0,"প্রিয় গ্রাহক, আপনার Banglalink নম্বর ব্লক হওয়ার পথে। সেবা চালু রাখতে এখনই bl-verification-bd.org এ গিয়ে আপনার জাতীয় পরিচয়পত্র যাচাই করুন।","প্রিয় গ্রাহক, আপনার Banglalink নম্বর ব্লক হওয়ার পথে। সেবা চালু রাখতে এখনই bl-verification-bd.org এ গিয়ে আপনার জাতীয় পরিচয়পত্র যাচাই করুন।",0,0,0,0,0,142,20,0,0,1,1,0,36,0,0,2,1,88,29,0.7521367521367521,0.24786324786324787,1,1
normal,তুমি কি বাগানে যাচ্ছো?,Bengali,0,0,তুমি কি বাগানে যাচ্ছো?,তুমি কি বাগানে যাচ্ছো?,[],0,0,0,0,0,0,0,0,0,0,0,0,তুমি কি বাগানে যাচ্ছো?,22,0,0,0,0,0,0,0,0,0,0,0,0,0,0,0,0,0,0,0,0,0,0,তুমি কি বাগানে যাচ্ছো?,তুমি কি বাগানে যাচ্ছো?,0,0,0,0,0,22,4,0,1,0,0,0,10,0,0,0,0,18,0,1.0,0.0,1,0
normal,আমাদের কলেজে আগামী সপ্তাহে সাংস্কৃতিক অনুষ্ঠান হবে। সবাই প্রস্তুতি নিচ্ছে। আমরা একটা নাটক মঞ্চস্থ করার পরিকল্পনা করছি। তুমি কি দেখতে আসবে?,Bengali,0,0,আমাদের কলেজে আগামী সপ্তাহে সাংস্কৃতিক অনুষ্ঠান হবে। সবাই প্রস্তুতি নিচ্ছে। আমরা একটা নাটক মঞ্চস্থ করার পরিকল্পনা করছি। তুমি কি দেখতে আসবে?,আমাদের কলেজে আগামী সপ্তাহে সাংস্কৃতিক অনুষ্ঠান হবে। সবাই প্রস্তুতি নিচ্ছে। আমরা একটা নাটক মঞ্চস্থ করার পরিকল্পনা করছি। তুমি কি দেখতে আসবে?,[],0,0,0,0,0,0,0,0,0,0,0,0,আমাদের কলেজে আগামী সপ্তাহে সাংস্কৃতিক অনুষ্ঠান হবে। সবাই প্রস্তুতি নিচ্ছে। আমরা একটা নাটক মঞ্চস্থ করার পরিকল্পনা করছি। তুমি কি দেখতে আসবে?,138,0,0,0,0,0,0,0,0,0,0,0,0,0,0,0,0,0,0,0,0,0,0,আমাদের কলেজে আগামী সপ্তাহে সাংস্কৃতিক অনুষ্ঠান হবে। সবাই প্রস্তুতি নিচ্ছে। আমরা একটা নাটক মঞ্চস্থ করার পরিকল্পনা করছি। তুমি কি দেখতে আসবে?,আমাদের কলেজে আগামী সপ্তাহে সাংস্কৃতিক অনুষ্ঠান হবে। সবাই প্রস্তুতি নিচ্ছে। আমরা একটা নাটক মঞ্চস্থ করার পরিকল্পনা করছি। তুমি কি দেখতে আসবে?,0,0,0,0,0,138,21,0,1,0,0,0,46,0,0,0,0,114,0,1.0,0.0,1,0
smish,জরুরি নোটিশ: আপনার ইলেকট্রিক মিটার রিডিং ভুল। সংশোধন: correct-meter.ga,Bengali,1,2,জরুরি নোটিশ: আপনার ইলেকট্রিক মিটার রিডিং ভুল। সংশোধন: correct-meter.ga,জরুরি নোটিশ: আপনার ইলেকট্রিক মিটার রিডিং ভুল। সংশোধন: correct-meter.ga,['correct-meter.ga'],1,1,16,16,0,1,1,0,0,0,0,0,জরুরি নোটিশ: আপনার ইলেকট্রিক মিটার রিডিং ভুল। সংশোধন:  [URL] ,61,1,16,16,0,1,1,0,0,0,0,0,1,16,16,0,1,1,0,0,0,0,0,জরুরি নোটিশ: আপনার ইলেকট্রিক মিটার রিডিং ভুল। সংশোধন: correct-meter.ga,জরুরি নোটিশ: আপনার ইলেকট্রিক মিটার রিডিং ভুল। সংশোধন: correct-meter.ga,0,0,0,0,0,70,9,0,0,0,1,2,21,0,0,0,0,43,14,0.7543859649122807,0.24561403508771928,1,1
smish,আপনার bKash অ্যাকাউন্ট ব্লক হয়েছে। পুনরায় সক্রিয় করতে কল করুন: +8801819876543,Bengali,0,2,আপনার bKash অ্যাকাউন্ট ব্লক হয়েছে। পুনরায় সক্রিয় করতে কল করুন: +8801819876543,আপনার bKash অ্যাকাউন্ট ব্লক হয়েছে। পুনরায় সক্রিয় করতে কল করুন: +8801819876543,[],0,0,0,0,0,0,0,0,0,0,0,0,আপনার bKash অ্যাকাউন্ট ব্লক হয়েছে। পুনরায় সক্রিয় করতে কল করুন: +8801819876543,80,0,0,0,0,0,0,0,0,0,0,0,0,0,0,0,0,0,0,0,0,0,0,আপনার bKash অ্যাকাউন্ট ব্লক হয়েছে। পুনরায় সক্রিয় করতে কল করুন: +8801819876543,আপনার bKash অ্যাকাউন্ট ব্লক হয়েছে। পুনরায় সক্রিয় করতে কল করুন: +8801819876543,1,1,13,1,1,80,11,0,0,0,0,1,20,0,0,1,1,49,5,0.9074074074074074,0.09259259259259259,1,1
normal,"সময় নাই, ০১৭২৯১৮২৮৯৩ এই নাম্বারে বিকাশ করুন।",Bengali,0,0,"সময় নাই, ০১৭২৯১৮২৮৯৩ এই নাম্বারে বিকাশ করুন।","সময় নাই, ০১৭২৯১৮২৮৯৩ এই নাম্বারে বিকাশ করুন।",[],0,0,0,0,0,0,0,0,0,0,0,0,"সময় নাই, ০১৭২৯১৮২৮৯৩ এই নাম্বারে বিকাশ করুন।",45,0,0,0,0,0,0,0,0,0,0,0,0,0,0,0,0,0,0,0,0,0,0,"সময় নাই, ০১৭২৯১৮২৮৯৩ এই নাম্বারে বিকাশ করুন।","সময় নাই, ০১৭২৯১৮২৮৯৩ এই নাম্বারে বিকাশ করুন।",0,0,11,1,1,45,7,0,0,1,0,0,11,0,0,0,0,37,0,1.0,0.0,1,0
smish,"প্রিয় গ্রাহক, আপনার bKash অ্যাকাউন্টে ১০,০০০ টাকা জমা হয়েছে। বিস্তারিত জানতে এখানে ক্লিক করুন: https://wa.me/8801712345678",Bengali,1,2,"প্রিয় গ্রাহক, আপনার bKash অ্যাকাউন্টে ১০,০০০ টাকা জমা হয়েছে। বিস্তারিত জানতে এখানে ক্লিক করুন: https://wa.me/8801712345678","প্রিয় গ্রাহক, আপনার bKash অ্যাকাউন্টে ১০,০০০ টাকা জমা হয়েছে। বিস্তারিত জানতে এখানে ক্লিক করুন: https://wa.me/8801712345678",['https://wa.me/8801712345678'],1,1,27,27,13,1,0,3,1,0,0,0,"প্রিয় গ্রাহক, আপনার bKash অ্যাকাউন্টে ১০,০০০ টাকা জমা হয়েছে। বিস্তারিত জানতে এখানে ক্লিক করুন:  [URL] ",104,1,27,27,13,1,0,3,1,0,0,0,1,27,27,13,1,0,3,1,0,0,0,"প্রিয় গ্রাহক, আপনার bKash অ্যাকাউন্টে ১০,০০০ টাকা জমা হয়েছে। বিস্তারিত জানতে এখানে ক্লিক করুন: https://wa.me/8801712345678","প্রিয় গ্রাহক, আপনার bKash অ্যাকাউন্টে ১০,০০০ টাকা জমা হয়েছে। বিস্তারিত জানতে এখানে ক্লিক করুন: https://wa.me/8801712345678",1,1,18,2,1,124,15,0,0,2,1,2,37,1,1,1,1,74,14,0.8409090909090909,0.1590909090909091,1,1
normal,সকাল সকাল ঘুম ভাঙলো। জানালার বাইরে প্রচুর বৃষ্টি হচ্ছে। মনে হচ্ছে আজকে বাইরে যাওয়া ঠিক হবে না।,Bengali,0,0,সকাল সকাল ঘুম ভাঙলো। জানালার বাইরে প্রচুর বৃষ্টি হচ্ছে। মনে হচ্ছে আজকে বাইরে যাওয়া ঠিক হবে না।,সকাল সকাল ঘুম ভাঙলো। জানালার বাইরে প্রচুর বৃষ্টি হচ্ছে। মনে হচ্ছে আজকে বাইরে যাওয়া ঠিক হবে না।,[],0,0,0,0,0,0,0,0,0,0,0,0,সকাল সকাল ঘুম ভাঙলো। জানালার বাইরে প্রচুর বৃষ্টি হচ্ছে। মনে হচ্ছে আজকে বাইরে যাওয়া ঠিক হবে না।,95,0,0,0,0,0,0,0,0,0,0,0,0,0,0,0,0,0,0,0,0,0,0,সকাল সকাল ঘুম ভাঙলো। জানালার বাইরে প্রচুর বৃষ্টি হচ্ছে। মনে হচ্ছে আজকে বাইরে যাওয়া ঠিক হবে না।,সকাল সকাল ঘুম ভাঙলো। জানালার বাইরে প্রচুর বৃষ্টি হচ্ছে। মনে হচ্ছে আজকে বাইরে যাওয়া ঠিক হবে না।,0,0,0,0,0,95,17,0,0,0,0,0,32,0,0,0,0,76,0,1.0,0.0,1,0
promo,"Robi Music Pack মাত্র ২৫ টাকা, বৈধতা ৭ দিন। সক্রিয় করতে *123*25#।",Bengali,0,1,"Robi Music Pack মাত্র ২৫ টাকা, বৈধতা ৭ দিন। সক্রিয় করতে *123*25#।","Robi Music Pack মাত্র ২৫ টাকা, বৈধতা ৭ দিন। সক্রিয় করতে *123*25#।",[],0,0,0,0,0,0,0,0,0,0,0,0,"Robi Music Pack মাত্র ২৫ টাকা, বৈধতা ৭ দিন। সক্রিয় করতে *123*25#।",66,0,0,0,0,0,0,0,0,0,0,0,0,0,0,0,0,0,0,0,0,0,0,"Robi Music Pack মাত্র ২৫ টাকা, বৈধতা ৭ দিন। সক্রিয় করতে *123*25#।","Robi Music Pack মাত্র ২৫ টাকা, বৈধতা ৭ দিন। সক্রিয় করতে *123*25#।",0,0,8,4,1,66,12,0,0,1,0,0,17,1,1,0,0,31,13,0.7045454545454546,0.29545454545454547,1,1
promo,“দ্বাদশ জাতীয় সংসদ নির্বাচনে অংশগ্রহণে ইচ্ছুক প্রার্থীগণ প্রচলিত পদ্ধতির পাশাপাশি অনলাইনেও মনোনয়নপত্র দাখিল করতে পারবেন। অনলাইনে মনোনয়ন দাখিল করতে কমিশনের ওয়েবসাইট www.ecs.gov.bd-এ প্রবেশ করুন”-ইসি,Bengali,1,1,“দ্বাদশ জাতীয় সংসদ নির্বাচনে অংশগ্রহণে ইচ্ছুক প্রার্থীগণ প্রচলিত পদ্ধতির পাশাপাশি অনলাইনেও মনোনয়নপত্র দাখিল করতে পারবেন। অনলাইনে মনোনয়ন দাখিল করতে কমিশনের ওয়েবসাইট www.ecs.gov.bd-এ প্রবেশ করুন”-ইসি,"""দ্বাদশ জাতীয় সংসদ নির্বাচনে অংশগ্রহণে ইচ্ছুক প্রার্থীগণ প্রচলিত পদ্ধতির পাশাপাশি অনলাইনেও মনোনয়নপত্র দাখিল করতে পারবেন। অনলাইনে মনোনয়ন দাখিল করতে কমিশনের ওয়েবসাইট www.ecs.gov.bd-এ প্রবেশ করুন""-ইসি","['www.', 'ecs.gov.bd']",2,2,14,10,0,3,0,0,0,0,0,0,"""দ্বাদশ জাতীয় সংসদ নির্বাচনে অংশগ্রহণে ইচ্ছুক প্রার্থীগণ প্রচলিত পদ্ধতির পাশাপাশি অনলাইনেও মনোনয়নপত্র দাখিল করতে পারবেন। অনলাইনে মনোনয়ন দাখিল করতে কমিশনের ওয়েবসাইট  [URL]  [URL] -এ প্রবেশ করুন""-ইসি",201,2,14,10,0,3,0,0,0,0,0,0,2,14,10,0,3,0,0,0,0,0,0,“দ্বাদশ জাতীয় সংসদ নির্বাচনে অংশগ্রহণে ইচ্ছুক প্রার্থীগণ প্রচলিত পদ্ধতির পাশাপাশি অনলাইনেও মনোনয়নপত্র দাখিল করতে পারবেন। অনলাইনে মনোনয়ন দাখিল করতে কমিশনের ওয়েবসাইট www.ecs.gov.bd-এ প্রবেশ করুন”-ইসি,“দ্বাদশ জাতীয় সংসদ নির্বাচনে অংশগ্রহণে ইচ্ছুক প্রার্থীগণ প্রচলিত পদ্ধতির পাশাপাশি অনলাইনেও মনোনয়নপত্র দাখিল করতে পারবেন। অনলাইনে মনোনয়ন দাখিল করতে কমিশনের ওয়েবসাইট www.ecs.gov.bd-এ প্রবেশ করুন”-ইসি,0,0,0,0,0,201,24,0,0,0,3,0,61,0,0,0,0,159,11,0.9352941176470588,0.06470588235294118,1,1
promo,থ্যালাসেমিয়া রোগ  থেকে বাঁচতে বিয়ের আগে রক্ত পরীক্ষা করিয়ে নিন । রোগী ও বাহক কিংবা বাহকে বাহকে বিয়ে নয়-বাংলাদেশ থ্যালাসেমিয়া সমিতি।,Bengali,0,1,থ্যালাসেমিয়া রোগ  থেকে বাঁচতে বিয়ের আগে রক্ত পরীক্ষা করিয়ে নিন । রোগী ও বাহক কিংবা বাহকে বাহকে বিয়ে নয়-বাংলাদেশ থ্যালাসেমিয়া সমিতি।,থ্যালাসেমিয়া রোগ থেকে বাঁচতে বিয়ের আগে রক্ত পরীক্ষা করিয়ে নিন । রোগী ও বাহক কিংবা বাহকে বাহকে বিয়ে নয়-বাংলাদেশ থ্যালাসেমিয়া সমিতি।,[],0,0,0,0,0,0,0,0,0,0,0,0,থ্যালাসেমিয়া রোগ থেকে বাঁচতে বিয়ের আগে রক্ত পরীক্ষা করিয়ে নিন । রোগী ও বাহক কিংবা বাহকে বাহকে বিয়ে নয়-বাংলাদেশ থ্যালাসেমিয়া সমিতি।,136,0,0,0,0,0,0,0,0,0,0,0,0,0,0,0,0,0,0,0,0,0,0,থ্যালাসেমিয়া রোগ  থেকে বাঁচতে বিয়ের আগে রক্ত পরীক্ষা করিয়ে নিন । রোগী ও বাহক কিংবা বাহকে বাহকে বিয়ে নয়-বাংলাদেশ থ্যালাসেমিয়া সমিতি।,থ্যালাসেমিয়া রোগ থেকে বাঁচতে বিয়ের আগে রক্ত পরীক্ষা করিয়ে নিন । রোগী ও বাহক কিংবা বাহকে বাহকে বিয়ে নয়-বাংলাদেশ থ্যালাসেমিয়া সমিতি।,0,0,0,0,0,136,21,0,0,0,0,0,55,0,0,0,0,113,0,1.0,0.0,1,0
smish,সোনালী ব্যাংক অ্যাকাউন্টে ত্রুটি দেখা দিয়েছে। কল করুন: +8801914455667,Bengali,0,2,সোনালী ব্যাংক অ্যাকাউন্টে ত্রুটি দেখা দিয়েছে। কল করুন: +8801914455667,সোনালী ব্যাংক অ্যাকাউন্টে ত্রুটি দেখা দিয়েছে। কল করুন: +8801914455667,[],0,0,0,0,0,0,0,0,0,0,0,0,সোনালী ব্যাংক অ্যাকাউন্টে ত্রুটি দেখা দিয়েছে। কল করুন: +8801914455667,70,0,0,0,0,0,0,0,0,0,0,0,0,0,0,0,0,0,0,0,0,0,0,সোনালী ব্যাংক অ্যাকাউন্টে ত্রুটি দেখা দিয়েছে। কল করুন: +8801914455667,সোনালী ব্যাংক অ্যাকাউন্টে ত্রুটি দেখা দিয়েছে। কল করুন: +8801914455667,1,1,13,1,1,70,9,0,0,0,0,1,24,0,0,1,1,46,0,1.0,0.0,1,0
smish,"PLC,LIMITED.

প্রিয় আবেদনকারী, অভিনন্দন!

আপনার সিভি নির্বাচিত হয়েছে। পজিশনের নাম - কাস্টমার সার্ভিস/ইউনিট ম্যানেজার (ডেভ..) (পার্ট টাইম / ফুল টাইম)। যদি আপনি কাজটিতে আগ্রহী হন তবে অবশ্যই সিভি এবং পাসপোর্ট সাইজের ৪ কপি ছবি নিয়ে আসতে হবে।

কাজের স্থান - আপনি ঢাকা শহরের যেকোনো শাখা অফিস বেছে নিতে পারবেন।

সাক্ষাত্কারের তারিখ - ১৪ নভেম্বর ২০২৩ (১০.০০am - ০৪.০০pm)

যোগাযোগের ঠিকানা - ১৬৬, দিলকুশা, মতিঝিল, ঢাকা ১০০০।

বিস্তারিত জানার জন্য কল করুন: ০১৬১৩৫৮৯১৩৭",Bengali,0,2,"PLC,LIMITED.

প্রিয় আবেদনকারী, অভিনন্দন!

আপনার সিভি নির্বাচিত হয়েছে। পজিশনের নাম - কাস্টমার সার্ভিস/ইউনিট ম্যানেজার (ডেভ..) (পার্ট টাইম / ফুল টাইম)। যদি আপনি কাজটিতে আগ্রহী হন তবে অবশ্যই সিভি এবং পাসপোর্ট সাইজের ৪ কপি ছবি নিয়ে আসতে হবে।

কাজের স্থান - আপনি ঢাকা শহরের যেকোনো শাখা অফিস বেছে নিতে পারবেন।

সাক্ষাত্কারের তারিখ - ১৪ নভেম্বর ২০২৩ (১০.০০am - ০৪.০০pm)

যোগাযোগের ঠিকানা - ১৬৬, দিলকুশা, মতিঝিল, ঢাকা ১০০০।

বিস্তারিত জানার জন্য কল করুন: ০১৬১৩৫৮৯১৩৭","PLC,LIMITED. প্রিয় আবেদনকারী, অভিনন্দন! আপনার সিভি নির্বাচিত হয়েছে। পজিশনের নাম - কাস্টমার সার্ভিস/ইউনিট ম্যানেজার (ডেভ..) (পার্ট টাইম / ফুল টাইম)। যদি আপনি কাজটিতে আগ্রহী হন তবে অবশ্যই সিভি এবং পাসপোর্ট সাইজের ৪ কপি ছবি নিয়ে আসতে হবে। কাজের স্থান - আপনি ঢাকা শহরের যেকোনো শাখা অফিস বেছে নিতে পারবেন। সাক্ষাত্কারের তারিখ - ১৪ নভেম্বর ২০২৩ (১০.০০am - ০৪.০০pm) যোগাযোগের ঠিকানা - ১৬৬, দিলকুশা, মতিঝিল, ঢাকা ১০০০। বিস্তারিত জানার জন্য কল করুন: ০১৬১৩৫৮৯১৩৭",[],0,0,0,0,0,0,0,0,0,0,0,0,"PLC,LIMITED. প্রিয় আবেদনকারী, অভিনন্দন! আপনার সিভি নির্বাচিত হয়েছে। পজিশনের নাম - কাস্টমার সার্ভিস/ইউনিট ম্যানেজার (ডেভ..) (পার্ট টাইম / ফুল টাইম)। যদি আপনি কাজটিতে আগ্রহী হন তবে অবশ্যই সিভি এবং পাসপোর্ট সাইজের ৪ কপি ছবি নিয়ে আসতে হবে। কাজের স্থান - আপনি ঢাকা শহরের যেকোনো শাখা অফিস বেছে নিতে পারবেন। সাক্ষাত্কারের তারিখ - ১৪ নভেম্বর ২০২৩ (১০.০০am - ০৪.০০pm) যোগাযোগের ঠিকানা - ১৬৬, দিলকুশা, মতিঝিল, ঢাকা ১০০০। বিস্তারিত জানার জন্য কল করুন: ০১৬১৩৫৮৯১৩৭",455,0,0,0,0,0,0,0,0,0,0,0,0,0,0,0,0,0,0,0,0,0,0,"PLC,LIMITED.

প্রিয় আবেদনকারী, অভিনন্দন!

আপনার সিভি নির্বাচিত হয়েছে। পজিশনের নাম - কাস্টমার সার্ভিস/ইউনিট ম্যানেজার (ডেভ..) (পার্ট টাইম / ফুল টাইম)। যদি আপনি কাজটিতে আগ্রহী হন তবে অবশ্যই সিভি এবং পাসপোর্ট সাইজের ৪ কপি ছবি নিয়ে আসতে হবে।

কাজের স্থান - আপনি ঢাকা শহরের যেকোনো শাখা অফিস বেছে নিতে পারবেন।

সাক্ষাত্কারের তারিখ - ১৪ নভেম্বর ২০২৩ (১০.০০am - ০৪.০০pm)

যোগাযোগের ঠিকানা - ১৬৬, দিলকুশা, মতিঝিল, ঢাকা ১০০০।

বিস্তারিত জানার জন্য কল করুন: ০১৬১৩৫৮৯১৩৭","PLC,LIMITED. প্রিয় আবেদনকারী, অভিনন্দন! আপনার সিভি নির্বাচিত হয়েছে। পজিশনের নাম - কাস্টমার সার্ভিস/ইউনিট ম্যানেজার (ডেভ..) (পার্ট টাইম / ফুল টাইম)। যদি আপনি কাজটিতে আগ্রহী হন তবে অবশ্যই সিভি এবং পাসপোর্ট সাইজের ৪ কপি ছবি নিয়ে আসতে হবে। কাজের স্থান - আপনি ঢাকা শহরের যেকোনো শাখা অফিস বেছে নিতে পারবেন। সাক্ষাত্কারের তারিখ - ১৪ নভেম্বর ২০২৩ (১০.০০am - ০৪.০০pm) যোগাযোগের ঠিকানা - ১৬৬, দিলকুশা, মতিঝিল, ঢাকা ১০০০। বিস্তারিত জানার জন্য কল করুন: ০১৬১৩৫৮৯১৩৭",0,0,33,8,1,455,72,1,0,5,5,1,144,0,0,0,0,340,14,0.96045197740113,0.03954802259887006,1,1
normal,"দাদু, আপনার ওষুধ খাওয়ার সময় হয়েছে। ভুলে যাবেন না।",Bengali,0,0,"দাদু, আপনার ওষুধ খাওয়ার সময় হয়েছে। ভুলে যাবেন না।","দাদু, আপনার ওষুধ খাওয়ার সময় হয়েছে। ভুলে যাবেন না।",[],0,0,0,0,0,0,0,0,0,0,0,0,"দাদু, আপনার ওষুধ খাওয়ার সময় হয়েছে। ভুলে যাবেন না।",52,0,0,0,0,0,0,0,0,0,0,0,0,0,0,0,0,0,0,0,0,0,0,"দাদু, আপনার ওষুধ খাওয়ার সময় হয়েছে। ভুলে যাবেন না।","দাদু, আপনার ওষুধ খাওয়ার সময় হয়েছে। ভুলে যাবেন না।",0,0,0,0,0,52,9,0,0,1,0,0,19,0,0,0,0,41,0,1.0,0.0,1,0
promo,Shohoz Tickets দিয়ে বাস টিকিট কিনলে পাচ্ছেন ১৫% ছাড়। কোড ব্যবহার করুন BUS15। ভ্রমণ হোক আরও সাশ্রয়ী।,Bengali,0,1,Shohoz Tickets দিয়ে বাস টিকিট কিনলে পাচ্ছেন ১৫% ছাড়। কোড ব্যবহার করুন BUS15। ভ্রমণ হোক আরও সাশ্রয়ী।,Shohoz Tickets দিয়ে বাস টিকিট কিনলে পাচ্ছেন ১৫% ছাড়। কোড ব্যবহার করুন BUS15। ভ্রমণ হোক আরও সাশ্রয়ী।,[],0,0,0,0,0,0,0,0,0,0,0,0,Shohoz Tickets দিয়ে বাস টিকিট কিনলে পাচ্ছেন ১৫% ছাড়। কোড ব্যবহার করুন BUS15। ভ্রমণ হোক আরও সাশ্রয়ী।,102,0,0,0,0,0,0,0,0,0,0,0,0,0,0,0,0,0,0,0,0,0,0,Shohoz Tickets দিয়ে বাস টিকিট কিনলে পাচ্ছেন ১৫% ছাড়। কোড ব্যবহার করুন BUS15। ভ্রমণ হোক আরও সাশ্রয়ী।,Shohoz Tickets দিয়ে বাস টিকিট কিনলে পাচ্ছেন ১৫% ছাড়। কোড ব্যবহার করুন BUS15। ভ্রমণ হোক আরও সাশ্রয়ী।,0,0,4,2,1,102,17,0,0,0,0,0,27,0,0,0,0,64,16,0.8,0.2,1,1
promo,এপ্রিলে ৫জিবি ডাটা use করে মে মাসে পাবে lowest কলরেট- cutt.ly/0AA4sic,Bengali,1,1,এপ্রিলে ৫জিবি ডাটা use করে মে মাসে পাবে lowest কলরেট- cutt.ly/0AA4sic,এপ্রিলে ৫জিবি ডাটা use করে মে মাসে পাবে lowest কলরেট- cutt.ly/0AA4sic,['cutt.ly/0AA4sic'],1,1,15,15,2,1,0,1,0,0,0,1,এপ্রিলে ৫জিবি ডাটা use করে মে মাসে পাবে lowest কলরেট-  [URL] ,61,1,15,15,2,1,0,1,0,0,0,1,1,15,15,2,1,0,1,0,0,0,1,এপ্রিলে ৫জিবি ডাটা use করে মে মাসে পাবে lowest কলরেট- cutt.ly/0AA4sic,এপ্রিলে ৫জিবি ডাটা use করে মে মাসে পাবে lowest কলরেট- cutt.ly/0AA4sic,0,0,3,3,1,69,11,0,0,0,1,0,17,0,0,0,0,34,20,0.6296296296296297,0.37037037037037035,1,1
normal,তুমি কি শপিংয়ে গেছো?,Bengali,0,0,তুমি কি শপিংয়ে গেছো?,তুমি কি শপিংয়ে গেছো?,[],0,0,0,0,0,0,0,0,0,0,0,0,তুমি কি শপিংয়ে গেছো?,21,0,0,0,0,0,0,0,0,0,0,0,0,0,0,0,0,0,0,0,0,0,0,তুমি কি শপিংয়ে গেছো?,তুমি কি শপিংয়ে গেছো?,0,0,0,0,0,21,4,0,1,0,0,0,10,0,0,0,0,17,0,1.0,0.0,1,0
smish,"প্রিয় গ্রাহক, আপনার কার্ডের তথ্য আপডেট করতে হবে। দয়া করে দ্রুত নিচের নম্বরে কল করুন এবং আপনার পিন নাম্বারটি বলুন। যোগাযোগের নম্বর: ০১৩৪৫৬৭৮৯৫৬",Bengali,0,2,"প্রিয় গ্রাহক, আপনার কার্ডের তথ্য আপডেট করতে হবে। দয়া করে দ্রুত নিচের নম্বরে কল করুন এবং আপনার পিন নাম্বারটি বলুন। যোগাযোগের নম্বর: ০১৩৪৫৬৭৮৯৫৬","প্রিয় গ্রাহক, আপনার কার্ডের তথ্য আপডেট করতে হবে। দয়া করে দ্রুত নিচের নম্বরে কল করুন এবং আপনার পিন নাম্বারটি বলুন। যোগাযোগের নম্বর: ০১৩৪৫৬৭৮৯৫৬",[],0,0,0,0,0,0,0,0,0,0,0,0,"প্রিয় গ্রাহক, আপনার কার্ডের তথ্য আপডেট করতে হবে। দয়া করে দ্রুত নিচের নম্বরে কল করুন এবং আপনার পিন নাম্বারটি বলুন। যোগাযোগের নম্বর: ০১৩৪৫৬৭৮৯৫৬",144,0,0,0,0,0,0,0,0,0,0,0,0,0,0,0,0,0,0,0,0,0,0,"প্রিয় গ্রাহক, আপনার কার্ডের তথ্য আপডেট করতে হবে। দয়া করে দ্রুত নিচের নম্বরে কল করুন এবং আপনার পিন নাম্বারটি বলুন। যোগাযোগের নম্বর: ০১৩৪৫৬৭৮৯৫৬","প্রিয় গ্রাহক, আপনার কার্ডের তথ্য আপডেট করতে হবে। দয়া করে দ্রুত নিচের নম্বরে কল করুন এবং আপনার পিন নাম্বারটি বলুন। যোগাযোগের নম্বর: ০১৩৪৫৬৭৮৯৫৬",0,0,11,1,1,144,23,0,0,1,0,1,40,0,0,1,1,118,0,1.0,0.0,1,0
promo,সেনাবাহিনীতে সৈনিক পদে যোগদানের জন্য ১০ জানুয়ারি ২০২৪ হতে ১৫ ফেব্রুয়ারি ২০২৪ পর্যন্ত আবেদন আহবান করা হচ্ছে। নিয়োগ বিজ্ঞপ্তিতে প্রকাশিত নির্দেশনা অনুযায়ী টেলিটক সিমের মাধ্যমে আবেদন করতে হবে,Bengali,0,1,সেনাবাহিনীতে সৈনিক পদে যোগদানের জন্য ১০ জানুয়ারি ২০২৪ হতে ১৫ ফেব্রুয়ারি ২০২৪ পর্যন্ত আবেদন আহবান করা হচ্ছে। নিয়োগ বিজ্ঞপ্তিতে প্রকাশিত নির্দেশনা অনুযায়ী টেলিটক সিমের মাধ্যমে আবেদন করতে হবে,সেনাবাহিনীতে সৈনিক পদে যোগদানের জন্য ১০ জানুয়ারি ২০২৪ হতে ১৫ ফেব্রুয়ারি ২০২৪ পর্যন্ত আবেদন আহবান করা হচ্ছে। নিয়োগ বিজ্ঞপ্তিতে প্রকাশিত নির্দেশনা অনুযায়ী টেলিটক সিমের মাধ্যমে আবেদন করতে হবে,[],0,0,0,0,0,0,0,0,0,0,0,0,সেনাবাহিনীতে সৈনিক পদে যোগদানের জন্য ১০ জানুয়ারি ২০২৪ হতে ১৫ ফেব্রুয়ারি ২০২৪ পর্যন্ত আবেদন আহবান করা হচ্ছে। নিয়োগ বিজ্ঞপ্তিতে প্রকাশিত নির্দেশনা অনুযায়ী টেলিটক সিমের মাধ্যমে আবেদন করতে হবে,192,0,0,0,0,0,0,0,0,0,0,0,0,0,0,0,0,0,0,0,0,0,0,সেনাবাহিনীতে সৈনিক পদে যোগদানের জন্য ১০ জানুয়ারি ২০২৪ হতে ১৫ ফেব্রুয়ারি ২০২৪ পর্যন্ত আবেদন আহবান করা হচ্ছে। নিয়োগ বিজ্ঞপ্তিতে প্রকাশিত নির্দেশনা অনুযায়ী টেলিটক সিমের মাধ্যমে আবেদন করতে হবে,সেনাবাহিনীতে সৈনিক পদে যোগদানের জন্য ১০ জানুয়ারি ২০২৪ হতে ১৫ ফেব্রুয়ারি ২০২৪ পর্যন্ত আবেদন আহবান করা হচ্ছে। নিয়োগ বিজ্ঞপ্তিতে প্রকাশিত নির্দেশনা অনুযায়ী টেলিটক সিমের মাধ্যমে আবেদন করতে হবে,0,0,12,4,1,192,28,0,0,0,0,0,62,0,0,0,0,164,0,1.0,0.0,1,0
promo,"৳১০০ ক্যাশব্যাক!৩০জিবি+৫০০মি. @৳৩৯৯,৩০দিন: cutt.ly/AwkY4L2C",Bengali,1,1,"৳১০০ ক্যাশব্যাক!৩০জিবি+৫০০মি. @৳৩৯৯,৩০দিন: cutt.ly/AwkY4L2C","৳১০০ ক্যাশব্যাক!৩০জিবি+৫০০মি. @৳৩৯৯,৩০দিন: cutt.ly/AwkY4L2C",['cutt.ly/AwkY4L2C'],1,1,16,16,2,1,0,1,0,0,0,1,"৳১০০ ক্যাশব্যাক!৩০জিবি+৫০০মি. @৳৩৯৯,৩০দিন:  [URL] ",50,1,16,16,2,1,0,1,0,0,0,1,1,16,16,2,1,0,1,0,0,0,1,"৳১০০ ক্যাশব্যাক!৩০জিবি+৫০০মি. @৳৩৯৯,৩০দিন: cutt.ly/AwkY4L2C","৳১০০ ক্যাশব্যাক!৩০জিবি+৫০০মি. @৳৩৯৯,৩০দিন: cutt.ly/AwkY4L2C",0,0,15,6,1,59,4,1,0,1,2,1,18,2,1,0,0,34,12,0.7391304347826086,0.2608695652173913,1,1
smish,সতর্কতা! আপনার City Bank অ্যাকাউন্টে সন্দেহজনক লেনদেন। তাৎক্ষণিক কল করুন: ০১৭৭৮৮৯৯০০০,Bengali,0,2,সতর্কতা! আপনার City Bank অ্যাকাউন্টে সন্দেহজনক লেনদেন। তাৎক্ষণিক কল করুন: ০১৭৭৮৮৯৯০০০,সতর্কতা! আপনার City Bank অ্যাকাউন্টে সন্দেহজনক লেনদেন। তাৎক্ষণিক কল করুন: ০১৭৭৮৮৯৯০০০,[],0,0,0,0,0,0,0,0,0,0,0,0,সতর্কতা! আপনার City Bank অ্যাকাউন্টে সন্দেহজনক লেনদেন। তাৎক্ষণিক কল করুন: ০১৭৭৮৮৯৯০০০,85,0,0,0,0,0,0,0,0,0,0,0,0,0,0,0,0,0,0,0,0,0,0,সতর্কতা! আপনার City Bank অ্যাকাউন্টে সন্দেহজনক লেনদেন। তাৎক্ষণিক কল করুন: ০১৭৭৮৮৯৯০০০,সতর্কতা! আপনার City Bank অ্যাকাউন্টে সন্দেহজনক লেনদেন। তাৎক্ষণিক কল করুন: ০১৭৭৮৮৯৯০০০,0,0,11,1,1,85,11,1,0,0,0,1,19,0,0,1,1,64,8,0.8888888888888888,0.1111111111111111,1,1
normal,সুপ্রভাত!,Bengali,0,0,সুপ্রভাত!,সুপ্রভাত!,[],0,0,0,0,0,0,0,0,0,0,0,0,সুপ্রভাত!,9,0,0,0,0,0,0,0,0,0,0,0,0,0,0,0,0,0,0,0,0,0,0,সুপ্রভাত!,সুপ্রভাত!,0,0,0,0,0,9,1,1,0,0,0,0,4,0,0,0,0,8,0,1.0,0.0,1,0
smish,"https://t.me/Referincomebd4536_bot?start=r09402022185
ঘরে বসে আয়,দিনে ৩০০থেকে ৪০০ টাকা ইনকাম করতে চাইলে
এই লিংকে ক্লিক করে startকরুন ধন্যবাদ ☺️☺️",Bengali,1,2,"https://t.me/Referincomebd4536_bot?start=r09402022185
ঘরে বসে আয়,দিনে ৩০০থেকে ৪০০ টাকা ইনকাম করতে চাইলে
এই লিংকে ক্লিক করে startকরুন ধন্যবাদ ☺️☺️","https://t.me/Referincomebd4536_bot?start=r09402022185 ঘরে বসে আয়,দিনে ৩০০থেকে ৪০০ টাকা ইনকাম করতে চাইলে এই লিংকে ক্লিক করে startকরুন ধন্যবাদ ☺️☺️",['https://t.me/Referincomebd4536_bot?start=r09402022185'],1,1,53,53,15,1,0,3,1,0,0,0," [URL]  ঘরে বসে আয়,দিনে ৩০০থেকে ৪০০ টাকা ইনকাম করতে চাইলে এই লিংকে ক্লিক করে startকরুন ধন্যবাদ ☺️☺️",100,1,53,53,15,1,0,3,1,0,0,0,1,53,53,15,1,0,3,1,0,0,0,"https://t.me/Referincomebd4536_bot?start=r09402022185
ঘরে বসে আয়,দিনে ৩০০থেকে ৪০০ টাকা ইনকাম করতে চাইলে
এই লিংকে ক্লিক করে startকরুন ধন্যবাদ ☺️☺️","https://t.me/Referincomebd4536_bot?start=r09402022185 ঘরে বসে আয়,দিনে ৩০০থেকে ৪০০ টাকা ইনকাম করতে চাইলে এই লিংকে ক্লিক করে startকরুন ধন্যবাদ ☺️☺️",0,0,21,4,1,146,17,0,1,1,1,1,34,1,1,0,0,67,35,0.6568627450980392,0.3431372549019608,1,1
normal,আমার বাড়ির আশেপাশে ফুল ফোটে আছে।,Bengali,0,0,আমার বাড়ির আশেপাশে ফুল ফোটে আছে।,আমার বাড়ির আশেপাশে ফুল ফোটে আছে।,[],0,0,0,0,0,0,0,0,0,0,0,0,আমার বাড়ির আশেপাশে ফুল ফোটে আছে।,33,0,0,0,0,0,0,0,0,0,0,0,0,0,0,0,0,0,0,0,0,0,0,আমার বাড়ির আশেপাশে ফুল ফোটে আছে।,আমার বাড়ির আশেপাশে ফুল ফোটে আছে।,0,0,0,0,0,33,6,0,0,0,0,0,12,0,0,0,0,27,0,1.0,0.0,1,0
normal,সব কিছু ঠিক হয়ে যাবে।,Bengali,0,0,সব কিছু ঠিক হয়ে যাবে।,সব কিছু ঠিক হয়ে যাবে।,[],0,0,0,0,0,0,0,0,0,0,0,0,সব কিছু ঠিক হয়ে যাবে।,22,0,0,0,0,0,0,0,0,0,0,0,0,0,0,0,0,0,0,0,0,0,0,সব কিছু ঠিক হয়ে যাবে।,সব কিছু ঠিক হয়ে যাবে।,0,0,0,0,0,22,5,0,0,0,0,0,8,0,0,0,0,17,0,1.0,0.0,1,0
promo,"মহান বিজয় দিবসে সবাইকে জানাই শুভেচ্ছা।  
দিলীপ কুমার আগরওয়ালা",Bengali,0,1,"মহান বিজয় দিবসে সবাইকে জানাই শুভেচ্ছা।  
দিলীপ কুমার আগরওয়ালা",মহান বিজয় দিবসে সবাইকে জানাই শুভেচ্ছা। দিলীপ কুমার আগরওয়ালা,[],0,0,0,0,0,0,0,0,0,0,0,0,মহান বিজয় দিবসে সবাইকে জানাই শুভেচ্ছা। দিলীপ কুমার আগরওয়ালা,61,0,0,0,0,0,0,0,0,0,0,0,0,0,0,0,0,0,0,0,0,0,0,"মহান বিজয় দিবসে সবাইকে জানাই শুভেচ্ছা।  
দিলীপ কুমার আগরওয়ালা",মহান বিজয় দিবসে সবাইকে জানাই শুভেচ্ছা। দিলীপ কুমার আগরওয়ালা,0,0,0,0,0,61,9,0,0,0,0,0,21,0,0,0,0,52,0,1.0,0.0,1,0
normal,"প্রিয় শিক্ষার্থী, আপনার টিউশন ফি আজ পর্যন্ত ৩০,৪৫০.০০ টাকা বকেয়া আছে। (পূর্বের লেট ফাইন ও বকেয়াসহ) চলতি মাসের টিউশন ফি (জরিমানা ছাড়া) ১৮ই সেপ্টেম্বর, ২০২৪ মধ্যে পরিশোধ করুন। বিস্তারিত https://student.daffodil.edu.bd/ লগইন করুন। (Daffodil)",Bengali,1,0,"প্রিয় শিক্ষার্থী, আপনার টিউশন ফি আজ পর্যন্ত ৩০,৪৫০.০০ টাকা বকেয়া আছে। (পূর্বের লেট ফাইন ও বকেয়াসহ) চলতি মাসের টিউশন ফি (জরিমানা ছাড়া) ১৮ই সেপ্টেম্বর, ২০২৪ মধ্যে পরিশোধ করুন। বিস্তারিত https://student.daffodil.edu.bd/ লগইন করুন। (Daffodil)","প্রিয় শিক্ষার্থী, আপনার টিউশন ফি আজ পর্যন্ত ৩০,৪৫০.০০ টাকা বকেয়া আছে। (পূর্বের লেট ফাইন ও বকেয়াসহ) চলতি মাসের টিউশন ফি (জরিমানা ছাড়া) ১৮ই সেপ্টেম্বর, ২০২৪ মধ্যে পরিশোধ করুন। বিস্তারিত https://student.daffodil.edu.bd/ লগইন করুন। (Daffodil)",['https://student.daffodil.edu.bd/'],1,1,32,32,0,3,0,3,1,0,0,0,"প্রিয় শিক্ষার্থী, আপনার টিউশন ফি আজ পর্যন্ত ৩০,৪৫০.০০ টাকা বকেয়া আছে। (পূর্বের লেট ফাইন ও বকেয়াসহ) চলতি মাসের টিউশন ফি (জরিমানা ছাড়া) ১৮ই সেপ্টেম্বর, ২০২৪ মধ্যে পরিশোধ করুন। বিস্তারিত  [URL]  লগইন করুন। (Daffodil)",217,1,32,32,0,3,0,3,1,0,0,0,1,32,32,0,3,0,3,1,0,0,0,"প্রিয় শিক্ষার্থী, আপনার টিউশন ফি আজ পর্যন্ত ৩০,৪৫০.০০ টাকা বকেয়া আছে। (পূর্বের লেট ফাইন ও বকেয়াসহ) চলতি মাসের টিউশন ফি (জরিমানা ছাড়া) ১৮ই সেপ্টেম্বর, ২০২৪ মধ্যে পরিশোধ করুন। বিস্তারিত https://student.daffodil.edu.bd/ লগইন করুন। (Daffodil)","প্রিয় শিক্ষার্থী, আপনার টিউশন ফি আজ পর্যন্ত ৩০,৪৫০.০০ টাকা বকেয়া আছে। (পূর্বের লেট ফাইন ও বকেয়াসহ) চলতি মাসের টিউশন ফি (জরিমানা ছাড়া) ১৮ই সেপ্টেম্বর, ২০২৪ মধ্যে পরিশোধ করুন। বিস্তারিত https://student.daffodil.edu.bd/ লগইন করুন। (Daffodil)",0,0,13,4,1,242,33,0,0,3,4,1,72,1,1,0,0,157,33,0.8263157894736842,0.1736842105263158,1,1
normal,"গত সপ্তাহে নতুন বই কিনেছিলাম। গল্পটা দারুণ, পড়তে শুরু করতেই ডুবে গেছি।",Bengali,0,0,"গত সপ্তাহে নতুন বই কিনেছিলাম। গল্পটা দারুণ, পড়তে শুরু করতেই ডুবে গেছি।","গত সপ্তাহে নতুন বই কিনেছিলাম। গল্পটা দারুণ, পড়তে শুরু করতেই ডুবে গেছি।",[],0,0,0,0,0,0,0,0,0,0,0,0,"গত সপ্তাহে নতুন বই কিনেছিলাম। গল্পটা দারুণ, পড়তে শুরু করতেই ডুবে গেছি।",71,0,0,0,0,0,0,0,0,0,0,0,0,0,0,0,0,0,0,0,0,0,0,"গত সপ্তাহে নতুন বই কিনেছিলাম। গল্পটা দারুণ, পড়তে শুরু করতেই ডুবে গেছি।","গত সপ্তাহে নতুন বই কিনেছিলাম। গল্পটা দারুণ, পড়তে শুরু করতেই ডুবে গেছি।",0,0,0,0,0,71,12,0,0,1,0,0,24,0,0,0,0,57,0,1.0,0.0,1,0
promo,"হোম ডেকোর আইটেমে মেগা সেল! কার্টেন, বেডশিটে ৪৫% ছাড়।",Bengali,0,1,"হোম ডেকোর আইটেমে মেগা সেল! কার্টেন, বেডশিটে ৪৫% ছাড়।","হোম ডেকোর আইটেমে মেগা সেল! কার্টেন, বেডশিটে ৪৫% ছাড়।",[],0,0,0,0,0,0,0,0,0,0,0,0,"হোম ডেকোর আইটেমে মেগা সেল! কার্টেন, বেডশিটে ৪৫% ছাড়।",53,0,0,0,0,0,0,0,0,0,0,0,0,0,0,0,0,0,0,0,0,0,0,"হোম ডেকোর আইটেমে মেগা সেল! কার্টেন, বেডশিটে ৪৫% ছাড়।","হোম ডেকোর আইটেমে মেগা সেল! কার্টেন, বেডশিটে ৪৫% ছাড়।",0,0,2,1,1,53,9,1,0,1,0,0,20,0,0,0,0,41,0,1.0,0.0,1,0
promo,"ডাটা মিক্সারে করো পকেট সেভিং, নাও ১০জিবি@৳২৪৯,৩০দিন: cutt.ly/owARsARN",Bengali,1,1,"ডাটা মিক্সারে করো পকেট সেভিং, নাও ১০জিবি@৳২৪৯,৩০দিন: cutt.ly/owARsARN","ডাটা মিক্সারে করো পকেট সেভিং, নাও ১০জিবি@৳২৪৯,৩০দিন: cutt.ly/owARsARN",['cutt.ly/owARsARN'],1,1,16,16,0,1,0,1,0,0,0,1,"ডাটা মিক্সারে করো পকেট সেভিং, নাও ১০জিবি@৳২৪৯,৩০দিন:  [URL] ",60,1,16,16,0,1,0,1,0,0,0,1,1,16,16,0,1,0,1,0,0,0,1,"ডাটা মিক্সারে করো পকেট সেভিং, নাও ১০জিবি@৳২৪৯,৩০দিন: cutt.ly/owARsARN","ডাটা মিক্সারে করো পকেট সেভিং, নাও ১০জিবি@৳২৪৯,৩০দিন: cutt.ly/owARsARN",0,0,7,2,1,69,8,0,0,2,1,1,22,1,1,0,0,42,14,0.75,0.25,1,1
smish,"বেকার যুবক, যুবতী, গৃহিণী, রিটায়ার্ড ব্যক্তিদের জন্য ঘরে বসে অনলাইনে স্বল্প সময়ে প্রচুর টাকা উপার্জন করার
সুবর্ণ সুযোগ",Bengali,0,2,"বেকার যুবক, যুবতী, গৃহিণী, রিটায়ার্ড ব্যক্তিদের জন্য ঘরে বসে অনলাইনে স্বল্প সময়ে প্রচুর টাকা উপার্জন করার
সুবর্ণ সুযোগ","বেকার যুবক, যুবতী, গৃহিণী, রিটায়ার্ড ব্যক্তিদের জন্য ঘরে বসে অনলাইনে স্বল্প সময়ে প্রচুর টাকা উপার্জন করার সুবর্ণ সুযোগ",[],0,0,0,0,0,0,0,0,0,0,0,0,"বেকার যুবক, যুবতী, গৃহিণী, রিটায়ার্ড ব্যক্তিদের জন্য ঘরে বসে অনলাইনে স্বল্প সময়ে প্রচুর টাকা উপার্জন করার সুবর্ণ সুযোগ",120,0,0,0,0,0,0,0,0,0,0,0,0,0,0,0,0,0,0,0,0,0,0,"বেকার যুবক, যুবতী, গৃহিণী, রিটায়ার্ড ব্যক্তিদের জন্য ঘরে বসে অনলাইনে স্বল্প সময়ে প্রচুর টাকা উপার্জন করার
সুবর্ণ সুযোগ","বেকার যুবক, যুবতী, গৃহিণী, রিটায়ার্ড ব্যক্তিদের জন্য ঘরে বসে অনলাইনে স্বল্প সময়ে প্রচুর টাকা উপার্জন করার সুবর্ণ সুযোগ",0,0,0,0,0,120,18,0,0,3,0,0,40,1,1,0,0,100,0,1.0,0.0,1,0
smish,সতর্কবার্তা: আপনার ইনকাম ট্যাক্স রিটার্ন পেন্ডিং। জমা দিন: file-tax.cf,Bengali,1,2,সতর্কবার্তা: আপনার ইনকাম ট্যাক্স রিটার্ন পেন্ডিং। জমা দিন: file-tax.cf,সতর্কবার্তা: আপনার ইনকাম ট্যাক্স রিটার্ন পেন্ডিং। জমা দিন: file-tax.cf,['file-tax.cf'],1,1,11,11,0,1,1,0,0,0,0,0,সতর্কবার্তা: আপনার ইনকাম ট্যাক্স রিটার্ন পেন্ডিং। জমা দিন:  [URL] ,66,1,11,11,0,1,1,0,0,0,0,0,1,11,11,0,1,1,0,0,0,0,0,সতর্কবার্তা: আপনার ইনকাম ট্যাক্স রিটার্ন পেন্ডিং। জমা দিন: file-tax.cf,সতর্কবার্তা: আপনার ইনকাম ট্যাক্স রিটার্ন পেন্ডিং। জমা দিন: file-tax.cf,0,0,0,0,0,70,9,0,0,0,1,2,23,0,0,0,0,48,9,0.8421052631578947,0.15789473684210525,1,1
normal,সেই ব্যক্তিই অভিশপ্ত যে মরে যায় অথচ তার খারাপ কাজগুলো পৃথিবীতে রয়ে যায়। — [আবু বকর (রাদিয়াল্লাহু আনহু)],Bengali,0,0,সেই ব্যক্তিই অভিশপ্ত যে মরে যায় অথচ তার খারাপ কাজগুলো পৃথিবীতে রয়ে যায়। — [আবু বকর (রাদিয়াল্লাহু আনহু)],সেই ব্যক্তিই অভিশপ্ত যে মরে যায় অথচ তার খারাপ কাজগুলো পৃথিবীতে রয়ে যায়। - [আবু বকর (রাদিয়াল্লাহু আনহু)],[],0,0,0,0,0,0,0,0,0,0,0,0,সেই ব্যক্তিই অভিশপ্ত যে মরে যায় অথচ তার খারাপ কাজগুলো পৃথিবীতে রয়ে যায়। - [আবু বকর (রাদিয়াল্লাহু আনহু)],107,0,0,0,0,0,0,0,0,0,0,0,0,0,0,0,0,0,0,0,0,0,0,সেই ব্যক্তিই অভিশপ্ত যে মরে যায় অথচ তার খারাপ কাজগুলো পৃথিবীতে রয়ে যায়। — [আবু বকর (রাদিয়াল্লাহু আনহু)],সেই ব্যক্তিই অভিশপ্ত যে মরে যায় অথচ তার খারাপ কাজগুলো পৃথিবীতে রয়ে যায়। — [আবু বকর (রাদিয়াল্লাহু আনহু)],0,0,0,0,0,107,18,0,0,0,0,0,39,0,0,0,0,84,0,1.0,0.0,1,0
smish,শাকিব আল হাসানের সাথে একান্ত সাক্ষাতের সুযোগ পেতে আজই আইপিএলে বাজি ধরুন। এখনই শুরু করুন: xini.eu/00Qe,Bengali,1,2,শাকিব আল হাসানের সাথে একান্ত সাক্ষাতের সুযোগ পেতে আজই আইপিএলে বাজি ধরুন। এখনই শুরু করুন: xini.eu/00Qe,শাকিব আল হাসানের সাথে একান্ত সাক্ষাতের সুযোগ পেতে আজই আইপিএলে বাজি ধরুন। এখনই শুরু করুন: xini.eu/00Qe,['xini.eu/00Qe'],1,1,12,12,2,1,0,1,0,0,0,0,শাকিব আল হাসানের সাথে একান্ত সাক্ষাতের সুযোগ পেতে আজই আইপিএলে বাজি ধরুন। এখনই শুরু করুন:  [URL] ,96,1,12,12,2,1,0,1,0,0,0,0,1,12,12,2,1,0,1,0,0,0,0,শাকিব আল হাসানের সাথে একান্ত সাক্ষাতের সুযোগ পেতে আজই আইপিএলে বাজি ধরুন। এখনই শুরু করুন: xini.eu/00Qe,শাকিব আল হাসানের সাথে একান্ত সাক্ষাতের সুযোগ পেতে আজই আইপিএলে বাজি ধরুন। এখনই শুরু করুন: xini.eu/00Qe,0,0,2,1,1,101,16,0,0,0,1,1,29,0,0,0,0,72,8,0.9,0.1,1,1
normal,কেমন আছো আপনি?,Bengali,0,0,কেমন আছো আপনি?,কেমন আছো আপনি?,[],0,0,0,0,0,0,0,0,0,0,0,0,কেমন আছো আপনি?,14,0,0,0,0,0,0,0,0,0,0,0,0,0,0,0,0,0,0,0,0,0,0,কেমন আছো আপনি?,কেমন আছো আপনি?,0,0,0,0,0,14,3,0,1,0,0,0,4,0,0,0,0,11,0,1.0,0.0,1,0
promo,দারাজ ১১.১১-তে নগদে ১৫% পর্যন্ত ক্যাশব্যাক + ফ্রি ডেলিভারি। https://click.daraz.com.bd/e/_CUeCuf শর্ত প্রযোজ্য,Bengali,1,1,দারাজ ১১.১১-তে নগদে ১৫% পর্যন্ত ক্যাশব্যাক + ফ্রি ডেলিভারি। https://click.daraz.com.bd/e/_CUeCuf শর্ত প্রযোজ্য,দারাজ ১১.১১-তে নগদে ১৫% পর্যন্ত ক্যাশব্যাক + ফ্রি ডেলিভারি। https://click.daraz.com.bd/e/_CUeCuf শর্ত প্রযোজ্য,['https://click.daraz.com.bd/e/_CUeCuf'],1,1,36,36,0,3,0,4,1,0,0,0,দারাজ ১১.১১-তে নগদে ১৫% পর্যন্ত ক্যাশব্যাক + ফ্রি ডেলিভারি।  [URL]  শর্ত প্রযোজ্য,81,1,36,36,0,3,0,4,1,0,0,0,1,36,36,0,3,0,4,1,0,0,0,দারাজ ১১.১১-তে নগদে ১৫% পর্যন্ত ক্যাশব্যাক + ফ্রি ডেলিভারি। https://click.daraz.com.bd/e/_CUeCuf শর্ত প্রযোজ্য,দারাজ ১১.১১-তে নগদে ১৫% পর্যন্ত ক্যাশব্যাক + ফ্রি ডেলিভারি। https://click.daraz.com.bd/e/_CUeCuf শর্ত প্রযোজ্য,0,0,6,2,1,110,12,0,0,0,4,1,33,0,0,0,0,58,27,0.6823529411764706,0.3176470588235294,1,1
normal,পৃথিবীর জীবনটা তিনটি দিনের– গতকালের দিনটিতে যা করা হয়েছে সেগুলো নিয়ে সেটি চলে গেছে; আগামীকালের দিনটিতে হয়ত আপনি না-ও পৌছতে পারেন; কিন্তু আজকের দিনটি আপনার জন্য সুতরাং যা করার আজই করে নিন। -[ইমাম আল-হাসান আল-বাসরী (রহ)],Bengali,0,0,পৃথিবীর জীবনটা তিনটি দিনের– গতকালের দিনটিতে যা করা হয়েছে সেগুলো নিয়ে সেটি চলে গেছে; আগামীকালের দিনটিতে হয়ত আপনি না-ও পৌছতে পারেন; কিন্তু আজকের দিনটি আপনার জন্য সুতরাং যা করার আজই করে নিন। -[ইমাম আল-হাসান আল-বাসরী (রহ)],পৃথিবীর জীবনটা তিনটি দিনের- গতকালের দিনটিতে যা করা হয়েছে সেগুলো নিয়ে সেটি চলে গেছে; আগামীকালের দিনটিতে হয়ত আপনি না-ও পৌছতে পারেন; কিন্তু আজকের দিনটি আপনার জন্য সুতরাং যা করার আজই করে নিন। -[ইমাম আল-হাসান আল-বাসরী (রহ)],[],0,0,0,0,0,0,0,0,0,0,0,0,পৃথিবীর জীবনটা তিনটি দিনের- গতকালের দিনটিতে যা করা হয়েছে সেগুলো নিয়ে সেটি চলে গেছে; আগামীকালের দিনটিতে হয়ত আপনি না-ও পৌছতে পারেন; কিন্তু আজকের দিনটি আপনার জন্য সুতরাং যা করার আজই করে নিন। -[ইমাম আল-হাসান আল-বাসরী (রহ)],221,0,0,0,0,0,0,0,0,0,0,0,0,0,0,0,0,0,0,0,0,0,0,পৃথিবীর জীবনটা তিনটি দিনের– গতকালের দিনটিতে যা করা হয়েছে সেগুলো নিয়ে সেটি চলে গেছে; আগামীকালের দিনটিতে হয়ত আপনি না-ও পৌছতে পারেন; কিন্তু আজকের দিনটি আপনার জন্য সুতরাং যা করার আজই করে নিন। -[ইমাম আল-হাসান আল-বাসরী (রহ)],পৃথিবীর জীবনটা তিনটি দিনের– গতকালের দিনটিতে যা করা হয়েছে সেগুলো নিয়ে সেটি চলে গেছে; আগামীকালের দিনটিতে হয়ত আপনি না-ও পৌছতে পারেন; কিন্তু আজকের দিনটি আপনার জন্য সুতরাং যা করার আজই করে নিন। -[ইমাম আল-হাসান আল-বাসরী (রহ)],0,0,0,0,0,221,36,0,0,0,0,0,76,0,0,0,0,174,0,1.0,0.0,1,0
promo,"Robi গ্রাহকগণ, ২ জিবি ডেটা মাত্র ৪৯ টাকা। বৈধতা ৭ দিন। ডায়াল করুন *123*049#।",Bengali,0,1,"Robi গ্রাহকগণ, ২ জিবি ডেটা মাত্র ৪৯ টাকা। বৈধতা ৭ দিন। ডায়াল করুন *123*049#।","Robi গ্রাহকগণ, ২ জিবি ডেটা মাত্র ৪৯ টাকা। বৈধতা ৭ দিন। ডায়াল করুন *123*049#।",[],0,0,0,0,0,0,0,0,0,0,0,0,"Robi গ্রাহকগণ, ২ জিবি ডেটা মাত্র ৪৯ টাকা। বৈধতা ৭ দিন। ডায়াল করুন *123*049#।",77,0,0,0,0,0,0,0,0,0,0,0,0,0,0,0,0,0,0,0,0,0,0,"Robi গ্রাহকগণ, ২ জিবি ডেটা মাত্র ৪৯ টাকা। বৈধতা ৭ দিন। ডায়াল করুন *123*049#।","Robi গ্রাহকগণ, ২ জিবি ডেটা মাত্র ৪৯ টাকা। বৈধতা ৭ দিন। ডায়াল করুন *123*049#।",0,0,10,5,1,77,14,0,0,1,0,0,24,1,1,0,0,47,4,0.9215686274509803,0.0784313725490196,1,1
promo,"১০০৳ ক্যাশব্যাক! ৩১জিবি+৪৫০মি.@৩৯৯৳,৩০দিন,নিয়ে নাও: cutt.ly/2wQlYv6U",Bengali,1,1,"১০০৳ ক্যাশব্যাক! ৩১জিবি+৪৫০মি.@৩৯৯৳,৩০দিন,নিয়ে নাও: cutt.ly/2wQlYv6U","১০০৳ ক্যাশব্যাক! ৩১জিবি+৪৫০মি.@৩৯৯৳,৩০দিন,নিয়ে নাও: cutt.ly/2wQlYv6U",['cutt.ly/2wQlYv6U'],1,1,16,16,2,1,0,1,0,0,0,1,"১০০৳ ক্যাশব্যাক! ৩১জিবি+৪৫০মি.@৩৯৯৳,৩০দিন,নিয়ে নাও:  [URL] ",60,1,16,16,2,1,0,1,0,0,0,1,1,16,16,2,1,0,1,0,0,0,1,"১০০৳ ক্যাশব্যাক! ৩১জিবি+৪৫০মি.@৩৯৯৳,৩০দিন,নিয়ে নাও: cutt.ly/2wQlYv6U","১০০৳ ক্যাশব্যাক! ৩১জিবি+৪৫০মি.@৩৯৯৳,৩০দিন,নিয়ে নাও: cutt.ly/2wQlYv6U",0,0,15,7,1,69,5,1,0,2,2,1,23,2,1,0,0,42,12,0.7777777777777778,0.2222222222222222,1,1
normal,তোমার একটা কথা বলো। তোমার কথা ভালো লাগে।,Bengali,0,0,তোমার একটা কথা বলো। তোমার কথা ভালো লাগে।,তোমার একটা কথা বলো। তোমার কথা ভালো লাগে।,[],0,0,0,0,0,0,0,0,0,0,0,0,তোমার একটা কথা বলো। তোমার কথা ভালো লাগে।,40,0,0,0,0,0,0,0,0,0,0,0,0,0,0,0,0,0,0,0,0,0,0,তোমার একটা কথা বলো। তোমার কথা ভালো লাগে।,তোমার একটা কথা বলো। তোমার কথা ভালো লাগে।,0,0,0,0,0,40,8,0,0,0,0,0,14,0,0,0,0,31,0,1.0,0.0,1,0
normal,শুভ ভালোবাসা দিবস!,Bengali,0,0,শুভ ভালোবাসা দিবস!,শুভ ভালোবাসা দিবস!,[],0,0,0,0,0,0,0,0,0,0,0,0,শুভ ভালোবাসা দিবস!,18,0,0,0,0,0,0,0,0,0,0,0,0,0,0,0,0,0,0,0,0,0,0,শুভ ভালোবাসা দিবস!,শুভ ভালোবাসা দিবস!,0,0,0,0,0,18,3,1,0,0,0,0,7,0,0,0,0,15,0,1.0,0.0,1,0
smish,"প্রিয় গ্রাহক, আপনি ১,০০,০০০ টাকা লোন অনুমোদন পেয়েছেন। টাকা পেতে হলে এখনই আপনার পিন দিন claim-bdloan.com এ।",Bengali,1,2,"প্রিয় গ্রাহক, আপনি ১,০০,০০০ টাকা লোন অনুমোদন পেয়েছেন। টাকা পেতে হলে এখনই আপনার পিন দিন claim-bdloan.com এ।","প্রিয় গ্রাহক, আপনি ১,০০,০০০ টাকা লোন অনুমোদন পেয়েছেন। টাকা পেতে হলে এখনই আপনার পিন দিন claim-bdloan.com এ।",['claim-bdloan.com'],1,1,16,16,0,1,1,0,0,0,0,0,"প্রিয় গ্রাহক, আপনি ১,০০,০০০ টাকা লোন অনুমোদন পেয়েছেন। টাকা পেতে হলে এখনই আপনার পিন দিন  [URL]  এ।",99,1,16,16,0,1,1,0,0,0,0,0,1,16,16,0,1,1,0,0,0,0,0,"প্রিয় গ্রাহক, আপনি ১,০০,০০০ টাকা লোন অনুমোদন পেয়েছেন। টাকা পেতে হলে এখনই আপনার পিন দিন claim-bdloan.com এ।","প্রিয় গ্রাহক, আপনি ১,০০,০০০ টাকা লোন অনুমোদন পেয়েছেন। টাকা পেতে হলে এখনই আপনার পিন দিন claim-bdloan.com এ।",0,0,6,2,1,108,17,0,0,3,1,0,30,2,1,1,1,71,14,0.8352941176470589,0.16470588235294117,1,1
promo,Banglalink গ্রাহকদের জন্য ২ জিবি মাত্র ২৯ টাকা। অফার সীমিত সময়ের জন্য।,Bengali,0,1,Banglalink গ্রাহকদের জন্য ২ জিবি মাত্র ২৯ টাকা। অফার সীমিত সময়ের জন্য।,Banglalink গ্রাহকদের জন্য ২ জিবি মাত্র ২৯ টাকা। অফার সীমিত সময়ের জন্য।,[],0,0,0,0,0,0,0,0,0,0,0,0,Banglalink গ্রাহকদের জন্য ২ জিবি মাত্র ২৯ টাকা। অফার সীমিত সময়ের জন্য।,71,0,0,0,0,0,0,0,0,0,0,0,0,0,0,0,0,0,0,0,0,0,0,Banglalink গ্রাহকদের জন্য ২ জিবি মাত্র ২৯ টাকা। অফার সীমিত সময়ের জন্য।,Banglalink গ্রাহকদের জন্য ২ জিবি মাত্র ২৯ টাকা। অফার সীমিত সময়ের জন্য।,0,0,3,2,1,71,12,0,0,0,0,0,18,1,1,0,0,48,10,0.8275862068965517,0.1724137931034483,1,1
normal,আজ বিকেলে পার্কে হাঁটতে গিয়েছিলাম। বাতাসে হাঁটা খুব আরামদায়ক ছিল।,Bengali,0,0,আজ বিকেলে পার্কে হাঁটতে গিয়েছিলাম। বাতাসে হাঁটা খুব আরামদায়ক ছিল।,আজ বিকেলে পার্কে হাঁটতে গিয়েছিলাম। বাতাসে হাঁটা খুব আরামদায়ক ছিল।,[],0,0,0,0,0,0,0,0,0,0,0,0,আজ বিকেলে পার্কে হাঁটতে গিয়েছিলাম। বাতাসে হাঁটা খুব আরামদায়ক ছিল।,67,0,0,0,0,0,0,0,0,0,0,0,0,0,0,0,0,0,0,0,0,0,0,আজ বিকেলে পার্কে হাঁটতে গিয়েছিলাম। বাতাসে হাঁটা খুব আরামদায়ক ছিল।,আজ বিকেলে পার্কে হাঁটতে গিয়েছিলাম। বাতাসে হাঁটা খুব আরামদায়ক ছিল।,0,0,0,0,0,67,10,0,0,0,0,0,27,0,0,0,0,56,0,1.0,0.0,1,0
normal,শুভ সকাল!,Bengali,0,0,শুভ সকাল!,শুভ সকাল!,[],0,0,0,0,0,0,0,0,0,0,0,0,শুভ সকাল!,9,0,0,0,0,0,0,0,0,0,0,0,0,0,0,0,0,0,0,0,0,0,0,শুভ সকাল!,শুভ সকাল!,0,0,0,0,0,9,2,1,0,0,0,0,3,0,0,0,0,7,0,1.0,0.0,1,0
normal,"আমি বইটি পড়তে শুরু করলাম, খুব মজার লাগছে।",Bengali,0,0,"আমি বইটি পড়তে শুরু করলাম, খুব মজার লাগছে।","আমি বইটি পড়তে শুরু করলাম, খুব মজার লাগছে।",[],0,0,0,0,0,0,0,0,0,0,0,0,"আমি বইটি পড়তে শুরু করলাম, খুব মজার লাগছে।",42,0,0,0,0,0,0,0,0,0,0,0,0,0,0,0,0,0,0,0,0,0,0,"আমি বইটি পড়তে শুরু করলাম, খুব মজার লাগছে।","আমি বইটি পড়তে শুরু করলাম, খুব মজার লাগছে।",0,0,0,0,0,42,8,0,0,1,0,0,13,0,0,0,0,33,0,1.0,0.0,1,0
smish,◆ তেমন যোগ‍্যতা থাকলে অনলাইনে পড়িয়ে রোজগার করা যায়। এইজন‍্য User-10381381741225860264 মহাশয়ের সাথে যোগাযোগ করতে পারেন।,Bengali,0,2,◆ তেমন যোগ‍্যতা থাকলে অনলাইনে পড়িয়ে রোজগার করা যায়। এইজন‍্য User-10381381741225860264 মহাশয়ের সাথে যোগাযোগ করতে পারেন।,◆ তেমন যোগ‍্যতা থাকলে অনলাইনে পড়িয়ে রোজগার করা যায়। এইজন‍্য User-10381381741225860264 মহাশয়ের সাথে যোগাযোগ করতে পারেন।,[],0,0,0,0,0,0,0,0,0,0,0,0,◆ তেমন যোগ‍্যতা থাকলে অনলাইনে পড়িয়ে রোজগার করা যায়। এইজন‍্য User-10381381741225860264 মহাশয়ের সাথে যোগাযোগ করতে পারেন।,122,0,0,0,0,0,0,0,0,0,0,0,0,0,0,0,0,0,0,0,0,0,0,◆ তেমন যোগ‍্যতা থাকলে অনলাইনে পড়িয়ে রোজগার করা যায়। এইজন‍্য User-10381381741225860264 মহাশয়ের সাথে যোগাযোগ করতে পারেন।,◆ তেমন যোগ‍্যতা থাকলে অনলাইনে পড়িয়ে রোজগার করা যায়। এইজন‍্য User-10381381741225860264 মহাশয়ের সাথে যোগাযোগ করতে পারেন।,0,0,20,1,1,122,16,0,0,0,0,0,35,0,0,0,0,77,4,0.9506172839506173,0.04938271604938271,1,1
smish,মাশরাফির সই করা গ্লাভস জিততে ক্যাসিনোতে বাজি ধরুন। শুরু করুন: xini.eu/00Qe,Bengali,1,2,মাশরাফির সই করা গ্লাভস জিততে ক্যাসিনোতে বাজি ধরুন। শুরু করুন: xini.eu/00Qe,মাশরাফির সই করা গ্লাভস জিততে ক্যাসিনোতে বাজি ধরুন। শুরু করুন: xini.eu/00Qe,['xini.eu/00Qe'],1,1,12,12,2,1,0,1,0,0,0,0,মাশরাফির সই করা গ্লাভস জিততে ক্যাসিনোতে বাজি ধরুন। শুরু করুন:  [URL] ,69,1,12,12,2,1,0,1,0,0,0,0,1,12,12,2,1,0,1,0,0,0,0,মাশরাফির সই করা গ্লাভস জিততে ক্যাসিনোতে বাজি ধরুন। শুরু করুন: xini.eu/00Qe,মাশরাফির সই করা গ্লাভস জিততে ক্যাসিনোতে বাজি ধরুন। শুরু করুন: xini.eu/00Qe,0,0,2,1,1,74,11,0,0,0,1,1,23,0,0,0,0,50,8,0.8620689655172413,0.13793103448275862,1,1
normal,"হ্যালো, কি করছো?",Bengali,0,0,"হ্যালো, কি করছো?","হ্যালো, কি করছো?",[],0,0,0,0,0,0,0,0,0,0,0,0,"হ্যালো, কি করছো?",16,0,0,0,0,0,0,0,0,0,0,0,0,0,0,0,0,0,0,0,0,0,0,"হ্যালো, কি করছো?","হ্যালো, কি করছো?",0,0,0,0,0,16,3,0,1,1,0,0,7,0,0,0,0,12,0,1.0,0.0,1,0
normal,তুমি কি সিনেমা হলে যাচ্ছো?,Bengali,0,0,তুমি কি সিনেমা হলে যাচ্ছো?,তুমি কি সিনেমা হলে যাচ্ছো?,[],0,0,0,0,0,0,0,0,0,0,0,0,তুমি কি সিনেমা হলে যাচ্ছো?,26,0,0,0,0,0,0,0,0,0,0,0,0,0,0,0,0,0,0,0,0,0,0,তুমি কি সিনেমা হলে যাচ্ছো?,তুমি কি সিনেমা হলে যাচ্ছো?,0,0,0,0,0,26,5,0,1,0,0,0,11,0,0,0,0,21,0,1.0,0.0,1,0
smish,আপনার bKash অ্যাকাউন্ট ব্লক হয়েছে। পুনরায় সক্রিয় করতে এখানে ক্লিক করুন: https://wa.me/8801719876543,Bengali,1,2,আপনার bKash অ্যাকাউন্ট ব্লক হয়েছে। পুনরায় সক্রিয় করতে এখানে ক্লিক করুন: https://wa.me/8801719876543,আপনার bKash অ্যাকাউন্ট ব্লক হয়েছে। পুনরায় সক্রিয় করতে এখানে ক্লিক করুন: https://wa.me/8801719876543,['https://wa.me/8801719876543'],1,1,27,27,13,1,0,3,1,0,0,0,আপনার bKash অ্যাকাউন্ট ব্লক হয়েছে। পুনরায় সক্রিয় করতে এখানে ক্লিক করুন:  [URL] ,82,1,27,27,13,1,0,3,1,0,0,0,1,27,27,13,1,0,3,1,0,0,0,আপনার bKash অ্যাকাউন্ট ব্লক হয়েছে। পুনরায় সক্রিয় করতে এখানে ক্লিক করুন: https://wa.me/8801719876543,আপনার bKash অ্যাকাউন্ট ব্লক হয়েছে। পুনরায় সক্রিয় করতে এখানে ক্লিক করুন: https://wa.me/8801719876543,1,1,13,1,1,102,12,0,0,0,1,2,28,0,0,1,1,57,14,0.8028169014084507,0.19718309859154928,1,1
smish,"বাংলালিংক জানাচ্ছে, আপনার অ্যাকাউন্ট ব্লক হওয়ার পথে। অবিলম্বে verify-banglalink24.net এ লগইন করুন।",Bengali,1,2,"বাংলালিংক জানাচ্ছে, আপনার অ্যাকাউন্ট ব্লক হওয়ার পথে। অবিলম্বে verify-banglalink24.net এ লগইন করুন।","বাংলালিংক জানাচ্ছে, আপনার অ্যাকাউন্ট ব্লক হওয়ার পথে। অবিলম্বে verify-banglalink24.net এ লগইন করুন।",['verify-banglalink24.net'],1,1,23,23,2,1,1,0,0,0,0,0,"বাংলালিংক জানাচ্ছে, আপনার অ্যাকাউন্ট ব্লক হওয়ার পথে। অবিলম্বে  [URL]  এ লগইন করুন।",83,1,23,23,2,1,1,0,0,0,0,0,1,23,23,2,1,1,0,0,0,0,0,"বাংলালিংক জানাচ্ছে, আপনার অ্যাকাউন্ট ব্লক হওয়ার পথে। অবিলম্বে verify-banglalink24.net এ লগইন করুন।","বাংলালিংক জানাচ্ছে, আপনার অ্যাকাউন্ট ব্লক হওয়ার পথে। অবিলম্বে verify-banglalink24.net এ লগইন করুন।",0,0,2,1,1,99,12,0,0,1,1,0,27,0,0,2,1,62,19,0.7654320987654321,0.2345679012345679,1,1
smish,আপনার NID কার্ড ভেরিফিকেশন প্রয়োজন। এখনই ডাউনলোড: verify-nid.ml,Bengali,1,2,আপনার NID কার্ড ভেরিফিকেশন প্রয়োজন। এখনই ডাউনলোড: verify-nid.ml,আপনার NID কার্ড ভেরিফিকেশন প্রয়োজন। এখনই ডাউনলোড: verify-nid.ml,['verify-nid.ml'],1,1,13,13,0,1,1,0,0,0,0,0,আপনার NID কার্ড ভেরিফিকেশন প্রয়োজন। এখনই ডাউনলোড:  [URL] ,58,1,13,13,0,1,1,0,0,0,0,0,1,13,13,0,1,1,0,0,0,0,0,আপনার NID কার্ড ভেরিফিকেশন প্রয়োজন। এখনই ডাউনলোড: verify-nid.ml,আপনার NID কার্ড ভেরিফিকেশন প্রয়োজন। এখনই ডাউনলোড: verify-nid.ml,0,0,0,0,0,64,8,0,0,0,1,1,16,0,0,1,1,39,14,0.7358490566037735,0.2641509433962264,1,1
smish,"সোনালী ব্যাংক জানাচ্ছে, আপনার অ্যাকাউন্টে সন্দেহজনক লগইন চেষ্টা হয়েছে। যাচাই করতে www.sonali-verifybd.com ভিজিট করুন।",Bengali,1,2,"সোনালী ব্যাংক জানাচ্ছে, আপনার অ্যাকাউন্টে সন্দেহজনক লগইন চেষ্টা হয়েছে। যাচাই করতে www.sonali-verifybd.com ভিজিট করুন।","সোনালী ব্যাংক জানাচ্ছে, আপনার অ্যাকাউন্টে সন্দেহজনক লগইন চেষ্টা হয়েছে। যাচাই করতে www.sonali-verifybd.com ভিজিট করুন।","['www.', 'sonali-verifybd.com']",2,2,23,19,0,2,1,0,0,0,0,0,"সোনালী ব্যাংক জানাচ্ছে, আপনার অ্যাকাউন্টে সন্দেহজনক লগইন চেষ্টা হয়েছে। যাচাই করতে  [URL]  [URL]  ভিজিট করুন।",109,2,23,19,0,2,1,0,0,0,0,0,2,23,19,0,2,1,0,0,0,0,0,"সোনালী ব্যাংক জানাচ্ছে, আপনার অ্যাকাউন্টে সন্দেহজনক লগইন চেষ্টা হয়েছে। যাচাই করতে www.sonali-verifybd.com ভিজিট করুন।","সোনালী ব্যাংক জানাচ্ছে, আপনার অ্যাকাউন্টে সন্দেহজনক লগইন চেষ্টা হয়েছে। যাচাই করতে www.sonali-verifybd.com ভিজিট করুন।",0,0,0,0,0,118,14,0,0,1,2,0,36,0,0,3,1,79,20,0.797979797979798,0.20202020202020202,1,1
normal,তোমার সকল ইচ্ছা পূরণ হোক!,Bengali,0,0,তোমার সকল ইচ্ছা পূরণ হোক!,তোমার সকল ইচ্ছা পূরণ হোক!,[],0,0,0,0,0,0,0,0,0,0,0,0,তোমার সকল ইচ্ছা পূরণ হোক!,25,0,0,0,0,0,0,0,0,0,0,0,0,0,0,0,0,0,0,0,0,0,0,তোমার সকল ইচ্ছা পূরণ হোক!,তোমার সকল ইচ্ছা পূরণ হোক!,0,0,0,0,0,25,5,1,0,0,0,0,7,0,0,0,0,20,0,1.0,0.0,1,0
promo,"৳২৫ ক্যাশব্যাকে এবার আরো বেশি ডাটা ৫০জিবি@৳৪৭৩,৩০দিন cutt.ly/zwTmxzpd",Bengali,1,1,"৳২৫ ক্যাশব্যাকে এবার আরো বেশি ডাটা ৫০জিবি@৳৪৭৩,৩০দিন cutt.ly/zwTmxzpd","৳২৫ ক্যাশব্যাকে এবার আরো বেশি ডাটা ৫০জিবি@৳৪৭৩,৩০দিন cutt.ly/zwTmxzpd",['cutt.ly/zwTmxzpd'],1,1,16,16,0,1,0,1,0,0,0,1,"৳২৫ ক্যাশব্যাকে এবার আরো বেশি ডাটা ৫০জিবি@৳৪৭৩,৩০দিন  [URL] ",60,1,16,16,0,1,0,1,0,0,0,1,1,16,16,0,1,0,1,0,0,0,1,"৳২৫ ক্যাশব্যাকে এবার আরো বেশি ডাটা ৫০জিবি@৳৪৭৩,৩০দিন cutt.ly/zwTmxzpd","৳২৫ ক্যাশব্যাকে এবার আরো বেশি ডাটা ৫০জিবি@৳৪৭৩,৩০দিন cutt.ly/zwTmxzpd",0,0,9,3,1,69,8,0,0,1,1,0,20,2,1,0,0,44,14,0.7586206896551724,0.2413793103448276,1,1
promo,"Call duration 00:02:51, charged 3.6 Taka, remaining balance is   10.94  Taka",Bengali,0,1,"Call duration 00:02:51, charged 3.6 Taka, remaining balance is   10.94  Taka","Call duration 00:02:51, charged 3.6 Taka, remaining balance is 10.94 Taka",[],0,0,0,0,0,0,0,0,0,0,0,0,"Call duration 00:02:51, charged 3.6 Taka, remaining balance is 10.94 Taka",73,0,0,0,0,0,0,0,0,0,0,0,0,0,0,0,0,0,0,0,0,0,0,"Call duration 00:02:51, charged 3.6 Taka, remaining balance is   10.94  Taka","Call duration 00:02:51, charged 3.6 Taka, remaining balance is 10.94 Taka",0,0,12,5,1,73,11,0,0,2,2,2,6,0,0,0,0,0,45,0.0,1.0,0,1
normal,"দুনিয়া অর্জন নয়, দুনিয়া বিমুখীতাতেই রয়েছে দেহ ও মনের প্রশান্তি। - [উমার ইবনুল খাত্তাব (রা)]",Bengali,0,0,"দুনিয়া অর্জন নয়, দুনিয়া বিমুখীতাতেই রয়েছে দেহ ও মনের প্রশান্তি। - [উমার ইবনুল খাত্তাব (রা)]","দুনিয়া অর্জন নয়, দুনিয়া বিমুখীতাতেই রয়েছে দেহ ও মনের প্রশান্তি। - [উমার ইবনুল খাত্তাব (রা)]",[],0,0,0,0,0,0,0,0,0,0,0,0,"দুনিয়া অর্জন নয়, দুনিয়া বিমুখীতাতেই রয়েছে দেহ ও মনের প্রশান্তি। - [উমার ইবনুল খাত্তাব (রা)]",95,0,0,0,0,0,0,0,0,0,0,0,0,0,0,0,0,0,0,0,0,0,0,"দুনিয়া অর্জন নয়, দুনিয়া বিমুখীতাতেই রয়েছে দেহ ও মনের প্রশান্তি। - [উমার ইবনুল খাত্তাব (রা)]","দুনিয়া অর্জন নয়, দুনিয়া বিমুখীতাতেই রয়েছে দেহ ও মনের প্রশান্তি। - [উমার ইবনুল খাত্তাব (রা)]",0,0,0,0,0,95,15,0,0,1,0,0,37,0,0,0,0,74,0,1.0,0.0,1,0
smish,বিটকয়েন দিয়ে সহজে অর্থ উপার্জন করুন! আজই শুরু করুন: http://bit.ly/EasyCrypto,Bengali,1,2,বিটকয়েন দিয়ে সহজে অর্থ উপার্জন করুন! আজই শুরু করুন: http://bit.ly/EasyCrypto,বিটকয়েন দিয়ে সহজে অর্থ উপার্জন করুন! আজই শুরু করুন: http://bit.ly/EasyCrypto,['http://bit.ly/EasyCrypto'],1,1,24,24,0,1,0,3,0,0,0,1,বিটকয়েন দিয়ে সহজে অর্থ উপার্জন করুন! আজই শুরু করুন:  [URL] ,61,1,24,24,0,1,0,3,0,0,0,1,1,24,24,0,1,0,3,0,0,0,1,বিটকয়েন দিয়ে সহজে অর্থ উপার্জন করুন! আজই শুরু করুন: http://bit.ly/EasyCrypto,বিটকয়েন দিয়ে সহজে অর্থ উপার্জন করুন! আজই শুরু করুন: http://bit.ly/EasyCrypto,0,0,0,0,0,78,10,1,0,0,1,2,21,0,0,0,0,43,19,0.6935483870967742,0.3064516129032258,1,1
promo,নতুন লাইফস্টাইল প্রোডাক্টে ২৫% ছাড়! স্টক শেষ হওয়ার আগে সুযোগ নিন।,Bengali,0,1,নতুন লাইফস্টাইল প্রোডাক্টে ২৫% ছাড়! স্টক শেষ হওয়ার আগে সুযোগ নিন।,নতুন লাইফস্টাইল প্রোডাক্টে ২৫% ছাড়! স্টক শেষ হওয়ার আগে সুযোগ নিন।,[],0,0,0,0,0,0,0,0,0,0,0,0,নতুন লাইফস্টাইল প্রোডাক্টে ২৫% ছাড়! স্টক শেষ হওয়ার আগে সুযোগ নিন।,67,0,0,0,0,0,0,0,0,0,0,0,0,0,0,0,0,0,0,0,0,0,0,নতুন লাইফস্টাইল প্রোডাক্টে ২৫% ছাড়! স্টক শেষ হওয়ার আগে সুযোগ নিন।,নতুন লাইফস্টাইল প্রোডাক্টে ২৫% ছাড়! স্টক শেষ হওয়ার আগে সুযোগ নিন।,0,0,2,1,1,67,11,1,0,0,0,0,22,0,0,0,0,54,0,1.0,0.0,1,0
promo,অনলাইনে কোর্স করুন! IT স্কিল ডেভেলপমেন্টে ৬০% ছাড়। এনরোল করুন।,Bengali,0,1,অনলাইনে কোর্স করুন! IT স্কিল ডেভেলপমেন্টে ৬০% ছাড়। এনরোল করুন।,অনলাইনে কোর্স করুন! IT স্কিল ডেভেলপমেন্টে ৬০% ছাড়। এনরোল করুন।,[],0,0,0,0,0,0,0,0,0,0,0,0,অনলাইনে কোর্স করুন! IT স্কিল ডেভেলপমেন্টে ৬০% ছাড়। এনরোল করুন।,63,0,0,0,0,0,0,0,0,0,0,0,0,0,0,0,0,0,0,0,0,0,0,অনলাইনে কোর্স করুন! IT স্কিল ডেভেলপমেন্টে ৬০% ছাড়। এনরোল করুন।,অনলাইনে কোর্স করুন! IT স্কিল ডেভেলপমেন্টে ৬০% ছাড়। এনরোল করুন।,0,0,2,1,1,63,10,1,0,0,0,0,20,0,0,0,0,48,2,0.96,0.04,1,1
promo,"৫ জুন বিশ্ব পরিবেশ দিবস ২০২৩
এ বছরের প্রতিপাদ্য: প্লাস্টিক দূষণ সমাধানে সামিল হই সকলে
এ বছরের স্লোগান: সবাই মিলে করি পণ, বন্ধ হবে প্লাস্টিক দূষণ
-পরিবেশ, বন ও জলবায়ু পরিবর্তন মন্ত্রণালয়।",Bengali,0,1,"৫ জুন বিশ্ব পরিবেশ দিবস ২০২৩
এ বছরের প্রতিপাদ্য: প্লাস্টিক দূষণ সমাধানে সামিল হই সকলে
এ বছরের স্লোগান: সবাই মিলে করি পণ, বন্ধ হবে প্লাস্টিক দূষণ
-পরিবেশ, বন ও জলবায়ু পরিবর্তন মন্ত্রণালয়।","৫ জুন বিশ্ব পরিবেশ দিবস ২০২৩ এ বছরের প্রতিপাদ্য: প্লাস্টিক দূষণ সমাধানে সামিল হই সকলে এ বছরের স্লোগান: সবাই মিলে করি পণ, বন্ধ হবে প্লাস্টিক দূষণ -পরিবেশ, বন ও জলবায়ু পরিবর্তন মন্ত্রণালয়।",[],0,0,0,0,0,0,0,0,0,0,0,0,"৫ জুন বিশ্ব পরিবেশ দিবস ২০২৩ এ বছরের প্রতিপাদ্য: প্লাস্টিক দূষণ সমাধানে সামিল হই সকলে এ বছরের স্লোগান: সবাই মিলে করি পণ, বন্ধ হবে প্লাস্টিক দূষণ -পরিবেশ, বন ও জলবায়ু পরিবর্তন মন্ত্রণালয়।",188,0,0,0,0,0,0,0,0,0,0,0,0,0,0,0,0,0,0,0,0,0,0,"৫ জুন বিশ্ব পরিবেশ দিবস ২০২৩
এ বছরের প্রতিপাদ্য: প্লাস্টিক দূষণ সমাধানে সামিল হই সকলে
এ বছরের স্লোগান: সবাই মিলে করি পণ, বন্ধ হবে প্লাস্টিক দূষণ
-পরিবেশ, বন ও জলবায়ু পরিবর্তন মন্ত্রণালয়।","৫ জুন বিশ্ব পরিবেশ দিবস ২০২৩ এ বছরের প্রতিপাদ্য: প্লাস্টিক দূষণ সমাধানে সামিল হই সকলে এ বছরের স্লোগান: সবাই মিলে করি পণ, বন্ধ হবে প্লাস্টিক দূষণ -পরিবেশ, বন ও জলবায়ু পরিবর্তন মন্ত্রণালয়।",0,0,5,2,1,188,32,0,0,2,0,2,54,0,0,0,0,151,0,1.0,0.0,1,0
smish,আপনার ব্যাংক অ্যাকাউন্টের বিবরণ আপডেট করুন। দয়া করে এখানে লগইন করুন: http://bit.ly/AccountUpdate,Bengali,1,2,আপনার ব্যাংক অ্যাকাউন্টের বিবরণ আপডেট করুন। দয়া করে এখানে লগইন করুন: http://bit.ly/AccountUpdate,আপনার ব্যাংক অ্যাকাউন্টের বিবরণ আপডেট করুন। দয়া করে এখানে লগইন করুন: http://bit.ly/AccountUpdate,['http://bit.ly/AccountUpdate'],1,1,27,27,0,1,0,3,0,0,0,1,আপনার ব্যাংক অ্যাকাউন্টের বিবরণ আপডেট করুন। দয়া করে এখানে লগইন করুন:  [URL] ,77,1,27,27,0,1,0,3,0,0,0,1,1,27,27,0,1,0,3,0,0,0,1,আপনার ব্যাংক অ্যাকাউন্টের বিবরণ আপডেট করুন। দয়া করে এখানে লগইন করুন: http://bit.ly/AccountUpdate,আপনার ব্যাংক অ্যাকাউন্টের বিবরণ আপডেট করুন। দয়া করে এখানে লগইন করুন: http://bit.ly/AccountUpdate,0,0,0,0,0,97,12,0,0,0,1,2,25,0,0,2,1,57,22,0.7215189873417721,0.27848101265822783,1,1
normal,তোমার লক্ষ্যে পৌঁছাতে ধৈর্য ধরো।,Bengali,0,0,তোমার লক্ষ্যে পৌঁছাতে ধৈর্য ধরো।,তোমার লক্ষ্যে পৌঁছাতে ধৈর্য ধরো।,[],0,0,0,0,0,0,0,0,0,0,0,0,তোমার লক্ষ্যে পৌঁছাতে ধৈর্য ধরো।,32,0,0,0,0,0,0,0,0,0,0,0,0,0,0,0,0,0,0,0,0,0,0,তোমার লক্ষ্যে পৌঁছাতে ধৈর্য ধরো।,তোমার লক্ষ্যে পৌঁছাতে ধৈর্য ধরো।,0,0,0,0,0,32,5,0,0,0,0,0,13,0,0,0,0,27,0,1.0,0.0,1,0
smish,"bKash অ্যাকাউন্টে ৫,০০০ টাকা জমা হয়েছে। বিস্তারিত জানতে কল করুন: +8801810900912",Bengali,0,2,"bKash অ্যাকাউন্টে ৫,০০০ টাকা জমা হয়েছে। বিস্তারিত জানতে কল করুন: +8801810900912","bKash অ্যাকাউন্টে ৫,০০০ টাকা জমা হয়েছে। বিস্তারিত জানতে কল করুন: +8801810900912",[],0,0,0,0,0,0,0,0,0,0,0,0,"bKash অ্যাকাউন্টে ৫,০০০ টাকা জমা হয়েছে। বিস্তারিত জানতে কল করুন: +8801810900912",80,0,0,0,0,0,0,0,0,0,0,0,0,0,0,0,0,0,0,0,0,0,0,"bKash অ্যাকাউন্টে ৫,০০০ টাকা জমা হয়েছে। বিস্তারিত জানতে কল করুন: +8801810900912","bKash অ্যাকাউন্টে ৫,০০০ টাকা জমা হয়েছে। বিস্তারিত জানতে কল করুন: +8801810900912",1,1,17,2,1,80,11,0,0,1,0,1,22,1,1,1,1,48,5,0.9056603773584906,0.09433962264150944,1,1
promo,Shohoz Tickets-এ ট্রেন টিকিটে ১০% ছাড়। কোড: TRAIN10।,Bengali,0,1,Shohoz Tickets-এ ট্রেন টিকিটে ১০% ছাড়। কোড: TRAIN10।,Shohoz Tickets-এ ট্রেন টিকিটে ১০% ছাড়। কোড: TRAIN10।,[],0,0,0,0,0,0,0,0,0,0,0,0,Shohoz Tickets-এ ট্রেন টিকিটে ১০% ছাড়। কোড: TRAIN10।,53,0,0,0,0,0,0,0,0,0,0,0,0,0,0,0,0,0,0,0,0,0,0,Shohoz Tickets-এ ট্রেন টিকিটে ১০% ছাড়। কোড: TRAIN10।,Shohoz Tickets-এ ট্রেন টিকিটে ১০% ছাড়। কোড: TRAIN10।,0,0,4,2,1,53,8,0,0,0,0,1,13,0,0,0,0,21,18,0.5384615384615384,0.46153846153846156,1,1
normal,"আমার প্রিয় বন্ধু রাকিব, তোমার বিয়ের দাওয়াত পেয়ে আমি অত্যন্ত আনন্দিত। এতদিন পর তোমার জীবনে এই সুখের দিন আসার জন্য আমি সত্যিই খুশি। কাল রাতে তোমার মা'র সাথে ফোনে কথা হলো, তিনি অনেক উত্সাহিত এবং ব্যস্ত। বিয়ের সব প্রস্তুতি ঠিকঠাক চলছে তো? আমি আগামী বৃহস্পতিবার রাতেই চট্টগ্রাম থেকে চলে যাবো যাতে শুক্রবার সকালে গায়ে হলুদের অনুষ্ঠানে যোগ দিতে পারি। তোমার জন্য বিশেষ গিফট নিয়ে আসছি, খুশি হবে।",Bengali,0,0,"আমার প্রিয় বন্ধু রাকিব, তোমার বিয়ের দাওয়াত পেয়ে আমি অত্যন্ত আনন্দিত। এতদিন পর তোমার জীবনে এই সুখের দিন আসার জন্য আমি সত্যিই খুশি। কাল রাতে তোমার মা'র সাথে ফোনে কথা হলো, তিনি অনেক উত্সাহিত এবং ব্যস্ত। বিয়ের সব প্রস্তুতি ঠিকঠাক চলছে তো? আমি আগামী বৃহস্পতিবার রাতেই চট্টগ্রাম থেকে চলে যাবো যাতে শুক্রবার সকালে গায়ে হলুদের অনুষ্ঠানে যোগ দিতে পারি। তোমার জন্য বিশেষ গিফট নিয়ে আসছি, খুশি হবে।","আমার প্রিয় বন্ধু রাকিব, তোমার বিয়ের দাওয়াত পেয়ে আমি অত্যন্ত আনন্দিত। এতদিন পর তোমার জীবনে এই সুখের দিন আসার জন্য আমি সত্যিই খুশি। কাল রাতে তোমার মা'র সাথে ফোনে কথা হলো, তিনি অনেক উত্সাহিত এবং ব্যস্ত। বিয়ের সব প্রস্তুতি ঠিকঠাক চলছে তো? আমি আগামী বৃহস্পতিবার রাতেই চট্টগ্রাম থেকে চলে যাবো যাতে শুক্রবার সকালে গায়ে হলুদের অনুষ্ঠানে যোগ দিতে পারি। তোমার জন্য বিশেষ গিফট নিয়ে আসছি, খুশি হবে।",[],0,0,0,0,0,0,0,0,0,0,0,0,"আমার প্রিয় বন্ধু রাকিব, তোমার বিয়ের দাওয়াত পেয়ে আমি অত্যন্ত আনন্দিত। এতদিন পর তোমার জীবনে এই সুখের দিন আসার জন্য আমি সত্যিই খুশি। কাল রাতে তোমার মা'র সাথে ফোনে কথা হলো, তিনি অনেক উত্সাহিত এবং ব্যস্ত। বিয়ের সব প্রস্তুতি ঠিকঠাক চলছে তো? আমি আগামী বৃহস্পতিবার রাতেই চট্টগ্রাম থেকে চলে যাবো যাতে শুক্রবার সকালে গায়ে হলুদের অনুষ্ঠানে যোগ দিতে পারি। তোমার জন্য বিশেষ গিফট নিয়ে আসছি, খুশি হবে।",393,0,0,0,0,0,0,0,0,0,0,0,0,0,0,0,0,0,0,0,0,0,0,"আমার প্রিয় বন্ধু রাকিব, তোমার বিয়ের দাওয়াত পেয়ে আমি অত্যন্ত আনন্দিত। এতদিন পর তোমার জীবনে এই সুখের দিন আসার জন্য আমি সত্যিই খুশি। কাল রাতে তোমার মা'র সাথে ফোনে কথা হলো, তিনি অনেক উত্সাহিত এবং ব্যস্ত। বিয়ের সব প্রস্তুতি ঠিকঠাক চলছে তো? আমি আগামী বৃহস্পতিবার রাতেই চট্টগ্রাম থেকে চলে যাবো যাতে শুক্রবার সকালে গায়ে হলুদের অনুষ্ঠানে যোগ দিতে পারি। তোমার জন্য বিশেষ গিফট নিয়ে আসছি, খুশি হবে।","আমার প্রিয় বন্ধু রাকিব, তোমার বিয়ের দাওয়াত পেয়ে আমি অত্যন্ত আনন্দিত। এতদিন পর তোমার জীবনে এই সুখের দিন আসার জন্য আমি সত্যিই খুশি। কাল রাতে তোমার মা'র সাথে ফোনে কথা হলো, তিনি অনেক উত্সাহিত এবং ব্যস্ত। বিয়ের সব প্রস্তুতি ঠিকঠাক চলছে তো? আমি আগামী বৃহস্পতিবার রাতেই চট্টগ্রাম থেকে চলে যাবো যাতে শুক্রবার সকালে গায়ে হলুদের অনুষ্ঠানে যোগ দিতে পারি। তোমার জন্য বিশেষ গিফট নিয়ে আসছি, খুশি হবে।",0,0,0,0,0,393,67,0,1,3,0,0,132,0,0,0,0,317,0,1.0,0.0,1,0
smish,আপনার ইন্টারনেট সংযোগ পুনরায় চালু করতে কল করুন +8801811122334,Bengali,0,2,আপনার ইন্টারনেট সংযোগ পুনরায় চালু করতে কল করুন +8801811122334,আপনার ইন্টারনেট সংযোগ পুনরায় চালু করতে কল করুন +8801811122334,[],0,0,0,0,0,0,0,0,0,0,0,0,আপনার ইন্টারনেট সংযোগ পুনরায় চালু করতে কল করুন +8801811122334,62,0,0,0,0,0,0,0,0,0,0,0,0,0,0,0,0,0,0,0,0,0,0,আপনার ইন্টারনেট সংযোগ পুনরায় চালু করতে কল করুন +8801811122334,আপনার ইন্টারনেট সংযোগ পুনরায় চালু করতে কল করুন +8801811122334,1,1,13,1,1,62,9,0,0,0,0,0,14,0,0,0,0,40,0,1.0,0.0,1,0
smish,জয়! আপনি iPhone 15 Pro জিতেছেন। পেতে ক্লিক করুন: win-iphone.ml,Bengali,1,2,জয়! আপনি iPhone 15 Pro জিতেছেন। পেতে ক্লিক করুন: win-iphone.ml,জয়! আপনি iPhone 15 Pro জিতেছেন। পেতে ক্লিক করুন: win-iphone.ml,['win-iphone.ml'],1,1,13,13,0,1,1,0,0,0,0,0,জয়! আপনি iPhone 15 Pro জিতেছেন। পেতে ক্লিক করুন:  [URL] ,57,1,13,13,0,1,1,0,0,0,0,0,1,13,13,0,1,1,0,0,0,0,0,জয়! আপনি iPhone 15 Pro জিতেছেন। পেতে ক্লিক করুন: win-iphone.ml,জয়! আপনি iPhone 15 Pro জিতেছেন। পেতে ক্লিক করুন: win-iphone.ml,0,0,2,1,1,63,10,1,0,0,1,1,15,0,0,0,0,27,20,0.574468085106383,0.425531914893617,1,1
smish,আপনার ইমেল ঠিকানাটি যাচাই করতে এখানে ক্লিক করুন: [emailverify.com/VerifyBD],Bengali,1,2,আপনার ইমেল ঠিকানাটি যাচাই করতে এখানে ক্লিক করুন: [emailverify.com/VerifyBD],আপনার ইমেল ঠিকানাটি যাচাই করতে এখানে ক্লিক করুন: [emailverify.com/VerifyBD],['emailverify.com/VerifyBD'],1,1,24,24,0,1,0,1,0,0,0,0,আপনার ইমেল ঠিকানাটি যাচাই করতে এখানে ক্লিক করুন: [ [URL] ],58,1,24,24,0,1,0,1,0,0,0,0,1,24,24,0,1,0,1,0,0,0,0,আপনার ইমেল ঠিকানাটি যাচাই করতে এখানে ক্লিক করুন: [emailverify.com/VerifyBD],আপনার ইমেল ঠিকানাটি যাচাই করতে এখানে ক্লিক করুন: [emailverify.com/VerifyBD],0,0,0,0,0,75,9,0,0,0,1,1,19,0,0,2,1,40,22,0.6451612903225806,0.3548387096774194,1,1
normal,তুমি কি আজকে অফিস থেকে তাড়াতাড়ি বের হবে? চল একসাথে চা খাই।,Bengali,0,0,তুমি কি আজকে অফিস থেকে তাড়াতাড়ি বের হবে? চল একসাথে চা খাই।,তুমি কি আজকে অফিস থেকে তাড়াতাড়ি বের হবে? চল একসাথে চা খাই।,[],0,0,0,0,0,0,0,0,0,0,0,0,তুমি কি আজকে অফিস থেকে তাড়াতাড়ি বের হবে? চল একসাথে চা খাই।,60,0,0,0,0,0,0,0,0,0,0,0,0,0,0,0,0,0,0,0,0,0,0,তুমি কি আজকে অফিস থেকে তাড়াতাড়ি বের হবে? চল একসাথে চা খাই।,তুমি কি আজকে অফিস থেকে তাড়াতাড়ি বের হবে? চল একসাথে চা খাই।,0,0,0,0,0,60,12,0,1,0,0,0,21,0,0,0,0,47,0,1.0,0.0,1,0
normal,"প্রিয় আম্মু, আমি এতক্ষণ হাসপাতালে ছিলাম বাবার সাথে। ডাক্তার বলেছেন অপারেশন খুবই সফল হয়েছে এবং বাবার অবস্থা স্থিতিশীল। আর কোন জটিলতা নেই এবং আগামী সপ্তাহেই বাবাকে ছেড়ে দেওয়া হবে। তবে কিছুদিন বিশ্রামে থাকতে হবে এবং ভারী কাজকর্ম করা যাবে না। আপনি চিন্তা করবেন না, আমি এখানেই থাকবো যতদিন প্রয়োজন। আর হ্যাঁ, বাবা আপনাকে খুব মিস করছেন, তিনি বলেছেন আপনি যেন তাড়াতাড়ি এসে তার সাথে দেখা করেন।",Bengali,0,0,"প্রিয় আম্মু, আমি এতক্ষণ হাসপাতালে ছিলাম বাবার সাথে। ডাক্তার বলেছেন অপারেশন খুবই সফল হয়েছে এবং বাবার অবস্থা স্থিতিশীল। আর কোন জটিলতা নেই এবং আগামী সপ্তাহেই বাবাকে ছেড়ে দেওয়া হবে। তবে কিছুদিন বিশ্রামে থাকতে হবে এবং ভারী কাজকর্ম করা যাবে না। আপনি চিন্তা করবেন না, আমি এখানেই থাকবো যতদিন প্রয়োজন। আর হ্যাঁ, বাবা আপনাকে খুব মিস করছেন, তিনি বলেছেন আপনি যেন তাড়াতাড়ি এসে তার সাথে দেখা করেন।","প্রিয় আম্মু, আমি এতক্ষণ হাসপাতালে ছিলাম বাবার সাথে। ডাক্তার বলেছেন অপারেশন খুবই সফল হয়েছে এবং বাবার অবস্থা স্থিতিশীল। আর কোন জটিলতা নেই এবং আগামী সপ্তাহেই বাবাকে ছেড়ে দেওয়া হবে। তবে কিছুদিন বিশ্রামে থাকতে হবে এবং ভারী কাজকর্ম করা যাবে না। আপনি চিন্তা করবেন না, আমি এখানেই থাকবো যতদিন প্রয়োজন। আর হ্যাঁ, বাবা আপনাকে খুব মিস করছেন, তিনি বলেছেন আপনি যেন তাড়াতাড়ি এসে তার সাথে দেখা করেন।",[],0,0,0,0,0,0,0,0,0,0,0,0,"প্রিয় আম্মু, আমি এতক্ষণ হাসপাতালে ছিলাম বাবার সাথে। ডাক্তার বলেছেন অপারেশন খুবই সফল হয়েছে এবং বাবার অবস্থা স্থিতিশীল। আর কোন জটিলতা নেই এবং আগামী সপ্তাহেই বাবাকে ছেড়ে দেওয়া হবে। তবে কিছুদিন বিশ্রামে থাকতে হবে এবং ভারী কাজকর্ম করা যাবে না। আপনি চিন্তা করবেন না, আমি এখানেই থাকবো যতদিন প্রয়োজন। আর হ্যাঁ, বাবা আপনাকে খুব মিস করছেন, তিনি বলেছেন আপনি যেন তাড়াতাড়ি এসে তার সাথে দেখা করেন।",390,0,0,0,0,0,0,0,0,0,0,0,0,0,0,0,0,0,0,0,0,0,0,"প্রিয় আম্মু, আমি এতক্ষণ হাসপাতালে ছিলাম বাবার সাথে। ডাক্তার বলেছেন অপারেশন খুবই সফল হয়েছে এবং বাবার অবস্থা স্থিতিশীল। আর কোন জটিলতা নেই এবং আগামী সপ্তাহেই বাবাকে ছেড়ে দেওয়া হবে। তবে কিছুদিন বিশ্রামে থাকতে হবে এবং ভারী কাজকর্ম করা যাবে না। আপনি চিন্তা করবেন না, আমি এখানেই থাকবো যতদিন প্রয়োজন। আর হ্যাঁ, বাবা আপনাকে খুব মিস করছেন, তিনি বলেছেন আপনি যেন তাড়াতাড়ি এসে তার সাথে দেখা করেন।","প্রিয় আম্মু, আমি এতক্ষণ হাসপাতালে ছিলাম বাবার সাথে। ডাক্তার বলেছেন অপারেশন খুবই সফল হয়েছে এবং বাবার অবস্থা স্থিতিশীল। আর কোন জটিলতা নেই এবং আগামী সপ্তাহেই বাবাকে ছেড়ে দেওয়া হবে। তবে কিছুদিন বিশ্রামে থাকতে হবে এবং ভারী কাজকর্ম করা যাবে না। আপনি চিন্তা করবেন না, আমি এখানেই থাকবো যতদিন প্রয়োজন। আর হ্যাঁ, বাবা আপনাকে খুব মিস করছেন, তিনি বলেছেন আপনি যেন তাড়াতাড়ি এসে তার সাথে দেখা করেন।",0,0,0,0,0,390,66,0,0,4,0,0,131,0,0,0,0,315,0,1.0,0.0,1,0
normal,কি খবর তোমার?,Bengali,0,0,কি খবর তোমার?,কি খবর তোমার?,[],0,0,0,0,0,0,0,0,0,0,0,0,কি খবর তোমার?,13,0,0,0,0,0,0,0,0,0,0,0,0,0,0,0,0,0,0,0,0,0,0,কি খবর তোমার?,কি খবর তোমার?,0,0,0,0,0,13,3,0,1,0,0,0,4,0,0,0,0,10,0,1.0,0.0,1,0
promo,"সিস্টেম আপগ্রেডেশনের জন্য ৩ অক্টোবর রাত ১২:০১মিনিট থেকে সকাল ৮টা পর্যন্ত,স্কিটো সিমের সকল সেবা বন্ধ থাকবে। বিস্তারিত: cutt.ly/TwvBT4wH",Bengali,1,1,"সিস্টেম আপগ্রেডেশনের জন্য ৩ অক্টোবর রাত ১২:০১মিনিট থেকে সকাল ৮টা পর্যন্ত,স্কিটো সিমের সকল সেবা বন্ধ থাকবে। বিস্তারিত: cutt.ly/TwvBT4wH","সিস্টেম আপগ্রেডেশনের জন্য ৩ অক্টোবর রাত ১২:০১মিনিট থেকে সকাল ৮টা পর্যন্ত,স্কিটো সিমের সকল সেবা বন্ধ থাকবে। বিস্তারিত: cutt.ly/TwvBT4wH",['cutt.ly/TwvBT4wH'],1,1,16,16,1,1,0,1,0,0,0,1,"সিস্টেম আপগ্রেডেশনের জন্য ৩ অক্টোবর রাত ১২:০১মিনিট থেকে সকাল ৮টা পর্যন্ত,স্কিটো সিমের সকল সেবা বন্ধ থাকবে। বিস্তারিত:  [URL] ",125,1,16,16,1,1,0,1,0,0,0,1,1,16,16,1,1,0,1,0,0,0,1,"সিস্টেম আপগ্রেডেশনের জন্য ৩ অক্টোবর রাত ১২:০১মিনিট থেকে সকাল ৮টা পর্যন্ত,স্কিটো সিমের সকল সেবা বন্ধ থাকবে। বিস্তারিত: cutt.ly/TwvBT4wH","সিস্টেম আপগ্রেডেশনের জন্য ৩ অক্টোবর রাত ১২:০১মিনিট থেকে সকাল ৮টা পর্যন্ত,স্কিটো সিমের সকল সেবা বন্ধ থাকবে। বিস্তারিত: cutt.ly/TwvBT4wH",0,0,7,5,1,134,18,0,0,1,1,2,39,0,0,0,0,97,13,0.8818181818181818,0.11818181818181818,1,1
smish,বাংলাদেশ ব্যাংক থেকে গুরুত্বপূর্ণ বার্তা। জরুরি ভিত্তিতে কল করুন: +8801812345678,Bengali,0,2,বাংলাদেশ ব্যাংক থেকে গুরুত্বপূর্ণ বার্তা। জরুরি ভিত্তিতে কল করুন: +8801812345678,বাংলাদেশ ব্যাংক থেকে গুরুত্বপূর্ণ বার্তা। জরুরি ভিত্তিতে কল করুন: +8801812345678,[],0,0,0,0,0,0,0,0,0,0,0,0,বাংলাদেশ ব্যাংক থেকে গুরুত্বপূর্ণ বার্তা। জরুরি ভিত্তিতে কল করুন: +8801812345678,80,0,0,0,0,0,0,0,0,0,0,0,0,0,0,0,0,0,0,0,0,0,0,বাংলাদেশ ব্যাংক থেকে গুরুত্বপূর্ণ বার্তা। জরুরি ভিত্তিতে কল করুন: +8801812345678,বাংলাদেশ ব্যাংক থেকে গুরুত্বপূর্ণ বার্তা। জরুরি ভিত্তিতে কল করুন: +8801812345678,1,1,13,1,1,80,10,0,0,0,0,1,27,0,0,0,0,55,0,1.0,0.0,1,0
smish,bKash অ্যাকাউন্ট পুনরায় চালু করতে কল করুন: +8801714344356,Bengali,0,2,bKash অ্যাকাউন্ট পুনরায় চালু করতে কল করুন: +8801714344356,bKash অ্যাকাউন্ট পুনরায় চালু করতে কল করুন: +8801714344356,[],0,0,0,0,0,0,0,0,0,0,0,0,bKash অ্যাকাউন্ট পুনরায় চালু করতে কল করুন: +8801714344356,58,0,0,0,0,0,0,0,0,0,0,0,0,0,0,0,0,0,0,0,0,0,0,bKash অ্যাকাউন্ট পুনরায় চালু করতে কল করুন: +8801714344356,bKash অ্যাকাউন্ট পুনরায় চালু করতে কল করুন: +8801714344356,1,1,13,1,1,58,8,0,0,0,0,1,13,0,0,1,1,31,5,0.8611111111111112,0.1388888888888889,1,1
smish,প্রিয় গ্রাহক আপনার নাম্বারের ১০ জিবি ইন্টারনেট এবং ১০০ মিনিট ফ্রি পেতে নিচের লিংকে ক্লিক করুন,Bengali,0,2,প্রিয় গ্রাহক আপনার নাম্বারের ১০ জিবি ইন্টারনেট এবং ১০০ মিনিট ফ্রি পেতে নিচের লিংকে ক্লিক করুন,প্রিয় গ্রাহক আপনার নাম্বারের ১০ জিবি ইন্টারনেট এবং ১০০ মিনিট ফ্রি পেতে নিচের লিংকে ক্লিক করুন,[],0,0,0,0,0,0,0,0,0,0,0,0,প্রিয় গ্রাহক আপনার নাম্বারের ১০ জিবি ইন্টারনেট এবং ১০০ মিনিট ফ্রি পেতে নিচের লিংকে ক্লিক করুন,94,0,0,0,0,0,0,0,0,0,0,0,0,0,0,0,0,0,0,0,0,0,0,প্রিয় গ্রাহক আপনার নাম্বারের ১০ জিবি ইন্টারনেট এবং ১০০ মিনিট ফ্রি পেতে নিচের লিংকে ক্লিক করুন,প্রিয় গ্রাহক আপনার নাম্বারের ১০ জিবি ইন্টারনেট এবং ১০০ মিনিট ফ্রি পেতে নিচের লিংকে ক্লিক করুন,0,0,5,2,1,94,16,0,0,0,0,0,30,0,0,0,0,79,0,1.0,0.0,1,0
smish,আপনার ক্রেডিট কার্ডে অজানা একটি ট্রানজাকশন সনাক্ত করা হয়েছে। নিশ্চিতকরণের জন্য অনুগ্রহ করে এখানে লগইন করুন: http://bit.ly/CardSecure,Bengali,1,2,আপনার ক্রেডিট কার্ডে অজানা একটি ট্রানজাকশন সনাক্ত করা হয়েছে। নিশ্চিতকরণের জন্য অনুগ্রহ করে এখানে লগইন করুন: http://bit.ly/CardSecure,আপনার ক্রেডিট কার্ডে অজানা একটি ট্রানজাকশন সনাক্ত করা হয়েছে। নিশ্চিতকরণের জন্য অনুগ্রহ করে এখানে লগইন করুন: http://bit.ly/CardSecure,['http://bit.ly/CardSecure'],1,1,24,24,0,1,0,3,0,0,0,1,আপনার ক্রেডিট কার্ডে অজানা একটি ট্রানজাকশন সনাক্ত করা হয়েছে। নিশ্চিতকরণের জন্য অনুগ্রহ করে এখানে লগইন করুন:  [URL] ,116,1,24,24,0,1,0,3,0,0,0,1,1,24,24,0,1,0,3,0,0,0,1,আপনার ক্রেডিট কার্ডে অজানা একটি ট্রানজাকশন সনাক্ত করা হয়েছে। নিশ্চিতকরণের জন্য অনুগ্রহ করে এখানে লগইন করুন: http://bit.ly/CardSecure,আপনার ক্রেডিট কার্ডে অজানা একটি ট্রানজাকশন সনাক্ত করা হয়েছে। নিশ্চিতকরণের জন্য অনুগ্রহ করে এখানে লগইন করুন: http://bit.ly/CardSecure,0,0,0,0,0,133,17,0,0,0,1,2,37,0,0,0,0,91,19,0.8272727272727273,0.17272727272727273,1,1
normal,"দোস্ত, আজ বিকেলে ফুটবল খেলা দেখবো। তোমার বাসায় আসবো।",Bengali,0,0,"দোস্ত, আজ বিকেলে ফুটবল খেলা দেখবো। তোমার বাসায় আসবো।","দোস্ত, আজ বিকেলে ফুটবল খেলা দেখবো। তোমার বাসায় আসবো।",[],0,0,0,0,0,0,0,0,0,0,0,0,"দোস্ত, আজ বিকেলে ফুটবল খেলা দেখবো। তোমার বাসায় আসবো।",53,0,0,0,0,0,0,0,0,0,0,0,0,0,0,0,0,0,0,0,0,0,0,"দোস্ত, আজ বিকেলে ফুটবল খেলা দেখবো। তোমার বাসায় আসবো।","দোস্ত, আজ বিকেলে ফুটবল খেলা দেখবো। তোমার বাসায় আসবো।",0,0,0,0,0,53,9,0,0,1,0,0,19,0,0,0,0,42,0,1.0,0.0,1,0
normal,"চাচা, আজ ইফতারে আমাদের বাসায় আসবেন। আম্মু খুশি হবেন।",Bengali,0,0,"চাচা, আজ ইফতারে আমাদের বাসায় আসবেন। আম্মু খুশি হবেন।","চাচা, আজ ইফতারে আমাদের বাসায় আসবেন। আম্মু খুশি হবেন।",[],0,0,0,0,0,0,0,0,0,0,0,0,"চাচা, আজ ইফতারে আমাদের বাসায় আসবেন। আম্মু খুশি হবেন।",53,0,0,0,0,0,0,0,0,0,0,0,0,0,0,0,0,0,0,0,0,0,0,"চাচা, আজ ইফতারে আমাদের বাসায় আসবেন। আম্মু খুশি হবেন।","চাচা, আজ ইফতারে আমাদের বাসায় আসবেন। আম্মু খুশি হবেন।",0,0,0,0,0,53,9,0,0,1,0,0,18,0,0,0,0,42,0,1.0,0.0,1,0
normal,নমস্কার!,Bengali,0,0,নমস্কার!,নমস্কার!,[],0,0,0,0,0,0,0,0,0,0,0,0,নমস্কার!,8,0,0,0,0,0,0,0,0,0,0,0,0,0,0,0,0,0,0,0,0,0,0,নমস্কার!,নমস্কার!,0,0,0,0,0,8,1,1,0,0,0,0,3,0,0,0,0,7,0,1.0,0.0,1,0
smish,"আজই ক্যাসিনোতে বাজি ধরুন এবং ১০,০০০ টাকা জেতার সুযোগ পান! এখনই যোগ দিন: smilesvoegol.servebbs.org/voegol.php",Bengali,1,2,"আজই ক্যাসিনোতে বাজি ধরুন এবং ১০,০০০ টাকা জেতার সুযোগ পান! এখনই যোগ দিন: smilesvoegol.servebbs.org/voegol.php","আজই ক্যাসিনোতে বাজি ধরুন এবং ১০,০০০ টাকা জেতার সুযোগ পান! এখনই যোগ দিন: smilesvoegol.servebbs.org/voegol.php",['smilesvoegol.servebbs.org/voegol.php'],1,1,36,36,0,3,0,1,0,0,0,0,"আজই ক্যাসিনোতে বাজি ধরুন এবং ১০,০০০ টাকা জেতার সুযোগ পান! এখনই যোগ দিন:  [URL] ",79,1,36,36,0,3,0,1,0,0,0,0,1,36,36,0,3,0,1,0,0,0,0,"আজই ক্যাসিনোতে বাজি ধরুন এবং ১০,০০০ টাকা জেতার সুযোগ পান! এখনই যোগ দিন: smilesvoegol.servebbs.org/voegol.php","আজই ক্যাসিনোতে বাজি ধরুন এবং ১০,০০০ টাকা জেতার সুযোগ পান! এখনই যোগ দিন: smilesvoegol.servebbs.org/voegol.php",0,0,5,1,1,108,14,1,0,1,3,1,25,1,1,0,0,56,32,0.6363636363636364,0.36363636363636365,1,1
smish,জনতা ব্যাংক অ্যাকাউন্ট আপডেট করতে এখানে ক্লিক করুন: https://t.me/JanataUpdateBot5,Bengali,1,2,জনতা ব্যাংক অ্যাকাউন্ট আপডেট করতে এখানে ক্লিক করুন: https://t.me/JanataUpdateBot5,জনতা ব্যাংক অ্যাকাউন্ট আপডেট করতে এখানে ক্লিক করুন: https://t.me/JanataUpdateBot5,['https://t.me/JanataUpdateBot5'],1,1,29,29,1,1,0,3,1,0,0,0,জনতা ব্যাংক অ্যাকাউন্ট আপডেট করতে এখানে ক্লিক করুন:  [URL] ,59,1,29,29,1,1,0,3,1,0,0,0,1,29,29,1,1,0,3,1,0,0,0,জনতা ব্যাংক অ্যাকাউন্ট আপডেট করতে এখানে ক্লিক করুন: https://t.me/JanataUpdateBot5,জনতা ব্যাংক অ্যাকাউন্ট আপডেট করতে এখানে ক্লিক করুন: https://t.me/JanataUpdateBot5,0,0,1,1,1,81,9,0,0,0,1,2,21,0,0,1,1,43,23,0.6515151515151515,0.3484848484848485,1,1
normal,আপনার পাওনা টাকা জলদি পাঠান ০১৭২৮২৭২৯৩৮।,Bengali,0,0,আপনার পাওনা টাকা জলদি পাঠান ০১৭২৮২৭২৯৩৮।,আপনার পাওনা টাকা জলদি পাঠান ০১৭২৮২৭২৯৩৮।,[],0,0,0,0,0,0,0,0,0,0,0,0,আপনার পাওনা টাকা জলদি পাঠান ০১৭২৮২৭২৯৩৮।,40,0,0,0,0,0,0,0,0,0,0,0,0,0,0,0,0,0,0,0,0,0,0,আপনার পাওনা টাকা জলদি পাঠান ০১৭২৮২৭২৯৩৮।,আপনার পাওনা টাকা জলদি পাঠান ০১৭২৮২৭২৯৩৮।,0,0,11,1,1,40,6,0,0,0,0,0,9,1,1,0,0,34,0,1.0,0.0,1,0
normal,দুপুরে একটি ব্রাউন করতে গিয়েছি।,Bengali,0,0,দুপুরে একটি ব্রাউন করতে গিয়েছি।,দুপুরে একটি ব্রাউন করতে গিয়েছি।,[],0,0,0,0,0,0,0,0,0,0,0,0,দুপুরে একটি ব্রাউন করতে গিয়েছি।,32,0,0,0,0,0,0,0,0,0,0,0,0,0,0,0,0,0,0,0,0,0,0,দুপুরে একটি ব্রাউন করতে গিয়েছি।,দুপুরে একটি ব্রাউন করতে গিয়েছি।,0,0,0,0,0,32,5,0,0,0,0,0,12,0,0,0,0,27,0,1.0,0.0,1,0
smish,"https://t.me/Referincomebd4536_bot?start=r04697367725

ফ্রি আবারো আসলো আপনাদের মাঝে নতুন একটি ইনকাম বট যেটি প্রতি রেফারে দিচ্ছে ৭৫ টাকা করে তাই আর দেরি না করে কাজে লেগে পরুন ☺️🫰",Bengali,1,2,"https://t.me/Referincomebd4536_bot?start=r04697367725

ফ্রি আবারো আসলো আপনাদের মাঝে নতুন একটি ইনকাম বট যেটি প্রতি রেফারে দিচ্ছে ৭৫ টাকা করে তাই আর দেরি না করে কাজে লেগে পরুন ☺️🫰",https://t.me/Referincomebd4536_bot?start=r04697367725 ফ্রি আবারো আসলো আপনাদের মাঝে নতুন একটি ইনকাম বট যেটি প্রতি রেফারে দিচ্ছে ৭৫ টাকা করে তাই আর দেরি না করে কাজে লেগে পরুন ☺️🫰,['https://t.me/Referincomebd4536_bot?start=r04697367725'],1,1,53,53,15,1,0,3,1,0,0,0, [URL]  ফ্রি আবারো আসলো আপনাদের মাঝে নতুন একটি ইনকাম বট যেটি প্রতি রেফারে দিচ্ছে ৭৫ টাকা করে তাই আর দেরি না করে কাজে লেগে পরুন ☺️🫰,130,1,53,53,15,1,0,3,1,0,0,0,1,53,53,15,1,0,3,1,0,0,0,"https://t.me/Referincomebd4536_bot?start=r04697367725

ফ্রি আবারো আসলো আপনাদের মাঝে নতুন একটি ইনকাম বট যেটি প্রতি রেফারে দিচ্ছে ৭৫ টাকা করে তাই আর দেরি না করে কাজে লেগে পরুন ☺️🫰",https://t.me/Referincomebd4536_bot?start=r04697367725 ফ্রি আবারো আসলো আপনাদের মাঝে নতুন একটি ইনকাম বট যেটি প্রতি রেফারে দিচ্ছে ৭৫ টাকা করে তাই আর দেরি না করে কাজে লেগে পরুন ☺️🫰,0,0,17,3,1,176,26,0,1,0,1,1,45,1,1,0,0,95,30,0.76,0.24,1,1
promo,"১৮০৳ ক্যাশব্যাকে সেরা অফার ৬১জিবি+১০০০মি@ ৳৭১৯,৩০দিন: cutt.ly/wwE5YMXC",Bengali,1,1,"১৮০৳ ক্যাশব্যাকে সেরা অফার ৬১জিবি+১০০০মি@ ৳৭১৯,৩০দিন: cutt.ly/wwE5YMXC","১৮০৳ ক্যাশব্যাকে সেরা অফার ৬১জিবি+১০০০মি@ ৳৭১৯,৩০দিন: cutt.ly/wwE5YMXC",['cutt.ly/wwE5YMXC'],1,1,16,16,1,1,0,1,0,0,0,1,"১৮০৳ ক্যাশব্যাকে সেরা অফার ৬১জিবি+১০০০মি@ ৳৭১৯,৩০দিন:  [URL] ",61,1,16,16,1,1,0,1,0,0,0,1,1,16,16,1,1,0,1,0,0,0,1,"১৮০৳ ক্যাশব্যাকে সেরা অফার ৬১জিবি+১০০০মি@ ৳৭১৯,৩০দিন: cutt.ly/wwE5YMXC","১৮০৳ ক্যাশব্যাকে সেরা অফার ৬১জিবি+১০০০মি@ ৳৭১৯,৩০দিন: cutt.ly/wwE5YMXC",0,0,15,5,1,70,7,0,0,1,1,1,20,2,1,0,0,44,13,0.7719298245614035,0.22807017543859648,1,1
normal,"আজ দুপুরে বাজারে গিয়ে মাছ কিনলাম। ইলিশ অনেক দামি, তবে ছোট মাছের দাম ঠিক আছে।",Bengali,0,0,"আজ দুপুরে বাজারে গিয়ে মাছ কিনলাম। ইলিশ অনেক দামি, তবে ছোট মাছের দাম ঠিক আছে।","আজ দুপুরে বাজারে গিয়ে মাছ কিনলাম। ইলিশ অনেক দামি, তবে ছোট মাছের দাম ঠিক আছে।",[],0,0,0,0,0,0,0,0,0,0,0,0,"আজ দুপুরে বাজারে গিয়ে মাছ কিনলাম। ইলিশ অনেক দামি, তবে ছোট মাছের দাম ঠিক আছে।",77,0,0,0,0,0,0,0,0,0,0,0,0,0,0,0,0,0,0,0,0,0,0,"আজ দুপুরে বাজারে গিয়ে মাছ কিনলাম। ইলিশ অনেক দামি, তবে ছোট মাছের দাম ঠিক আছে।","আজ দুপুরে বাজারে গিয়ে মাছ কিনলাম। ইলিশ অনেক দামি, তবে ছোট মাছের দাম ঠিক আছে।",0,0,0,0,0,77,15,0,0,1,0,0,26,0,0,0,0,60,0,1.0,0.0,1,0
normal,বাসায় খুব শান্তি আছে।,Bengali,0,0,বাসায় খুব শান্তি আছে।,বাসায় খুব শান্তি আছে।,[],0,0,0,0,0,0,0,0,0,0,0,0,বাসায় খুব শান্তি আছে।,22,0,0,0,0,0,0,0,0,0,0,0,0,0,0,0,0,0,0,0,0,0,0,বাসায় খুব শান্তি আছে।,বাসায় খুব শান্তি আছে।,0,0,0,0,0,22,4,0,0,0,0,0,9,0,0,0,0,18,0,1.0,0.0,1,0
smish,"ভালোভাবে চেষ্টা করলে মাসে ৩০-৬০ হাজার টাকা ইনকাম করতে পারবেন ...!🥰কাজ করতে না চাইলে ও একবার আমাদের online class টা করুন, আসা করি ভালো লাগবে।
শুধু telegram id লাগবে।",Bengali,0,2,"ভালোভাবে চেষ্টা করলে মাসে ৩০-৬০ হাজার টাকা ইনকাম করতে পারবেন ...!🥰কাজ করতে না চাইলে ও একবার আমাদের online class টা করুন, আসা করি ভালো লাগবে।
শুধু telegram id লাগবে।","ভালোভাবে চেষ্টা করলে মাসে ৩০-৬০ হাজার টাকা ইনকাম করতে পারবেন ...!🥰কাজ করতে না চাইলে ও একবার আমাদের online class টা করুন, আসা করি ভালো লাগবে। শুধু telegram id লাগবে।",[],0,0,0,0,0,0,0,0,0,0,0,0,"ভালোভাবে চেষ্টা করলে মাসে ৩০-৬০ হাজার টাকা ইনকাম করতে পারবেন ...!🥰কাজ করতে না চাইলে ও একবার আমাদের online class টা করুন, আসা করি ভালো লাগবে। শুধু telegram id লাগবে।",164,0,0,0,0,0,0,0,0,0,0,0,0,0,0,0,0,0,0,0,0,0,0,"ভালোভাবে চেষ্টা করলে মাসে ৩০-৬০ হাজার টাকা ইনকাম করতে পারবেন ...!🥰কাজ করতে না চাইলে ও একবার আমাদের online class টা করুন, আসা করি ভালো লাগবে।
শুধু telegram id লাগবে।","ভালোভাবে চেষ্টা করলে মাসে ৩০-৬০ হাজার টাকা ইনকাম করতে পারবেন ...!🥰কাজ করতে না চাইলে ও একবার আমাদের online class টা করুন, আসা করি ভালো লাগবে। শুধু telegram id লাগবে।",0,0,4,2,1,164,29,1,0,1,3,0,47,1,1,0,0,106,21,0.8346456692913385,0.16535433070866143,1,1
normal,"সবকিছু ঠিকঠাক হবে, চিন্তা কোরো না।",Bengali,0,0,"সবকিছু ঠিকঠাক হবে, চিন্তা কোরো না।","সবকিছু ঠিকঠাক হবে, চিন্তা কোরো না।",[],0,0,0,0,0,0,0,0,0,0,0,0,"সবকিছু ঠিকঠাক হবে, চিন্তা কোরো না।",34,0,0,0,0,0,0,0,0,0,0,0,0,0,0,0,0,0,0,0,0,0,0,"সবকিছু ঠিকঠাক হবে, চিন্তা কোরো না।","সবকিছু ঠিকঠাক হবে, চিন্তা কোরো না।",0,0,0,0,0,34,6,0,0,1,0,0,13,0,0,0,0,27,0,1.0,0.0,1,0
smish,বাংলাদেশ ব্যাংক থেকে গুরুত্বপূর্ণ বার্তা। বিস্তারিত জানতে এখানে ক্লিক করুন: https://wa.me/8801914344356,Bengali,1,2,বাংলাদেশ ব্যাংক থেকে গুরুত্বপূর্ণ বার্তা। বিস্তারিত জানতে এখানে ক্লিক করুন: https://wa.me/8801914344356,বাংলাদেশ ব্যাংক থেকে গুরুত্বপূর্ণ বার্তা। বিস্তারিত জানতে এখানে ক্লিক করুন: https://wa.me/8801914344356,['https://wa.me/8801914344356'],1,1,27,27,13,1,0,3,1,0,0,0,বাংলাদেশ ব্যাংক থেকে গুরুত্বপূর্ণ বার্তা। বিস্তারিত জানতে এখানে ক্লিক করুন:  [URL] ,83,1,27,27,13,1,0,3,1,0,0,0,1,27,27,13,1,0,3,1,0,0,0,বাংলাদেশ ব্যাংক থেকে গুরুত্বপূর্ণ বার্তা। বিস্তারিত জানতে এখানে ক্লিক করুন: https://wa.me/8801914344356,বাংলাদেশ ব্যাংক থেকে গুরুত্বপূর্ণ বার্তা। বিস্তারিত জানতে এখানে ক্লিক করুন: https://wa.me/8801914344356,1,1,13,1,1,103,11,0,0,0,1,2,35,0,0,0,0,64,9,0.8767123287671232,0.1232876712328767,1,1
smish,bKash অ্যাকাউন্টে ত্রুটি দেখা দিয়েছে। দ্রুত সমাধানের জন্য কল করুন: +8801713344556,Bengali,0,2,bKash অ্যাকাউন্টে ত্রুটি দেখা দিয়েছে। দ্রুত সমাধানের জন্য কল করুন: +8801713344556,bKash অ্যাকাউন্টে ত্রুটি দেখা দিয়েছে। দ্রুত সমাধানের জন্য কল করুন: +8801713344556,[],0,0,0,0,0,0,0,0,0,0,0,0,bKash অ্যাকাউন্টে ত্রুটি দেখা দিয়েছে। দ্রুত সমাধানের জন্য কল করুন: +8801713344556,82,0,0,0,0,0,0,0,0,0,0,0,0,0,0,0,0,0,0,0,0,0,0,bKash অ্যাকাউন্টে ত্রুটি দেখা দিয়েছে। দ্রুত সমাধানের জন্য কল করুন: +8801713344556,bKash অ্যাকাউন্টে ত্রুটি দেখা দিয়েছে। দ্রুত সমাধানের জন্য কল করুন: +8801713344556,1,1,13,1,1,82,11,0,0,0,0,1,24,0,0,1,1,51,5,0.9107142857142857,0.08928571428571429,1,1
promo,হোম অ্যাপ্লায়েন্সে বোনাস অফার! ওয়াশিং মেশিনে EMI সুবিধা।,Bengali,0,1,হোম অ্যাপ্লায়েন্সে বোনাস অফার! ওয়াশিং মেশিনে EMI সুবিধা।,হোম অ্যাপ্লায়েন্সে বোনাস অফার! ওয়াশিং মেশিনে EMI সুবিধা।,[],0,0,0,0,0,0,0,0,0,0,0,0,হোম অ্যাপ্লায়েন্সে বোনাস অফার! ওয়াশিং মেশিনে EMI সুবিধা।,58,0,0,0,0,0,0,0,0,0,0,0,0,0,0,0,0,0,0,0,0,0,0,হোম অ্যাপ্লায়েন্সে বোনাস অফার! ওয়াশিং মেশিনে EMI সুবিধা।,হোম অ্যাপ্লায়েন্সে বোনাস অফার! ওয়াশিং মেশিনে EMI সুবিধা।,0,0,0,0,0,58,8,1,0,0,0,0,24,0,0,0,0,46,3,0.9387755102040817,0.061224489795918366,1,1
normal,তুমি কি রবিবার ফ্রি আছো? আমরা কনসার্টে যাচ্ছি। চাইলে তুমি আসো।,Bengali,0,0,তুমি কি রবিবার ফ্রি আছো? আমরা কনসার্টে যাচ্ছি। চাইলে তুমি আসো।,তুমি কি রবিবার ফ্রি আছো? আমরা কনসার্টে যাচ্ছি। চাইলে তুমি আসো।,[],0,0,0,0,0,0,0,0,0,0,0,0,তুমি কি রবিবার ফ্রি আছো? আমরা কনসার্টে যাচ্ছি। চাইলে তুমি আসো।,62,0,0,0,0,0,0,0,0,0,0,0,0,0,0,0,0,0,0,0,0,0,0,তুমি কি রবিবার ফ্রি আছো? আমরা কনসার্টে যাচ্ছি। চাইলে তুমি আসো।,তুমি কি রবিবার ফ্রি আছো? আমরা কনসার্টে যাচ্ছি। চাইলে তুমি আসো।,0,0,0,0,0,62,11,0,1,0,0,0,23,0,0,0,0,49,0,1.0,0.0,1,0
smish,আপনার ক্রেডিট কার্ড সাময়িকভাবে লক করা হয়েছে। কার্ড সার্ভিস লাইন কল করুন. (786) 319- 4482,Bengali,0,2,আপনার ক্রেডিট কার্ড সাময়িকভাবে লক করা হয়েছে। কার্ড সার্ভিস লাইন কল করুন. (786) 319- 4482,আপনার ক্রেডিট কার্ড সাময়িকভাবে লক করা হয়েছে। কার্ড সার্ভিস লাইন কল করুন. (786) 319- 4482,[],0,0,0,0,0,0,0,0,0,0,0,0,আপনার ক্রেডিট কার্ড সাময়িকভাবে লক করা হয়েছে। কার্ড সার্ভিস লাইন কল করুন. (786) 319- 4482,90,0,0,0,0,0,0,0,0,0,0,0,0,0,0,0,0,0,0,0,0,0,0,আপনার ক্রেডিট কার্ড সাময়িকভাবে লক করা হয়েছে। কার্ড সার্ভিস লাইন কল করুন. (786) 319- 4482,আপনার ক্রেডিট কার্ড সাময়িকভাবে লক করা হয়েছে। কার্ড সার্ভিস লাইন কল করুন. (786) 319- 4482,0,0,10,3,1,90,15,0,0,0,1,0,27,0,0,0,0,61,0,1.0,0.0,1,0
smish,আপনার একাউন্টের তথ্য আপডেট করতে কল করুন +8801712233445,Bengali,0,2,আপনার একাউন্টের তথ্য আপডেট করতে কল করুন +8801712233445,আপনার একাউন্টের তথ্য আপডেট করতে কল করুন +8801712233445,[],0,0,0,0,0,0,0,0,0,0,0,0,আপনার একাউন্টের তথ্য আপডেট করতে কল করুন +8801712233445,54,0,0,0,0,0,0,0,0,0,0,0,0,0,0,0,0,0,0,0,0,0,0,আপনার একাউন্টের তথ্য আপডেট করতে কল করুন +8801712233445,আপনার একাউন্টের তথ্য আপডেট করতে কল করুন +8801712233445,1,1,13,1,1,54,8,0,0,0,0,0,9,0,0,0,0,33,0,1.0,0.0,1,0
smish,মাশরাফির সাথে ফ্রি ট্রিপ জিততে আজই ক্যাসিনোতে বাজি ধরুন। ক্লিক করুন: xini.eu/00Qe,Bengali,1,2,মাশরাফির সাথে ফ্রি ট্রিপ জিততে আজই ক্যাসিনোতে বাজি ধরুন। ক্লিক করুন: xini.eu/00Qe,মাশরাফির সাথে ফ্রি ট্রিপ জিততে আজই ক্যাসিনোতে বাজি ধরুন। ক্লিক করুন: xini.eu/00Qe,['xini.eu/00Qe'],1,1,12,12,2,1,0,1,0,0,0,0,মাশরাফির সাথে ফ্রি ট্রিপ জিততে আজই ক্যাসিনোতে বাজি ধরুন। ক্লিক করুন:  [URL] ,76,1,12,12,2,1,0,1,0,0,0,0,1,12,12,2,1,0,1,0,0,0,0,মাশরাফির সাথে ফ্রি ট্রিপ জিততে আজই ক্যাসিনোতে বাজি ধরুন। ক্লিক করুন: xini.eu/00Qe,মাশরাফির সাথে ফ্রি ট্রিপ জিততে আজই ক্যাসিনোতে বাজি ধরুন। ক্লিক করুন: xini.eu/00Qe,0,0,2,1,1,81,12,0,0,0,1,1,26,0,0,0,0,56,8,0.875,0.125,1,1
promo,Pathao Food-এ এই সপ্তাহে সব অর্ডারে ফ্রি ডেলিভারি। এখনই অর্ডার করুন।,Bengali,0,1,Pathao Food-এ এই সপ্তাহে সব অর্ডারে ফ্রি ডেলিভারি। এখনই অর্ডার করুন।,Pathao Food-এ এই সপ্তাহে সব অর্ডারে ফ্রি ডেলিভারি। এখনই অর্ডার করুন।,[],0,0,0,0,0,0,0,0,0,0,0,0,Pathao Food-এ এই সপ্তাহে সব অর্ডারে ফ্রি ডেলিভারি। এখনই অর্ডার করুন।,68,0,0,0,0,0,0,0,0,0,0,0,0,0,0,0,0,0,0,0,0,0,0,Pathao Food-এ এই সপ্তাহে সব অর্ডারে ফ্রি ডেলিভারি। এখনই অর্ডার করুন।,Pathao Food-এ এই সপ্তাহে সব অর্ডারে ফ্রি ডেলিভারি। এখনই অর্ডার করুন।,0,0,0,0,0,68,11,0,0,0,0,0,18,0,0,0,0,45,10,0.8181818181818182,0.18181818181818182,1,1
smish,অ্যাপল আইফোন ১২ জিতেছেন! ডেলিভারি নিশ্চিত করতে কল করুন: +8801814455667,Bengali,0,2,অ্যাপল আইফোন ১২ জিতেছেন! ডেলিভারি নিশ্চিত করতে কল করুন: +8801814455667,অ্যাপল আইফোন ১২ জিতেছেন! ডেলিভারি নিশ্চিত করতে কল করুন: +8801814455667,[],0,0,0,0,0,0,0,0,0,0,0,0,অ্যাপল আইফোন ১২ জিতেছেন! ডেলিভারি নিশ্চিত করতে কল করুন: +8801814455667,70,0,0,0,0,0,0,0,0,0,0,0,0,0,0,0,0,0,0,0,0,0,0,অ্যাপল আইফোন ১২ জিতেছেন! ডেলিভারি নিশ্চিত করতে কল করুন: +8801814455667,অ্যাপল আইফোন ১২ জিতেছেন! ডেলিভারি নিশ্চিত করতে কল করুন: +8801814455667,1,1,15,2,1,70,10,1,0,0,0,1,18,0,0,0,0,45,0,1.0,0.0,1,0
normal,আজকে অনেকদিন পর এক আত্মীয়ের সাথে দেখা হলো। সবাই আড্ডা দিল।,Bengali,0,0,আজকে অনেকদিন পর এক আত্মীয়ের সাথে দেখা হলো। সবাই আড্ডা দিল।,আজকে অনেকদিন পর এক আত্মীয়ের সাথে দেখা হলো। সবাই আড্ডা দিল।,[],0,0,0,0,0,0,0,0,0,0,0,0,আজকে অনেকদিন পর এক আত্মীয়ের সাথে দেখা হলো। সবাই আড্ডা দিল।,59,0,0,0,0,0,0,0,0,0,0,0,0,0,0,0,0,0,0,0,0,0,0,আজকে অনেকদিন পর এক আত্মীয়ের সাথে দেখা হলো। সবাই আড্ডা দিল।,আজকে অনেকদিন পর এক আত্মীয়ের সাথে দেখা হলো। সবাই আড্ডা দিল।,0,0,0,0,0,59,11,0,0,0,0,0,18,0,0,0,0,47,0,1.0,0.0,1,0
promo,রবি কাস্টমারদের জন্য সুপার অফার: ৩ মাসের YouTube Premium সাবস্ক্রিপশন ফ্রি। সক্রিয় করুন *888#।,Bengali,0,1,রবি কাস্টমারদের জন্য সুপার অফার: ৩ মাসের YouTube Premium সাবস্ক্রিপশন ফ্রি। সক্রিয় করুন *888#।,রবি কাস্টমারদের জন্য সুপার অফার: ৩ মাসের YouTube Premium সাবস্ক্রিপশন ফ্রি। সক্রিয় করুন *888#।,[],0,0,0,0,0,0,0,0,0,0,0,0,রবি কাস্টমারদের জন্য সুপার অফার: ৩ মাসের YouTube Premium সাবস্ক্রিপশন ফ্রি। সক্রিয় করুন *888#।,95,0,0,0,0,0,0,0,0,0,0,0,0,0,0,0,0,0,0,0,0,0,0,রবি কাস্টমারদের জন্য সুপার অফার: ৩ মাসের YouTube Premium সাবস্ক্রিপশন ফ্রি। সক্রিয় করুন *888#।,রবি কাস্টমারদের জন্য সুপার অফার: ৩ মাসের YouTube Premium সাবস্ক্রিপশন ফ্রি। সক্রিয় করুন *888#।,0,0,4,2,1,95,14,0,0,0,0,1,26,0,0,0,0,60,14,0.8108108108108109,0.1891891891891892,1,1
promo,"গ্রামীণফোনের মিনিট অফার এখন আরো আকর্ষণীয়! ২৭ মিনিট ২৪ ঘন্টা, নিতে রিচার্জ বা বিকাশ করুন ১৯ টাকা।",Bengali,0,1,"গ্রামীণফোনের মিনিট অফার এখন আরো আকর্ষণীয়! ২৭ মিনিট ২৪ ঘন্টা, নিতে রিচার্জ বা বিকাশ করুন ১৯ টাকা।","গ্রামীণফোনের মিনিট অফার এখন আরো আকর্ষণীয়! ২৭ মিনিট ২৪ ঘন্টা, নিতে রিচার্জ বা বিকাশ করুন ১৯ টাকা।",[],0,0,0,0,0,0,0,0,0,0,0,0,"গ্রামীণফোনের মিনিট অফার এখন আরো আকর্ষণীয়! ২৭ মিনিট ২৪ ঘন্টা, নিতে রিচার্জ বা বিকাশ করুন ১৯ টাকা।",97,0,0,0,0,0,0,0,0,0,0,0,0,0,0,0,0,0,0,0,0,0,0,"গ্রামীণফোনের মিনিট অফার এখন আরো আকর্ষণীয়! ২৭ মিনিট ২৪ ঘন্টা, নিতে রিচার্জ বা বিকাশ করুন ১৯ টাকা।","গ্রামীণফোনের মিনিট অফার এখন আরো আকর্ষণীয়! ২৭ মিনিট ২৪ ঘন্টা, নিতে রিচার্জ বা বিকাশ করুন ১৯ টাকা।",0,0,6,3,1,97,17,1,0,1,0,0,30,1,1,0,0,78,0,1.0,0.0,1,0
smish,বিশেষ জরুরি ঘোষণা! আপনার নামে একটি বড় আর্থিক প্রতারণার মামলা দায়ের হয়েছে যেখানে অভিযোগ করা হয়েছে যে আপনি অনলাইনে জুয়া খেলে এবং হাওলা ব্যবসার সাথে জড়িত আছেন। এই মিথ্যা অভিযোগ থেকে নিজেকে রক্ষা করার জন্য আপনাকে একটি আইনি সার্টিফিকেট সংগ্রহ করতে হবে যার জন্য ৩০০০ টাকা ফি দিতে হবে। ২৪ ঘন্টার মধ্যে legal-clear-bd.tk লিংকে গিয়ে আপনার সমস্ত তথ্য দিয়ে এই ফি পরিশোধ করুন নতুবা আপনার বিরুদ্ধে গ্রেফতারি পরোয়ানা জারি হতে পারে।,Bengali,1,2,বিশেষ জরুরি ঘোষণা! আপনার নামে একটি বড় আর্থিক প্রতারণার মামলা দায়ের হয়েছে যেখানে অভিযোগ করা হয়েছে যে আপনি অনলাইনে জুয়া খেলে এবং হাওলা ব্যবসার সাথে জড়িত আছেন। এই মিথ্যা অভিযোগ থেকে নিজেকে রক্ষা করার জন্য আপনাকে একটি আইনি সার্টিফিকেট সংগ্রহ করতে হবে যার জন্য ৩০০০ টাকা ফি দিতে হবে। ২৪ ঘন্টার মধ্যে legal-clear-bd.tk লিংকে গিয়ে আপনার সমস্ত তথ্য দিয়ে এই ফি পরিশোধ করুন নতুবা আপনার বিরুদ্ধে গ্রেফতারি পরোয়ানা জারি হতে পারে।,বিশেষ জরুরি ঘোষণা! আপনার নামে একটি বড় আর্থিক প্রতারণার মামলা দায়ের হয়েছে যেখানে অভিযোগ করা হয়েছে যে আপনি অনলাইনে জুয়া খেলে এবং হাওলা ব্যবসার সাথে জড়িত আছেন। এই মিথ্যা অভিযোগ থেকে নিজেকে রক্ষা করার জন্য আপনাকে একটি আইনি সার্টিফিকেট সংগ্রহ করতে হবে যার জন্য ৩০০০ টাকা ফি দিতে হবে। ২৪ ঘন্টার মধ্যে legal-clear-bd.tk লিংকে গিয়ে আপনার সমস্ত তথ্য দিয়ে এই ফি পরিশোধ করুন নতুবা আপনার বিরুদ্ধে গ্রেফতারি পরোয়ানা জারি হতে পারে।,['legal-clear-bd.tk'],1,1,17,17,0,1,2,0,0,0,0,0,বিশেষ জরুরি ঘোষণা! আপনার নামে একটি বড় আর্থিক প্রতারণার মামলা দায়ের হয়েছে যেখানে অভিযোগ করা হয়েছে যে আপনি অনলাইনে জুয়া খেলে এবং হাওলা ব্যবসার সাথে জড়িত আছেন। এই মিথ্যা অভিযোগ থেকে নিজেকে রক্ষা করার জন্য আপনাকে একটি আইনি সার্টিফিকেট সংগ্রহ করতে হবে যার জন্য ৩০০০ টাকা ফি দিতে হবে। ২৪ ঘন্টার মধ্যে  [URL]  লিংকে গিয়ে আপনার সমস্ত তথ্য দিয়ে এই ফি পরিশোধ করুন নতুবা আপনার বিরুদ্ধে গ্রেফতারি পরোয়ানা জারি হতে পারে।,416,1,17,17,0,1,2,0,0,0,0,0,1,17,17,0,1,2,0,0,0,0,0,বিশেষ জরুরি ঘোষণা! আপনার নামে একটি বড় আর্থিক প্রতারণার মামলা দায়ের হয়েছে যেখানে অভিযোগ করা হয়েছে যে আপনি অনলাইনে জুয়া খেলে এবং হাওলা ব্যবসার সাথে জড়িত আছেন। এই মিথ্যা অভিযোগ থেকে নিজেকে রক্ষা করার জন্য আপনাকে একটি আইনি সার্টিফিকেট সংগ্রহ করতে হবে যার জন্য ৩০০০ টাকা ফি দিতে হবে। ২৪ ঘন্টার মধ্যে legal-clear-bd.tk লিংকে গিয়ে আপনার সমস্ত তথ্য দিয়ে এই ফি পরিশোধ করুন নতুবা আপনার বিরুদ্ধে গ্রেফতারি পরোয়ানা জারি হতে পারে।,বিশেষ জরুরি ঘোষণা! আপনার নামে একটি বড় আর্থিক প্রতারণার মামলা দায়ের হয়েছে যেখানে অভিযোগ করা হয়েছে যে আপনি অনলাইনে জুয়া খেলে এবং হাওলা ব্যবসার সাথে জড়িত আছেন। এই মিথ্যা অভিযোগ থেকে নিজেকে রক্ষা করার জন্য আপনাকে একটি আইনি সার্টিফিকেট সংগ্রহ করতে হবে যার জন্য ৩০০০ টাকা ফি দিতে হবে। ২৪ ঘন্টার মধ্যে legal-clear-bd.tk লিংকে গিয়ে আপনার সমস্ত তথ্য দিয়ে এই ফি পরিশোধ করুন নতুবা আপনার বিরুদ্ধে গ্রেফতারি পরোয়ানা জারি হতে পারে।,0,0,6,2,1,426,71,1,0,0,1,0,134,2,1,0,0,335,14,0.9598853868194842,0.04011461318051576,1,1
smish,"দুঃখিত, আমি ভুল করে আপনাকে একটি ৬ সংখ্যার OTP পাঠিয়ে দিয়েছি। আপনি আমাকে OTP-টা ফরওয়ার্ড করতে পারবেন? এখনই দরকার",Bengali,0,2,"দুঃখিত, আমি ভুল করে আপনাকে একটি ৬ সংখ্যার OTP পাঠিয়ে দিয়েছি। আপনি আমাকে OTP-টা ফরওয়ার্ড করতে পারবেন? এখনই দরকার","দুঃখিত, আমি ভুল করে আপনাকে একটি ৬ সংখ্যার OTP পাঠিয়ে দিয়েছি। আপনি আমাকে OTP-টা ফরওয়ার্ড করতে পারবেন? এখনই দরকার",[],0,0,0,0,0,0,0,0,0,0,0,0,"দুঃখিত, আমি ভুল করে আপনাকে একটি ৬ সংখ্যার OTP পাঠিয়ে দিয়েছি। আপনি আমাকে OTP-টা ফরওয়ার্ড করতে পারবেন? এখনই দরকার",114,0,0,0,0,0,0,0,0,0,0,0,0,0,0,0,0,0,0,0,0,0,0,"দুঃখিত, আমি ভুল করে আপনাকে একটি ৬ সংখ্যার OTP পাঠিয়ে দিয়েছি। আপনি আমাকে OTP-টা ফরওয়ার্ড করতে পারবেন? এখনই দরকার","দুঃখিত, আমি ভুল করে আপনাকে একটি ৬ সংখ্যার OTP পাঠিয়ে দিয়েছি। আপনি আমাকে OTP-টা ফরওয়ার্ড করতে পারবেন? এখনই দরকার",0,0,1,1,1,114,19,0,1,1,0,0,35,0,0,1,1,86,6,0.9347826086956522,0.06521739130434782,1,1
smish,আপনার সঞ্চয় দ্বিগুণ করার সুযোগ! কল করুন: +8801712122234,Bengali,0,2,আপনার সঞ্চয় দ্বিগুণ করার সুযোগ! কল করুন: +8801712122234,আপনার সঞ্চয় দ্বিগুণ করার সুযোগ! কল করুন: +8801712122234,[],0,0,0,0,0,0,0,0,0,0,0,0,আপনার সঞ্চয় দ্বিগুণ করার সুযোগ! কল করুন: +8801712122234,56,0,0,0,0,0,0,0,0,0,0,0,0,0,0,0,0,0,0,0,0,0,0,আপনার সঞ্চয় দ্বিগুণ করার সুযোগ! কল করুন: +8801712122234,আপনার সঞ্চয় দ্বিগুণ করার সুযোগ! কল করুন: +8801712122234,1,1,13,1,1,56,8,1,0,0,0,1,13,0,0,0,0,33,0,1.0,0.0,1,0
promo,"কিচেন অ্যাপ্লায়েন্সে ছাড়! প্রেসার কুকার, ব্লেন্ডারে ৪০% কম দাম।",Bengali,0,1,"কিচেন অ্যাপ্লায়েন্সে ছাড়! প্রেসার কুকার, ব্লেন্ডারে ৪০% কম দাম।","কিচেন অ্যাপ্লায়েন্সে ছাড়! প্রেসার কুকার, ব্লেন্ডারে ৪০% কম দাম।",[],0,0,0,0,0,0,0,0,0,0,0,0,"কিচেন অ্যাপ্লায়েন্সে ছাড়! প্রেসার কুকার, ব্লেন্ডারে ৪০% কম দাম।",65,0,0,0,0,0,0,0,0,0,0,0,0,0,0,0,0,0,0,0,0,0,0,"কিচেন অ্যাপ্লায়েন্সে ছাড়! প্রেসার কুকার, ব্লেন্ডারে ৪০% কম দাম।","কিচেন অ্যাপ্লায়েন্সে ছাড়! প্রেসার কুকার, ব্লেন্ডারে ৪০% কম দাম।",0,0,2,1,1,65,9,1,0,1,0,0,27,0,0,0,0,53,0,1.0,0.0,1,0
smish,"https://t.me/Referincomebd4536_bot?start=r05228152535
যারা ফ্রি ইনকাম করতে চান তাড়া এই রেফার এর মাধ্যমে করতে পারেন✅",Bengali,1,2,"https://t.me/Referincomebd4536_bot?start=r05228152535
যারা ফ্রি ইনকাম করতে চান তাড়া এই রেফার এর মাধ্যমে করতে পারেন✅",https://t.me/Referincomebd4536_bot?start=r05228152535 যারা ফ্রি ইনকাম করতে চান তাড়া এই রেফার এর মাধ্যমে করতে পারেন✅,['https://t.me/Referincomebd4536_bot?start=r05228152535'],1,1,53,53,15,1,0,3,1,0,0,0, [URL]  যারা ফ্রি ইনকাম করতে চান তাড়া এই রেফার এর মাধ্যমে করতে পারেন✅,70,1,53,53,15,1,0,3,1,0,0,0,1,53,53,15,1,0,3,1,0,0,0,"https://t.me/Referincomebd4536_bot?start=r05228152535
যারা ফ্রি ইনকাম করতে চান তাড়া এই রেফার এর মাধ্যমে করতে পারেন✅",https://t.me/Referincomebd4536_bot?start=r05228152535 যারা ফ্রি ইনকাম করতে চান তাড়া এই রেফার এর মাধ্যমে করতে পারেন✅,0,0,15,2,1,116,13,0,1,0,1,1,26,0,0,0,0,50,30,0.625,0.375,1,1
promo,"এপ্রিল-২৪
রিচার্জ:0৳
খরচ:
ডেটা:19৳
ভয়েস:66৳
অন্যান্য:0৳",Bengali,0,1,"এপ্রিল-২৪
রিচার্জ:0৳
খরচ:
ডেটা:19৳
ভয়েস:66৳
অন্যান্য:0৳",এপ্রিল-২৪ রিচার্জ:0৳ খরচ: ডেটা:19৳ ভয়েস:66৳ অন্যান্য:0৳,[],0,0,0,0,0,0,0,0,0,0,0,0,এপ্রিল-২৪ রিচার্জ:0৳ খরচ: ডেটা:19৳ ভয়েস:66৳ অন্যান্য:0৳,56,0,0,0,0,0,0,0,0,0,0,0,0,0,0,0,0,0,0,0,0,0,0,"এপ্রিল-২৪
রিচার্জ:0৳
খরচ:
ডেটা:19৳
ভয়েস:66৳
অন্যান্য:0৳",এপ্রিল-২৪ রিচার্জ:0৳ খরচ: ডেটা:19৳ ভয়েস:66৳ অন্যান্য:0৳,0,0,8,5,1,56,6,0,0,0,0,5,22,4,1,0,0,39,0,1.0,0.0,1,0
smish,জনতা ব্যাংক অ্যাকাউন্ট আপডেট করতে এখানে ক্লিক করুন: https://t.me/JanataUpdateBot3,Bengali,1,2,জনতা ব্যাংক অ্যাকাউন্ট আপডেট করতে এখানে ক্লিক করুন: https://t.me/JanataUpdateBot3,জনতা ব্যাংক অ্যাকাউন্ট আপডেট করতে এখানে ক্লিক করুন: https://t.me/JanataUpdateBot3,['https://t.me/JanataUpdateBot3'],1,1,29,29,1,1,0,3,1,0,0,0,জনতা ব্যাংক অ্যাকাউন্ট আপডেট করতে এখানে ক্লিক করুন:  [URL] ,59,1,29,29,1,1,0,3,1,0,0,0,1,29,29,1,1,0,3,1,0,0,0,জনতা ব্যাংক অ্যাকাউন্ট আপডেট করতে এখানে ক্লিক করুন: https://t.me/JanataUpdateBot3,জনতা ব্যাংক অ্যাকাউন্ট আপডেট করতে এখানে ক্লিক করুন: https://t.me/JanataUpdateBot3,0,0,1,1,1,81,9,0,0,0,1,2,21,0,0,1,1,43,23,0.6515151515151515,0.3484848484848485,1,1
smish,bKash অ্যাকাউন্ট ব্লক হয়েছে। পুনরায় চালু করতে কল করুন: +8801718899001,Bengali,0,2,bKash অ্যাকাউন্ট ব্লক হয়েছে। পুনরায় চালু করতে কল করুন: +8801718899001,bKash অ্যাকাউন্ট ব্লক হয়েছে। পুনরায় চালু করতে কল করুন: +8801718899001,[],0,0,0,0,0,0,0,0,0,0,0,0,bKash অ্যাকাউন্ট ব্লক হয়েছে। পুনরায় চালু করতে কল করুন: +8801718899001,71,0,0,0,0,0,0,0,0,0,0,0,0,0,0,0,0,0,0,0,0,0,0,bKash অ্যাকাউন্ট ব্লক হয়েছে। পুনরায় চালু করতে কল করুন: +8801718899001,bKash অ্যাকাউন্ট ব্লক হয়েছে। পুনরায় চালু করতে কল করুন: +8801718899001,1,1,13,1,1,71,10,0,0,0,0,1,18,0,0,1,1,41,5,0.8913043478260869,0.10869565217391304,1,1
normal,সুবর্ণ সন্ধ্যা!,Bengali,0,0,সুবর্ণ সন্ধ্যা!,সুবর্ণ সন্ধ্যা!,[],0,0,0,0,0,0,0,0,0,0,0,0,সুবর্ণ সন্ধ্যা!,15,0,0,0,0,0,0,0,0,0,0,0,0,0,0,0,0,0,0,0,0,0,0,সুবর্ণ সন্ধ্যা!,সুবর্ণ সন্ধ্যা!,0,0,0,0,0,15,2,1,0,0,0,0,6,0,0,0,0,13,0,1.0,0.0,1,0
smish,আপনার ব্যাংক অ্যাকাউন্টের নোটিফিকেশন পাওয়া যাচ্ছে না। দয়া করে এখানে ক্লিক করুন: http://bit.ly/UpdateNotify,Bengali,1,2,আপনার ব্যাংক অ্যাকাউন্টের নোটিফিকেশন পাওয়া যাচ্ছে না। দয়া করে এখানে ক্লিক করুন: http://bit.ly/UpdateNotify,আপনার ব্যাংক অ্যাকাউন্টের নোটিফিকেশন পাওয়া যাচ্ছে না। দয়া করে এখানে ক্লিক করুন: http://bit.ly/UpdateNotify,['http://bit.ly/UpdateNotify'],1,1,26,26,0,1,0,3,0,0,0,1,আপনার ব্যাংক অ্যাকাউন্টের নোটিফিকেশন পাওয়া যাচ্ছে না। দয়া করে এখানে ক্লিক করুন:  [URL] ,89,1,26,26,0,1,0,3,0,0,0,1,1,26,26,0,1,0,3,0,0,0,1,আপনার ব্যাংক অ্যাকাউন্টের নোটিফিকেশন পাওয়া যাচ্ছে না। দয়া করে এখানে ক্লিক করুন: http://bit.ly/UpdateNotify,আপনার ব্যাংক অ্যাকাউন্টের নোটিফিকেশন পাওয়া যাচ্ছে না। দয়া করে এখানে ক্লিক করুন: http://bit.ly/UpdateNotify,0,0,0,0,0,108,13,0,0,0,1,2,35,0,0,1,1,68,21,0.7640449438202247,0.23595505617977527,1,1
normal,আমার এই নাম্বারে কল করুন ০১৭২৯১৮২৮৯৩।,Bengali,0,0,আমার এই নাম্বারে কল করুন ০১৭২৯১৮২৮৯৩।,আমার এই নাম্বারে কল করুন ০১৭২৯১৮২৮৯৩।,[],0,0,0,0,0,0,0,0,0,0,0,0,আমার এই নাম্বারে কল করুন ০১৭২৯১৮২৮৯৩।,37,0,0,0,0,0,0,0,0,0,0,0,0,0,0,0,0,0,0,0,0,0,0,আমার এই নাম্বারে কল করুন ০১৭২৯১৮২৮৯৩।,আমার এই নাম্বারে কল করুন ০১৭২৯১৮২৮৯৩।,0,0,11,1,1,37,6,0,0,0,0,0,7,0,0,0,0,31,0,1.0,0.0,1,0
smish,বিপিএলে বাজি ধরুন এবং ৭ দিনের জন্য একটি ফ্রি ছুটি জিতুন। শুরু করুন: super1000.info/docs,Bengali,1,2,বিপিএলে বাজি ধরুন এবং ৭ দিনের জন্য একটি ফ্রি ছুটি জিতুন। শুরু করুন: super1000.info/docs,বিপিএলে বাজি ধরুন এবং ৭ দিনের জন্য একটি ফ্রি ছুটি জিতুন। শুরু করুন: super1000.info/docs,['super1000.info/docs'],1,1,19,19,4,1,0,1,0,0,0,0,বিপিএলে বাজি ধরুন এবং ৭ দিনের জন্য একটি ফ্রি ছুটি জিতুন। শুরু করুন:  [URL] ,75,1,19,19,4,1,0,1,0,0,0,0,1,19,19,4,1,0,1,0,0,0,0,বিপিএলে বাজি ধরুন এবং ৭ দিনের জন্য একটি ফ্রি ছুটি জিতুন। শুরু করুন: super1000.info/docs,বিপিএলে বাজি ধরুন এবং ৭ দিনের জন্য একটি ফ্রি ছুটি জিতুন। শুরু করুন: super1000.info/docs,0,0,5,2,1,87,14,0,0,0,1,1,24,0,0,0,0,53,13,0.803030303030303,0.19696969696969696,1,1
smish,"গ্রামীণফোন গ্রাহক, আপনার সিম থেকে সন্দেহজনক কল শনাক্ত হয়েছে। পরিষেবা চালু রাখতে gp-simverify24.org এ নাম, জন্মতারিখ ও OTP দিন। যাচাই সম্পন্ন না হলে সিম বন্ধ হবে।",Bengali,1,2,"গ্রামীণফোন গ্রাহক, আপনার সিম থেকে সন্দেহজনক কল শনাক্ত হয়েছে। পরিষেবা চালু রাখতে gp-simverify24.org এ নাম, জন্মতারিখ ও OTP দিন। যাচাই সম্পন্ন না হলে সিম বন্ধ হবে।","গ্রামীণফোন গ্রাহক, আপনার সিম থেকে সন্দেহজনক কল শনাক্ত হয়েছে। পরিষেবা চালু রাখতে gp-simverify24.org এ নাম, জন্মতারিখ ও OTP দিন। যাচাই সম্পন্ন না হলে সিম বন্ধ হবে।",['gp-simverify24.org'],1,1,18,18,2,1,1,0,0,0,0,0,"গ্রামীণফোন গ্রাহক, আপনার সিম থেকে সন্দেহজনক কল শনাক্ত হয়েছে। পরিষেবা চালু রাখতে  [URL]  এ নাম, জন্মতারিখ ও OTP দিন। যাচাই সম্পন্ন না হলে সিম বন্ধ হবে।",151,1,18,18,2,1,1,0,0,0,0,0,1,18,18,2,1,1,0,0,0,0,0,"গ্রামীণফোন গ্রাহক, আপনার সিম থেকে সন্দেহজনক কল শনাক্ত হয়েছে। পরিষেবা চালু রাখতে gp-simverify24.org এ নাম, জন্মতারিখ ও OTP দিন। যাচাই সম্পন্ন না হলে সিম বন্ধ হবে।","গ্রামীণফোন গ্রাহক, আপনার সিম থেকে সন্দেহজনক কল শনাক্ত হয়েছে। পরিষেবা চালু রাখতে gp-simverify24.org এ নাম, জন্মতারিখ ও OTP দিন। যাচাই সম্পন্ন না হলে সিম বন্ধ হবে।",0,0,2,1,1,162,26,0,0,2,1,0,45,0,0,3,1,111,17,0.8671875,0.1328125,1,1
normal,মেজবান পাখি পক্ষে প্রিয় প্রেমের একটি দৃশ্য বিশ্বাস করা হয়।,Bengali,0,0,মেজবান পাখি পক্ষে প্রিয় প্রেমের একটি দৃশ্য বিশ্বাস করা হয়।,মেজবান পাখি পক্ষে প্রিয় প্রেমের একটি দৃশ্য বিশ্বাস করা হয়।,[],0,0,0,0,0,0,0,0,0,0,0,0,মেজবান পাখি পক্ষে প্রিয় প্রেমের একটি দৃশ্য বিশ্বাস করা হয়।,60,0,0,0,0,0,0,0,0,0,0,0,0,0,0,0,0,0,0,0,0,0,0,মেজবান পাখি পক্ষে প্রিয় প্রেমের একটি দৃশ্য বিশ্বাস করা হয়।,মেজবান পাখি পক্ষে প্রিয় প্রেমের একটি দৃশ্য বিশ্বাস করা হয়।,0,0,0,0,0,60,10,0,0,0,0,0,21,0,0,0,0,50,0,1.0,0.0,1,0
smish,"ঈদ উপলয়ে ব্রাক ব্যাংক সবার বিকাশ একাউন্টে ১০০০ টাকা করে দিচ্ছে বোনাস হিসাবে। আমি এইমাত্র বিকাশের ওয়েবসাইটে আমার নাম্বার বসিয়ে টাকা নিলাম। আপনি যদি | এখনো না পেয়ে থাকেন তাহলে নিচের লিংকে ঢুকে আপনার বিকাশ নম্বর দিন আর সাথে সাথে পেয়ে যাবেন ১০০০ টাকা।
লিংকঃ https://bit.ly/bKash_1000",Bengali,1,2,"ঈদ উপলয়ে ব্রাক ব্যাংক সবার বিকাশ একাউন্টে ১০০০ টাকা করে দিচ্ছে বোনাস হিসাবে। আমি এইমাত্র বিকাশের ওয়েবসাইটে আমার নাম্বার বসিয়ে টাকা নিলাম। আপনি যদি | এখনো না পেয়ে থাকেন তাহলে নিচের লিংকে ঢুকে আপনার বিকাশ নম্বর দিন আর সাথে সাথে পেয়ে যাবেন ১০০০ টাকা।
লিংকঃ https://bit.ly/bKash_1000",ঈদ উপলয়ে ব্রাক ব্যাংক সবার বিকাশ একাউন্টে ১০০০ টাকা করে দিচ্ছে বোনাস হিসাবে। আমি এইমাত্র বিকাশের ওয়েবসাইটে আমার নাম্বার বসিয়ে টাকা নিলাম। আপনি যদি | এখনো না পেয়ে থাকেন তাহলে নিচের লিংকে ঢুকে আপনার বিকাশ নম্বর দিন আর সাথে সাথে পেয়ে যাবেন ১০০০ টাকা। লিংকঃ https://bit.ly/bKash_1000,['https://bit.ly/bKash_1000'],1,1,25,25,4,1,0,3,1,0,0,1,ঈদ উপলয়ে ব্রাক ব্যাংক সবার বিকাশ একাউন্টে ১০০০ টাকা করে দিচ্ছে বোনাস হিসাবে। আমি এইমাত্র বিকাশের ওয়েবসাইটে আমার নাম্বার বসিয়ে টাকা নিলাম। আপনি যদি | এখনো না পেয়ে থাকেন তাহলে নিচের লিংকে ঢুকে আপনার বিকাশ নম্বর দিন আর সাথে সাথে পেয়ে যাবেন ১০০০ টাকা। লিংকঃ  [URL] ,266,1,25,25,4,1,0,3,1,0,0,1,1,25,25,4,1,0,3,1,0,0,1,"ঈদ উপলয়ে ব্রাক ব্যাংক সবার বিকাশ একাউন্টে ১০০০ টাকা করে দিচ্ছে বোনাস হিসাবে। আমি এইমাত্র বিকাশের ওয়েবসাইটে আমার নাম্বার বসিয়ে টাকা নিলাম। আপনি যদি | এখনো না পেয়ে থাকেন তাহলে নিচের লিংকে ঢুকে আপনার বিকাশ নম্বর দিন আর সাথে সাথে পেয়ে যাবেন ১০০০ টাকা।
লিংকঃ https://bit.ly/bKash_1000",ঈদ উপলয়ে ব্রাক ব্যাংক সবার বিকাশ একাউন্টে ১০০০ টাকা করে দিচ্ছে বোনাস হিসাবে। আমি এইমাত্র বিকাশের ওয়েবসাইটে আমার নাম্বার বসিয়ে টাকা নিলাম। আপনি যদি | এখনো না পেয়ে থাকেন তাহলে নিচের লিংকে ঢুকে আপনার বিকাশ নম্বর দিন আর সাথে সাথে পেয়ে যাবেন ১০০০ টাকা। লিংকঃ https://bit.ly/bKash_1000,0,0,12,3,1,284,46,0,0,0,1,1,91,3,1,0,0,210,15,0.9333333333333333,0.06666666666666667,1,1
normal,"০১৮২৭২৮৩৮৯২ এই নাম্বারে কল করুন, জরুরি।",Bengali,0,0,"০১৮২৭২৮৩৮৯২ এই নাম্বারে কল করুন, জরুরি।","০১৮২৭২৮৩৮৯২ এই নাম্বারে কল করুন, জরুরি।",[],0,0,0,0,0,0,0,0,0,0,0,0,"০১৮২৭২৮৩৮৯২ এই নাম্বারে কল করুন, জরুরি।",39,0,0,0,0,0,0,0,0,0,0,0,0,0,0,0,0,0,0,0,0,0,0,"০১৮২৭২৮৩৮৯২ এই নাম্বারে কল করুন, জরুরি।","০১৮২৭২৮৩৮৯২ এই নাম্বারে কল করুন, জরুরি।",0,0,11,1,1,39,6,0,0,1,0,0,9,0,0,0,0,32,0,1.0,0.0,1,0
normal,"আজ দুপুরে বাজারে গিয়েছিলাম। সবজির দাম একেবারে আকাশছোঁয়া। টমেটো ৯০ টাকা কেজি, পেঁয়াজ ৮০ টাকা। বুঝতে পারছি না এভাবে কতদিন চলবে।",Bengali,0,0,"আজ দুপুরে বাজারে গিয়েছিলাম। সবজির দাম একেবারে আকাশছোঁয়া। টমেটো ৯০ টাকা কেজি, পেঁয়াজ ৮০ টাকা। বুঝতে পারছি না এভাবে কতদিন চলবে।","আজ দুপুরে বাজারে গিয়েছিলাম। সবজির দাম একেবারে আকাশছোঁয়া। টমেটো ৯০ টাকা কেজি, পেঁয়াজ ৮০ টাকা। বুঝতে পারছি না এভাবে কতদিন চলবে।",[],0,0,0,0,0,0,0,0,0,0,0,0,"আজ দুপুরে বাজারে গিয়েছিলাম। সবজির দাম একেবারে আকাশছোঁয়া। টমেটো ৯০ টাকা কেজি, পেঁয়াজ ৮০ টাকা। বুঝতে পারছি না এভাবে কতদিন চলবে।",128,0,0,0,0,0,0,0,0,0,0,0,0,0,0,0,0,0,0,0,0,0,0,"আজ দুপুরে বাজারে গিয়েছিলাম। সবজির দাম একেবারে আকাশছোঁয়া। টমেটো ৯০ টাকা কেজি, পেঁয়াজ ৮০ টাকা। বুঝতে পারছি না এভাবে কতদিন চলবে।","আজ দুপুরে বাজারে গিয়েছিলাম। সবজির দাম একেবারে আকাশছোঁয়া। টমেটো ৯০ টাকা কেজি, পেঁয়াজ ৮০ টাকা। বুঝতে পারছি না এভাবে কতদিন চলবে।",0,0,4,2,1,128,21,0,0,1,0,0,47,2,1,0,0,103,0,1.0,0.0,1,0
smish,"প্রিয় গ্রাহক, 8990 টাকা। K Enterprice ds POS/ECOM.Txn# এ 23-02-2020 তারিখে XX কার্ডে txn করা হয়েছে। আপনার দ্বারা করা হয়নি, নিবন্ধিত মোবাইল এনবি থেকে এই এসএমএসটি ফরোয়ার্ড করুন। 18604195555",Bengali,1,2,"প্রিয় গ্রাহক, 8990 টাকা। K Enterprice ds POS/ECOM.Txn# এ 23-02-2020 তারিখে XX কার্ডে txn করা হয়েছে। আপনার দ্বারা করা হয়নি, নিবন্ধিত মোবাইল এনবি থেকে এই এসএমএসটি ফরোয়ার্ড করুন। 18604195555","প্রিয় গ্রাহক, 8990 টাকা। K Enterprice ds POS/ECOM.Txn# এ 23-02-2020 তারিখে XX কার্ডে txn করা হয়েছে। আপনার দ্বারা করা হয়নি, নিবন্ধিত মোবাইল এনবি থেকে এই এসএমএসটি ফরোয়ার্ড করুন। 18604195555",['ECOM.Txn'],1,1,8,8,0,1,0,0,0,0,0,0,"প্রিয় গ্রাহক, 8990 টাকা। K Enterprice ds POS/ [URL] # এ 23-02-2020 তারিখে XX কার্ডে txn করা হয়েছে। আপনার দ্বারা করা হয়নি, নিবন্ধিত মোবাইল এনবি থেকে এই এসএমএসটি ফরোয়ার্ড করুন। 18604195555",190,1,8,8,0,1,0,0,0,0,0,0,1,8,8,0,1,0,0,0,0,0,0,"প্রিয় গ্রাহক, 8990 টাকা। K Enterprice ds POS/ECOM.Txn# এ 23-02-2020 তারিখে XX কার্ডে txn করা হয়েছে। আপনার দ্বারা করা হয়নি, নিবন্ধিত মোবাইল এনবি থেকে এই এসএমএসটি ফরোয়ার্ড করুন। 18604195555","প্রিয় গ্রাহক, 8990 টাকা। K Enterprice ds POS/ECOM.Txn# এ 23-02-2020 তারিখে XX কার্ডে txn করা হয়েছে। আপনার দ্বারা করা হয়নি, নিবন্ধিত মোবাইল এনবি থেকে এই এসএমএসটি ফরোয়ার্ড করুন। 18604195555",0,0,23,5,1,191,29,0,0,2,1,0,48,1,1,0,0,102,28,0.7846153846153846,0.2153846153846154,1,1
promo,হোম অ্যাপ্লায়েন্সের উপর ২৫% পর্যন্ত ছাড়! অফার শেষ হওয়ার আগে সুযোগ নিন।,Bengali,0,1,হোম অ্যাপ্লায়েন্সের উপর ২৫% পর্যন্ত ছাড়! অফার শেষ হওয়ার আগে সুযোগ নিন।,হোম অ্যাপ্লায়েন্সের উপর ২৫% পর্যন্ত ছাড়! অফার শেষ হওয়ার আগে সুযোগ নিন।,[],0,0,0,0,0,0,0,0,0,0,0,0,হোম অ্যাপ্লায়েন্সের উপর ২৫% পর্যন্ত ছাড়! অফার শেষ হওয়ার আগে সুযোগ নিন।,73,0,0,0,0,0,0,0,0,0,0,0,0,0,0,0,0,0,0,0,0,0,0,হোম অ্যাপ্লায়েন্সের উপর ২৫% পর্যন্ত ছাড়! অফার শেষ হওয়ার আগে সুযোগ নিন।,হোম অ্যাপ্লায়েন্সের উপর ২৫% পর্যন্ত ছাড়! অফার শেষ হওয়ার আগে সুযোগ নিন।,0,0,2,1,1,73,12,1,0,0,0,0,24,0,0,0,0,59,0,1.0,0.0,1,0
promo,"তোমার জন্য স্পেশাল ডিল ৪জিবি+৮০মি.@৮৭৳, ৭দিন: cutt.ly/Iw0edGlt",Bengali,1,1,"তোমার জন্য স্পেশাল ডিল ৪জিবি+৮০মি.@৮৭৳, ৭দিন: cutt.ly/Iw0edGlt","তোমার জন্য স্পেশাল ডিল ৪জিবি+৮০মি.@৮৭৳, ৭দিন: cutt.ly/Iw0edGlt",['cutt.ly/Iw0edGlt'],1,1,16,16,1,1,0,1,0,0,0,1,"তোমার জন্য স্পেশাল ডিল ৪জিবি+৮০মি.@৮৭৳, ৭দিন:  [URL] ",53,1,16,16,1,1,0,1,0,0,0,1,1,16,16,1,1,0,1,0,0,0,1,"তোমার জন্য স্পেশাল ডিল ৪জিবি+৮০মি.@৮৭৳, ৭দিন: cutt.ly/Iw0edGlt","তোমার জন্য স্পেশাল ডিল ৪জিবি+৮০মি.@৮৭৳, ৭দিন: cutt.ly/Iw0edGlt",0,0,7,5,1,62,7,0,0,1,2,1,19,1,1,0,0,35,13,0.7291666666666666,0.2708333333333333,1,1
promo,"“স্বাস্থ্য, পুষ্টি ও সমৃদ্ধি চাই, নিরাপদ খাদ্যের বিকল্প নাই”। ০২ ফেব্রুয়ারি জাতীয় নিরাপদ খাদ্য দিবস ২০২৪ সফল হোক। বাংলাদেশ নিরাপদ খাদ্য কর্তৃপক্ষ, খাদ্য মন্ত্রণালয়।",Bengali,0,1,"“স্বাস্থ্য, পুষ্টি ও সমৃদ্ধি চাই, নিরাপদ খাদ্যের বিকল্প নাই”। ০২ ফেব্রুয়ারি জাতীয় নিরাপদ খাদ্য দিবস ২০২৪ সফল হোক। বাংলাদেশ নিরাপদ খাদ্য কর্তৃপক্ষ, খাদ্য মন্ত্রণালয়।","""স্বাস্থ্য, পুষ্টি ও সমৃদ্ধি চাই, নিরাপদ খাদ্যের বিকল্প নাই""। ০২ ফেব্রুয়ারি জাতীয় নিরাপদ খাদ্য দিবস ২০২৪ সফল হোক। বাংলাদেশ নিরাপদ খাদ্য কর্তৃপক্ষ, খাদ্য মন্ত্রণালয়।",[],0,0,0,0,0,0,0,0,0,0,0,0,"""স্বাস্থ্য, পুষ্টি ও সমৃদ্ধি চাই, নিরাপদ খাদ্যের বিকল্প নাই""। ০২ ফেব্রুয়ারি জাতীয় নিরাপদ খাদ্য দিবস ২০২৪ সফল হোক। বাংলাদেশ নিরাপদ খাদ্য কর্তৃপক্ষ, খাদ্য মন্ত্রণালয়।",167,0,0,0,0,0,0,0,0,0,0,0,0,0,0,0,0,0,0,0,0,0,0,"“স্বাস্থ্য, পুষ্টি ও সমৃদ্ধি চাই, নিরাপদ খাদ্যের বিকল্প নাই”। ০২ ফেব্রুয়ারি জাতীয় নিরাপদ খাদ্য দিবস ২০২৪ সফল হোক। বাংলাদেশ নিরাপদ খাদ্য কর্তৃপক্ষ, খাদ্য মন্ত্রণালয়।","“স্বাস্থ্য, পুষ্টি ও সমৃদ্ধি চাই, নিরাপদ খাদ্যের বিকল্প নাই”। ০২ ফেব্রুয়ারি জাতীয় নিরাপদ খাদ্য দিবস ২০২৪ সফল হোক। বাংলাদেশ নিরাপদ খাদ্য কর্তৃপক্ষ, খাদ্য মন্ত্রণালয়।",0,0,6,2,1,167,24,0,0,3,0,0,59,0,0,0,0,136,0,1.0,0.0,1,0
normal,তুমি কি খেলাধুলা করছো?,Bengali,0,0,তুমি কি খেলাধুলা করছো?,তুমি কি খেলাধুলা করছো?,[],0,0,0,0,0,0,0,0,0,0,0,0,তুমি কি খেলাধুলা করছো?,22,0,0,0,0,0,0,0,0,0,0,0,0,0,0,0,0,0,0,0,0,0,0,তুমি কি খেলাধুলা করছো?,তুমি কি খেলাধুলা করছো?,0,0,0,0,0,22,4,0,1,0,0,0,9,0,0,0,0,18,0,1.0,0.0,1,0
smish,আপনার কর রিটার্ন পেন্ডিং। জরিমানা এড়ান: file-return.tk,Bengali,1,2,আপনার কর রিটার্ন পেন্ডিং। জরিমানা এড়ান: file-return.tk,আপনার কর রিটার্ন পেন্ডিং। জরিমানা এড়ান: file-return.tk,['file-return.tk'],1,1,14,14,0,1,1,0,0,0,0,0,আপনার কর রিটার্ন পেন্ডিং। জরিমানা এড়ান:  [URL] ,48,1,14,14,0,1,1,0,0,0,0,0,1,14,14,0,1,1,0,0,0,0,0,আপনার কর রিটার্ন পেন্ডিং। জরিমানা এড়ান: file-return.tk,আপনার কর রিটার্ন পেন্ডিং। জরিমানা এড়ান: file-return.tk,0,0,0,0,0,55,7,0,0,0,1,1,17,1,1,0,0,33,12,0.7333333333333333,0.26666666666666666,1,1
normal,তোমার পাশে একটি পাথুরি আছে। ধন্যবাদ।,Bengali,0,0,তোমার পাশে একটি পাথুরি আছে। ধন্যবাদ।,তোমার পাশে একটি পাথুরি আছে। ধন্যবাদ।,[],0,0,0,0,0,0,0,0,0,0,0,0,তোমার পাশে একটি পাথুরি আছে। ধন্যবাদ।,36,0,0,0,0,0,0,0,0,0,0,0,0,0,0,0,0,0,0,0,0,0,0,তোমার পাশে একটি পাথুরি আছে। ধন্যবাদ।,তোমার পাশে একটি পাথুরি আছে। ধন্যবাদ।,0,0,0,0,0,36,6,0,0,0,0,0,13,0,0,0,0,29,0,1.0,0.0,1,0
normal,"আপা, রাতের খাবারে কি রান্না করবেন? আমি মাছ কিনে এনেছি।",Bengali,0,0,"আপা, রাতের খাবারে কি রান্না করবেন? আমি মাছ কিনে এনেছি।","আপা, রাতের খাবারে কি রান্না করবেন? আমি মাছ কিনে এনেছি।",[],0,0,0,0,0,0,0,0,0,0,0,0,"আপা, রাতের খাবারে কি রান্না করবেন? আমি মাছ কিনে এনেছি।",54,0,0,0,0,0,0,0,0,0,0,0,0,0,0,0,0,0,0,0,0,0,0,"আপা, রাতের খাবারে কি রান্না করবেন? আমি মাছ কিনে এনেছি।","আপা, রাতের খাবারে কি রান্না করবেন? আমি মাছ কিনে এনেছি।",0,0,0,0,0,54,10,0,1,1,0,0,20,0,0,0,0,42,0,1.0,0.0,1,0
normal,আমি প্রায় সপ্তাহে একবার মাঠে যায়।,Bengali,0,0,আমি প্রায় সপ্তাহে একবার মাঠে যায়।,আমি প্রায় সপ্তাহে একবার মাঠে যায়।,[],0,0,0,0,0,0,0,0,0,0,0,0,আমি প্রায় সপ্তাহে একবার মাঠে যায়।,35,0,0,0,0,0,0,0,0,0,0,0,0,0,0,0,0,0,0,0,0,0,0,আমি প্রায় সপ্তাহে একবার মাঠে যায়।,আমি প্রায় সপ্তাহে একবার মাঠে যায়।,0,0,0,0,0,35,6,0,0,0,0,0,13,0,0,0,0,29,0,1.0,0.0,1,0
normal,আজ তোমার পাশে থাকতে পারি না। আমি আপনার পাশে রয়েছি।,Bengali,0,0,আজ তোমার পাশে থাকতে পারি না। আমি আপনার পাশে রয়েছি।,আজ তোমার পাশে থাকতে পারি না। আমি আপনার পাশে রয়েছি।,[],0,0,0,0,0,0,0,0,0,0,0,0,আজ তোমার পাশে থাকতে পারি না। আমি আপনার পাশে রয়েছি।,51,0,0,0,0,0,0,0,0,0,0,0,0,0,0,0,0,0,0,0,0,0,0,আজ তোমার পাশে থাকতে পারি না। আমি আপনার পাশে রয়েছি।,আজ তোমার পাশে থাকতে পারি না। আমি আপনার পাশে রয়েছি।,0,0,0,0,0,51,10,0,0,0,0,0,18,0,0,0,0,40,0,1.0,0.0,1,0
normal,"আপা, আজ রান্না কি? আমি একটু দেরি করে আসবো।",Bengali,0,0,"আপা, আজ রান্না কি? আমি একটু দেরি করে আসবো।","আপা, আজ রান্না কি? আমি একটু দেরি করে আসবো।",[],0,0,0,0,0,0,0,0,0,0,0,0,"আপা, আজ রান্না কি? আমি একটু দেরি করে আসবো।",42,0,0,0,0,0,0,0,0,0,0,0,0,0,0,0,0,0,0,0,0,0,0,"আপা, আজ রান্না কি? আমি একটু দেরি করে আসবো।","আপা, আজ রান্না কি? আমি একটু দেরি করে আসবো।",0,0,0,0,0,42,9,0,1,1,0,0,14,0,0,0,0,31,0,1.0,0.0,1,0
smish,"নগদ থেকে ১,০০০ টাকা পুরস্কার জিতেছেন! বিস্তারিত জানতে এখানে ক্লিক করুন: https://t.me/NagadPrizeBot",Bengali,1,2,"নগদ থেকে ১,০০০ টাকা পুরস্কার জিতেছেন! বিস্তারিত জানতে এখানে ক্লিক করুন: https://t.me/NagadPrizeBot","নগদ থেকে ১,০০০ টাকা পুরস্কার জিতেছেন! বিস্তারিত জানতে এখানে ক্লিক করুন: https://t.me/NagadPrizeBot",['https://t.me/NagadPrizeBot'],1,1,26,26,0,1,0,3,1,0,0,0,"নগদ থেকে ১,০০০ টাকা পুরস্কার জিতেছেন! বিস্তারিত জানতে এখানে ক্লিক করুন:  [URL] ",79,1,26,26,0,1,0,3,1,0,0,0,1,26,26,0,1,0,3,1,0,0,0,"নগদ থেকে ১,০০০ টাকা পুরস্কার জিতেছেন! বিস্তারিত জানতে এখানে ক্লিক করুন: https://t.me/NagadPrizeBot","নগদ থেকে ১,০০০ টাকা পুরস্কার জিতেছেন! বিস্তারিত জানতে এখানে ক্লিক করুন: https://t.me/NagadPrizeBot",0,0,4,1,1,98,12,1,0,1,1,2,29,1,1,0,0,58,21,0.7341772151898734,0.26582278481012656,1,1
smish,"এখনই খেলুন এবং জিতে নিন ১০টি Xiaomi স্মার্টফোন! দ্রুত করুন, ক্লিক: https://cutt.ly/CeoPN2O8",Bengali,1,2,"এখনই খেলুন এবং জিতে নিন ১০টি Xiaomi স্মার্টফোন! দ্রুত করুন, ক্লিক: https://cutt.ly/CeoPN2O8","এখনই খেলুন এবং জিতে নিন ১০টি Xiaomi স্মার্টফোন! দ্রুত করুন, ক্লিক: https://cutt.ly/CeoPN2O8",['https://cutt.ly/CeoPN2O8'],1,1,24,24,2,1,0,3,1,0,0,1,"এখনই খেলুন এবং জিতে নিন ১০টি Xiaomi স্মার্টফোন! দ্রুত করুন, ক্লিক:  [URL] ",74,1,24,24,2,1,0,3,1,0,0,1,1,24,24,2,1,0,3,1,0,0,1,"এখনই খেলুন এবং জিতে নিন ১০টি Xiaomi স্মার্টফোন! দ্রুত করুন, ক্লিক: https://cutt.ly/CeoPN2O8","এখনই খেলুন এবং জিতে নিন ১০টি Xiaomi স্মার্টফোন! দ্রুত করুন, ক্লিক: https://cutt.ly/CeoPN2O8",0,0,4,3,1,91,12,1,0,1,1,2,24,0,0,0,0,47,23,0.6714285714285714,0.32857142857142857,1,1
normal,"এটা রাকিবের নাম্বার, ০১৭৬৩৮৩৯৮৫৪ কল দিস।",Bengali,0,0,"এটা রাকিবের নাম্বার, ০১৭৬৩৮৩৯৮৫৪ কল দিস।","এটা রাকিবের নাম্বার, ০১৭৬৩৮৩৯৮৫৪ কল দিস।",[],0,0,0,0,0,0,0,0,0,0,0,0,"এটা রাকিবের নাম্বার, ০১৭৬৩৮৩৯৮৫৪ কল দিস।",40,0,0,0,0,0,0,0,0,0,0,0,0,0,0,0,0,0,0,0,0,0,0,"এটা রাকিবের নাম্বার, ০১৭৬৩৮৩৯৮৫৪ কল দিস।","এটা রাকিবের নাম্বার, ০১৭৬৩৮৩৯৮৫৪ কল দিস।",0,0,11,1,1,40,6,0,0,1,0,0,10,0,0,0,0,33,0,1.0,0.0,1,0
smish,প্রতিদিন ৫০০-৭০০ টাকা ইনকাম করুন নতুন সিম নিয়ে! বিস্তারিত জানতে ইনবক্স করুন।,Bengali,0,2,প্রতিদিন ৫০০-৭০০ টাকা ইনকাম করুন নতুন সিম নিয়ে! বিস্তারিত জানতে ইনবক্স করুন।,প্রতিদিন ৫০০-৭০০ টাকা ইনকাম করুন নতুন সিম নিয়ে! বিস্তারিত জানতে ইনবক্স করুন।,[],0,0,0,0,0,0,0,0,0,0,0,0,প্রতিদিন ৫০০-৭০০ টাকা ইনকাম করুন নতুন সিম নিয়ে! বিস্তারিত জানতে ইনবক্স করুন।,77,0,0,0,0,0,0,0,0,0,0,0,0,0,0,0,0,0,0,0,0,0,0,প্রতিদিন ৫০০-৭০০ টাকা ইনকাম করুন নতুন সিম নিয়ে! বিস্তারিত জানতে ইনবক্স করুন।,প্রতিদিন ৫০০-৭০০ টাকা ইনকাম করুন নতুন সিম নিয়ে! বিস্তারিত জানতে ইনবক্স করুন।,0,0,6,2,1,77,12,1,0,0,0,0,23,1,1,0,0,63,0,1.0,0.0,1,0
normal,তুমি কি পাহাড়ে যাচ্ছো?,Bengali,0,0,তুমি কি পাহাড়ে যাচ্ছো?,তুমি কি পাহাড়ে যাচ্ছো?,[],0,0,0,0,0,0,0,0,0,0,0,0,তুমি কি পাহাড়ে যাচ্ছো?,23,0,0,0,0,0,0,0,0,0,0,0,0,0,0,0,0,0,0,0,0,0,0,তুমি কি পাহাড়ে যাচ্ছো?,তুমি কি পাহাড়ে যাচ্ছো?,0,0,0,0,0,23,4,0,1,0,0,0,11,0,0,0,0,19,0,1.0,0.0,1,0
smish,"ডাচ্-বাংলা ব্যাংক কার্ডে আজ ৮০,০০০ টাকা চার্জ হয়েছে। যদি এটি আপনার না হয়, cancel করতে dbbl-alerts.org ভিজিট করুন।",Bengali,1,2,"ডাচ্-বাংলা ব্যাংক কার্ডে আজ ৮০,০০০ টাকা চার্জ হয়েছে। যদি এটি আপনার না হয়, cancel করতে dbbl-alerts.org ভিজিট করুন।","ডাচ্-বাংলা ব্যাংক কার্ডে আজ ৮০,০০০ টাকা চার্জ হয়েছে। যদি এটি আপনার না হয়, cancel করতে dbbl-alerts.org ভিজিট করুন।",['dbbl-alerts.org'],1,1,15,15,0,1,1,0,0,0,0,0,"ডাচ্-বাংলা ব্যাংক কার্ডে আজ ৮০,০০০ টাকা চার্জ হয়েছে। যদি এটি আপনার না হয়, cancel করতে  [URL]  ভিজিট করুন।",107,1,15,15,0,1,1,0,0,0,0,0,1,15,15,0,1,1,0,0,0,0,0,"ডাচ্-বাংলা ব্যাংক কার্ডে আজ ৮০,০০০ টাকা চার্জ হয়েছে। যদি এটি আপনার না হয়, cancel করতে dbbl-alerts.org ভিজিট করুন।","ডাচ্-বাংলা ব্যাংক কার্ডে আজ ৮০,০০০ টাকা চার্জ হয়েছে। যদি এটি আপনার না হয়, cancel করতে dbbl-alerts.org ভিজিট করুন।",0,0,5,1,1,115,18,0,0,2,1,0,34,1,1,0,0,72,19,0.7912087912087912,0.2087912087912088,1,1
smish,জয়ধ্বনি! আপনার নাম সরকারি লটারিতে এসেছে। ৫০ লক্ষ টাকার পুরস্কার।,Bengali,0,2,জয়ধ্বনি! আপনার নাম সরকারি লটারিতে এসেছে। ৫০ লক্ষ টাকার পুরস্কার।,জয়ধ্বনি! আপনার নাম সরকারি লটারিতে এসেছে। ৫০ লক্ষ টাকার পুরস্কার।,[],0,0,0,0,0,0,0,0,0,0,0,0,জয়ধ্বনি! আপনার নাম সরকারি লটারিতে এসেছে। ৫০ লক্ষ টাকার পুরস্কার।,65,0,0,0,0,0,0,0,0,0,0,0,0,0,0,0,0,0,0,0,0,0,0,জয়ধ্বনি! আপনার নাম সরকারি লটারিতে এসেছে। ৫০ লক্ষ টাকার পুরস্কার।,জয়ধ্বনি! আপনার নাম সরকারি লটারিতে এসেছে। ৫০ লক্ষ টাকার পুরস্কার।,0,0,2,1,1,65,10,1,0,0,0,0,21,1,1,0,0,53,0,1.0,0.0,1,0
smish,আসসালামুয়ালাইকুম! আপনি কি বারিতে বসে কোন টাকা ইনভেস্ট না কোরে টাকা ইনকাম করতে পারেন? Tahole Amader Bot E Kaj korun. Amader Bot E Apni Kono Investment Chara Income Corte Parben . বট লিঙ্ক:- https://t.me/free_online_income_24bot,Bengali,1,2,আসসালামুয়ালাইকুম! আপনি কি বারিতে বসে কোন টাকা ইনভেস্ট না কোরে টাকা ইনকাম করতে পারেন? Tahole Amader Bot E Kaj korun. Amader Bot E Apni Kono Investment Chara Income Corte Parben . বট লিঙ্ক:- https://t.me/free_online_income_24bot,আসসালামুয়ালাইকুম! আপনি কি বারিতে বসে কোন টাকা ইনভেস্ট না কোরে টাকা ইনকাম করতে পারেন? Tahole Amader Bot E Kaj korun. Amader Bot E Apni Kono Investment Chara Income Corte Parben . বট লিঙ্ক:- https://t.me/free_online_income_24bot,['https://t.me/free_online_income_24bot'],1,1,37,37,2,1,0,3,1,0,0,0,আসসালামুয়ালাইকুম! আপনি কি বারিতে বসে কোন টাকা ইনভেস্ট না কোরে টাকা ইনকাম করতে পারেন? Tahole Amader Bot E Kaj korun. Amader Bot E Apni Kono Investment Chara Income Corte Parben . বট লিঙ্ক:-  [URL] ,197,1,37,37,2,1,0,3,1,0,0,0,1,37,37,2,1,0,3,1,0,0,0,আসসালামুয়ালাইকুম! আপনি কি বারিতে বসে কোন টাকা ইনভেস্ট না কোরে টাকা ইনকাম করতে পারেন? Tahole Amader Bot E Kaj korun. Amader Bot E Apni Kono Investment Chara Income Corte Parben . বট লিঙ্ক:- https://t.me/free_online_income_24bot,আসসালামুয়ালাইকুম! আপনি কি বারিতে বসে কোন টাকা ইনভেস্ট না কোরে টাকা ইনকাম করতে পারেন? Tahole Amader Bot E Kaj korun. Amader Bot E Apni Kono Investment Chara Income Corte Parben . বট লিঙ্ক:- https://t.me/free_online_income_24bot,0,0,2,1,1,227,34,1,1,0,3,2,40,2,1,0,0,77,101,0.43258426966292135,0.5674157303370787,1,1
normal,এটা সালিমের নাম্বার ওকে কল দিস আসার সময় ০১৭৩৮৮৩৮৮৩৮,Bengali,0,0,এটা সালিমের নাম্বার ওকে কল দিস আসার সময় ০১৭৩৮৮৩৮৮৩৮,এটা সালিমের নাম্বার ওকে কল দিস আসার সময় ০১৭৩৮৮৩৮৮৩৮,[],0,0,0,0,0,0,0,0,0,0,0,0,এটা সালিমের নাম্বার ওকে কল দিস আসার সময় ০১৭৩৮৮৩৮৮৩৮,52,0,0,0,0,0,0,0,0,0,0,0,0,0,0,0,0,0,0,0,0,0,0,এটা সালিমের নাম্বার ওকে কল দিস আসার সময় ০১৭৩৮৮৩৮৮৩৮,এটা সালিমের নাম্বার ওকে কল দিস আসার সময় ০১৭৩৮৮৩৮৮৩৮,0,0,11,1,1,52,9,0,0,0,0,0,11,0,0,0,0,44,0,1.0,0.0,1,0
normal,একটা গল্প বলো। একবারে।,Bengali,0,0,একটা গল্প বলো। একবারে।,একটা গল্প বলো। একবারে।,[],0,0,0,0,0,0,0,0,0,0,0,0,একটা গল্প বলো। একবারে।,22,0,0,0,0,0,0,0,0,0,0,0,0,0,0,0,0,0,0,0,0,0,0,একটা গল্প বলো। একবারে।,একটা গল্প বলো। একবারে।,0,0,0,0,0,22,4,0,0,0,0,0,7,0,0,0,0,17,0,1.0,0.0,1,0
promo,GP FlexiPlan-এ আজ সব ইন্টারনেট বান্ডেল ২০% ডিসকাউন্ট।,Bengali,0,1,GP FlexiPlan-এ আজ সব ইন্টারনেট বান্ডেল ২০% ডিসকাউন্ট।,GP FlexiPlan-এ আজ সব ইন্টারনেট বান্ডেল ২০% ডিসকাউন্ট।,[],0,0,0,0,0,0,0,0,0,0,0,0,GP FlexiPlan-এ আজ সব ইন্টারনেট বান্ডেল ২০% ডিসকাউন্ট।,53,0,0,0,0,0,0,0,0,0,0,0,0,0,0,0,0,0,0,0,0,0,0,GP FlexiPlan-এ আজ সব ইন্টারনেট বান্ডেল ২০% ডিসকাউন্ট।,GP FlexiPlan-এ আজ সব ইন্টারনেট বান্ডেল ২০% ডিসকাউন্ট।,0,0,2,1,1,53,8,0,0,0,0,0,12,0,0,0,0,32,11,0.7441860465116279,0.2558139534883721,1,1
smish,আপনি ৩ ভরি সোনা জিতেছেন! বিস্তারিত জানতে কল করুন: +8801716677889,Bengali,0,2,আপনি ৩ ভরি সোনা জিতেছেন! বিস্তারিত জানতে কল করুন: +8801716677889,আপনি ৩ ভরি সোনা জিতেছেন! বিস্তারিত জানতে কল করুন: +8801716677889,[],0,0,0,0,0,0,0,0,0,0,0,0,আপনি ৩ ভরি সোনা জিতেছেন! বিস্তারিত জানতে কল করুন: +8801716677889,64,0,0,0,0,0,0,0,0,0,0,0,0,0,0,0,0,0,0,0,0,0,0,আপনি ৩ ভরি সোনা জিতেছেন! বিস্তারিত জানতে কল করুন: +8801716677889,আপনি ৩ ভরি সোনা জিতেছেন! বিস্তারিত জানতে কল করুন: +8801716677889,1,1,14,2,1,64,10,1,0,0,0,1,17,0,0,0,0,39,0,1.0,0.0,1,0
normal,"ধৈর্য ধরো, সব ঠিক হয়ে যাবে।",Bengali,0,0,"ধৈর্য ধরো, সব ঠিক হয়ে যাবে।","ধৈর্য ধরো, সব ঠিক হয়ে যাবে।",[],0,0,0,0,0,0,0,0,0,0,0,0,"ধৈর্য ধরো, সব ঠিক হয়ে যাবে।",28,0,0,0,0,0,0,0,0,0,0,0,0,0,0,0,0,0,0,0,0,0,0,"ধৈর্য ধরো, সব ঠিক হয়ে যাবে।","ধৈর্য ধরো, সব ঠিক হয়ে যাবে।",0,0,0,0,0,28,6,0,0,1,0,0,10,0,0,0,0,21,0,1.0,0.0,1,0
promo,বোনাস সহ ২জিবি-৪৫টাকা-৩দিন। ডায়াল *১২১*৫৫৩৪# বা mygp.li/my,Bengali,1,1,বোনাস সহ ২জিবি-৪৫টাকা-৩দিন। ডায়াল *১২১*৫৫৩৪# বা mygp.li/my,বোনাস সহ ২জিবি-৪৫টাকা-৩দিন। ডায়াল *১২১*৫৫৩৪# বা mygp.li/my,['mygp.li/my'],1,1,10,10,0,1,0,1,0,0,0,0,বোনাস সহ ২জিবি-৪৫টাকা-৩দিন। ডায়াল *১২১*৫৫৩৪# বা  [URL] ,56,1,10,10,0,1,0,1,0,0,0,0,1,10,10,0,1,0,1,0,0,0,0,বোনাস সহ ২জিবি-৪৫টাকা-৩দিন। ডায়াল *১২১*৫৫৩৪# বা mygp.li/my,বোনাস সহ ২জিবি-৪৫টাকা-৩দিন। ডায়াল *১২১*৫৫৩৪# বা mygp.li/my,0,0,11,5,1,59,7,0,0,0,1,0,19,1,1,0,0,37,8,0.8222222222222222,0.17777777777777778,1,1
normal,সমুদ্রে ভ্রমণ করতে ভালো লাগে।,Bengali,0,0,সমুদ্রে ভ্রমণ করতে ভালো লাগে।,সমুদ্রে ভ্রমণ করতে ভালো লাগে।,[],0,0,0,0,0,0,0,0,0,0,0,0,সমুদ্রে ভ্রমণ করতে ভালো লাগে।,29,0,0,0,0,0,0,0,0,0,0,0,0,0,0,0,0,0,0,0,0,0,0,সমুদ্রে ভ্রমণ করতে ভালো লাগে।,সমুদ্রে ভ্রমণ করতে ভালো লাগে।,0,0,0,0,0,29,5,0,0,0,0,0,10,0,0,0,0,24,0,1.0,0.0,1,0
normal,"ভাইয়া, আমার কম্পিউটার ঠিক আছে এখন। আপনার সাহায্যের জন্য ধন্যবাদ।",Bengali,0,0,"ভাইয়া, আমার কম্পিউটার ঠিক আছে এখন। আপনার সাহায্যের জন্য ধন্যবাদ।","ভাইয়া, আমার কম্পিউটার ঠিক আছে এখন। আপনার সাহায্যের জন্য ধন্যবাদ।",[],0,0,0,0,0,0,0,0,0,0,0,0,"ভাইয়া, আমার কম্পিউটার ঠিক আছে এখন। আপনার সাহায্যের জন্য ধন্যবাদ।",65,0,0,0,0,0,0,0,0,0,0,0,0,0,0,0,0,0,0,0,0,0,0,"ভাইয়া, আমার কম্পিউটার ঠিক আছে এখন। আপনার সাহায্যের জন্য ধন্যবাদ।","ভাইয়া, আমার কম্পিউটার ঠিক আছে এখন। আপনার সাহায্যের জন্য ধন্যবাদ।",0,0,0,0,0,65,10,0,0,1,0,0,20,0,0,0,0,53,0,1.0,0.0,1,0
smish,অভিনন্দন! আপনি লটারিতে ৫ লক্ষ টাকা জিতেছেন। পুরস্কার নিতে এখনই কল করুন: +8801555666777,Bengali,0,2,অভিনন্দন! আপনি লটারিতে ৫ লক্ষ টাকা জিতেছেন। পুরস্কার নিতে এখনই কল করুন: +8801555666777,অভিনন্দন! আপনি লটারিতে ৫ লক্ষ টাকা জিতেছেন। পুরস্কার নিতে এখনই কল করুন: +8801555666777,[],0,0,0,0,0,0,0,0,0,0,0,0,অভিনন্দন! আপনি লটারিতে ৫ লক্ষ টাকা জিতেছেন। পুরস্কার নিতে এখনই কল করুন: +8801555666777,86,0,0,0,0,0,0,0,0,0,0,0,0,0,0,0,0,0,0,0,0,0,0,অভিনন্দন! আপনি লটারিতে ৫ লক্ষ টাকা জিতেছেন। পুরস্কার নিতে এখনই কল করুন: +8801555666777,অভিনন্দন! আপনি লটারিতে ৫ লক্ষ টাকা জিতেছেন। পুরস্কার নিতে এখনই কল করুন: +8801555666777,1,1,14,2,1,86,13,1,0,0,0,1,22,1,1,0,0,57,0,1.0,0.0,1,0
normal,তুমি কি থিয়েটারে যাচ্ছো?,Bengali,0,0,তুমি কি থিয়েটারে যাচ্ছো?,তুমি কি থিয়েটারে যাচ্ছো?,[],0,0,0,0,0,0,0,0,0,0,0,0,তুমি কি থিয়েটারে যাচ্ছো?,25,0,0,0,0,0,0,0,0,0,0,0,0,0,0,0,0,0,0,0,0,0,0,তুমি কি থিয়েটারে যাচ্ছো?,তুমি কি থিয়েটারে যাচ্ছো?,0,0,0,0,0,25,4,0,1,0,0,0,12,0,0,0,0,21,0,1.0,0.0,1,0
normal,"০১৮২৭৩৮২৭৮৫ এই নাম্বারে কল করুন, টাকা দরকার।",Bengali,0,0,"০১৮২৭৩৮২৭৮৫ এই নাম্বারে কল করুন, টাকা দরকার।","০১৮২৭৩৮২৭৮৫ এই নাম্বারে কল করুন, টাকা দরকার।",[],0,0,0,0,0,0,0,0,0,0,0,0,"০১৮২৭৩৮২৭৮৫ এই নাম্বারে কল করুন, টাকা দরকার।",44,0,0,0,0,0,0,0,0,0,0,0,0,0,0,0,0,0,0,0,0,0,0,"০১৮২৭৩৮২৭৮৫ এই নাম্বারে কল করুন, টাকা দরকার।","০১৮২৭৩৮২৭৮৫ এই নাম্বারে কল করুন, টাকা দরকার।",0,0,11,1,1,44,7,0,0,1,0,0,10,1,1,0,0,36,0,1.0,0.0,1,0
normal,তোমার প্রিয় গান কোনটা?,Bengali,0,0,তোমার প্রিয় গান কোনটা?,তোমার প্রিয় গান কোনটা?,[],0,0,0,0,0,0,0,0,0,0,0,0,তোমার প্রিয় গান কোনটা?,23,0,0,0,0,0,0,0,0,0,0,0,0,0,0,0,0,0,0,0,0,0,0,তোমার প্রিয় গান কোনটা?,তোমার প্রিয় গান কোনটা?,0,0,0,0,0,23,4,0,1,0,0,0,9,0,0,0,0,19,0,1.0,0.0,1,0
normal,আমি যে ব্যাপারটি অনেক দুঃখ পেয়েছি সেটি হল বাসায় থাকা।,Bengali,0,0,আমি যে ব্যাপারটি অনেক দুঃখ পেয়েছি সেটি হল বাসায় থাকা।,আমি যে ব্যাপারটি অনেক দুঃখ পেয়েছি সেটি হল বাসায় থাকা।,[],0,0,0,0,0,0,0,0,0,0,0,0,আমি যে ব্যাপারটি অনেক দুঃখ পেয়েছি সেটি হল বাসায় থাকা।,55,0,0,0,0,0,0,0,0,0,0,0,0,0,0,0,0,0,0,0,0,0,0,আমি যে ব্যাপারটি অনেক দুঃখ পেয়েছি সেটি হল বাসায় থাকা।,আমি যে ব্যাপারটি অনেক দুঃখ পেয়েছি সেটি হল বাসায় থাকা।,0,0,0,0,0,55,10,0,0,0,0,0,21,0,0,0,0,45,0,1.0,0.0,1,0
promo,"নগদ থেকে গ্রামীণফোনে ১১৮টাকা রিচার্জে ১১৮টাকা ক্যাশব্যাক! ৬মে, বিকাল ৩টা-সন্ধ্যা ৭টা, মিনিটে ১ম জন। সাথে ৫জিবি, ৭দিন! ডায়াল *১৬৭#",Bengali,0,1,"নগদ থেকে গ্রামীণফোনে ১১৮টাকা রিচার্জে ১১৮টাকা ক্যাশব্যাক! ৬মে, বিকাল ৩টা-সন্ধ্যা ৭টা, মিনিটে ১ম জন। সাথে ৫জিবি, ৭দিন! ডায়াল *১৬৭#","নগদ থেকে গ্রামীণফোনে ১১৮টাকা রিচার্জে ১১৮টাকা ক্যাশব্যাক! ৬মে, বিকাল ৩টা-সন্ধ্যা ৭টা, মিনিটে ১ম জন। সাথে ৫জিবি, ৭দিন! ডায়াল *১৬৭#",[],0,0,0,0,0,0,0,0,0,0,0,0,"নগদ থেকে গ্রামীণফোনে ১১৮টাকা রিচার্জে ১১৮টাকা ক্যাশব্যাক! ৬মে, বিকাল ৩টা-সন্ধ্যা ৭টা, মিনিটে ১ম জন। সাথে ৫জিবি, ৭দিন! ডায়াল *১৬৭#",130,0,0,0,0,0,0,0,0,0,0,0,0,0,0,0,0,0,0,0,0,0,0,"নগদ থেকে গ্রামীণফোনে ১১৮টাকা রিচার্জে ১১৮টাকা ক্যাশব্যাক! ৬মে, বিকাল ৩টা-সন্ধ্যা ৭টা, মিনিটে ১ম জন। সাথে ৫জিবি, ৭দিন! ডায়াল *১৬৭#","নগদ থেকে গ্রামীণফোনে ১১৮টাকা রিচার্জে ১১৮টাকা ক্যাশব্যাক! ৬মে, বিকাল ৩টা-সন্ধ্যা ৭টা, মিনিটে ১ম জন। সাথে ৫জিবি, ৭দিন! ডায়াল *১৬৭#",0,0,15,9,1,130,19,2,0,3,0,0,47,2,1,0,0,103,0,1.0,0.0,1,0
promo,বাংলালিংকের সাপ্তাহিক ক্যাশব্যাক অফার – ২০০ টাকার রিচার্জে পান ৫০ টাকা বোনাস। রিচার্জ করতে আপনার নিকটস্থ দোকানে যান।,Bengali,0,1,বাংলালিংকের সাপ্তাহিক ক্যাশব্যাক অফার – ২০০ টাকার রিচার্জে পান ৫০ টাকা বোনাস। রিচার্জ করতে আপনার নিকটস্থ দোকানে যান।,বাংলালিংকের সাপ্তাহিক ক্যাশব্যাক অফার - ২০০ টাকার রিচার্জে পান ৫০ টাকা বোনাস। রিচার্জ করতে আপনার নিকটস্থ দোকানে যান।,[],0,0,0,0,0,0,0,0,0,0,0,0,বাংলালিংকের সাপ্তাহিক ক্যাশব্যাক অফার - ২০০ টাকার রিচার্জে পান ৫০ টাকা বোনাস। রিচার্জ করতে আপনার নিকটস্থ দোকানে যান।,116,0,0,0,0,0,0,0,0,0,0,0,0,0,0,0,0,0,0,0,0,0,0,বাংলালিংকের সাপ্তাহিক ক্যাশব্যাক অফার – ২০০ টাকার রিচার্জে পান ৫০ টাকা বোনাস। রিচার্জ করতে আপনার নিকটস্থ দোকানে যান।,বাংলালিংকের সাপ্তাহিক ক্যাশব্যাক অফার – ২০০ টাকার রিচার্জে পান ৫০ টাকা বোনাস। রিচার্জ করতে আপনার নিকটস্থ দোকানে যান।,0,0,5,2,1,116,18,0,0,0,0,0,40,2,1,0,0,96,0,1.0,0.0,1,0
promo,Robi eShop থেকে ল্যাপটপ কিনলে ফ্রি ব্যাগ ও মাউস পাচ্ছেন। সীমিত সময়ের অফার।,Bengali,0,1,Robi eShop থেকে ল্যাপটপ কিনলে ফ্রি ব্যাগ ও মাউস পাচ্ছেন। সীমিত সময়ের অফার।,Robi eShop থেকে ল্যাপটপ কিনলে ফ্রি ব্যাগ ও মাউস পাচ্ছেন। সীমিত সময়ের অফার।,[],0,0,0,0,0,0,0,0,0,0,0,0,Robi eShop থেকে ল্যাপটপ কিনলে ফ্রি ব্যাগ ও মাউস পাচ্ছেন। সীমিত সময়ের অফার।,75,0,0,0,0,0,0,0,0,0,0,0,0,0,0,0,0,0,0,0,0,0,0,Robi eShop থেকে ল্যাপটপ কিনলে ফ্রি ব্যাগ ও মাউস পাচ্ছেন। সীমিত সময়ের অফার।,Robi eShop থেকে ল্যাপটপ কিনলে ফ্রি ব্যাগ ও মাউস পাচ্ছেন। সীমিত সময়ের অফার।,0,0,0,0,0,75,13,0,0,0,0,0,21,0,0,0,0,52,9,0.8524590163934426,0.14754098360655737,1,1
normal,আমরা শুক্রবার গ্রামের বাড়ি যাচ্ছি। মাছ ধরার প্ল্যান আছে। তুমি আসবে তো?,Bengali,0,0,আমরা শুক্রবার গ্রামের বাড়ি যাচ্ছি। মাছ ধরার প্ল্যান আছে। তুমি আসবে তো?,আমরা শুক্রবার গ্রামের বাড়ি যাচ্ছি। মাছ ধরার প্ল্যান আছে। তুমি আসবে তো?,[],0,0,0,0,0,0,0,0,0,0,0,0,আমরা শুক্রবার গ্রামের বাড়ি যাচ্ছি। মাছ ধরার প্ল্যান আছে। তুমি আসবে তো?,71,0,0,0,0,0,0,0,0,0,0,0,0,0,0,0,0,0,0,0,0,0,0,আমরা শুক্রবার গ্রামের বাড়ি যাচ্ছি। মাছ ধরার প্ল্যান আছে। তুমি আসবে তো?,আমরা শুক্রবার গ্রামের বাড়ি যাচ্ছি। মাছ ধরার প্ল্যান আছে। তুমি আসবে তো?,0,0,0,0,0,71,12,0,1,0,0,0,26,0,0,0,0,57,0,1.0,0.0,1,0
normal,শুভ সপ্তাহের প্রথম দিন!,Bengali,0,0,শুভ সপ্তাহের প্রথম দিন!,শুভ সপ্তাহের প্রথম দিন!,[],0,0,0,0,0,0,0,0,0,0,0,0,শুভ সপ্তাহের প্রথম দিন!,23,0,0,0,0,0,0,0,0,0,0,0,0,0,0,0,0,0,0,0,0,0,0,শুভ সপ্তাহের প্রথম দিন!,শুভ সপ্তাহের প্রথম দিন!,0,0,0,0,0,23,4,1,0,0,0,0,7,0,0,0,0,19,0,1.0,0.0,1,0
smish,"Ads dekhe daily 200-300 tk income korte chaile join korun https://adswork-bd.com/register?ref=140639 
100% trusted site Free te kaj korte paben",Bengali,1,2,"Ads dekhe daily 200-300 tk income korte chaile join korun https://adswork-bd.com/register?ref=140639 
100% trusted site Free te kaj korte paben",Ads dekhe daily 200-300 tk income korte chaile join korun https://adswork-bd.com/register?ref=140639 100% trusted site Free te kaj korte paben,['https://adswork-bd.com/register?ref=140639'],1,1,42,42,6,1,1,3,1,0,0,0,Ads dekhe daily 200-300 tk income korte chaile join korun  [URL]  100% trusted site Free te kaj korte paben,107,1,42,42,6,1,1,3,1,0,0,0,1,42,42,6,1,1,3,1,0,0,0,"Ads dekhe daily 200-300 tk income korte chaile join korun https://adswork-bd.com/register?ref=140639 
100% trusted site Free te kaj korte paben",Ads dekhe daily 200-300 tk income korte chaile join korun https://adswork-bd.com/register?ref=140639 100% trusted site Free te kaj korte paben,0,0,15,4,1,142,19,0,1,0,1,1,10,1,1,0,0,0,99,0.0,1.0,0,1
smish,"❤️কেউ যদি অনলাইনে কাজ করতে চান এড ফি ছাড়া তাহলে ইনবক্স করুন যতটুকু পাড়ি সাহায্য করমু ইনশাআল্লাহ 🫶🫶🫶

📣💁‍♂️ দিন বদলাচ্ছে নেটওয়ার্ক মার্কেটারদের। 🧑‍💻

❤️‍🔥 এখন বিশ্বে প্রায় ৩২ লক্ষ তরুণ তরুণী   নেটওয়ার্ক মার্কেটিং নিয়ে কাজ করছেন। ঘরে বসেই আয় করেন ডলার। অন্যদেরও সুযোগ করে দিচ্ছেন। 🥀  ইনশাল্লাহ আপনারাও ইনকাম পাবেন  🥀 😊
Free income site link- 
https://www.highcpmgate.com/muigh4ey03?key=beb861fae1d527a916402431ed1e7eb8",Bengali,1,2,"❤️কেউ যদি অনলাইনে কাজ করতে চান এড ফি ছাড়া তাহলে ইনবক্স করুন যতটুকু পাড়ি সাহায্য করমু ইনশাআল্লাহ 🫶🫶🫶

📣💁‍♂️ দিন বদলাচ্ছে নেটওয়ার্ক মার্কেটারদের। 🧑‍💻

❤️‍🔥 এখন বিশ্বে প্রায় ৩২ লক্ষ তরুণ তরুণী   নেটওয়ার্ক মার্কেটিং নিয়ে কাজ করছেন। ঘরে বসেই আয় করেন ডলার। অন্যদেরও সুযোগ করে দিচ্ছেন। 🥀  ইনশাল্লাহ আপনারাও ইনকাম পাবেন  🥀 😊
Free income site link- 
https://www.highcpmgate.com/muigh4ey03?key=beb861fae1d527a916402431ed1e7eb8",❤️কেউ যদি অনলাইনে কাজ করতে চান এড ফি ছাড়া তাহলে ইনবক্স করুন যতটুকু পাড়ি সাহায্য করমু ইনশাআল্লাহ 🫶🫶🫶 📣💁‍♂️ দিন বদলাচ্ছে নেটওয়ার্ক মার্কেটারদের। 🧑‍💻 ❤️‍🔥 এখন বিশ্বে প্রায় ৩২ লক্ষ তরুণ তরুণী নেটওয়ার্ক মার্কেটিং নিয়ে কাজ করছেন। ঘরে বসেই আয় করেন ডলার। অন্যদেরও সুযোগ করে দিচ্ছেন। 🥀 ইনশাল্লাহ আপনারাও ইনকাম পাবেন 🥀 😊 Free income site link- https://www.highcpmgate.com/muigh4ey03?key=beb861fae1d527a916402431ed1e7eb8,"['https://www.', 'highcpmgate.com/muigh4ey03?key=beb861fae1d527a916402431ed1e7eb8']",2,2,75,63,22,2,0,3,1,0,0,0,❤️কেউ যদি অনলাইনে কাজ করতে চান এড ফি ছাড়া তাহলে ইনবক্স করুন যতটুকু পাড়ি সাহায্য করমু ইনশাআল্লাহ 🫶🫶🫶 📣💁‍♂️ দিন বদলাচ্ছে নেটওয়ার্ক মার্কেটারদের। 🧑‍💻 ❤️‍🔥 এখন বিশ্বে প্রায় ৩২ লক্ষ তরুণ তরুণী নেটওয়ার্ক মার্কেটিং নিয়ে কাজ করছেন। ঘরে বসেই আয় করেন ডলার। অন্যদেরও সুযোগ করে দিচ্ছেন। 🥀 ইনশাল্লাহ আপনারাও ইনকাম পাবেন 🥀 😊 Free income site link-  [URL]  [URL] ,355,2,75,63,22,2,0,3,1,0,0,0,2,75,63,22,2,0,3,1,0,0,0,"❤️কেউ যদি অনলাইনে কাজ করতে চান এড ফি ছাড়া তাহলে ইনবক্স করুন যতটুকু পাড়ি সাহায্য করমু ইনশাআল্লাহ 🫶🫶🫶

📣💁‍♂️ দিন বদলাচ্ছে নেটওয়ার্ক মার্কেটারদের। 🧑‍💻

❤️‍🔥 এখন বিশ্বে প্রায় ৩২ লক্ষ তরুণ তরুণী   নেটওয়ার্ক মার্কেটিং নিয়ে কাজ করছেন। ঘরে বসেই আয় করেন ডলার। অন্যদেরও সুযোগ করে দিচ্ছেন। 🥀  ইনশাল্লাহ আপনারাও ইনকাম পাবেন  🥀 😊
Free income site link- 
https://www.highcpmgate.com/muigh4ey03?key=beb861fae1d527a916402431ed1e7eb8",❤️কেউ যদি অনলাইনে কাজ করতে চান এড ফি ছাড়া তাহলে ইনবক্স করুন যতটুকু পাড়ি সাহায্য করমু ইনশাআল্লাহ 🫶🫶🫶 📣💁‍♂️ দিন বদলাচ্ছে নেটওয়ার্ক মার্কেটারদের। 🧑‍💻 ❤️‍🔥 এখন বিশ্বে প্রায় ৩২ লক্ষ তরুণ তরুণী নেটওয়ার্ক মার্কেটিং নিয়ে কাজ করছেন। ঘরে বসেই আয় করেন ডলার। অন্যদেরও সুযোগ করে দিচ্ছেন। 🥀 ইনশাল্লাহ আপনারাও ইনকাম পাবেন 🥀 😊 Free income site link- https://www.highcpmgate.com/muigh4ey03?key=beb861fae1d527a916402431ed1e7eb8,0,0,24,10,1,416,58,0,1,0,2,1,118,0,0,0,0,241,63,0.7927631578947368,0.20723684210526316,1,1
smish,"আপনি অনলাইনে একটি খণ্ডকালীন/পূর্ণ-সময়ের চাকরির জন্য নির্বাচিত হয়েছেন। কাজটি খুবই সহজ, কোন সময় সীমা নেই, কোন স্থানের সীমা নেই, এটি ঘরে বসে করা যায়, দৈনিক বেতন 1000-5000TK, একটি চাকরি খুঁজতে হোয়াটসঅ্যাপ ম্যানেজারের সাথে যোগাযোগ করুন:  https://wa.me/8801320862219",Bengali,1,2,"আপনি অনলাইনে একটি খণ্ডকালীন/পূর্ণ-সময়ের চাকরির জন্য নির্বাচিত হয়েছেন। কাজটি খুবই সহজ, কোন সময় সীমা নেই, কোন স্থানের সীমা নেই, এটি ঘরে বসে করা যায়, দৈনিক বেতন 1000-5000TK, একটি চাকরি খুঁজতে হোয়াটসঅ্যাপ ম্যানেজারের সাথে যোগাযোগ করুন:  https://wa.me/8801320862219","আপনি অনলাইনে একটি খণ্ডকালীন/পূর্ণ-সময়ের চাকরির জন্য নির্বাচিত হয়েছেন। কাজটি খুবই সহজ, কোন সময় সীমা নেই, কোন স্থানের সীমা নেই, এটি ঘরে বসে করা যায়, দৈনিক বেতন 1000-5000TK, একটি চাকরি খুঁজতে হোয়াটসঅ্যাপ ম্যানেজারের সাথে যোগাযোগ করুন: https://wa.me/8801320862219",['https://wa.me/8801320862219'],1,1,27,27,13,1,0,3,1,0,0,0,"আপনি অনলাইনে একটি খণ্ডকালীন/পূর্ণ-সময়ের চাকরির জন্য নির্বাচিত হয়েছেন। কাজটি খুবই সহজ, কোন সময় সীমা নেই, কোন স্থানের সীমা নেই, এটি ঘরে বসে করা যায়, দৈনিক বেতন 1000-5000TK, একটি চাকরি খুঁজতে হোয়াটসঅ্যাপ ম্যানেজারের সাথে যোগাযোগ করুন:  [URL] ",244,1,27,27,13,1,0,3,1,0,0,0,1,27,27,13,1,0,3,1,0,0,0,"আপনি অনলাইনে একটি খণ্ডকালীন/পূর্ণ-সময়ের চাকরির জন্য নির্বাচিত হয়েছেন। কাজটি খুবই সহজ, কোন সময় সীমা নেই, কোন স্থানের সীমা নেই, এটি ঘরে বসে করা যায়, দৈনিক বেতন 1000-5000TK, একটি চাকরি খুঁজতে হোয়াটসঅ্যাপ ম্যানেজারের সাথে যোগাযোগ করুন:  https://wa.me/8801320862219","আপনি অনলাইনে একটি খণ্ডকালীন/পূর্ণ-সময়ের চাকরির জন্য নির্বাচিত হয়েছেন। কাজটি খুবই সহজ, কোন সময় সীমা নেই, কোন স্থানের সীমা নেই, এটি ঘরে বসে করা যায়, দৈনিক বেতন 1000-5000TK, একটি চাকরি খুঁজতে হোয়াটসঅ্যাপ ম্যানেজারের সাথে যোগাযোগ করুন: https://wa.me/8801320862219",1,1,21,3,1,264,36,0,0,5,1,2,82,1,1,0,0,182,11,0.9430051813471503,0.05699481865284974,1,1
normal,"আপনার বিদ্যুৎ বিল বাকি ৯৫০/- টাকা, জলদি পরিশোধ করুন।",Bengali,0,0,"আপনার বিদ্যুৎ বিল বাকি ৯৫০/- টাকা, জলদি পরিশোধ করুন।","আপনার বিদ্যুৎ বিল বাকি ৯৫০/- টাকা, জলদি পরিশোধ করুন।",[],0,0,0,0,0,0,0,0,0,0,0,0,"আপনার বিদ্যুৎ বিল বাকি ৯৫০/- টাকা, জলদি পরিশোধ করুন।",52,0,0,0,0,0,0,0,0,0,0,0,0,0,0,0,0,0,0,0,0,0,0,"আপনার বিদ্যুৎ বিল বাকি ৯৫০/- টাকা, জলদি পরিশোধ করুন।","আপনার বিদ্যুৎ বিল বাকি ৯৫০/- টাকা, জলদি পরিশোধ করুন।",0,0,3,1,1,52,9,0,0,1,0,0,17,1,1,0,0,40,0,1.0,0.0,1,0
smish,আপনার Facebook ID যাচাই না হলে বন্ধ হয়ে যাবে। এখনই login করুন: fb-bdcheck.com এবং OTP নিশ্চিত করুন।,Bengali,1,2,আপনার Facebook ID যাচাই না হলে বন্ধ হয়ে যাবে। এখনই login করুন: fb-bdcheck.com এবং OTP নিশ্চিত করুন।,আপনার Facebook ID যাচাই না হলে বন্ধ হয়ে যাবে। এখনই login করুন: fb-bdcheck.com এবং OTP নিশ্চিত করুন।,['fb-bdcheck.com'],1,1,14,14,0,1,1,0,0,0,0,0,আপনার Facebook ID যাচাই না হলে বন্ধ হয়ে যাবে। এখনই login করুন:  [URL]  এবং OTP নিশ্চিত করুন।,93,1,14,14,0,1,1,0,0,0,0,0,1,14,14,0,1,1,0,0,0,0,0,আপনার Facebook ID যাচাই না হলে বন্ধ হয়ে যাবে। এখনই login করুন: fb-bdcheck.com এবং OTP নিশ্চিত করুন।,আপনার Facebook ID যাচাই না হলে বন্ধ হয়ে যাবে। এখনই login করুন: fb-bdcheck.com এবং OTP নিশ্চিত করুন।,0,0,0,0,0,100,17,0,0,0,1,1,21,0,0,3,1,49,30,0.620253164556962,0.379746835443038,1,1
normal,তুমি কি পরিবারের সাথে আছো?,Bengali,0,0,তুমি কি পরিবারের সাথে আছো?,তুমি কি পরিবারের সাথে আছো?,[],0,0,0,0,0,0,0,0,0,0,0,0,তুমি কি পরিবারের সাথে আছো?,26,0,0,0,0,0,0,0,0,0,0,0,0,0,0,0,0,0,0,0,0,0,0,তুমি কি পরিবারের সাথে আছো?,তুমি কি পরিবারের সাথে আছো?,0,0,0,0,0,26,5,0,1,0,0,0,10,0,0,0,0,21,0,1.0,0.0,1,0
smish,আপনার ইন্টারনেট প্যাকেজ আপডেট করতে কল করুন +8801714455667,Bengali,0,2,আপনার ইন্টারনেট প্যাকেজ আপডেট করতে কল করুন +8801714455667,আপনার ইন্টারনেট প্যাকেজ আপডেট করতে কল করুন +8801714455667,[],0,0,0,0,0,0,0,0,0,0,0,0,আপনার ইন্টারনেট প্যাকেজ আপডেট করতে কল করুন +8801714455667,57,0,0,0,0,0,0,0,0,0,0,0,0,0,0,0,0,0,0,0,0,0,0,আপনার ইন্টারনেট প্যাকেজ আপডেট করতে কল করুন +8801714455667,আপনার ইন্টারনেট প্যাকেজ আপডেট করতে কল করুন +8801714455667,1,1,13,1,1,57,8,0,0,0,0,0,11,0,0,0,0,36,0,1.0,0.0,1,0
normal,তুমি কখন আসতে পারবো? আমি আপনার পাশে রয়েছি।,Bengali,0,0,তুমি কখন আসতে পারবো? আমি আপনার পাশে রয়েছি।,তুমি কখন আসতে পারবো? আমি আপনার পাশে রয়েছি।,[],0,0,0,0,0,0,0,0,0,0,0,0,তুমি কখন আসতে পারবো? আমি আপনার পাশে রয়েছি।,43,0,0,0,0,0,0,0,0,0,0,0,0,0,0,0,0,0,0,0,0,0,0,তুমি কখন আসতে পারবো? আমি আপনার পাশে রয়েছি।,তুমি কখন আসতে পারবো? আমি আপনার পাশে রয়েছি।,0,0,0,0,0,43,8,0,1,0,0,0,14,0,0,0,0,34,0,1.0,0.0,1,0
smish,"প্রিয় ব্যবহারকারী, আপনার ফেসবুক একাউন্ট স্থগিত হবে। পুনরুদ্ধার করতে আপনার মোবাইল OTP দিন এই লিঙ্কে: facebook-bdverify.org।",Bengali,1,2,"প্রিয় ব্যবহারকারী, আপনার ফেসবুক একাউন্ট স্থগিত হবে। পুনরুদ্ধার করতে আপনার মোবাইল OTP দিন এই লিঙ্কে: facebook-bdverify.org।","প্রিয় ব্যবহারকারী, আপনার ফেসবুক একাউন্ট স্থগিত হবে। পুনরুদ্ধার করতে আপনার মোবাইল OTP দিন এই লিঙ্কে: facebook-bdverify.org।",['facebook-bdverify.org'],1,1,21,21,0,1,1,0,0,0,0,0,"প্রিয় ব্যবহারকারী, আপনার ফেসবুক একাউন্ট স্থগিত হবে। পুনরুদ্ধার করতে আপনার মোবাইল OTP দিন এই লিঙ্কে:  [URL] ।",109,1,21,21,0,1,1,0,0,0,0,0,1,21,21,0,1,1,0,0,0,0,0,"প্রিয় ব্যবহারকারী, আপনার ফেসবুক একাউন্ট স্থগিত হবে। পুনরুদ্ধার করতে আপনার মোবাইল OTP দিন এই লিঙ্কে: facebook-bdverify.org।","প্রিয় ব্যবহারকারী, আপনার ফেসবুক একাউন্ট স্থগিত হবে। পুনরুদ্ধার করতে আপনার মোবাইল OTP দিন এই লিঙ্কে: facebook-bdverify.org।",0,0,0,0,0,123,16,0,0,1,1,1,33,0,0,2,1,80,22,0.7843137254901961,0.21568627450980393,1,1
promo,"১০০৳ ক্যাশব্যাকে ৩১জিবি+৪৫০মি.@৩৯৯৳,৩০দিন, নিয়ে নাও: cutt.ly/2wQlYv6U",Bengali,1,1,"১০০৳ ক্যাশব্যাকে ৩১জিবি+৪৫০মি.@৩৯৯৳,৩০দিন, নিয়ে নাও: cutt.ly/2wQlYv6U","১০০৳ ক্যাশব্যাকে ৩১জিবি+৪৫০মি.@৩৯৯৳,৩০দিন, নিয়ে নাও: cutt.ly/2wQlYv6U",['cutt.ly/2wQlYv6U'],1,1,16,16,2,1,0,1,0,0,0,1,"১০০৳ ক্যাশব্যাকে ৩১জিবি+৪৫০মি.@৩৯৯৳,৩০দিন, নিয়ে নাও:  [URL] ",61,1,16,16,2,1,0,1,0,0,0,1,1,16,16,2,1,0,1,0,0,0,1,"১০০৳ ক্যাশব্যাকে ৩১জিবি+৪৫০মি.@৩৯৯৳,৩০দিন, নিয়ে নাও: cutt.ly/2wQlYv6U","১০০৳ ক্যাশব্যাকে ৩১জিবি+৪৫০মি.@৩৯৯৳,৩০দিন, নিয়ে নাও: cutt.ly/2wQlYv6U",0,0,15,7,1,70,6,0,0,2,2,1,23,2,1,0,0,43,12,0.7818181818181819,0.21818181818181817,1,1
normal,তুমি কি নতুন গানটা শুনেছো? সত্যিই দারুণ লেগেছে।,Bengali,0,0,তুমি কি নতুন গানটা শুনেছো? সত্যিই দারুণ লেগেছে।,তুমি কি নতুন গানটা শুনেছো? সত্যিই দারুণ লেগেছে।,[],0,0,0,0,0,0,0,0,0,0,0,0,তুমি কি নতুন গানটা শুনেছো? সত্যিই দারুণ লেগেছে।,47,0,0,0,0,0,0,0,0,0,0,0,0,0,0,0,0,0,0,0,0,0,0,তুমি কি নতুন গানটা শুনেছো? সত্যিই দারুণ লেগেছে।,তুমি কি নতুন গানটা শুনেছো? সত্যিই দারুণ লেগেছে।,0,0,0,0,0,47,8,0,1,0,0,0,18,0,0,0,0,38,0,1.0,0.0,1,0
promo,Daraz Electronics Fair! ল্যাপটপ ও গ্যাজেট কিনলে ৩০% ডিসকাউন্ট।,Bengali,0,1,Daraz Electronics Fair! ল্যাপটপ ও গ্যাজেট কিনলে ৩০% ডিসকাউন্ট।,Daraz Electronics Fair! ল্যাপটপ ও গ্যাজেট কিনলে ৩০% ডিসকাউন্ট।,[],0,0,0,0,0,0,0,0,0,0,0,0,Daraz Electronics Fair! ল্যাপটপ ও গ্যাজেট কিনলে ৩০% ডিসকাউন্ট।,62,0,0,0,0,0,0,0,0,0,0,0,0,0,0,0,0,0,0,0,0,0,0,Daraz Electronics Fair! ল্যাপটপ ও গ্যাজেট কিনলে ৩০% ডিসকাউন্ট।,Daraz Electronics Fair! ল্যাপটপ ও গ্যাজেট কিনলে ৩০% ডিসকাউন্ট।,0,0,2,1,1,62,9,1,0,0,0,0,13,0,0,0,0,31,20,0.6078431372549019,0.39215686274509803,1,1
smish,100+ মোবাইল গেম খেলতে এবং প্রতিদিন 25 কোটি টাকা পর্যন্ত নগদ পুরস্কার জিততে  বৃহত্তম সামাজিক গেমিং অ্যাপ ডাউনলোড করুন।,Bengali,0,2,100+ মোবাইল গেম খেলতে এবং প্রতিদিন 25 কোটি টাকা পর্যন্ত নগদ পুরস্কার জিততে  বৃহত্তম সামাজিক গেমিং অ্যাপ ডাউনলোড করুন।,100+ মোবাইল গেম খেলতে এবং প্রতিদিন 25 কোটি টাকা পর্যন্ত নগদ পুরস্কার জিততে বৃহত্তম সামাজিক গেমিং অ্যাপ ডাউনলোড করুন।,[],0,0,0,0,0,0,0,0,0,0,0,0,100+ মোবাইল গেম খেলতে এবং প্রতিদিন 25 কোটি টাকা পর্যন্ত নগদ পুরস্কার জিততে বৃহত্তম সামাজিক গেমিং অ্যাপ ডাউনলোড করুন।,116,0,0,0,0,0,0,0,0,0,0,0,0,0,0,0,0,0,0,0,0,0,0,100+ মোবাইল গেম খেলতে এবং প্রতিদিন 25 কোটি টাকা পর্যন্ত নগদ পুরস্কার জিততে  বৃহত্তম সামাজিক গেমিং অ্যাপ ডাউনলোড করুন।,100+ মোবাইল গেম খেলতে এবং প্রতিদিন 25 কোটি টাকা পর্যন্ত নগদ পুরস্কার জিততে বৃহত্তম সামাজিক গেমিং অ্যাপ ডাউনলোড করুন।,0,0,5,2,1,116,19,0,0,0,0,0,35,1,1,0,0,91,0,1.0,0.0,1,0
promo,"হটশট ক্যাশব্যাক ৳১৮! হটস্পট ডিলে ২২জিবি@৳১৭৯, ৭দিন: cutt.ly/fwLo4TBP",Bengali,1,1,"হটশট ক্যাশব্যাক ৳১৮! হটস্পট ডিলে ২২জিবি@৳১৭৯, ৭দিন: cutt.ly/fwLo4TBP","হটশট ক্যাশব্যাক ৳১৮! হটস্পট ডিলে ২২জিবি@৳১৭৯, ৭দিন: cutt.ly/fwLo4TBP",['cutt.ly/fwLo4TBP'],1,1,16,16,1,1,0,1,0,0,0,1,"হটশট ক্যাশব্যাক ৳১৮! হটস্পট ডিলে ২২জিবি@৳১৭৯, ৭দিন:  [URL] ",59,1,16,16,1,1,0,1,0,0,0,1,1,16,16,1,1,0,1,0,0,0,1,"হটশট ক্যাশব্যাক ৳১৮! হটস্পট ডিলে ২২জিবি@৳১৭৯, ৭দিন: cutt.ly/fwLo4TBP","হটশট ক্যাশব্যাক ৳১৮! হটস্পট ডিলে ২২জিবি@৳১৭৯, ৭দিন: cutt.ly/fwLo4TBP",0,0,9,5,1,68,8,1,0,1,1,1,18,2,1,0,0,41,13,0.7592592592592593,0.24074074074074073,1,1
smish,আজই ক্যাসিনোতে বাজি ধরুন এবং একটি বিলাসবহুল ট্রিপ জিতুন! যোগ দিন: smilesvoegol.servebbs.org/voegol.php,Bengali,1,2,আজই ক্যাসিনোতে বাজি ধরুন এবং একটি বিলাসবহুল ট্রিপ জিতুন! যোগ দিন: smilesvoegol.servebbs.org/voegol.php,আজই ক্যাসিনোতে বাজি ধরুন এবং একটি বিলাসবহুল ট্রিপ জিতুন! যোগ দিন: smilesvoegol.servebbs.org/voegol.php,['smilesvoegol.servebbs.org/voegol.php'],1,1,36,36,0,3,0,1,0,0,0,0,আজই ক্যাসিনোতে বাজি ধরুন এবং একটি বিলাসবহুল ট্রিপ জিতুন! যোগ দিন:  [URL] ,73,1,36,36,0,3,0,1,0,0,0,0,1,36,36,0,3,0,1,0,0,0,0,আজই ক্যাসিনোতে বাজি ধরুন এবং একটি বিলাসবহুল ট্রিপ জিতুন! যোগ দিন: smilesvoegol.servebbs.org/voegol.php,আজই ক্যাসিনোতে বাজি ধরুন এবং একটি বিলাসবহুল ট্রিপ জিতুন! যোগ দিন: smilesvoegol.servebbs.org/voegol.php,0,0,0,0,0,102,12,1,0,0,3,1,25,0,0,0,0,53,32,0.6235294117647059,0.3764705882352941,1,1
smish,অভিনন্দন! আপনি Amazon উপহার কার্ডে $1000 জিতেছেন। দাবি করতে নীচের লিঙ্কে ক্লিক করুন. bit.ly/45673,Bengali,1,2,অভিনন্দন! আপনি Amazon উপহার কার্ডে $1000 জিতেছেন। দাবি করতে নীচের লিঙ্কে ক্লিক করুন. bit.ly/45673,অভিনন্দন! আপনি Amazon উপহার কার্ডে $1000 জিতেছেন। দাবি করতে নীচের লিঙ্কে ক্লিক করুন. bit.ly/45673,['bit.ly/45673'],1,1,12,12,5,1,0,1,0,0,0,1,অভিনন্দন! আপনি Amazon উপহার কার্ডে $1000 জিতেছেন। দাবি করতে নীচের লিঙ্কে ক্লিক করুন.  [URL] ,92,1,12,12,5,1,0,1,0,0,0,1,1,12,12,5,1,0,1,0,0,0,1,অভিনন্দন! আপনি Amazon উপহার কার্ডে $1000 জিতেছেন। দাবি করতে নীচের লিঙ্কে ক্লিক করুন. bit.ly/45673,অভিনন্দন! আপনি Amazon উপহার কার্ডে $1000 জিতেছেন। দাবি করতে নীচের লিঙ্কে ক্লিক করুন. bit.ly/45673,0,0,9,2,1,97,14,1,0,0,2,0,27,1,1,0,0,58,11,0.8405797101449275,0.15942028985507245,1,1
normal,আজকের পরিকল্পনা কি?,Bengali,0,0,আজকের পরিকল্পনা কি?,আজকের পরিকল্পনা কি?,[],0,0,0,0,0,0,0,0,0,0,0,0,আজকের পরিকল্পনা কি?,19,0,0,0,0,0,0,0,0,0,0,0,0,0,0,0,0,0,0,0,0,0,0,আজকের পরিকল্পনা কি?,আজকের পরিকল্পনা কি?,0,0,0,0,0,19,3,0,1,0,0,0,6,0,0,0,0,16,0,1.0,0.0,1,0
normal,"এমন দু’টি নিয়ামত আছে, যে দু’টোতে অধিকাংশ মানুষ ক্ষতিগ্রস্ত। তা হচ্ছে, সুস্থতা আর অবসর। - [মুহাম্মাদ (সা)]",Bengali,0,0,"এমন দু’টি নিয়ামত আছে, যে দু’টোতে অধিকাংশ মানুষ ক্ষতিগ্রস্ত। তা হচ্ছে, সুস্থতা আর অবসর। - [মুহাম্মাদ (সা)]","এমন দু'টি নিয়ামত আছে, যে দু'টোতে অধিকাংশ মানুষ ক্ষতিগ্রস্ত। তা হচ্ছে, সুস্থতা আর অবসর। - [মুহাম্মাদ (সা)]",[],0,0,0,0,0,0,0,0,0,0,0,0,"এমন দু'টি নিয়ামত আছে, যে দু'টোতে অধিকাংশ মানুষ ক্ষতিগ্রস্ত। তা হচ্ছে, সুস্থতা আর অবসর। - [মুহাম্মাদ (সা)]",106,0,0,0,0,0,0,0,0,0,0,0,0,0,0,0,0,0,0,0,0,0,0,"এমন দু’টি নিয়ামত আছে, যে দু’টোতে অধিকাংশ মানুষ ক্ষতিগ্রস্ত। তা হচ্ছে, সুস্থতা আর অবসর। - [মুহাম্মাদ (সা)]","এমন দু’টি নিয়ামত আছে, যে দু’টোতে অধিকাংশ মানুষ ক্ষতিগ্রস্ত। তা হচ্ছে, সুস্থতা আর অবসর। - [মুহাম্মাদ (সা)]",0,0,0,0,0,106,17,0,0,2,0,0,41,0,0,0,0,79,0,1.0,0.0,1,0
smish,আপনার ক্রেডিট স্কোর আপডেট করতে কল করুন +8801715566778,Bengali,0,2,আপনার ক্রেডিট স্কোর আপডেট করতে কল করুন +8801715566778,আপনার ক্রেডিট স্কোর আপডেট করতে কল করুন +8801715566778,[],0,0,0,0,0,0,0,0,0,0,0,0,আপনার ক্রেডিট স্কোর আপডেট করতে কল করুন +8801715566778,53,0,0,0,0,0,0,0,0,0,0,0,0,0,0,0,0,0,0,0,0,0,0,আপনার ক্রেডিট স্কোর আপডেট করতে কল করুন +8801715566778,আপনার ক্রেডিট স্কোর আপডেট করতে কল করুন +8801715566778,1,1,13,1,1,53,8,0,0,0,0,0,10,0,0,0,0,32,0,1.0,0.0,1,0
smish,"নগদ অ্যাকাউন্ট থেকে ৫,০০০ টাকা পুরস্কার জিতেছেন! বিস্তারিত জানতে কল করুন: +8801919899901",Bengali,0,2,"নগদ অ্যাকাউন্ট থেকে ৫,০০০ টাকা পুরস্কার জিতেছেন! বিস্তারিত জানতে কল করুন: +8801919899901","নগদ অ্যাকাউন্ট থেকে ৫,০০০ টাকা পুরস্কার জিতেছেন! বিস্তারিত জানতে কল করুন: +8801919899901",[],0,0,0,0,0,0,0,0,0,0,0,0,"নগদ অ্যাকাউন্ট থেকে ৫,০০০ টাকা পুরস্কার জিতেছেন! বিস্তারিত জানতে কল করুন: +8801919899901",88,0,0,0,0,0,0,0,0,0,0,0,0,0,0,0,0,0,0,0,0,0,0,"নগদ অ্যাকাউন্ট থেকে ৫,০০০ টাকা পুরস্কার জিতেছেন! বিস্তারিত জানতে কল করুন: +8801919899901","নগদ অ্যাকাউন্ট থেকে ৫,০০০ টাকা পুরস্কার জিতেছেন! বিস্তারিত জানতে কল করুন: +8801919899901",1,1,17,2,1,88,12,1,0,1,0,1,25,1,1,1,1,60,0,1.0,0.0,1,0
normal,সপ্তাহান্তে বন্ধুদের সঙ্গে পিকনিকে যাব।,Bengali,0,0,সপ্তাহান্তে বন্ধুদের সঙ্গে পিকনিকে যাব।,সপ্তাহান্তে বন্ধুদের সঙ্গে পিকনিকে যাব।,[],0,0,0,0,0,0,0,0,0,0,0,0,সপ্তাহান্তে বন্ধুদের সঙ্গে পিকনিকে যাব।,39,0,0,0,0,0,0,0,0,0,0,0,0,0,0,0,0,0,0,0,0,0,0,সপ্তাহান্তে বন্ধুদের সঙ্গে পিকনিকে যাব।,সপ্তাহান্তে বন্ধুদের সঙ্গে পিকনিকে যাব।,0,0,0,0,0,39,5,0,0,0,0,0,15,0,0,0,0,34,0,1.0,0.0,1,0
smish,আপনার মোবাইল ব্যালেন্স রিচার্জ করতে এখানে ক্লিক করুন: [securetopup.com/TopupBD],Bengali,1,2,আপনার মোবাইল ব্যালেন্স রিচার্জ করতে এখানে ক্লিক করুন: [securetopup.com/TopupBD],আপনার মোবাইল ব্যালেন্স রিচার্জ করতে এখানে ক্লিক করুন: [securetopup.com/TopupBD],['securetopup.com/TopupBD'],1,1,23,23,0,1,0,1,0,0,0,0,আপনার মোবাইল ব্যালেন্স রিচার্জ করতে এখানে ক্লিক করুন: [ [URL] ],63,1,23,23,0,1,0,1,0,0,0,0,1,23,23,0,1,0,1,0,0,0,0,আপনার মোবাইল ব্যালেন্স রিচার্জ করতে এখানে ক্লিক করুন: [securetopup.com/TopupBD],আপনার মোবাইল ব্যালেন্স রিচার্জ করতে এখানে ক্লিক করুন: [securetopup.com/TopupBD],0,0,0,0,0,79,9,0,0,0,1,1,21,0,0,0,0,45,21,0.6818181818181818,0.3181818181818182,1,1
normal,আসসালামুয়ালাইকুম।,Bengali,0,0,আসসালামুয়ালাইকুম।,আসসালামুয়ালাইকুম।,[],0,0,0,0,0,0,0,0,0,0,0,0,আসসালামুয়ালাইকুম।,18,0,0,0,0,0,0,0,0,0,0,0,0,0,0,0,0,0,0,0,0,0,0,আসসালামুয়ালাইকুম।,আসসালামুয়ালাইকুম।,0,0,0,0,0,18,1,0,0,0,0,0,8,0,0,0,0,17,0,1.0,0.0,1,0
promo,"হ্যাপি নিউ ইয়ার - ২০২৪
স্মার্ট ব্যাংকিং সেবায় সোনালী ব্যাংক
সর্বদাই আপনার পাশে
মোঃ আফজাল করিম
সিইও এন্ড এমডি",Bengali,0,1,"হ্যাপি নিউ ইয়ার - ২০২৪
স্মার্ট ব্যাংকিং সেবায় সোনালী ব্যাংক
সর্বদাই আপনার পাশে
মোঃ আফজাল করিম
সিইও এন্ড এমডি",হ্যাপি নিউ ইয়ার - ২০২৪ স্মার্ট ব্যাংকিং সেবায় সোনালী ব্যাংক সর্বদাই আপনার পাশে মোঃ আফজাল করিম সিইও এন্ড এমডি,[],0,0,0,0,0,0,0,0,0,0,0,0,হ্যাপি নিউ ইয়ার - ২০২৪ স্মার্ট ব্যাংকিং সেবায় সোনালী ব্যাংক সর্বদাই আপনার পাশে মোঃ আফজাল করিম সিইও এন্ড এমডি,110,0,0,0,0,0,0,0,0,0,0,0,0,0,0,0,0,0,0,0,0,0,0,"হ্যাপি নিউ ইয়ার - ২০২৪
স্মার্ট ব্যাংকিং সেবায় সোনালী ব্যাংক
সর্বদাই আপনার পাশে
মোঃ আফজাল করিম
সিইও এন্ড এমডি",হ্যাপি নিউ ইয়ার - ২০২৪ স্মার্ট ব্যাংকিং সেবায় সোনালী ব্যাংক সর্বদাই আপনার পাশে মোঃ আফজাল করিম সিইও এন্ড এমডি,0,0,4,1,1,110,19,0,0,0,0,0,36,0,0,0,0,91,0,1.0,0.0,1,0
promo,রকমারিতে বই মেলা! সকল বইয়ে ২৫% ছাড়। ফ্রি হোম ডেলিভারি।,Bengali,0,1,রকমারিতে বই মেলা! সকল বইয়ে ২৫% ছাড়। ফ্রি হোম ডেলিভারি।,রকমারিতে বই মেলা! সকল বইয়ে ২৫% ছাড়। ফ্রি হোম ডেলিভারি।,[],0,0,0,0,0,0,0,0,0,0,0,0,রকমারিতে বই মেলা! সকল বইয়ে ২৫% ছাড়। ফ্রি হোম ডেলিভারি।,56,0,0,0,0,0,0,0,0,0,0,0,0,0,0,0,0,0,0,0,0,0,0,রকমারিতে বই মেলা! সকল বইয়ে ২৫% ছাড়। ফ্রি হোম ডেলিভারি।,রকমারিতে বই মেলা! সকল বইয়ে ২৫% ছাড়। ফ্রি হোম ডেলিভারি।,0,0,2,1,1,56,10,1,0,0,0,0,20,0,0,0,0,43,0,1.0,0.0,1,0
normal,"আপনার একাউন্ট থেকে ৩০০০/- টাকা কাটা হয়েছে, কল করুন।",Bengali,0,0,"আপনার একাউন্ট থেকে ৩০০০/- টাকা কাটা হয়েছে, কল করুন।","আপনার একাউন্ট থেকে ৩০০০/- টাকা কাটা হয়েছে, কল করুন।",[],0,0,0,0,0,0,0,0,0,0,0,0,"আপনার একাউন্ট থেকে ৩০০০/- টাকা কাটা হয়েছে, কল করুন।",52,0,0,0,0,0,0,0,0,0,0,0,0,0,0,0,0,0,0,0,0,0,0,"আপনার একাউন্ট থেকে ৩০০০/- টাকা কাটা হয়েছে, কল করুন।","আপনার একাউন্ট থেকে ৩০০০/- টাকা কাটা হয়েছে, কল করুন।",0,0,4,1,1,52,9,0,0,1,0,0,17,1,1,0,0,40,0,1.0,0.0,1,0
promo,বিকাশ পেমেন্টে ক্যাশব্যাক! সব শপে ১০% রিওয়ার্ড পান।,Bengali,0,1,বিকাশ পেমেন্টে ক্যাশব্যাক! সব শপে ১০% রিওয়ার্ড পান।,বিকাশ পেমেন্টে ক্যাশব্যাক! সব শপে ১০% রিওয়ার্ড পান।,[],0,0,0,0,0,0,0,0,0,0,0,0,বিকাশ পেমেন্টে ক্যাশব্যাক! সব শপে ১০% রিওয়ার্ড পান।,52,0,0,0,0,0,0,0,0,0,0,0,0,0,0,0,0,0,0,0,0,0,0,বিকাশ পেমেন্টে ক্যাশব্যাক! সব শপে ১০% রিওয়ার্ড পান।,বিকাশ পেমেন্টে ক্যাশব্যাক! সব শপে ১০% রিওয়ার্ড পান।,0,0,2,1,1,52,8,1,0,0,0,0,19,0,0,0,0,42,0,1.0,0.0,1,0
smish,ইমার্জেন্সি: আপনার DBBL মোবাইল ব্যাংকিং একাউন্ট সাসপেন্ড। PIN রিসেট করুন: bit.ly/reset-pin,Bengali,1,2,ইমার্জেন্সি: আপনার DBBL মোবাইল ব্যাংকিং একাউন্ট সাসপেন্ড। PIN রিসেট করুন: bit.ly/reset-pin,ইমার্জেন্সি: আপনার DBBL মোবাইল ব্যাংকিং একাউন্ট সাসপেন্ড। PIN রিসেট করুন: bit.ly/reset-pin,['bit.ly/reset-pin'],1,1,16,16,0,1,1,1,0,0,0,1,ইমার্জেন্সি: আপনার DBBL মোবাইল ব্যাংকিং একাউন্ট সাসপেন্ড। PIN রিসেট করুন:  [URL] ,81,1,16,16,0,1,1,1,0,0,0,1,1,16,16,0,1,1,1,0,0,0,1,ইমার্জেন্সি: আপনার DBBL মোবাইল ব্যাংকিং একাউন্ট সাসপেন্ড। PIN রিসেট করুন: bit.ly/reset-pin,ইমার্জেন্সি: আপনার DBBL মোবাইল ব্যাংকিং একাউন্ট সাসপেন্ড। PIN রিসেট করুন: bit.ly/reset-pin,0,0,0,0,0,90,11,0,0,0,1,2,27,0,0,1,1,54,20,0.7297297297297297,0.2702702702702703,1,1
promo,নতুন গ্রাহকদের জন্য স্পেশাল অফার! আমাদের সার্ভিসে ৩০% ছাড়।,Bengali,0,1,নতুন গ্রাহকদের জন্য স্পেশাল অফার! আমাদের সার্ভিসে ৩০% ছাড়।,নতুন গ্রাহকদের জন্য স্পেশাল অফার! আমাদের সার্ভিসে ৩০% ছাড়।,[],0,0,0,0,0,0,0,0,0,0,0,0,নতুন গ্রাহকদের জন্য স্পেশাল অফার! আমাদের সার্ভিসে ৩০% ছাড়।,59,0,0,0,0,0,0,0,0,0,0,0,0,0,0,0,0,0,0,0,0,0,0,নতুন গ্রাহকদের জন্য স্পেশাল অফার! আমাদের সার্ভিসে ৩০% ছাড়।,নতুন গ্রাহকদের জন্য স্পেশাল অফার! আমাদের সার্ভিসে ৩০% ছাড়।,0,0,2,1,1,59,9,1,0,0,0,0,20,0,0,0,0,48,0,1.0,0.0,1,0
smish,আপনার ইমেল ঠিকানাটি যাচাই করতে এখানে ক্লিক করুন: [secureemail.com/VerifyBD],Bengali,1,2,আপনার ইমেল ঠিকানাটি যাচাই করতে এখানে ক্লিক করুন: [secureemail.com/VerifyBD],আপনার ইমেল ঠিকানাটি যাচাই করতে এখানে ক্লিক করুন: [secureemail.com/VerifyBD],['secureemail.com/VerifyBD'],1,1,24,24,0,1,0,1,0,0,0,0,আপনার ইমেল ঠিকানাটি যাচাই করতে এখানে ক্লিক করুন: [ [URL] ],58,1,24,24,0,1,0,1,0,0,0,0,1,24,24,0,1,0,1,0,0,0,0,আপনার ইমেল ঠিকানাটি যাচাই করতে এখানে ক্লিক করুন: [secureemail.com/VerifyBD],আপনার ইমেল ঠিকানাটি যাচাই করতে এখানে ক্লিক করুন: [secureemail.com/VerifyBD],0,0,0,0,0,75,9,0,0,0,1,1,19,0,0,2,1,40,22,0.6451612903225806,0.3548387096774194,1,1
promo,বাংলাদেশ নৌবাহিনীতে অফিসার ক্যাডেট পদে নিয়োগ চলছে । ভিজিট করুন: www.joinnavy.navy.mil.bd,Bengali,1,1,বাংলাদেশ নৌবাহিনীতে অফিসার ক্যাডেট পদে নিয়োগ চলছে । ভিজিট করুন: www.joinnavy.navy.mil.bd,বাংলাদেশ নৌবাহিনীতে অফিসার ক্যাডেট পদে নিয়োগ চলছে । ভিজিট করুন: www.joinnavy.navy.mil.bd,"['www.', 'joinnavy.navy.mil.bd']",2,2,24,20,0,4,0,0,0,0,0,0,বাংলাদেশ নৌবাহিনীতে অফিসার ক্যাডেট পদে নিয়োগ চলছে । ভিজিট করুন:  [URL]  [URL] ,79,2,24,20,0,4,0,0,0,0,0,0,2,24,20,0,4,0,0,0,0,0,0,বাংলাদেশ নৌবাহিনীতে অফিসার ক্যাডেট পদে নিয়োগ চলছে । ভিজিট করুন: www.joinnavy.navy.mil.bd,বাংলাদেশ নৌবাহিনীতে অফিসার ক্যাডেট পদে নিয়োগ চলছে । ভিজিট করুন: www.joinnavy.navy.mil.bd,0,0,0,0,0,89,11,0,0,0,4,1,28,0,0,0,0,53,20,0.726027397260274,0.273972602739726,1,1
smish,বাংলাদেশ ব্যাংক থেকে একটি জরুরি বার্তা এসেছে। কল করুন: +8801914567890,Bengali,0,2,বাংলাদেশ ব্যাংক থেকে একটি জরুরি বার্তা এসেছে। কল করুন: +8801914567890,বাংলাদেশ ব্যাংক থেকে একটি জরুরি বার্তা এসেছে। কল করুন: +8801914567890,[],0,0,0,0,0,0,0,0,0,0,0,0,বাংলাদেশ ব্যাংক থেকে একটি জরুরি বার্তা এসেছে। কল করুন: +8801914567890,69,0,0,0,0,0,0,0,0,0,0,0,0,0,0,0,0,0,0,0,0,0,0,বাংলাদেশ ব্যাংক থেকে একটি জরুরি বার্তা এসেছে। কল করুন: +8801914567890,বাংলাদেশ ব্যাংক থেকে একটি জরুরি বার্তা এসেছে। কল করুন: +8801914567890,1,1,13,1,1,69,10,0,0,0,0,1,21,0,0,0,0,44,0,1.0,0.0,1,0
smish,আপনার অ্যাকাউন্টটি ভেরিফাই করতে কল করুন +8801813344556,Bengali,0,2,আপনার অ্যাকাউন্টটি ভেরিফাই করতে কল করুন +8801813344556,আপনার অ্যাকাউন্টটি ভেরিফাই করতে কল করুন +8801813344556,[],0,0,0,0,0,0,0,0,0,0,0,0,আপনার অ্যাকাউন্টটি ভেরিফাই করতে কল করুন +8801813344556,54,0,0,0,0,0,0,0,0,0,0,0,0,0,0,0,0,0,0,0,0,0,0,আপনার অ্যাকাউন্টটি ভেরিফাই করতে কল করুন +8801813344556,আপনার অ্যাকাউন্টটি ভেরিফাই করতে কল করুন +8801813344556,1,1,13,1,1,54,7,0,0,0,0,0,12,0,0,2,1,34,0,1.0,0.0,1,0
smish,সোনালী ব্যাংক থেকে আপনার জন্য জরুরি বার্তা। কল করুন: +8801716677889,Bengali,0,2,সোনালী ব্যাংক থেকে আপনার জন্য জরুরি বার্তা। কল করুন: +8801716677889,সোনালী ব্যাংক থেকে আপনার জন্য জরুরি বার্তা। কল করুন: +8801716677889,[],0,0,0,0,0,0,0,0,0,0,0,0,সোনালী ব্যাংক থেকে আপনার জন্য জরুরি বার্তা। কল করুন: +8801716677889,67,0,0,0,0,0,0,0,0,0,0,0,0,0,0,0,0,0,0,0,0,0,0,সোনালী ব্যাংক থেকে আপনার জন্য জরুরি বার্তা। কল করুন: +8801716677889,সোনালী ব্যাংক থেকে আপনার জন্য জরুরি বার্তা। কল করুন: +8801716677889,1,1,13,1,1,67,10,0,0,0,0,1,19,0,0,0,0,42,0,1.0,0.0,1,0
smish,লাকি ড্র! আপনি Honda বাইক জিতেছেন। রেজিস্ট্রেশন: honda-bike.tk,Bengali,1,2,লাকি ড্র! আপনি Honda বাইক জিতেছেন। রেজিস্ট্রেশন: honda-bike.tk,লাকি ড্র! আপনি Honda বাইক জিতেছেন। রেজিস্ট্রেশন: honda-bike.tk,['honda-bike.tk'],1,1,13,13,0,1,1,0,0,0,0,0,লাকি ড্র! আপনি Honda বাইক জিতেছেন। রেজিস্ট্রেশন:  [URL] ,56,1,13,13,0,1,1,0,0,0,0,0,1,13,13,0,1,1,0,0,0,0,0,লাকি ড্র! আপনি Honda বাইক জিতেছেন। রেজিস্ট্রেশন: honda-bike.tk,লাকি ড্র! আপনি Honda বাইক জিতেছেন। রেজিস্ট্রেশন: honda-bike.tk,0,0,0,0,0,62,8,1,0,0,1,1,18,1,1,0,0,34,16,0.68,0.32,1,1
promo,"উম্মাহ সপ থেকে যে কোনো ধরনের কেনাকাটা করলে পাচ্ছেন ২০% পর্যন্ত বোনাস,  ফারিদপুর সদর।",Bengali,0,1,"উম্মাহ সপ থেকে যে কোনো ধরনের কেনাকাটা করলে পাচ্ছেন ২০% পর্যন্ত বোনাস,  ফারিদপুর সদর।","উম্মাহ সপ থেকে যে কোনো ধরনের কেনাকাটা করলে পাচ্ছেন ২০% পর্যন্ত বোনাস, ফারিদপুর সদর।",[],0,0,0,0,0,0,0,0,0,0,0,0,"উম্মাহ সপ থেকে যে কোনো ধরনের কেনাকাটা করলে পাচ্ছেন ২০% পর্যন্ত বোনাস, ফারিদপুর সদর।",83,0,0,0,0,0,0,0,0,0,0,0,0,0,0,0,0,0,0,0,0,0,0,"উম্মাহ সপ থেকে যে কোনো ধরনের কেনাকাটা করলে পাচ্ছেন ২০% পর্যন্ত বোনাস,  ফারিদপুর সদর।","উম্মাহ সপ থেকে যে কোনো ধরনের কেনাকাটা করলে পাচ্ছেন ২০% পর্যন্ত বোনাস, ফারিদপুর সদর।",0,0,2,1,1,83,14,0,0,1,0,0,26,0,0,0,0,67,0,1.0,0.0,1,0
normal,হ্যালো!,Bengali,0,0,হ্যালো!,হ্যালো!,[],0,0,0,0,0,0,0,0,0,0,0,0,হ্যালো!,7,0,0,0,0,0,0,0,0,0,0,0,0,0,0,0,0,0,0,0,0,0,0,হ্যালো!,হ্যালো!,0,0,0,0,0,7,1,1,0,0,0,0,4,0,0,0,0,6,0,1.0,0.0,1,0
smish,"Robi ব্যবহারকারী, আপনার সিম অবিলম্বে যাচাই করতে robicare-verification.org এ গিয়ে নাম, জন্মতারিখ এবং OTP দিন। যাচাই না করলে ১২ ঘণ্টার মধ্যে সিম ব্লক হবে।",Bengali,1,2,"Robi ব্যবহারকারী, আপনার সিম অবিলম্বে যাচাই করতে robicare-verification.org এ গিয়ে নাম, জন্মতারিখ এবং OTP দিন। যাচাই না করলে ১২ ঘণ্টার মধ্যে সিম ব্লক হবে।","Robi ব্যবহারকারী, আপনার সিম অবিলম্বে যাচাই করতে robicare-verification.org এ গিয়ে নাম, জন্মতারিখ এবং OTP দিন। যাচাই না করলে ১২ ঘণ্টার মধ্যে সিম ব্লক হবে।",['robicare-verification.org'],1,1,25,25,0,1,1,0,0,0,0,0,"Robi ব্যবহারকারী, আপনার সিম অবিলম্বে যাচাই করতে  [URL]  এ গিয়ে নাম, জন্মতারিখ এবং OTP দিন। যাচাই না করলে ১২ ঘণ্টার মধ্যে সিম ব্লক হবে।",135,1,25,25,0,1,1,0,0,0,0,0,1,25,25,0,1,1,0,0,0,0,0,"Robi ব্যবহারকারী, আপনার সিম অবিলম্বে যাচাই করতে robicare-verification.org এ গিয়ে নাম, জন্মতারিখ এবং OTP দিন। যাচাই না করলে ১২ ঘণ্টার মধ্যে সিম ব্লক হবে।","Robi ব্যবহারকারী, আপনার সিম অবিলম্বে যাচাই করতে robicare-verification.org এ গিয়ে নাম, জন্মতারিখ এবং OTP দিন। যাচাই না করলে ১২ ঘণ্টার মধ্যে সিম ব্লক হবে।",0,0,2,1,1,153,24,0,0,2,1,0,38,0,0,3,1,94,30,0.7580645161290323,0.24193548387096775,1,1
normal,আমি এখন কি বলতে পারি না।,Bengali,0,0,আমি এখন কি বলতে পারি না।,আমি এখন কি বলতে পারি না।,[],0,0,0,0,0,0,0,0,0,0,0,0,আমি এখন কি বলতে পারি না।,24,0,0,0,0,0,0,0,0,0,0,0,0,0,0,0,0,0,0,0,0,0,0,আমি এখন কি বলতে পারি না।,আমি এখন কি বলতে পারি না।,0,0,0,0,0,24,6,0,0,0,0,0,7,0,0,0,0,18,0,1.0,0.0,1,0
promo,"তোমার জন্য স্পেশাল গিফট, ৬০পয়সা/মিনিট কলরেট, নাও: cutt.ly/qwnfrXbV",Bengali,1,1,"তোমার জন্য স্পেশাল গিফট, ৬০পয়সা/মিনিট কলরেট, নাও: cutt.ly/qwnfrXbV","তোমার জন্য স্পেশাল গিফট, ৬০পয়সা/মিনিট কলরেট, নাও: cutt.ly/qwnfrXbV",['cutt.ly/qwnfrXbV'],1,1,16,16,0,1,0,1,0,0,0,1,"তোমার জন্য স্পেশাল গিফট, ৬০পয়সা/মিনিট কলরেট, নাও:  [URL] ",58,1,16,16,0,1,0,1,0,0,0,1,1,16,16,0,1,0,1,0,0,0,1,"তোমার জন্য স্পেশাল গিফট, ৬০পয়সা/মিনিট কলরেট, নাও: cutt.ly/qwnfrXbV","তোমার জন্য স্পেশাল গিফট, ৬০পয়সা/মিনিট কলরেট, নাও: cutt.ly/qwnfrXbV",0,0,2,1,1,67,8,0,0,2,1,1,19,0,0,0,0,40,14,0.7407407407407407,0.25925925925925924,1,1
smish,জরুরি বার্তা! আপনার গ্যাস কানেকশন বন্ধ হবে। বিল পরিশোধ: gas-bill-pay.ml,Bengali,1,2,জরুরি বার্তা! আপনার গ্যাস কানেকশন বন্ধ হবে। বিল পরিশোধ: gas-bill-pay.ml,জরুরি বার্তা! আপনার গ্যাস কানেকশন বন্ধ হবে। বিল পরিশোধ: gas-bill-pay.ml,['gas-bill-pay.ml'],1,1,15,15,0,1,2,0,0,0,0,0,জরুরি বার্তা! আপনার গ্যাস কানেকশন বন্ধ হবে। বিল পরিশোধ:  [URL] ,63,1,15,15,0,1,2,0,0,0,0,0,1,15,15,0,1,2,0,0,0,0,0,জরুরি বার্তা! আপনার গ্যাস কানেকশন বন্ধ হবে। বিল পরিশোধ: gas-bill-pay.ml,জরুরি বার্তা! আপনার গ্যাস কানেকশন বন্ধ হবে। বিল পরিশোধ: gas-bill-pay.ml,0,0,0,0,0,71,10,1,0,0,1,1,21,0,0,0,0,44,12,0.7857142857142857,0.21428571428571427,1,1
promo,আজকের স্পেশাল: সব বইয়ে ১৫% ছাড়। দেরি না করে এখনই অর্ডার করুন।,Bengali,0,1,আজকের স্পেশাল: সব বইয়ে ১৫% ছাড়। দেরি না করে এখনই অর্ডার করুন।,আজকের স্পেশাল: সব বইয়ে ১৫% ছাড়। দেরি না করে এখনই অর্ডার করুন।,[],0,0,0,0,0,0,0,0,0,0,0,0,আজকের স্পেশাল: সব বইয়ে ১৫% ছাড়। দেরি না করে এখনই অর্ডার করুন।,63,0,0,0,0,0,0,0,0,0,0,0,0,0,0,0,0,0,0,0,0,0,0,আজকের স্পেশাল: সব বইয়ে ১৫% ছাড়। দেরি না করে এখনই অর্ডার করুন।,আজকের স্পেশাল: সব বইয়ে ১৫% ছাড়। দেরি না করে এখনই অর্ডার করুন।,0,0,2,1,1,63,12,0,0,0,0,1,19,0,0,0,0,48,0,1.0,0.0,1,0
smish,"সোনালী ব্যাংক থেকে বার্তা: আপনার অ্যাকাউন্টে ১,০০,০০০ টাকার লেনদেন চেষ্টা ব্যর্থ হয়েছে। নিরাপত্তার জন্য এখনই sonali-secure24.com এ গিয়ে আপনার পাসওয়ার্ড আপডেট করুন। দেরি করবেন না।",Bengali,1,2,"সোনালী ব্যাংক থেকে বার্তা: আপনার অ্যাকাউন্টে ১,০০,০০০ টাকার লেনদেন চেষ্টা ব্যর্থ হয়েছে। নিরাপত্তার জন্য এখনই sonali-secure24.com এ গিয়ে আপনার পাসওয়ার্ড আপডেট করুন। দেরি করবেন না।","সোনালী ব্যাংক থেকে বার্তা: আপনার অ্যাকাউন্টে ১,০০,০০০ টাকার লেনদেন চেষ্টা ব্যর্থ হয়েছে। নিরাপত্তার জন্য এখনই sonali-secure24.com এ গিয়ে আপনার পাসওয়ার্ড আপডেট করুন। দেরি করবেন না।",['sonali-secure24.com'],1,1,19,19,2,1,1,0,0,0,0,0,"সোনালী ব্যাংক থেকে বার্তা: আপনার অ্যাকাউন্টে ১,০০,০০০ টাকার লেনদেন চেষ্টা ব্যর্থ হয়েছে। নিরাপত্তার জন্য এখনই  [URL]  এ গিয়ে আপনার পাসওয়ার্ড আপডেট করুন। দেরি করবেন না।",169,1,19,19,2,1,1,0,0,0,0,0,1,19,19,2,1,1,0,0,0,0,0,"সোনালী ব্যাংক থেকে বার্তা: আপনার অ্যাকাউন্টে ১,০০,০০০ টাকার লেনদেন চেষ্টা ব্যর্থ হয়েছে। নিরাপত্তার জন্য এখনই sonali-secure24.com এ গিয়ে আপনার পাসওয়ার্ড আপডেট করুন। দেরি করবেন না।","সোনালী ব্যাংক থেকে বার্তা: আপনার অ্যাকাউন্টে ১,০০,০০০ টাকার লেনদেন চেষ্টা ব্যর্থ হয়েছে। নিরাপত্তার জন্য এখনই sonali-secure24.com এ গিয়ে আপনার পাসওয়ার্ড আপডেট করুন। দেরি করবেন না।",0,0,8,3,1,181,25,0,0,2,1,1,56,1,1,2,1,132,15,0.8979591836734694,0.10204081632653061,1,1
normal,"আজ দুপুরে বাজারে গিয়ে মাছ কিনলাম। ইলিশ অনেক দামি হয়ে গেছে, তবে ছোট মাছগুলোর দাম মোটামুটি। রান্না করে সবাই মিলে খাওয়ার প্ল্যান করছি।",Bengali,0,0,"আজ দুপুরে বাজারে গিয়ে মাছ কিনলাম। ইলিশ অনেক দামি হয়ে গেছে, তবে ছোট মাছগুলোর দাম মোটামুটি। রান্না করে সবাই মিলে খাওয়ার প্ল্যান করছি।","আজ দুপুরে বাজারে গিয়ে মাছ কিনলাম। ইলিশ অনেক দামি হয়ে গেছে, তবে ছোট মাছগুলোর দাম মোটামুটি। রান্না করে সবাই মিলে খাওয়ার প্ল্যান করছি।",[],0,0,0,0,0,0,0,0,0,0,0,0,"আজ দুপুরে বাজারে গিয়ে মাছ কিনলাম। ইলিশ অনেক দামি হয়ে গেছে, তবে ছোট মাছগুলোর দাম মোটামুটি। রান্না করে সবাই মিলে খাওয়ার প্ল্যান করছি।",134,0,0,0,0,0,0,0,0,0,0,0,0,0,0,0,0,0,0,0,0,0,0,"আজ দুপুরে বাজারে গিয়ে মাছ কিনলাম। ইলিশ অনেক দামি হয়ে গেছে, তবে ছোট মাছগুলোর দাম মোটামুটি। রান্না করে সবাই মিলে খাওয়ার প্ল্যান করছি।","আজ দুপুরে বাজারে গিয়ে মাছ কিনলাম। ইলিশ অনেক দামি হয়ে গেছে, তবে ছোট মাছগুলোর দাম মোটামুটি। রান্না করে সবাই মিলে খাওয়ার প্ল্যান করছি।",0,0,0,0,0,134,23,0,0,1,0,0,48,0,0,0,0,108,0,1.0,0.0,1,0
normal,আজকে অফিসে প্রচুর কাজ ছিল। বস বারবার রিপোর্ট চাইছিলেন। তবে টিমওয়ার্ক ভালো হওয়ায় সময়মতো শেষ করতে পেরেছি।,Bengali,0,0,আজকে অফিসে প্রচুর কাজ ছিল। বস বারবার রিপোর্ট চাইছিলেন। তবে টিমওয়ার্ক ভালো হওয়ায় সময়মতো শেষ করতে পেরেছি।,আজকে অফিসে প্রচুর কাজ ছিল। বস বারবার রিপোর্ট চাইছিলেন। তবে টিমওয়ার্ক ভালো হওয়ায় সময়মতো শেষ করতে পেরেছি।,[],0,0,0,0,0,0,0,0,0,0,0,0,আজকে অফিসে প্রচুর কাজ ছিল। বস বারবার রিপোর্ট চাইছিলেন। তবে টিমওয়ার্ক ভালো হওয়ায় সময়মতো শেষ করতে পেরেছি।,107,0,0,0,0,0,0,0,0,0,0,0,0,0,0,0,0,0,0,0,0,0,0,আজকে অফিসে প্রচুর কাজ ছিল। বস বারবার রিপোর্ট চাইছিলেন। তবে টিমওয়ার্ক ভালো হওয়ায় সময়মতো শেষ করতে পেরেছি।,আজকে অফিসে প্রচুর কাজ ছিল। বস বারবার রিপোর্ট চাইছিলেন। তবে টিমওয়ার্ক ভালো হওয়ায় সময়মতো শেষ করতে পেরেছি।,0,0,0,0,0,107,17,0,0,0,0,0,35,0,0,0,0,88,0,1.0,0.0,1,0
normal,"০১৮৭৩৮২৮১৯৩ নাম্বারে বিকাশ করুন, তাড়াতাড়ি।",Bengali,0,0,"০১৮৭৩৮২৮১৯৩ নাম্বারে বিকাশ করুন, তাড়াতাড়ি।","০১৮৭৩৮২৮১৯৩ নাম্বারে বিকাশ করুন, তাড়াতাড়ি।",[],0,0,0,0,0,0,0,0,0,0,0,0,"০১৮৭৩৮২৮১৯৩ নাম্বারে বিকাশ করুন, তাড়াতাড়ি।",44,0,0,0,0,0,0,0,0,0,0,0,0,0,0,0,0,0,0,0,0,0,0,"০১৮৭৩৮২৮১৯৩ নাম্বারে বিকাশ করুন, তাড়াতাড়ি।","০১৮৭৩৮২৮১৯৩ নাম্বারে বিকাশ করুন, তাড়াতাড়ি।",0,0,11,1,1,44,5,0,0,1,0,0,15,0,0,0,0,38,0,1.0,0.0,1,0
smish,কৃষকদের জন্য সরকার দিচ্ছে পঞ্চাশ হাজার টাকা পর্যন্ত ভর্তুকি। ভর্তুকি পেতে এখনই যোগাযোগ করুন ০১৫৩৮২৭২৭৩৪,Bengali,0,2,কৃষকদের জন্য সরকার দিচ্ছে পঞ্চাশ হাজার টাকা পর্যন্ত ভর্তুকি। ভর্তুকি পেতে এখনই যোগাযোগ করুন ০১৫৩৮২৭২৭৩৪,কৃষকদের জন্য সরকার দিচ্ছে পঞ্চাশ হাজার টাকা পর্যন্ত ভর্তুকি। ভর্তুকি পেতে এখনই যোগাযোগ করুন ০১৫৩৮২৭২৭৩৪,[],0,0,0,0,0,0,0,0,0,0,0,0,কৃষকদের জন্য সরকার দিচ্ছে পঞ্চাশ হাজার টাকা পর্যন্ত ভর্তুকি। ভর্তুকি পেতে এখনই যোগাযোগ করুন ০১৫৩৮২৭২৭৩৪,103,0,0,0,0,0,0,0,0,0,0,0,0,0,0,0,0,0,0,0,0,0,0,কৃষকদের জন্য সরকার দিচ্ছে পঞ্চাশ হাজার টাকা পর্যন্ত ভর্তুকি। ভর্তুকি পেতে এখনই যোগাযোগ করুন ০১৫৩৮২৭২৭৩৪,কৃষকদের জন্য সরকার দিচ্ছে পঞ্চাশ হাজার টাকা পর্যন্ত ভর্তুকি। ভর্তুকি পেতে এখনই যোগাযোগ করুন ০১৫৩৮২৭২৭৩৪,0,0,11,1,1,103,15,0,0,0,0,0,28,1,1,0,0,88,0,1.0,0.0,1,0
smish,"E-comerch Platform ( No Fee )
আমাদের কোম্পানিতে কাজ করে প্রতিদিন $10/$15 USDT আয় করতে চাইলে Inbox",Bengali,0,2,"E-comerch Platform ( No Fee )
আমাদের কোম্পানিতে কাজ করে প্রতিদিন $10/$15 USDT আয় করতে চাইলে Inbox",E-comerch Platform ( No Fee ) আমাদের কোম্পানিতে কাজ করে প্রতিদিন $10/$15 USDT আয় করতে চাইলে Inbox,[],0,0,0,0,0,0,0,0,0,0,0,0,E-comerch Platform ( No Fee ) আমাদের কোম্পানিতে কাজ করে প্রতিদিন $10/$15 USDT আয় করতে চাইলে Inbox,98,0,0,0,0,0,0,0,0,0,0,0,0,0,0,0,0,0,0,0,0,0,0,"E-comerch Platform ( No Fee )
আমাদের কোম্পানিতে কাজ করে প্রতিদিন $10/$15 USDT আয় করতে চাইলে Inbox",E-comerch Platform ( No Fee ) আমাদের কোম্পানিতে কাজ করে প্রতিদিন $10/$15 USDT আয় করতে চাইলে Inbox,0,0,4,2,1,98,17,0,0,0,0,0,22,3,1,0,0,42,30,0.5833333333333334,0.4166666666666667,1,1
normal,"তুমি পারবে, আমি জানি।",Bengali,0,0,"তুমি পারবে, আমি জানি।","তুমি পারবে, আমি জানি।",[],0,0,0,0,0,0,0,0,0,0,0,0,"তুমি পারবে, আমি জানি।",21,0,0,0,0,0,0,0,0,0,0,0,0,0,0,0,0,0,0,0,0,0,0,"তুমি পারবে, আমি জানি।","তুমি পারবে, আমি জানি।",0,0,0,0,0,21,4,0,0,1,0,0,9,0,0,0,0,16,0,1.0,0.0,1,0
normal,সবচেয়ে সুন্দর পারবারিক কাজের জন্য আমি সময় দিতে চাই।,Bengali,0,0,সবচেয়ে সুন্দর পারবারিক কাজের জন্য আমি সময় দিতে চাই।,সবচেয়ে সুন্দর পারবারিক কাজের জন্য আমি সময় দিতে চাই।,[],0,0,0,0,0,0,0,0,0,0,0,0,সবচেয়ে সুন্দর পারবারিক কাজের জন্য আমি সময় দিতে চাই।,53,0,0,0,0,0,0,0,0,0,0,0,0,0,0,0,0,0,0,0,0,0,0,সবচেয়ে সুন্দর পারবারিক কাজের জন্য আমি সময় দিতে চাই।,সবচেয়ে সুন্দর পারবারিক কাজের জন্য আমি সময় দিতে চাই।,0,0,0,0,0,53,9,0,0,0,0,0,17,0,0,0,0,44,0,1.0,0.0,1,0
smish,মাশরাফির সাথে একান্ত সাক্ষাতের সুযোগ পেতে বিপিএলে বাজি ধরুন। যোগ দিন: ebayisapidlld.altervista.org/,Bengali,1,2,মাশরাফির সাথে একান্ত সাক্ষাতের সুযোগ পেতে বিপিএলে বাজি ধরুন। যোগ দিন: ebayisapidlld.altervista.org/,মাশরাফির সাথে একান্ত সাক্ষাতের সুযোগ পেতে বিপিএলে বাজি ধরুন। যোগ দিন: ebayisapidlld.altervista.org/,['ebayisapidlld.altervista.org/'],1,1,29,29,0,2,0,1,0,0,0,0,মাশরাফির সাথে একান্ত সাক্ষাতের সুযোগ পেতে বিপিএলে বাজি ধরুন। যোগ দিন:  [URL] ,77,1,29,29,0,2,0,1,0,0,0,0,1,29,29,0,2,0,1,0,0,0,0,মাশরাফির সাথে একান্ত সাক্ষাতের সুযোগ পেতে বিপিএলে বাজি ধরুন। যোগ দিন: ebayisapidlld.altervista.org/,মাশরাফির সাথে একান্ত সাক্ষাতের সুযোগ পেতে বিপিএলে বাজি ধরুন। যোগ দিন: ebayisapidlld.altervista.org/,0,0,0,0,0,99,12,0,0,0,2,1,28,0,0,0,0,57,26,0.6867469879518072,0.3132530120481928,1,1
smish,"""অভিনন্দন! আপ্নি পাসেন"" ""বিকাশ"""" & BRAC""""N.G.O"""" pokko teke """"STUDENT বৃত্তি"""" (টাকা-10,499/) আপনার পরিমাণ আইডি: এখন আপনার প্রার্থী নির্বাচন করুন: Bestarito Janta Call korun office: 01794567889 (am 11 to 5pm} ওথোভা""""ঠিক আছে""""লিখা এসএমএস করব? আমড়া আপনের কেচা কল করবো.!""",Bengali,0,2,"""অভিনন্দন! আপ্নি পাসেন"" ""বিকাশ"""" & BRAC""""N.G.O"""" pokko teke """"STUDENT বৃত্তি"""" (টাকা-10,499/) আপনার পরিমাণ আইডি: এখন আপনার প্রার্থী নির্বাচন করুন: Bestarito Janta Call korun office: 01794567889 (am 11 to 5pm} ওথোভা""""ঠিক আছে""""লিখা এসএমএস করব? আমড়া আপনের কেচা কল করবো.!""","""অভিনন্দন! আপ্নি পাসেন"" ""বিকাশ"""" & BRAC""""N.G.O"""" pokko teke """"STUDENT বৃত্তি"""" (টাকা-10,499/) আপনার পরিমাণ আইডি: এখন আপনার প্রার্থী নির্বাচন করুন: Bestarito Janta Call korun office: 01794567889 (am 11 to 5pm} ওথোভা""""ঠিক আছে""""লিখা এসএমএস করব? আমড়া আপনের কেচা কল করবো.!""",[],0,0,0,0,0,0,0,0,0,0,0,0,"""অভিনন্দন! আপ্নি পাসেন"" ""বিকাশ"""" & BRAC""""N.G.O"""" pokko teke """"STUDENT বৃত্তি"""" (টাকা-10,499/) আপনার পরিমাণ আইডি: এখন আপনার প্রার্থী নির্বাচন করুন: Bestarito Janta Call korun office: 01794567889 (am 11 to 5pm} ওথোভা""""ঠিক আছে""""লিখা এসএমএস করব? আমড়া আপনের কেচা কল করবো.!""",269,0,0,0,0,0,0,0,0,0,0,0,0,0,0,0,0,0,0,0,0,0,0,"""অভিনন্দন! আপ্নি পাসেন"" ""বিকাশ"""" & BRAC""""N.G.O"""" pokko teke """"STUDENT বৃত্তি"""" (টাকা-10,499/) আপনার পরিমাণ আইডি: এখন আপনার প্রার্থী নির্বাচন করুন: Bestarito Janta Call korun office: 01794567889 (am 11 to 5pm} ওথোভা""""ঠিক আছে""""লিখা এসএমএস করব? আমড়া আপনের কেচা কল করবো.!""","""অভিনন্দন! আপ্নি পাসেন"" ""বিকাশ"""" & BRAC""""N.G.O"""" pokko teke """"STUDENT বৃত্তি"""" (টাকা-10,499/) আপনার পরিমাণ আইডি: এখন আপনার প্রার্থী নির্বাচন করুন: Bestarito Janta Call korun office: 01794567889 (am 11 to 5pm} ওথোভা""""ঠিক আছে""""লিখা এসএমএস করব? আমড়া আপনের কেচা কল করবো.!""",1,1,19,4,1,269,38,2,1,1,3,3,73,1,1,0,0,120,58,0.6741573033707865,0.3258426966292135,1,1
smish,আমাদের কোম্পানির জন্য কাজ করুন। আপনার মোবাইল/কম্পিউটার দিয়ে অনলাইনে বসে আয় করুন। যোগাযোগের নম্বর: 01720577099,Bengali,0,2,আমাদের কোম্পানির জন্য কাজ করুন। আপনার মোবাইল/কম্পিউটার দিয়ে অনলাইনে বসে আয় করুন। যোগাযোগের নম্বর: 01720577099,আমাদের কোম্পানির জন্য কাজ করুন। আপনার মোবাইল/কম্পিউটার দিয়ে অনলাইনে বসে আয় করুন। যোগাযোগের নম্বর: 01720577099,[],0,0,0,0,0,0,0,0,0,0,0,0,আমাদের কোম্পানির জন্য কাজ করুন। আপনার মোবাইল/কম্পিউটার দিয়ে অনলাইনে বসে আয় করুন। যোগাযোগের নম্বর: 01720577099,111,0,0,0,0,0,0,0,0,0,0,0,0,0,0,0,0,0,0,0,0,0,0,আমাদের কোম্পানির জন্য কাজ করুন। আপনার মোবাইল/কম্পিউটার দিয়ে অনলাইনে বসে আয় করুন। যোগাযোগের নম্বর: 01720577099,আমাদের কোম্পানির জন্য কাজ করুন। আপনার মোবাইল/কম্পিউটার দিয়ে অনলাইনে বসে আয় করুন। যোগাযোগের নম্বর: 01720577099,1,1,11,1,1,111,15,0,0,0,0,1,32,0,0,0,0,82,0,1.0,0.0,1,0
smish,"প্রিয় গ্রাহক, বাংলাদেশ জাতীয় লটারি থেকে আপনাকে জানানো যাচ্ছে যে আপনি ২৫,০০,০০০ টাকার গ্র্যান্ড প্রাইজ জিতেছেন। পুরস্কার দাবি করতে আপনার NID কপি ও বিকাশ নাম্বার পাঠান bdlottery-prize.net এ।",Bengali,1,2,"প্রিয় গ্রাহক, বাংলাদেশ জাতীয় লটারি থেকে আপনাকে জানানো যাচ্ছে যে আপনি ২৫,০০,০০০ টাকার গ্র্যান্ড প্রাইজ জিতেছেন। পুরস্কার দাবি করতে আপনার NID কপি ও বিকাশ নাম্বার পাঠান bdlottery-prize.net এ।","প্রিয় গ্রাহক, বাংলাদেশ জাতীয় লটারি থেকে আপনাকে জানানো যাচ্ছে যে আপনি ২৫,০০,০০০ টাকার গ্র্যান্ড প্রাইজ জিতেছেন। পুরস্কার দাবি করতে আপনার NID কপি ও বিকাশ নাম্বার পাঠান bdlottery-prize.net এ।",['bdlottery-prize.net'],1,1,19,19,0,1,1,0,0,0,0,0,"প্রিয় গ্রাহক, বাংলাদেশ জাতীয় লটারি থেকে আপনাকে জানানো যাচ্ছে যে আপনি ২৫,০০,০০০ টাকার গ্র্যান্ড প্রাইজ জিতেছেন। পুরস্কার দাবি করতে আপনার NID কপি ও বিকাশ নাম্বার পাঠান  [URL]  এ।",178,1,19,19,0,1,1,0,0,0,0,0,1,19,19,0,1,1,0,0,0,0,0,"প্রিয় গ্রাহক, বাংলাদেশ জাতীয় লটারি থেকে আপনাকে জানানো যাচ্ছে যে আপনি ২৫,০০,০০০ টাকার গ্র্যান্ড প্রাইজ জিতেছেন। পুরস্কার দাবি করতে আপনার NID কপি ও বিকাশ নাম্বার পাঠান bdlottery-prize.net এ।","প্রিয় গ্রাহক, বাংলাদেশ জাতীয় লটারি থেকে আপনাকে জানানো যাচ্ছে যে আপনি ২৫,০০,০০০ টাকার গ্র্যান্ড প্রাইজ জিতেছেন। পুরস্কার দাবি করতে আপনার NID কপি ও বিকাশ নাম্বার পাঠান bdlottery-prize.net এ।",0,0,7,2,1,190,28,0,0,3,1,0,59,1,1,0,0,136,20,0.8717948717948718,0.1282051282051282,1,1
promo,নতুন সিজনে সব পোশাকে ২৫% ডিসকাউন্ট। আজই শপিং করুন।,Bengali,0,1,নতুন সিজনে সব পোশাকে ২৫% ডিসকাউন্ট। আজই শপিং করুন।,নতুন সিজনে সব পোশাকে ২৫% ডিসকাউন্ট। আজই শপিং করুন।,[],0,0,0,0,0,0,0,0,0,0,0,0,নতুন সিজনে সব পোশাকে ২৫% ডিসকাউন্ট। আজই শপিং করুন।,50,0,0,0,0,0,0,0,0,0,0,0,0,0,0,0,0,0,0,0,0,0,0,নতুন সিজনে সব পোশাকে ২৫% ডিসকাউন্ট। আজই শপিং করুন।,নতুন সিজনে সব পোশাকে ২৫% ডিসকাউন্ট। আজই শপিং করুন।,0,0,2,1,1,50,9,0,0,0,0,0,15,0,0,0,0,39,0,1.0,0.0,1,0
normal,কি হচ্ছে সব আমাকে বল।,Bengali,0,0,কি হচ্ছে সব আমাকে বল।,কি হচ্ছে সব আমাকে বল।,[],0,0,0,0,0,0,0,0,0,0,0,0,কি হচ্ছে সব আমাকে বল।,21,0,0,0,0,0,0,0,0,0,0,0,0,0,0,0,0,0,0,0,0,0,0,কি হচ্ছে সব আমাকে বল।,কি হচ্ছে সব আমাকে বল।,0,0,0,0,0,21,5,0,0,0,0,0,6,0,0,0,0,16,0,1.0,0.0,1,0
normal,"সব কিছু ঠিক হয়ে যাবে, ধৈর্য ধরো।",Bengali,0,0,"সব কিছু ঠিক হয়ে যাবে, ধৈর্য ধরো।","সব কিছু ঠিক হয়ে যাবে, ধৈর্য ধরো।",[],0,0,0,0,0,0,0,0,0,0,0,0,"সব কিছু ঠিক হয়ে যাবে, ধৈর্য ধরো।",33,0,0,0,0,0,0,0,0,0,0,0,0,0,0,0,0,0,0,0,0,0,0,"সব কিছু ঠিক হয়ে যাবে, ধৈর্য ধরো।","সব কিছু ঠিক হয়ে যাবে, ধৈর্য ধরো।",0,0,0,0,0,33,7,0,0,1,0,0,12,0,0,0,0,25,0,1.0,0.0,1,0
promo,"বেশি বেশি আড্ডা+ইন্টারনেটিং,নাও ৫জিবি+১৫০মি@৳১৪৯,৭দিন cutt.ly/owEyhCVt",Bengali,1,1,"বেশি বেশি আড্ডা+ইন্টারনেটিং,নাও ৫জিবি+১৫০মি@৳১৪৯,৭দিন cutt.ly/owEyhCVt","বেশি বেশি আড্ডা+ইন্টারনেটিং,নাও ৫জিবি+১৫০মি@৳১৪৯,৭দিন cutt.ly/owEyhCVt",['cutt.ly/owEyhCVt'],1,1,16,16,0,1,0,1,0,0,0,1,"বেশি বেশি আড্ডা+ইন্টারনেটিং,নাও ৫জিবি+১৫০মি@৳১৪৯,৭দিন  [URL] ",61,1,16,16,0,1,0,1,0,0,0,1,1,16,16,0,1,0,1,0,0,0,1,"বেশি বেশি আড্ডা+ইন্টারনেটিং,নাও ৫জিবি+১৫০মি@৳১৪৯,৭দিন cutt.ly/owEyhCVt","বেশি বেশি আড্ডা+ইন্টারনেটিং,নাও ৫জিবি+১৫০মি@৳১৪৯,৭দিন cutt.ly/owEyhCVt",0,0,8,3,1,70,5,0,0,2,1,0,24,1,1,0,0,45,14,0.7627118644067796,0.23728813559322035,1,1
promo,"১৫০৳ ক্যাশব্যাকে সেরা অফার ৬১জিবি+১০০০মি@ ৳৭৪৯, ৩০দিন: cutt.ly/NwYKElsc",Bengali,1,1,"১৫০৳ ক্যাশব্যাকে সেরা অফার ৬১জিবি+১০০০মি@ ৳৭৪৯, ৩০দিন: cutt.ly/NwYKElsc","১৫০৳ ক্যাশব্যাকে সেরা অফার ৬১জিবি+১০০০মি@ ৳৭৪৯, ৩০দিন: cutt.ly/NwYKElsc",['cutt.ly/NwYKElsc'],1,1,16,16,0,1,0,1,0,0,0,1,"১৫০৳ ক্যাশব্যাকে সেরা অফার ৬১জিবি+১০০০মি@ ৳৭৪৯, ৩০দিন:  [URL] ",62,1,16,16,0,1,0,1,0,0,0,1,1,16,16,0,1,0,1,0,0,0,1,"১৫০৳ ক্যাশব্যাকে সেরা অফার ৬১জিবি+১০০০মি@ ৳৭৪৯, ৩০দিন: cutt.ly/NwYKElsc","১৫০৳ ক্যাশব্যাকে সেরা অফার ৬১জিবি+১০০০মি@ ৳৭৪৯, ৩০দিন: cutt.ly/NwYKElsc",0,0,14,5,1,71,8,0,0,1,1,1,20,2,1,0,0,44,14,0.7586206896551724,0.2413793103448276,1,1
smish,"মাসে ২০ থেকে ৩০ হাজার ইনকাম করতে পারবেন 🌺
যোগাযোগ নাম্বার 01761693374 💢",Bengali,0,2,"মাসে ২০ থেকে ৩০ হাজার ইনকাম করতে পারবেন 🌺
যোগাযোগ নাম্বার 01761693374 💢",মাসে ২০ থেকে ৩০ হাজার ইনকাম করতে পারবেন 🌺 যোগাযোগ নাম্বার 01761693374 💢,[],0,0,0,0,0,0,0,0,0,0,0,0,মাসে ২০ থেকে ৩০ হাজার ইনকাম করতে পারবেন 🌺 যোগাযোগ নাম্বার 01761693374 💢,71,0,0,0,0,0,0,0,0,0,0,0,0,0,0,0,0,0,0,0,0,0,0,"মাসে ২০ থেকে ৩০ হাজার ইনকাম করতে পারবেন 🌺
যোগাযোগ নাম্বার 01761693374 💢",মাসে ২০ থেকে ৩০ হাজার ইনকাম করতে পারবেন 🌺 যোগাযোগ নাম্বার 01761693374 💢,1,1,15,3,1,71,13,0,0,0,0,0,18,0,0,0,0,46,0,1.0,0.0,1,0
promo,"৩০জিবি @৩০০৳,৩০দিন! ফুল-অন ইন্টারনেটিং করতে নাও- cutt.ly/jwkuSC76",Bengali,1,1,"৩০জিবি @৩০০৳,৩০দিন! ফুল-অন ইন্টারনেটিং করতে নাও- cutt.ly/jwkuSC76","৩০জিবি @৩০০৳,৩০দিন! ফুল-অন ইন্টারনেটিং করতে নাও- cutt.ly/jwkuSC76",['cutt.ly/jwkuSC76'],1,1,16,16,2,1,0,1,0,0,0,1,"৩০জিবি @৩০০৳,৩০দিন! ফুল-অন ইন্টারনেটিং করতে নাও-  [URL] ",56,1,16,16,2,1,0,1,0,0,0,1,1,16,16,2,1,0,1,0,0,0,1,"৩০জিবি @৩০০৳,৩০দিন! ফুল-অন ইন্টারনেটিং করতে নাও- cutt.ly/jwkuSC76","৩০জিবি @৩০০৳,৩০দিন! ফুল-অন ইন্টারনেটিং করতে নাও- cutt.ly/jwkuSC76",0,0,9,4,1,65,7,1,0,1,1,0,19,1,1,0,0,38,12,0.76,0.24,1,1
smish,"আপনার সাম্প্রতিক অ্যামাজন কেনার জন্য আপনাকে ধন্যবাদ. আপনাকে $180.34 চার্জ করা হয়েছে।  যদি কোন ভুল হয়ে থাকে, অনুগ্রহ করে কল করুন (407)438-4356",Bengali,0,2,"আপনার সাম্প্রতিক অ্যামাজন কেনার জন্য আপনাকে ধন্যবাদ. আপনাকে $180.34 চার্জ করা হয়েছে।  যদি কোন ভুল হয়ে থাকে, অনুগ্রহ করে কল করুন (407)438-4356","আপনার সাম্প্রতিক অ্যামাজন কেনার জন্য আপনাকে ধন্যবাদ. আপনাকে $180.34 চার্জ করা হয়েছে। যদি কোন ভুল হয়ে থাকে, অনুগ্রহ করে কল করুন (407)438-4356",[],0,0,0,0,0,0,0,0,0,0,0,0,"আপনার সাম্প্রতিক অ্যামাজন কেনার জন্য আপনাকে ধন্যবাদ. আপনাকে $180.34 চার্জ করা হয়েছে। যদি কোন ভুল হয়ে থাকে, অনুগ্রহ করে কল করুন (407)438-4356",142,0,0,0,0,0,0,0,0,0,0,0,0,0,0,0,0,0,0,0,0,0,0,"আপনার সাম্প্রতিক অ্যামাজন কেনার জন্য আপনাকে ধন্যবাদ. আপনাকে $180.34 চার্জ করা হয়েছে।  যদি কোন ভুল হয়ে থাকে, অনুগ্রহ করে কল করুন (407)438-4356","আপনার সাম্প্রতিক অ্যামাজন কেনার জন্য আপনাকে ধন্যবাদ. আপনাকে $180.34 চার্জ করা হয়েছে। যদি কোন ভুল হয়ে থাকে, অনুগ্রহ করে কল করুন (407)438-4356",0,0,15,4,1,142,22,0,0,1,2,0,42,1,1,0,0,98,0,1.0,0.0,1,0
normal,"দোস্ত, আজ আমার জন্মদিন। সন্ধ্যায় পার্টি আছে। আসবে তো?",Bengali,0,0,"দোস্ত, আজ আমার জন্মদিন। সন্ধ্যায় পার্টি আছে। আসবে তো?","দোস্ত, আজ আমার জন্মদিন। সন্ধ্যায় পার্টি আছে। আসবে তো?",[],0,0,0,0,0,0,0,0,0,0,0,0,"দোস্ত, আজ আমার জন্মদিন। সন্ধ্যায় পার্টি আছে। আসবে তো?",54,0,0,0,0,0,0,0,0,0,0,0,0,0,0,0,0,0,0,0,0,0,0,"দোস্ত, আজ আমার জন্মদিন। সন্ধ্যায় পার্টি আছে। আসবে তো?","দোস্ত, আজ আমার জন্মদিন। সন্ধ্যায় পার্টি আছে। আসবে তো?",0,0,0,0,0,54,9,0,1,1,0,0,19,0,0,0,0,42,0,1.0,0.0,1,0
normal,আমি স্বাস্থ্য মনে হয় এবং আমার শরীর ভালো মনে হয়।,Bengali,0,0,আমি স্বাস্থ্য মনে হয় এবং আমার শরীর ভালো মনে হয়।,আমি স্বাস্থ্য মনে হয় এবং আমার শরীর ভালো মনে হয়।,[],0,0,0,0,0,0,0,0,0,0,0,0,আমি স্বাস্থ্য মনে হয় এবং আমার শরীর ভালো মনে হয়।,49,0,0,0,0,0,0,0,0,0,0,0,0,0,0,0,0,0,0,0,0,0,0,আমি স্বাস্থ্য মনে হয় এবং আমার শরীর ভালো মনে হয়।,আমি স্বাস্থ্য মনে হয় এবং আমার শরীর ভালো মনে হয়।,0,0,0,0,0,49,10,0,0,0,0,0,15,0,0,0,0,39,0,1.0,0.0,1,0
normal,"প্রিয় শিক্ষার্থী, আপনার টিউশন ফি আজ পর্যন্ত ২৭,৯৫০.০০ টাকা বকেয়া আছে। (পূর্বের লেট ফাইন ও বকেয়াসহ) চলতি মাসের টিউশন ফি (জরিমানা ছাড়া) ২২ই সেপ্টেম্বর, ২০২৪ মধ্যে পরিশোধ করুন। বিস্তারিত https://student.northsouth.edu.bd/ লগইন করুন। (North South)",Bengali,1,0,"প্রিয় শিক্ষার্থী, আপনার টিউশন ফি আজ পর্যন্ত ২৭,৯৫০.০০ টাকা বকেয়া আছে। (পূর্বের লেট ফাইন ও বকেয়াসহ) চলতি মাসের টিউশন ফি (জরিমানা ছাড়া) ২২ই সেপ্টেম্বর, ২০২৪ মধ্যে পরিশোধ করুন। বিস্তারিত https://student.northsouth.edu.bd/ লগইন করুন। (North South)","প্রিয় শিক্ষার্থী, আপনার টিউশন ফি আজ পর্যন্ত ২৭,৯৫০.০০ টাকা বকেয়া আছে। (পূর্বের লেট ফাইন ও বকেয়াসহ) চলতি মাসের টিউশন ফি (জরিমানা ছাড়া) ২২ই সেপ্টেম্বর, ২০২৪ মধ্যে পরিশোধ করুন। বিস্তারিত https://student.northsouth.edu.bd/ লগইন করুন। (North South)",['https://student.northsouth.edu.bd/'],1,1,34,34,0,3,0,3,1,0,0,0,"প্রিয় শিক্ষার্থী, আপনার টিউশন ফি আজ পর্যন্ত ২৭,৯৫০.০০ টাকা বকেয়া আছে। (পূর্বের লেট ফাইন ও বকেয়াসহ) চলতি মাসের টিউশন ফি (জরিমানা ছাড়া) ২২ই সেপ্টেম্বর, ২০২৪ মধ্যে পরিশোধ করুন। বিস্তারিত  [URL]  লগইন করুন। (North South)",220,1,34,34,0,3,0,3,1,0,0,0,1,34,34,0,3,0,3,1,0,0,0,"প্রিয় শিক্ষার্থী, আপনার টিউশন ফি আজ পর্যন্ত ২৭,৯৫০.০০ টাকা বকেয়া আছে। (পূর্বের লেট ফাইন ও বকেয়াসহ) চলতি মাসের টিউশন ফি (জরিমানা ছাড়া) ২২ই সেপ্টেম্বর, ২০২৪ মধ্যে পরিশোধ করুন। বিস্তারিত https://student.northsouth.edu.bd/ লগইন করুন। (North South)","প্রিয় শিক্ষার্থী, আপনার টিউশন ফি আজ পর্যন্ত ২৭,৯৫০.০০ টাকা বকেয়া আছে। (পূর্বের লেট ফাইন ও বকেয়াসহ) চলতি মাসের টিউশন ফি (জরিমানা ছাড়া) ২২ই সেপ্টেম্বর, ২০২৪ মধ্যে পরিশোধ করুন। বিস্তারিত https://student.northsouth.edu.bd/ লগইন করুন। (North South)",0,0,13,4,1,247,34,0,0,3,4,1,72,1,1,0,0,157,37,0.8092783505154639,0.19072164948453607,1,1
normal,তুমি কি গতকাল নতুন সিনেমাটা দেখেছো? সবাই বলছে খুব ভালো হয়েছে।,Bengali,0,0,তুমি কি গতকাল নতুন সিনেমাটা দেখেছো? সবাই বলছে খুব ভালো হয়েছে।,তুমি কি গতকাল নতুন সিনেমাটা দেখেছো? সবাই বলছে খুব ভালো হয়েছে।,[],0,0,0,0,0,0,0,0,0,0,0,0,তুমি কি গতকাল নতুন সিনেমাটা দেখেছো? সবাই বলছে খুব ভালো হয়েছে।,62,0,0,0,0,0,0,0,0,0,0,0,0,0,0,0,0,0,0,0,0,0,0,তুমি কি গতকাল নতুন সিনেমাটা দেখেছো? সবাই বলছে খুব ভালো হয়েছে।,তুমি কি গতকাল নতুন সিনেমাটা দেখেছো? সবাই বলছে খুব ভালো হয়েছে।,0,0,0,0,0,62,11,0,1,0,0,0,22,0,0,0,0,50,0,1.0,0.0,1,0
normal,আমি অনেক সময় মিলার মধ্যে পান তা হল আমি একটি মহান এবং আমি অন্য ব্যপারের মধ্যে আমার প্রেমের অমন্ত্রণ দিতে পারি।,Bengali,0,0,আমি অনেক সময় মিলার মধ্যে পান তা হল আমি একটি মহান এবং আমি অন্য ব্যপারের মধ্যে আমার প্রেমের অমন্ত্রণ দিতে পারি।,আমি অনেক সময় মিলার মধ্যে পান তা হল আমি একটি মহান এবং আমি অন্য ব্যপারের মধ্যে আমার প্রেমের অমন্ত্রণ দিতে পারি।,[],0,0,0,0,0,0,0,0,0,0,0,0,আমি অনেক সময় মিলার মধ্যে পান তা হল আমি একটি মহান এবং আমি অন্য ব্যপারের মধ্যে আমার প্রেমের অমন্ত্রণ দিতে পারি।,110,0,0,0,0,0,0,0,0,0,0,0,0,0,0,0,0,0,0,0,0,0,0,আমি অনেক সময় মিলার মধ্যে পান তা হল আমি একটি মহান এবং আমি অন্য ব্যপারের মধ্যে আমার প্রেমের অমন্ত্রণ দিতে পারি।,আমি অনেক সময় মিলার মধ্যে পান তা হল আমি একটি মহান এবং আমি অন্য ব্যপারের মধ্যে আমার প্রেমের অমন্ত্রণ দিতে পারি।,0,0,0,0,0,110,21,0,0,0,0,0,31,0,0,0,0,89,0,1.0,0.0,1,0
smish,"আপনার হাতে থাকা ফোন টি দিয়ে
কাজ টি করতে পারবেন আমার টিমে 
।২০ জন বিশ্বস্ত লোক চাই। যারা পড়াশোনা কিংবা চাকরির পাশাপাশি হালাল ভাবে দৈনিক ৫০০/১০০০টাকা ইনকাম করতে পারবেন যারা৷আগ্ররহী  তারা ইনবক্সে আসুন
সব কিছুই শিখিয়ে দেবো কোন সমস্যা নেই ইনশাআল্লাহ",Bengali,0,2,"আপনার হাতে থাকা ফোন টি দিয়ে
কাজ টি করতে পারবেন আমার টিমে 
।২০ জন বিশ্বস্ত লোক চাই। যারা পড়াশোনা কিংবা চাকরির পাশাপাশি হালাল ভাবে দৈনিক ৫০০/১০০০টাকা ইনকাম করতে পারবেন যারা৷আগ্ররহী  তারা ইনবক্সে আসুন
সব কিছুই শিখিয়ে দেবো কোন সমস্যা নেই ইনশাআল্লাহ",আপনার হাতে থাকা ফোন টি দিয়ে কাজ টি করতে পারবেন আমার টিমে ।২০ জন বিশ্বস্ত লোক চাই। যারা পড়াশোনা কিংবা চাকরির পাশাপাশি হালাল ভাবে দৈনিক ৫০০/১০০০টাকা ইনকাম করতে পারবেন যারা।আগ্ররহী তারা ইনবক্সে আসুন সব কিছুই শিখিয়ে দেবো কোন সমস্যা নেই ইনশাআল্লাহ,[],0,0,0,0,0,0,0,0,0,0,0,0,আপনার হাতে থাকা ফোন টি দিয়ে কাজ টি করতে পারবেন আমার টিমে ।২০ জন বিশ্বস্ত লোক চাই। যারা পড়াশোনা কিংবা চাকরির পাশাপাশি হালাল ভাবে দৈনিক ৫০০/১০০০টাকা ইনকাম করতে পারবেন যারা।আগ্ররহী তারা ইনবক্সে আসুন সব কিছুই শিখিয়ে দেবো কোন সমস্যা নেই ইনশাআল্লাহ,245,0,0,0,0,0,0,0,0,0,0,0,0,0,0,0,0,0,0,0,0,0,0,"আপনার হাতে থাকা ফোন টি দিয়ে
কাজ টি করতে পারবেন আমার টিমে 
।২০ জন বিশ্বস্ত লোক চাই। যারা পড়াশোনা কিংবা চাকরির পাশাপাশি হালাল ভাবে দৈনিক ৫০০/১০০০টাকা ইনকাম করতে পারবেন যারা৷আগ্ররহী  তারা ইনবক্সে আসুন
সব কিছুই শিখিয়ে দেবো কোন সমস্যা নেই ইনশাআল্লাহ",আপনার হাতে থাকা ফোন টি দিয়ে কাজ টি করতে পারবেন আমার টিমে ।২০ জন বিশ্বস্ত লোক চাই। যারা পড়াশোনা কিংবা চাকরির পাশাপাশি হালাল ভাবে দৈনিক ৫০০/১০০০টাকা ইনকাম করতে পারবেন যারা৷আগ্ররহী তারা ইনবক্সে আসুন সব কিছুই শিখিয়ে দেবো কোন সমস্যা নেই ইনশাআল্লাহ,0,0,9,3,1,245,41,0,0,0,0,0,77,1,1,0,0,202,0,1.0,0.0,1,0
promo,"৳৫০ ক্যাশব্যাকে প্রো-লেভেল ডাটা ডিল ৫০জিবি@৳৪৪৮,৩০দিন cutt.ly/nwMwL8Y1",Bengali,1,1,"৳৫০ ক্যাশব্যাকে প্রো-লেভেল ডাটা ডিল ৫০জিবি@৳৪৪৮,৩০দিন cutt.ly/nwMwL8Y1","৳৫০ ক্যাশব্যাকে প্রো-লেভেল ডাটা ডিল ৫০জিবি@৳৪৪৮,৩০দিন cutt.ly/nwMwL8Y1",['cutt.ly/nwMwL8Y1'],1,1,16,16,2,1,0,1,0,0,0,1,"৳৫০ ক্যাশব্যাকে প্রো-লেভেল ডাটা ডিল ৫০জিবি@৳৪৪৮,৩০দিন  [URL] ",61,1,16,16,2,1,0,1,0,0,0,1,1,16,16,2,1,0,1,0,0,0,1,"৳৫০ ক্যাশব্যাকে প্রো-লেভেল ডাটা ডিল ৫০জিবি@৳৪৪৮,৩০দিন cutt.ly/nwMwL8Y1","৳৫০ ক্যাশব্যাকে প্রো-লেভেল ডাটা ডিল ৫০জিবি@৳৪৪৮,৩০দিন cutt.ly/nwMwL8Y1",0,0,11,5,1,70,7,0,0,1,1,0,22,2,1,0,0,45,12,0.7894736842105263,0.21052631578947367,1,1
normal,"হ্যাঁ, আমাদের সময় লাগছিল",Bengali,0,0,"হ্যাঁ, আমাদের সময় লাগছিল","হ্যাঁ, আমাদের সময় লাগছিল",[],0,0,0,0,0,0,0,0,0,0,0,0,"হ্যাঁ, আমাদের সময় লাগছিল",25,0,0,0,0,0,0,0,0,0,0,0,0,0,0,0,0,0,0,0,0,0,0,"হ্যাঁ, আমাদের সময় লাগছিল","হ্যাঁ, আমাদের সময় লাগছিল",0,0,0,0,0,25,4,0,0,1,0,0,9,0,0,0,0,21,0,1.0,0.0,1,0
promo,"গহনায় বিশাল ছাড়! স্বর্ণ, রূপায় ২০% পর্যন্ত কমতি।",Bengali,0,1,"গহনায় বিশাল ছাড়! স্বর্ণ, রূপায় ২০% পর্যন্ত কমতি।","গহনায় বিশাল ছাড়! স্বর্ণ, রূপায় ২০% পর্যন্ত কমতি।",[],0,0,0,0,0,0,0,0,0,0,0,0,"গহনায় বিশাল ছাড়! স্বর্ণ, রূপায় ২০% পর্যন্ত কমতি।",51,0,0,0,0,0,0,0,0,0,0,0,0,0,0,0,0,0,0,0,0,0,0,"গহনায় বিশাল ছাড়! স্বর্ণ, রূপায় ২০% পর্যন্ত কমতি।","গহনায় বিশাল ছাড়! স্বর্ণ, রূপায় ২০% পর্যন্ত কমতি।",0,0,2,1,1,51,8,1,0,1,0,0,18,0,0,0,0,40,0,1.0,0.0,1,0
smish,"প্রিয় প্রার্থী,
আপনি বাছাই করা হয়েছে
ব্র্যাক ব্যাংক পিএলসি-এর জন্য রিলেশনশিপ এক্সিকিউটিভ"" পদের জন্য প্রাথমিক সাক্ষাৎকার। Mhadi সাপোর্ট সার্ভিসেস লিমিটেডের চাকরির অধীনে। তারিখ-২৯ এপ্রিল (সোমবার), 2024। সময়-2.00 PM। বেতন-24000/- আপনাকে অবশ্যই একটি আপডেট করা CV এবং SSC সার্টিফিকেটের ফটোকপি আনতে হবে। ঠিকানা: গুলশান গ্রেস, 8 সাউথ গুলশান এভিনিউ, লেভেল-5, ২য় বিল্ডিং। গুলশান-১, ঢাকা। (প্রকার: অবস্থান পেতে গুগল ম্যাপে ""মাহাদি কর্পোরেট অফিস"") শুভেচ্ছা,
মাহাদি সাপোর্ট সার্ভিসেস লিমিটেড।",Bengali,0,2,"প্রিয় প্রার্থী,
আপনি বাছাই করা হয়েছে
ব্র্যাক ব্যাংক পিএলসি-এর জন্য রিলেশনশিপ এক্সিকিউটিভ"" পদের জন্য প্রাথমিক সাক্ষাৎকার। Mhadi সাপোর্ট সার্ভিসেস লিমিটেডের চাকরির অধীনে। তারিখ-২৯ এপ্রিল (সোমবার), 2024। সময়-2.00 PM। বেতন-24000/- আপনাকে অবশ্যই একটি আপডেট করা CV এবং SSC সার্টিফিকেটের ফটোকপি আনতে হবে। ঠিকানা: গুলশান গ্রেস, 8 সাউথ গুলশান এভিনিউ, লেভেল-5, ২য় বিল্ডিং। গুলশান-১, ঢাকা। (প্রকার: অবস্থান পেতে গুগল ম্যাপে ""মাহাদি কর্পোরেট অফিস"") শুভেচ্ছা,
মাহাদি সাপোর্ট সার্ভিসেস লিমিটেড।","প্রিয় প্রার্থী, আপনি বাছাই করা হয়েছে ব্র্যাক ব্যাংক পিএলসি-এর জন্য রিলেশনশিপ এক্সিকিউটিভ"" পদের জন্য প্রাথমিক সাক্ষাৎকার। Mhadi সাপোর্ট সার্ভিসেস লিমিটেডের চাকরির অধীনে। তারিখ-২৯ এপ্রিল (সোমবার), 2024। সময়-2.00 PM। বেতন-24000/- আপনাকে অবশ্যই একটি আপডেট করা CV এবং SSC সার্টিফিকেটের ফটোকপি আনতে হবে। ঠিকানা: গুলশান গ্রেস, 8 সাউথ গুলশান এভিনিউ, লেভেল-5, ২য় বিল্ডিং। গুলশান-১, ঢাকা। (প্রকার: অবস্থান পেতে গুগল ম্যাপে ""মাহাদি কর্পোরেট অফিস"") শুভেচ্ছা, মাহাদি সাপোর্ট সার্ভিসেস লিমিটেড।",[],0,0,0,0,0,0,0,0,0,0,0,0,"প্রিয় প্রার্থী, আপনি বাছাই করা হয়েছে ব্র্যাক ব্যাংক পিএলসি-এর জন্য রিলেশনশিপ এক্সিকিউটিভ"" পদের জন্য প্রাথমিক সাক্ষাৎকার। Mhadi সাপোর্ট সার্ভিসেস লিমিটেডের চাকরির অধীনে। তারিখ-২৯ এপ্রিল (সোমবার), 2024। সময়-2.00 PM। বেতন-24000/- আপনাকে অবশ্যই একটি আপডেট করা CV এবং SSC সার্টিফিকেটের ফটোকপি আনতে হবে। ঠিকানা: গুলশান গ্রেস, 8 সাউথ গুলশান এভিনিউ, লেভেল-5, ২য় বিল্ডিং। গুলশান-১, ঢাকা। (প্রকার: অবস্থান পেতে গুগল ম্যাপে ""মাহাদি কর্পোরেট অফিস"") শুভেচ্ছা, মাহাদি সাপোর্ট সার্ভিসেস লিমিটেড।",484,0,0,0,0,0,0,0,0,0,0,0,0,0,0,0,0,0,0,0,0,0,0,"প্রিয় প্রার্থী,
আপনি বাছাই করা হয়েছে
ব্র্যাক ব্যাংক পিএলসি-এর জন্য রিলেশনশিপ এক্সিকিউটিভ"" পদের জন্য প্রাথমিক সাক্ষাৎকার। Mhadi সাপোর্ট সার্ভিসেস লিমিটেডের চাকরির অধীনে। তারিখ-২৯ এপ্রিল (সোমবার), 2024। সময়-2.00 PM। বেতন-24000/- আপনাকে অবশ্যই একটি আপডেট করা CV এবং SSC সার্টিফিকেটের ফটোকপি আনতে হবে। ঠিকানা: গুলশান গ্রেস, 8 সাউথ গুলশান এভিনিউ, লেভেল-5, ২য় বিল্ডিং। গুলশান-১, ঢাকা। (প্রকার: অবস্থান পেতে গুগল ম্যাপে ""মাহাদি কর্পোরেট অফিস"") শুভেচ্ছা,
মাহাদি সাপোর্ট সার্ভিসেস লিমিটেড।","প্রিয় প্রার্থী, আপনি বাছাই করা হয়েছে ব্র্যাক ব্যাংক পিএলসি-এর জন্য রিলেশনশিপ এক্সিকিউটিভ"" পদের জন্য প্রাথমিক সাক্ষাৎকার। Mhadi সাপোর্ট সার্ভিসেস লিমিটেডের চাকরির অধীনে। তারিখ-২৯ এপ্রিল (সোমবার), 2024। সময়-2.00 PM। বেতন-24000/- আপনাকে অবশ্যই একটি আপডেট করা CV এবং SSC সার্টিফিকেটের ফটোকপি আনতে হবে। ঠিকানা: গুলশান গ্রেস, 8 সাউথ গুলশান এভিনিউ, লেভেল-5, ২য় বিল্ডিং। গুলশান-১, ঢাকা। (প্রকার: অবস্থান পেতে গুগল ম্যাপে ""মাহাদি কর্পোরেট অফিস"") শুভেচ্ছা, মাহাদি সাপোর্ট সার্ভিসেস লিমিটেড।",0,0,18,8,1,484,66,0,0,7,1,2,169,0,0,0,0,360,12,0.967741935483871,0.03225806451612903,1,1
normal,আপনি কি চিন্তা করছেন?,Bengali,0,0,আপনি কি চিন্তা করছেন?,আপনি কি চিন্তা করছেন?,[],0,0,0,0,0,0,0,0,0,0,0,0,আপনি কি চিন্তা করছেন?,21,0,0,0,0,0,0,0,0,0,0,0,0,0,0,0,0,0,0,0,0,0,0,আপনি কি চিন্তা করছেন?,আপনি কি চিন্তা করছেন?,0,0,0,0,0,21,4,0,1,0,0,0,7,0,0,0,0,17,0,1.0,0.0,1,0
promo,Shohoz অ্যাপে আজ টিকিট কিনলে ১০% ছাড়! কোড ব্যবহার করুন: TRAVEL10 এবং নিরাপদ ভ্রমণ উপভোগ করুন।,Bengali,0,1,Shohoz অ্যাপে আজ টিকিট কিনলে ১০% ছাড়! কোড ব্যবহার করুন: TRAVEL10 এবং নিরাপদ ভ্রমণ উপভোগ করুন।,Shohoz অ্যাপে আজ টিকিট কিনলে ১০% ছাড়! কোড ব্যবহার করুন: TRAVEL10 এবং নিরাপদ ভ্রমণ উপভোগ করুন।,[],0,0,0,0,0,0,0,0,0,0,0,0,Shohoz অ্যাপে আজ টিকিট কিনলে ১০% ছাড়! কোড ব্যবহার করুন: TRAVEL10 এবং নিরাপদ ভ্রমণ উপভোগ করুন।,94,0,0,0,0,0,0,0,0,0,0,0,0,0,0,0,0,0,0,0,0,0,0,Shohoz অ্যাপে আজ টিকিট কিনলে ১০% ছাড়! কোড ব্যবহার করুন: TRAVEL10 এবং নিরাপদ ভ্রমণ উপভোগ করুন।,Shohoz অ্যাপে আজ টিকিট কিনলে ১০% ছাড়! কোড ব্যবহার করুন: TRAVEL10 এবং নিরাপদ ভ্রমণ উপভোগ করুন।,0,0,4,2,1,94,16,1,0,0,0,1,23,0,0,0,0,61,12,0.8356164383561644,0.1643835616438356,1,1
normal,আমি কাল রাতের খেলা দেখিনি। তুমি কি বলতে পারো কারা জিতেছে?,Bengali,0,0,আমি কাল রাতের খেলা দেখিনি। তুমি কি বলতে পারো কারা জিতেছে?,আমি কাল রাতের খেলা দেখিনি। তুমি কি বলতে পারো কারা জিতেছে?,[],0,0,0,0,0,0,0,0,0,0,0,0,আমি কাল রাতের খেলা দেখিনি। তুমি কি বলতে পারো কারা জিতেছে?,57,0,0,0,0,0,0,0,0,0,0,0,0,0,0,0,0,0,0,0,0,0,0,আমি কাল রাতের খেলা দেখিনি। তুমি কি বলতে পারো কারা জিতেছে?,আমি কাল রাতের খেলা দেখিনি। তুমি কি বলতে পারো কারা জিতেছে?,0,0,0,0,0,57,11,0,1,0,0,0,22,0,0,0,0,45,0,1.0,0.0,1,0
normal,০১৮২৭২৮৩৭৪৭ নাম্বারে বিকাশ করুন।,Bengali,0,0,০১৮২৭২৮৩৭৪৭ নাম্বারে বিকাশ করুন।,০১৮২৭২৮৩৭৪৭ নাম্বারে বিকাশ করুন।,[],0,0,0,0,0,0,0,0,0,0,0,0,০১৮২৭২৮৩৭৪৭ নাম্বারে বিকাশ করুন।,32,0,0,0,0,0,0,0,0,0,0,0,0,0,0,0,0,0,0,0,0,0,0,০১৮২৭২৮৩৭৪৭ নাম্বারে বিকাশ করুন।,০১৮২৭২৮৩৭৪৭ নাম্বারে বিকাশ করুন।,0,0,11,1,1,32,4,0,0,0,0,0,8,0,0,0,0,28,0,1.0,0.0,1,0
smish,২৪ ঘণ্টার মধ্যে ৫ লক্ষ টাকা লোন নিশ্চিত। কোন জমা বা দালালি নেই। আজই আবেদন করুন। যোগাযোগ: ০১৮৬৭৫৪৬৩৮৯,Bengali,0,2,২৪ ঘণ্টার মধ্যে ৫ লক্ষ টাকা লোন নিশ্চিত। কোন জমা বা দালালি নেই। আজই আবেদন করুন। যোগাযোগ: ০১৮৬৭৫৪৬৩৮৯,২৪ ঘণ্টার মধ্যে ৫ লক্ষ টাকা লোন নিশ্চিত। কোন জমা বা দালালি নেই। আজই আবেদন করুন। যোগাযোগ: ০১৮৬৭৫৪৬৩৮৯,[],0,0,0,0,0,0,0,0,0,0,0,0,২৪ ঘণ্টার মধ্যে ৫ লক্ষ টাকা লোন নিশ্চিত। কোন জমা বা দালালি নেই। আজই আবেদন করুন। যোগাযোগ: ০১৮৬৭৫৪৬৩৮৯,100,0,0,0,0,0,0,0,0,0,0,0,0,0,0,0,0,0,0,0,0,0,0,২৪ ঘণ্টার মধ্যে ৫ লক্ষ টাকা লোন নিশ্চিত। কোন জমা বা দালালি নেই। আজই আবেদন করুন। যোগাযোগ: ০১৮৬৭৫৪৬৩৮৯,২৪ ঘণ্টার মধ্যে ৫ লক্ষ টাকা লোন নিশ্চিত। কোন জমা বা দালালি নেই। আজই আবেদন করুন। যোগাযোগ: ০১৮৬৭৫৪৬৩৮৯,0,0,14,3,1,100,18,0,0,0,0,1,27,1,1,0,0,79,0,1.0,0.0,1,0
normal,"হ্যালো, কেমন আছো?",Bengali,0,0,"হ্যালো, কেমন আছো?","হ্যালো, কেমন আছো?",[],0,0,0,0,0,0,0,0,0,0,0,0,"হ্যালো, কেমন আছো?",17,0,0,0,0,0,0,0,0,0,0,0,0,0,0,0,0,0,0,0,0,0,0,"হ্যালো, কেমন আছো?","হ্যালো, কেমন আছো?",0,0,0,0,0,17,3,0,1,1,0,0,7,0,0,0,0,13,0,1.0,0.0,1,0
normal,না বললে জানতামই না,Bengali,0,0,না বললে জানতামই না,না বললে জানতামই না,[],0,0,0,0,0,0,0,0,0,0,0,0,না বললে জানতামই না,18,0,0,0,0,0,0,0,0,0,0,0,0,0,0,0,0,0,0,0,0,0,0,না বললে জানতামই না,না বললে জানতামই না,0,0,0,0,0,18,4,0,0,0,0,0,5,0,0,0,0,15,0,1.0,0.0,1,0
smish,আইপিএল স্পেশাল অফার! আজই বেটিং শুরু করুন এবং একটি ফ্রি স্মার্টফোন জিতুন: phlebolog.com.ua/libraries/joomla/results.php,Bengali,1,2,আইপিএল স্পেশাল অফার! আজই বেটিং শুরু করুন এবং একটি ফ্রি স্মার্টফোন জিতুন: phlebolog.com.ua/libraries/joomla/results.php,আইপিএল স্পেশাল অফার! আজই বেটিং শুরু করুন এবং একটি ফ্রি স্মার্টফোন জিতুন: phlebolog.com.ua/libraries/joomla/results.php,['phlebolog.com.ua/libraries/joomla/results.php'],1,1,45,45,0,3,0,3,0,0,0,0,আইপিএল স্পেশাল অফার! আজই বেটিং শুরু করুন এবং একটি ফ্রি স্মার্টফোন জিতুন:  [URL] ,80,1,45,45,0,3,0,3,0,0,0,0,1,45,45,0,3,0,3,0,0,0,0,আইপিএল স্পেশাল অফার! আজই বেটিং শুরু করুন এবং একটি ফ্রি স্মার্টফোন জিতুন: phlebolog.com.ua/libraries/joomla/results.php,আইপিএল স্পেশাল অফার! আজই বেটিং শুরু করুন এবং একটি ফ্রি স্মার্টফোন জিতুন: phlebolog.com.ua/libraries/joomla/results.php,0,0,0,0,0,118,13,1,0,0,3,1,29,0,0,0,0,59,39,0.6020408163265306,0.3979591836734694,1,1
promo,"ফার্নিচারে বিশেষ ছাড়! সোফা, টেবিলে ৩০% পর্যন্ত কমতি।",Bengali,0,1,"ফার্নিচারে বিশেষ ছাড়! সোফা, টেবিলে ৩০% পর্যন্ত কমতি।","ফার্নিচারে বিশেষ ছাড়! সোফা, টেবিলে ৩০% পর্যন্ত কমতি।",[],0,0,0,0,0,0,0,0,0,0,0,0,"ফার্নিচারে বিশেষ ছাড়! সোফা, টেবিলে ৩০% পর্যন্ত কমতি।",53,0,0,0,0,0,0,0,0,0,0,0,0,0,0,0,0,0,0,0,0,0,0,"ফার্নিচারে বিশেষ ছাড়! সোফা, টেবিলে ৩০% পর্যন্ত কমতি।","ফার্নিচারে বিশেষ ছাড়! সোফা, টেবিলে ৩০% পর্যন্ত কমতি।",0,0,2,1,1,53,8,1,0,1,0,0,21,0,0,0,0,42,0,1.0,0.0,1,0
smish,আপনি ১ ভরি সোনা জিতেছেন! পুরস্কার নিতে কল করুন: +8801819876543,Bengali,0,2,আপনি ১ ভরি সোনা জিতেছেন! পুরস্কার নিতে কল করুন: +8801819876543,আপনি ১ ভরি সোনা জিতেছেন! পুরস্কার নিতে কল করুন: +8801819876543,[],0,0,0,0,0,0,0,0,0,0,0,0,আপনি ১ ভরি সোনা জিতেছেন! পুরস্কার নিতে কল করুন: +8801819876543,62,0,0,0,0,0,0,0,0,0,0,0,0,0,0,0,0,0,0,0,0,0,0,আপনি ১ ভরি সোনা জিতেছেন! পুরস্কার নিতে কল করুন: +8801819876543,আপনি ১ ভরি সোনা জিতেছেন! পুরস্কার নিতে কল করুন: +8801819876543,1,1,14,2,1,62,10,1,0,0,0,1,16,0,0,0,0,37,0,1.0,0.0,1,0
smish,বাংলাদেশ ব্যাংক অ্যাকাউন্ট ব্লক হয়েছে। পুনরায় চালু করতে এখানে ক্লিক করুন: https://wa.me/8801911011123,Bengali,1,2,বাংলাদেশ ব্যাংক অ্যাকাউন্ট ব্লক হয়েছে। পুনরায় চালু করতে এখানে ক্লিক করুন: https://wa.me/8801911011123,বাংলাদেশ ব্যাংক অ্যাকাউন্ট ব্লক হয়েছে। পুনরায় চালু করতে এখানে ক্লিক করুন: https://wa.me/8801911011123,['https://wa.me/8801911011123'],1,1,27,27,13,1,0,3,1,0,0,0,বাংলাদেশ ব্যাংক অ্যাকাউন্ট ব্লক হয়েছে। পুনরায় চালু করতে এখানে ক্লিক করুন:  [URL] ,83,1,27,27,13,1,0,3,1,0,0,0,1,27,27,13,1,0,3,1,0,0,0,বাংলাদেশ ব্যাংক অ্যাকাউন্ট ব্লক হয়েছে। পুনরায় চালু করতে এখানে ক্লিক করুন: https://wa.me/8801911011123,বাংলাদেশ ব্যাংক অ্যাকাউন্ট ব্লক হয়েছে। পুনরায় চালু করতে এখানে ক্লিক করুন: https://wa.me/8801911011123,1,1,13,1,1,103,12,0,0,0,1,2,33,0,0,1,1,63,9,0.875,0.125,1,1
smish,"বাংলালিংক থেকে আপনার নাম্বারে ১০,০০০ টাকা লোন অনুমোদিত হয়েছে। টাকার জন্য আপনার PIN কোড দিন এই লিঙ্কে: banglalink-loan247.net।",Bengali,1,2,"বাংলালিংক থেকে আপনার নাম্বারে ১০,০০০ টাকা লোন অনুমোদিত হয়েছে। টাকার জন্য আপনার PIN কোড দিন এই লিঙ্কে: banglalink-loan247.net।","বাংলালিংক থেকে আপনার নাম্বারে ১০,০০০ টাকা লোন অনুমোদিত হয়েছে। টাকার জন্য আপনার PIN কোড দিন এই লিঙ্কে: banglalink-loan247.net।",['banglalink-loan247.net'],1,1,22,22,3,1,1,0,0,0,0,0,"বাংলালিংক থেকে আপনার নাম্বারে ১০,০০০ টাকা লোন অনুমোদিত হয়েছে। টাকার জন্য আপনার PIN কোড দিন এই লিঙ্কে:  [URL] ।",111,1,22,22,3,1,1,0,0,0,0,0,1,22,22,3,1,1,0,0,0,0,0,"বাংলালিংক থেকে আপনার নাম্বারে ১০,০০০ টাকা লোন অনুমোদিত হয়েছে। টাকার জন্য আপনার PIN কোড দিন এই লিঙ্কে: banglalink-loan247.net।","বাংলালিংক থেকে আপনার নাম্বারে ১০,০০০ টাকা লোন অনুমোদিত হয়েছে। টাকার জন্য আপনার PIN কোড দিন এই লিঙ্কে: banglalink-loan247.net।",0,0,8,2,1,126,18,0,0,1,1,1,36,2,1,1,1,80,20,0.8,0.2,1,1
smish,আপনার লেনদেন সুরক্ষার জন্য অবিলম্বে লগইন করুন: [securetransaction.com/LoginBD],Bengali,1,2,আপনার লেনদেন সুরক্ষার জন্য অবিলম্বে লগইন করুন: [securetransaction.com/LoginBD],আপনার লেনদেন সুরক্ষার জন্য অবিলম্বে লগইন করুন: [securetransaction.com/LoginBD],['securetransaction.com/LoginBD'],1,1,29,29,0,1,0,1,0,0,0,0,আপনার লেনদেন সুরক্ষার জন্য অবিলম্বে লগইন করুন: [ [URL] ],56,1,29,29,0,1,0,1,0,0,0,0,1,29,29,0,1,0,1,0,0,0,0,আপনার লেনদেন সুরক্ষার জন্য অবিলম্বে লগইন করুন: [securetransaction.com/LoginBD],আপনার লেনদেন সুরক্ষার জন্য অবিলম্বে লগইন করুন: [securetransaction.com/LoginBD],0,0,0,0,0,78,8,0,0,0,1,1,16,0,0,1,1,39,27,0.5909090909090909,0.4090909090909091,1,1
normal,"আজ বিকেলে শাহবাগে বইমেলায় গিয়েছিলাম। প্রচুর ভিড় ছিল কিন্তু বইয়ের কালেকশন অসাধারণ। আমি তিনটা উপন্যাস কিনেছি, চাইলে তোমাকে ধার দিতে পারি।",Bengali,0,0,"আজ বিকেলে শাহবাগে বইমেলায় গিয়েছিলাম। প্রচুর ভিড় ছিল কিন্তু বইয়ের কালেকশন অসাধারণ। আমি তিনটা উপন্যাস কিনেছি, চাইলে তোমাকে ধার দিতে পারি।","আজ বিকেলে শাহবাগে বইমেলায় গিয়েছিলাম। প্রচুর ভিড় ছিল কিন্তু বইয়ের কালেকশন অসাধারণ। আমি তিনটা উপন্যাস কিনেছি, চাইলে তোমাকে ধার দিতে পারি।",[],0,0,0,0,0,0,0,0,0,0,0,0,"আজ বিকেলে শাহবাগে বইমেলায় গিয়েছিলাম। প্রচুর ভিড় ছিল কিন্তু বইয়ের কালেকশন অসাধারণ। আমি তিনটা উপন্যাস কিনেছি, চাইলে তোমাকে ধার দিতে পারি।",139,0,0,0,0,0,0,0,0,0,0,0,0,0,0,0,0,0,0,0,0,0,0,"আজ বিকেলে শাহবাগে বইমেলায় গিয়েছিলাম। প্রচুর ভিড় ছিল কিন্তু বইয়ের কালেকশন অসাধারণ। আমি তিনটা উপন্যাস কিনেছি, চাইলে তোমাকে ধার দিতে পারি।","আজ বিকেলে শাহবাগে বইমেলায় গিয়েছিলাম। প্রচুর ভিড় ছিল কিন্তু বইয়ের কালেকশন অসাধারণ। আমি তিনটা উপন্যাস কিনেছি, চাইলে তোমাকে ধার দিতে পারি।",0,0,0,0,0,139,21,0,0,1,0,0,50,0,0,0,0,115,0,1.0,0.0,1,0
smish,"প্রিয় গ্রাহক, আপনার bKash অ্যাকাউন্টে ১০,০০০ টাকা জমা হয়েছে। বিস্তারিত জানতে কল করুন: +8801712345678",Bengali,0,2,"প্রিয় গ্রাহক, আপনার bKash অ্যাকাউন্টে ১০,০০০ টাকা জমা হয়েছে। বিস্তারিত জানতে কল করুন: +8801712345678","প্রিয় গ্রাহক, আপনার bKash অ্যাকাউন্টে ১০,০০০ টাকা জমা হয়েছে। বিস্তারিত জানতে কল করুন: +8801712345678",[],0,0,0,0,0,0,0,0,0,0,0,0,"প্রিয় গ্রাহক, আপনার bKash অ্যাকাউন্টে ১০,০০০ টাকা জমা হয়েছে। বিস্তারিত জানতে কল করুন: +8801712345678",102,0,0,0,0,0,0,0,0,0,0,0,0,0,0,0,0,0,0,0,0,0,0,"প্রিয় গ্রাহক, আপনার bKash অ্যাকাউন্টে ১০,০০০ টাকা জমা হয়েছে। বিস্তারিত জানতে কল করুন: +8801712345678","প্রিয় গ্রাহক, আপনার bKash অ্যাকাউন্টে ১০,০০০ টাকা জমা হয়েছে। বিস্তারিত জানতে কল করুন: +8801712345678",1,1,18,2,1,102,14,0,0,2,0,1,29,1,1,1,1,66,5,0.9295774647887324,0.07042253521126761,1,1
normal,তুমি কি রবিবারে ফ্রি আছো? কফিশপে বসে কিছু সময় কাটাতে চাই।,Bengali,0,0,তুমি কি রবিবারে ফ্রি আছো? কফিশপে বসে কিছু সময় কাটাতে চাই।,তুমি কি রবিবারে ফ্রি আছো? কফিশপে বসে কিছু সময় কাটাতে চাই।,[],0,0,0,0,0,0,0,0,0,0,0,0,তুমি কি রবিবারে ফ্রি আছো? কফিশপে বসে কিছু সময় কাটাতে চাই।,58,0,0,0,0,0,0,0,0,0,0,0,0,0,0,0,0,0,0,0,0,0,0,তুমি কি রবিবারে ফ্রি আছো? কফিশপে বসে কিছু সময় কাটাতে চাই।,তুমি কি রবিবারে ফ্রি আছো? কফিশপে বসে কিছু সময় কাটাতে চাই।,0,0,0,0,0,58,11,0,1,0,0,0,21,0,0,0,0,46,0,1.0,0.0,1,0
normal,আমার মনে হয় আমাদের গ্রুপ স্টাডি আবার শুরু করা উচিত। পরীক্ষার সময় কাছেই।,Bengali,0,0,আমার মনে হয় আমাদের গ্রুপ স্টাডি আবার শুরু করা উচিত। পরীক্ষার সময় কাছেই।,আমার মনে হয় আমাদের গ্রুপ স্টাডি আবার শুরু করা উচিত। পরীক্ষার সময় কাছেই।,[],0,0,0,0,0,0,0,0,0,0,0,0,আমার মনে হয় আমাদের গ্রুপ স্টাডি আবার শুরু করা উচিত। পরীক্ষার সময় কাছেই।,73,0,0,0,0,0,0,0,0,0,0,0,0,0,0,0,0,0,0,0,0,0,0,আমার মনে হয় আমাদের গ্রুপ স্টাডি আবার শুরু করা উচিত। পরীক্ষার সময় কাছেই।,আমার মনে হয় আমাদের গ্রুপ স্টাডি আবার শুরু করা উচিত। পরীক্ষার সময় কাছেই।,0,0,0,0,0,73,13,0,0,0,0,0,23,0,0,0,0,59,0,1.0,0.0,1,0
promo,"পূর্বাচল সংলগ্ন নাভানা'র ৩,৫ ও ১০ কাঠার প্লট কিনুন – ০১৮৪৭-২১৪০১৮",Bengali,0,1,"পূর্বাচল সংলগ্ন নাভানা'র ৩,৫ ও ১০ কাঠার প্লট কিনুন – ০১৮৪৭-২১৪০১৮","পূর্বাচল সংলগ্ন নাভানা'র ৩,৫ ও ১০ কাঠার প্লট কিনুন - ০১৮৪৭-২১৪০১৮",[],0,0,0,0,0,0,0,0,0,0,0,0,"পূর্বাচল সংলগ্ন নাভানা'র ৩,৫ ও ১০ কাঠার প্লট কিনুন - ০১৮৪৭-২১৪০১৮",65,0,0,0,0,0,0,0,0,0,0,0,0,0,0,0,0,0,0,0,0,0,0,"পূর্বাচল সংলগ্ন নাভানা'র ৩,৫ ও ১০ কাঠার প্লট কিনুন – ০১৮৪৭-২১৪০১৮","পূর্বাচল সংলগ্ন নাভানা'র ৩,৫ ও ১০ কাঠার প্লট কিনুন – ০১৮৪৭-২১৪০১৮",0,0,15,4,1,65,11,0,0,1,0,0,17,0,0,0,0,51,0,1.0,0.0,1,0
normal,"তুমি শক্তিশালী, তুমি পারবে।",Bengali,0,0,"তুমি শক্তিশালী, তুমি পারবে।","তুমি শক্তিশালী, তুমি পারবে।",[],0,0,0,0,0,0,0,0,0,0,0,0,"তুমি শক্তিশালী, তুমি পারবে।",27,0,0,0,0,0,0,0,0,0,0,0,0,0,0,0,0,0,0,0,0,0,0,"তুমি শক্তিশালী, তুমি পারবে।","তুমি শক্তিশালী, তুমি পারবে।",0,0,0,0,0,27,4,0,0,1,0,0,12,0,0,0,0,22,0,1.0,0.0,1,0
smish,"1 টা স্টরি লিখে দিলে 40 টাকা
2 টা স্টরি 80 টাকা
5 টা লিখলে 200 টাকা
ডেইলি ৬-৭ টা পিক দেওয়া হবে সেটা দেখে দেখে লিখতে হবে শুধু।
😊 কাজ করার সাথে সাথেই পেমেন্ট পাবেন ইনশাআল্লাহ
এড ফি ৫০ টাকা ✅",Bengali,0,2,"1 টা স্টরি লিখে দিলে 40 টাকা
2 টা স্টরি 80 টাকা
5 টা লিখলে 200 টাকা
ডেইলি ৬-৭ টা পিক দেওয়া হবে সেটা দেখে দেখে লিখতে হবে শুধু।
😊 কাজ করার সাথে সাথেই পেমেন্ট পাবেন ইনশাআল্লাহ
এড ফি ৫০ টাকা ✅",1 টা স্টরি লিখে দিলে 40 টাকা 2 টা স্টরি 80 টাকা 5 টা লিখলে 200 টাকা ডেইলি ৬-৭ টা পিক দেওয়া হবে সেটা দেখে দেখে লিখতে হবে শুধু। 😊 কাজ করার সাথে সাথেই পেমেন্ট পাবেন ইনশাআল্লাহ এড ফি ৫০ টাকা ✅,[],0,0,0,0,0,0,0,0,0,0,0,0,1 টা স্টরি লিখে দিলে 40 টাকা 2 টা স্টরি 80 টাকা 5 টা লিখলে 200 টাকা ডেইলি ৬-৭ টা পিক দেওয়া হবে সেটা দেখে দেখে লিখতে হবে শুধু। 😊 কাজ করার সাথে সাথেই পেমেন্ট পাবেন ইনশাআল্লাহ এড ফি ৫০ টাকা ✅,189,0,0,0,0,0,0,0,0,0,0,0,0,0,0,0,0,0,0,0,0,0,0,"1 টা স্টরি লিখে দিলে 40 টাকা
2 টা স্টরি 80 টাকা
5 টা লিখলে 200 টাকা
ডেইলি ৬-৭ টা পিক দেওয়া হবে সেটা দেখে দেখে লিখতে হবে শুধু।
😊 কাজ করার সাথে সাথেই পেমেন্ট পাবেন ইনশাআল্লাহ
এড ফি ৫০ টাকা ✅",1 টা স্টরি লিখে দিলে 40 টাকা 2 টা স্টরি 80 টাকা 5 টা লিখলে 200 টাকা ডেইলি ৬-৭ টা পিক দেওয়া হবে সেটা দেখে দেখে লিখতে হবে শুধু। 😊 কাজ করার সাথে সাথেই পেমেন্ট পাবেন ইনশাআল্লাহ এড ফি ৫০ টাকা ✅,0,0,14,9,1,189,42,0,0,0,0,0,59,4,1,0,0,134,0,1.0,0.0,1,0
promo,বোনাস সহ ১জিবি-৩০টাকা-৩দিন। ডায়াল *১২১*৫২১৫# বা https://mygp.li/mo,Bengali,1,1,বোনাস সহ ১জিবি-৩০টাকা-৩দিন। ডায়াল *১২১*৫২১৫# বা https://mygp.li/mo,বোনাস সহ ১জিবি-৩০টাকা-৩দিন। ডায়াল *১২১*৫২১৫# বা https://mygp.li/mo,['https://mygp.li/mo'],1,1,18,18,0,1,0,3,1,0,0,0,বোনাস সহ ১জিবি-৩০টাকা-৩দিন। ডায়াল *১২১*৫২১৫# বা  [URL] ,56,1,18,18,0,1,0,3,1,0,0,0,1,18,18,0,1,0,3,1,0,0,0,বোনাস সহ ১জিবি-৩০টাকা-৩দিন। ডায়াল *১২১*৫২১৫# বা https://mygp.li/mo,বোনাস সহ ১জিবি-৩০টাকা-৩দিন। ডায়াল *১২১*৫২১৫# বা https://mygp.li/mo,0,0,11,5,1,67,7,0,0,0,1,1,22,1,1,0,0,37,13,0.74,0.26,1,1
normal,"তুমি একা নও, আমরা আছি তোমার পাশে।",Bengali,0,0,"তুমি একা নও, আমরা আছি তোমার পাশে।","তুমি একা নও, আমরা আছি তোমার পাশে।",[],0,0,0,0,0,0,0,0,0,0,0,0,"তুমি একা নও, আমরা আছি তোমার পাশে।",33,0,0,0,0,0,0,0,0,0,0,0,0,0,0,0,0,0,0,0,0,0,0,"তুমি একা নও, আমরা আছি তোমার পাশে।","তুমি একা নও, আমরা আছি তোমার পাশে।",0,0,0,0,0,33,7,0,0,1,0,0,11,0,0,0,0,25,0,1.0,0.0,1,0
normal,"আম্মা তোমাকে খুঁজছিলো। সে বললো, দুপুরে ফোন করতে ভুলোনা।",Bengali,0,0,"আম্মা তোমাকে খুঁজছিলো। সে বললো, দুপুরে ফোন করতে ভুলোনা।","আম্মা তোমাকে খুঁজছিলো। সে বললো, দুপুরে ফোন করতে ভুলোনা।",[],0,0,0,0,0,0,0,0,0,0,0,0,"আম্মা তোমাকে খুঁজছিলো। সে বললো, দুপুরে ফোন করতে ভুলোনা।",55,0,0,0,0,0,0,0,0,0,0,0,0,0,0,0,0,0,0,0,0,0,0,"আম্মা তোমাকে খুঁজছিলো। সে বললো, দুপুরে ফোন করতে ভুলোনা।","আম্মা তোমাকে খুঁজছিলো। সে বললো, দুপুরে ফোন করতে ভুলোনা।",0,0,0,0,0,55,9,0,0,1,0,0,22,0,0,0,0,44,0,1.0,0.0,1,0
smish,আপনি একটি গুরুত্বপূর্ণ নোটিফিকেশন পেয়েছেন। এটি দেখতে এখানে ক্লিক করুন: [notifyme.org/ImportantBD],Bengali,1,2,আপনি একটি গুরুত্বপূর্ণ নোটিফিকেশন পেয়েছেন। এটি দেখতে এখানে ক্লিক করুন: [notifyme.org/ImportantBD],আপনি একটি গুরুত্বপূর্ণ নোটিফিকেশন পেয়েছেন। এটি দেখতে এখানে ক্লিক করুন: [notifyme.org/ImportantBD],['notifyme.org/ImportantBD'],1,1,24,24,0,1,0,1,0,0,0,0,আপনি একটি গুরুত্বপূর্ণ নোটিফিকেশন পেয়েছেন। এটি দেখতে এখানে ক্লিক করুন: [ [URL] ],81,1,24,24,0,1,0,1,0,0,0,0,1,24,24,0,1,0,1,0,0,0,0,আপনি একটি গুরুত্বপূর্ণ নোটিফিকেশন পেয়েছেন। এটি দেখতে এখানে ক্লিক করুন: [notifyme.org/ImportantBD],আপনি একটি গুরুত্বপূর্ণ নোটিফিকেশন পেয়েছেন। এটি দেখতে এখানে ক্লিক করুন: [notifyme.org/ImportantBD],0,0,0,0,0,98,11,0,0,0,1,1,29,0,0,0,0,60,22,0.7317073170731707,0.2682926829268293,1,1
promo,"শেখ হাসিনা সরকারের সাফল্যঃ
মাননীয় প্রধানমন্ত্রী শেখ হাসিনার নির্দেশে এখন পর্যন্ত ১৩ লাখ গৃহহীন পরিবারকে জমিসহ ঘর নির্মাণ করে দিয়েছে সরকার। ফলে ভাগ্য বদলে গেছে প্রায় ৫০ লাখ অসহায় মানুষের।",Bengali,0,1,"শেখ হাসিনা সরকারের সাফল্যঃ
মাননীয় প্রধানমন্ত্রী শেখ হাসিনার নির্দেশে এখন পর্যন্ত ১৩ লাখ গৃহহীন পরিবারকে জমিসহ ঘর নির্মাণ করে দিয়েছে সরকার। ফলে ভাগ্য বদলে গেছে প্রায় ৫০ লাখ অসহায় মানুষের।",শেখ হাসিনা সরকারের সাফল্যঃ মাননীয় প্রধানমন্ত্রী শেখ হাসিনার নির্দেশে এখন পর্যন্ত ১৩ লাখ গৃহহীন পরিবারকে জমিসহ ঘর নির্মাণ করে দিয়েছে সরকার। ফলে ভাগ্য বদলে গেছে প্রায় ৫০ লাখ অসহায় মানুষের।,[],0,0,0,0,0,0,0,0,0,0,0,0,শেখ হাসিনা সরকারের সাফল্যঃ মাননীয় প্রধানমন্ত্রী শেখ হাসিনার নির্দেশে এখন পর্যন্ত ১৩ লাখ গৃহহীন পরিবারকে জমিসহ ঘর নির্মাণ করে দিয়েছে সরকার। ফলে ভাগ্য বদলে গেছে প্রায় ৫০ লাখ অসহায় মানুষের।,190,0,0,0,0,0,0,0,0,0,0,0,0,0,0,0,0,0,0,0,0,0,0,"শেখ হাসিনা সরকারের সাফল্যঃ
মাননীয় প্রধানমন্ত্রী শেখ হাসিনার নির্দেশে এখন পর্যন্ত ১৩ লাখ গৃহহীন পরিবারকে জমিসহ ঘর নির্মাণ করে দিয়েছে সরকার। ফলে ভাগ্য বদলে গেছে প্রায় ৫০ লাখ অসহায় মানুষের।",শেখ হাসিনা সরকারের সাফল্যঃ মাননীয় প্রধানমন্ত্রী শেখ হাসিনার নির্দেশে এখন পর্যন্ত ১৩ লাখ গৃহহীন পরিবারকে জমিসহ ঘর নির্মাণ করে দিয়েছে সরকার। ফলে ভাগ্য বদলে গেছে প্রায় ৫০ লাখ অসহায় মানুষের।,0,0,4,2,1,190,30,0,0,0,0,0,60,0,0,0,0,159,0,1.0,0.0,1,0
normal,"আমি ভালো আছি, আপনি কেমন আছেন?",Bengali,0,0,"আমি ভালো আছি, আপনি কেমন আছেন?","আমি ভালো আছি, আপনি কেমন আছেন?",[],0,0,0,0,0,0,0,0,0,0,0,0,"আমি ভালো আছি, আপনি কেমন আছেন?",29,0,0,0,0,0,0,0,0,0,0,0,0,0,0,0,0,0,0,0,0,0,0,"আমি ভালো আছি, আপনি কেমন আছেন?","আমি ভালো আছি, আপনি কেমন আছেন?",0,0,0,0,0,29,6,0,1,1,0,0,9,0,0,0,0,22,0,1.0,0.0,1,0
