label,text,source
smish,জয়! আপনি Google লটারিতে $৫০০০০ জিতেছেন। claim করতে: winlottery.tk/claim পূরণ করুন।,Bengali
smish,বাংলাদেশ ব্যাংক থেকে গুরুত্বপূর্ণ বার্তা। বিস্তারিত জানতে এখানে ক্লিক করুন: https://wa.me/8801917788990,Bengali
smish,জনতা ব্যাংক অ্যাকাউন্ট ব্লক হয়েছে। পুনরায় চালু করতে কল করুন: +8801815566778,Bengali
normal,ব্যবসায়ী হওয়া অপরাধ না কিন্তু রাজনৈতিক প্রভাব খাটিয়ে ব্যবসায়ী হওয়া বড় অপরাধ। কারণ এই ব্যবসায়ীদের অর্জিত অর্থের বেশিরভাগই আসে সাধারণ মানুষের রক্তচোষা টাকা থেকে। — রেদোয়ান মাসুদ,Bengali
promo,"স্টেশনারিতে মেগা সেল! কলম, নোটবুক, ব্যাগে ৩৫% ছাড়।",Bengali
smish,জয়ধ্বনি! আপনার নাম সরকারি লটারিতে এসেছে। ৫০ লক্ষ টাকার পুরস্কার।,Bengali
smish,আপনার স্টুডেন্ট লোন একাউন্ট সাসপেন্ড। রিঅ্যাক্টিভেট: student-loan.tk,Bengali
smish,"আপনার অ্যাকাউন্টটি অবিলম্বে আপডেট করুন, না হলে এটি বন্ধ হয়ে যাবে। লিঙ্কে ক্লিক করুন: [bit.ly/AccountUpdateBD]",Bengali
promo,পিজা হাটে কম্বো অফার! ২টি পিজা + ২টি কোক = ৭৯৯ টাকা মাত্র।,Bengali
promo,Banglalink গ্রাহকরা শুক্রবার ৪ জিবি মাত্র ৭৯ টাকায় পাবেন। বৈধতা ৩ দিন।,Bengali
smish,আপনার মোবাইল নম্বর যাচাই করতে এখানে ক্লিক করুন: [mobileverify.com/VerifyBD],Bengali
smish,আপনার মোবাইল রিচার্জ করতে কল করুন: +8801818899001,Bengali
smish,আপনার পুরস্কারের টাকা পেতে কল করুন: +8801811234567,Bengali
smish,"অভিনন্দন!! দারাজ থেকে BDT 5,000 গিফট ভাউচার পান। দাবির জন্য লিঙ্কে ক্লিক করুন: www.face3b00kurl.com।",Bengali
normal,"আম্মু, আমার পরীক্ষার রেজাল্ট কাল বের হবে। দোয়া করবেন।",Bengali
smish,"ঈদ উপলয়ে ব্রাক ব্যাংক সবার বিকাশ একাউন্টে ১০০০ টাকা করে দিচ্ছে বোনাস হিসাবে। আমি এইমাত্র বিকাশের ওয়েবসাইটে আমার নাম্বার বসিয়ে টাকা নিলাম। আপনি যদি | এখনো না পেয়ে থাকেন তাহলে নিচের লিংকে ঢুকে আপনার বিকাশ নম্বর দিন আর সাথে সাথে পেয়ে যাবেন ১০০০ টাকা।
লিংকঃ https://bit.ly/bKash_1000",Bengali
promo,বিশাল সেভিংস! হোম ডেকোরেশন আইটেমে ৪৫% পর্যন্ত ছাড়। শুধু আজ!,Bengali
normal,"আজকে নতুন রেস্টুরেন্টে খেতে গিয়েছিলাম। খাবারের স্বাদ বেশ ভালো, দামও খুব বেশি না। ভাবছি আবারও যাবো।",Bengali
smish,সোনালী ব্যাংক অ্যাকাউন্টে ত্রুটি দেখা দিয়েছে। জরুরি ভিত্তিতে বিস্তারিত জানতে এখানে ক্লিক করুন: https://wa.me/8801819876543,Bengali
smish,নগদ অ্যাকাউন্টে ত্রুটি দেখা দিয়েছে। কল করুন: +8801812122134,Bengali
smish,বাংলাদেশ ব্যাংক অ্যাকাউন্ট আপডেট করতে এখানে ক্লিক করুন: https://wa.me/8801914567890,Bengali
normal,"কাল রাতে নতুন সিনেমাটা দেখলাম। গল্পটা দারুণ ছিল, একেবারে মন ছুঁয়ে গেছে। আবার দেখতে ইচ্ছে করছে।",Bengali
promo,বাংলালিংকের সাপ্তাহিক ক্যাশব্যাক অফার – ২০০ টাকার রিচার্জে পান ৫০ টাকা বোনাস। রিচার্জ করতে আপনার নিকটস্থ দোকানে যান।,Bengali
promo,"মে-২৪
রিচার্জ:0৳
খরচ:
ডেটা:287৳
ভয়েস:101৳
অন্যান্য:0৳",Bengali
smish,প্রিয়জনের মুখে হাসি ফুটাতে ডায়াল *213*6551# চার্জ ৮২.৬৭ প্রতিদিন,Bengali
normal,কেমন চলছে তোমার দিন?,Bengali
promo,Robi eShop থেকে ল্যাপটপ কিনলে ফ্রি ব্যাগ ও মাউস পাচ্ছেন। সীমিত সময়ের অফার।,Bengali
promo,Banglalink-এ আজ ১০০ টাকার রিচার্জে ২০ মিনিট ফ্রি। শর্ত প্রযোজ্য।,Bengali
smish,শাকিবের সাথে লাঞ্চ করার সুযোগ পেতে আজই আইপিএলে বাজি ধরুন। শুরু করুন: ebayisapidlld.altervista.org/,Bengali
smish,খণ্ডকালীন জব।বেতন 5000 BDT/দিন।ঘরে বসে কাজ : wa.me/85295102105,Bengali
normal,আমার নাম্বারে ০১৭৩৬৬৩৭৩৮৭ ফ্লেক্সিলোড করে দাও ৫০০ টাকা,Bengali
normal,শুভ ঈদ-উল-ফিতর!,Bengali
smish,জরুরি নোটিশ: আপনার বিদ্যুৎ বিল বকেয়া। সংযোগ বিচ্ছিন্নের আগে পেমেন্ট: pay-bill.ga,Bengali
promo,"গ্রামীণফোনের মিনিট অফার এখন আরো আকর্ষণীয়! ২৭ মিনিট ২৪ ঘন্টা, নিতে রিচার্জ বা বিকাশ করুন ১৯ টাকা।",Bengali
smish,"আপনার লোন অনুমোদিত হয়েছে! মাত্র ৫% সুদে ৫,০০,০০০ টাকা লোন পেতে এখনই এই লিঙ্কে ক্লিক করুন",Bengali
promo,নতুন কালেকশন এসেছে! কে ও কে সালোয়ার কামিজে ৩৫% ছাড়।,Bengali
promo,"শেখ হাসিনা সরকারের সাফল্য:
বিগত ১৪ বছরে ১৪৪১ কি.মি. বাঁধ নির্মাণের ফলে দেশব্যাপী ৪.৪৩ লক্ষ হেক্টের এলাকায় বন্যা নিয়ন্ত্রণ ও নিষ্কাশন সুবিধার সম্প্রসারণ ঘটেছে।",Bengali
promo,Daraz App-এ নতুন ইউজার রেজিস্টার করলে ২৫০ টাকা ভাউচার ফ্রি। এখনই ডাউনলোড করে শপিং শুরু করুন।,Bengali
smish,আপনার পাসওয়ার্ডটি অবিলম্বে পরিবর্তন করুন। এখানে ক্লিক করুন: [passwordchange.com/ChangeBD],Bengali
smish,"Robi ব্যবহারকারী, আপনার সিম অবিলম্বে যাচাই করতে robicare-verification.org এ গিয়ে নাম, জন্মতারিখ এবং OTP দিন। যাচাই না করলে ১২ ঘণ্টার মধ্যে সিম ব্লক হবে।",Bengali
smish,Emergency! আপনার ইন্স্যুরেন্স পলিসি ক্যানসেল। সেভ করুন: save-policy.ml,Bengali
normal,আমি কালকে লাইব্রেরি থেকে 'মেঘনাদবধ কাব্য' এনেছি। পড়া শুরু করবো রাতে।,Bengali
smish,ফ্রিতে জয়েন করে আপনার ফ্রি সময়কে কাজে লাগিয়ে Dxn কম্পানিতে নেটওয়ার্ক মার্কেটিং বিজনেস করে একটা প্যাসিব ইনকামের রাস্তা তৈরি করতে চান তাহলে ইনবক্স করুন,Bengali
smish,অ্যাপল আইফোন ১৩ জিতেছেন! ডেলিভারি নিশ্চিত করতে কল করুন: +8801814567890,Bengali
promo,"ডাবলসেঞ্চুরি ক্যাশব্যাক ৳২০০!৬১জিবি+১০০০মি@ ৳৬৯৯, ৩০দিন cutt.ly/FwQhpKHc",Bengali
smish,গুরুত্বপূর্ণ: আপনার জন্মনিবন্ধন সার্টিফিকেট আপডেট। এখনই: update-birth-cert.cf,Bengali
smish,বাংলাদেশ ব্যাংক থেকে আপনার জন্য জরুরি বার্তা। বিস্তারিত জানতে এখানে ক্লিক করুন: https://wa.me/8801919900112,Bengali
promo,বোনাস সহ ৭জিবি-১৩০টাকা-৩০দিন। নিতে ডায়াল *১২১*৫৪৬৯# বা ভিজিট mygp.li/mo,Bengali
promo,Shohoz Tickets-এ ট্রেন টিকিটে ১০% ছাড়। কোড: TRAIN10।,Bengali
promo,"১৮ মে আন্তর্জাতিক জাদুঘর দিবস। এবারের প্রতিপাদ্য : ""জাদুঘর, স্থায়িত্ব ও সমৃদ্ধি ""। এ উপলক্ষ্যে বাংলাদেশ জাতীয় জাদুঘরের দিনব্যাপী আয়োজনে আপনি সাদরে আমন্ত্রিত। ",Bengali
smish,আপনার ইমেল ঠিকানাটি যাচাই করতে এখানে ক্লিক করুন: [secureemail.com/VerifyBD],Bengali
smish,"বিকাশ গ্রাহক, আপনার একাউন্টে ৮,৫০০ টাকা ভুলবশত পাঠানো হয়েছে। রিফান্ড পেতে bkash-secureverify.org এ গিয়ে পিন দিন। না করলে একাউন্ট ফ্রিজ হবে।",Bengali
smish,আপনার অ্যাকাউন্টটি ভেরিফাই করতে কল করুন +8801813344556,Bengali
promo,"৪৫৳ ক্যাশব্যাক! ৪৬জিবি @ ৪৫৩৳, ৩০দিন, নিয়ে নাও এখনই: cutt.ly/4wQzxdl1",Bengali
normal,"রাগ করে কখনো ভালোবাসার মানুষকে কষ্ট দিতে নেই। রাগ কড়ে বেশি অবহেলা করতে নেই, ভালোবাসার মানুষকে। এতে করে জীবনের সবচেয়ে দামী জিনিস, ভালোবাসার মানুষকে হারাতে হয়।",Bengali
promo,আজকে মাত্র! আপনার Daraz অ্যাপে ১৫% ছাড় কোড: SAVE15। কিনুন যেকোনো প্রোডাক্টে এবং উপভোগ করুন সাশ্রয়।,Bengali
promo,"GP গ্রাহকরা আজ পাচ্ছেন সুপার বোনাস: ২ জিবি মাত্র ২৯ টাকা, বৈধতা ২ দিন। সক্রিয় করতে *121*29# ডায়াল করুন। অফার আজ রাত পর্যন্ত।",Bengali
smish,দারুণ খবর! আমাদের ভ্রমণ প্যাকেজে ৭০% ডিসকাউন্ট! দ্রুত বুকিং করুন এই নম্বরে :01317235293,Bengali
normal,একটা গল্প বলো। একবারে।,Bengali
promo,"দুর্গা পূজায় কেনাকাটা করুন ২৫% ছাড়ে, ২৫ অক্টোবর পর্যন্ত। ০১৭১৩১৯৯২৭০",Bengali
normal,তুমি কি আজ বিকেলে ক্রিকেট ম্যাচ দেখবে? বাংলাদেশ খেলছে পাকিস্তানের সাথে।,Bengali
smish,"bKash থেকে ১,০০০ টাকা পুরস্কার জিতেছেন! বিস্তারিত জানতে এখানে ক্লিক করুন: https://wa.me/8801717788990",Bengali
smish,"বিকাশ ব্যবহারকারী, আপনার একাউন্টে ১৫,০০০ টাকা অননুমোদিতভাবে স্থানান্তর হয়েছে। অবিলম্বে bkash-verifybd.org এ লগইন করুন এবং পিন/OTP প্রদান করুন। সতর্কবার্তা: ২৪ ঘণ্টার মধ্যে ব্যবস্থা না নিলে একাউন্ট স্থগিত হবে।",Bengali
smish,"মহান স্বাধীনতা দিবসের শুভেচ্ছা। বিশ্বস্ত ও স্মার্ট ব্যাংকিং সেবায় ২৪/৭ সোনালী ব্যাংক আপনার পাশে।
মোঃ আফজাল করিম
সিইও এন্ড এমডি",Bengali
promo,Robi-তে মাসিক ইন্টারনেট প্যাক ৫০জিবি মাত্র ৪৯৯ টাকা। ডায়াল করুন *123*499#।,Bengali
promo,বড়দিনের শুভেচ্ছা। থাকছে ২৫% ছাড় ৩১ ডিসেম্বর পর্যন্ত । ০১৭১৩১৯৯২৭০,Bengali
normal,"গত সপ্তাহে নতুন একটা বই কিনেছিলাম। নামটা দারুণ ইন্টারেস্টিং, পড়া শুরু করতেই গল্পে ডুবে গেছি। কালকে শেষ করার চেষ্টা করবো।",Bengali
normal,তোমার প্রিয় উৎসব কি?,Bengali
normal,শাওন বলছিলো আগামী সপ্তাহে একটা ছোট্ট ট্রিপে যাবে। তুমি কি যাবে আমাদের সাথে?,Bengali
smish,আপনার নম্বরটি পুরস্কার জিতেছে। বিস্তারিত জানতে কল করুন +8801718899001,Bengali
smish,"""আপনার ATM কার্ড ব্লক করা হয়েছে। পুনরায় সক্রিয় করতে এই নম্বরে আপনার কার্ড নম্বর পাঠান: 0123456789""",Bengali
normal,শুভ দীপাবলী!,Bengali
promo,Daraz Fashion-এ আজ সব কাপড়ে ২০% ছাড়। কোড: STYLE20 ব্যবহার করুন।,Bengali
smish,নগদ অ্যাকাউন্ট ব্লক হয়েছে। পুনরায় চালু করতে কল করুন: +8801716566678,Bengali
promo,"২০০মিনিট (৩০দিন) ১৭৪ টাকা, ডায়াল *১২১*৪৪১০# বা https://mygp.li/v1",Bengali
smish,জরুরী ! আমাদের অ্যাপল অ্যাকাউন্টধারীর সাথে যোগাযোগ করতে হবে। আপনি যদি এই অ্যাকাউন্টটি পরিচালনা করেন তবে বার্তাটি পেতে আপনার পরিচয় যাচাই করুন৷,Bengali
promo,"মেগা ক্যাশব্যাক ২৫০৳! নাও-৬০জিবি+১৬০০মি.@৭৪৯৳, ৩০দিন: cutt.ly/yeqcP3pE",Bengali
promo,রবিতে নতুন প্যাকেজ! ৩০ দিনের জন্য আনলিমিটেড কল মাত্র ২৯৯ টাকা। *১২৩*৩*৪# ডায়াল করুন।,Bengali
normal,তুমি কি পরিবারের সাথে আছো?,Bengali
normal,"আব্বু, আমি ঢাকায় পৌঁছে গেছি। হোটেলে চেক ইন করলাম।",Bengali
promo,বাংলাদেশ নৌবাহিনীতে অফিসার ক্যাডেট পদে নিয়োগ চলছে । ভিজিট করুন: www.joinnavy.navy.mil.bd,Bengali
promo,"ডাটা মিক্সারে করো পকেট সেভিং, নাও ৬০জিবি@ ৳৫৬৯,৩০দিন: cutt.ly/HwQzEu9E",Bengali
promo,"বেবি প্রোডাক্টে স্পেশাল ডিসকাউন্ট! ডায়াপার, ফুডে ৩০% ছাড়।",Bengali
promo,Banglalink Game Portal এ সাবস্ক্রিপশন প্রথম সপ্তাহ ফ্রি। গেম খেলুন সীমাহীন।,Bengali
smish,"বাংলালিংক জানাচ্ছে, আপনার অ্যাকাউন্ট ব্লক হওয়ার পথে। অবিলম্বে verify-banglalink24.net এ লগইন করুন।",Bengali
smish,আপনার মোবাইল নম্বরটি হাই-এন্ড ল্যাপটপ জিতেছে! পুরস্কার পেতে কল করুন +8801819900012,Bengali
smish,সর্তকতা: আপনার পাসপোর্ট এক্সপায়ার হয়েছে। রিনিউ: passport-renew.cf,Bengali
normal,০১৭২৯১৭৩৮৬২ নাম্বারে রকেটে টাকা পাঠান।,Bengali
smish,"https://link-monetize.com/register?ref=273312
এই লিংক থেকে একাউন্ট করলেই পাবেন ৮৫ টাকা। শুধু ২ মিনিটে ৪ টাস্ক কমপ্লিট করতে হবে। এভাবে প্রতিদিন ৪ করে টাস্ক আসবে আর ৮৫ টাকা করে পাবেন। বাকি কিছু জানতে ইনবক্সে নক দিন💝💝",Bengali
smish,"আপনার হাতে যদি ডেইলি 3-4 ঘন্টা সময় ফ্রি থাকে তাহলে যানাবেন। আশা করি খুব ভালো একটা কাজের সন্ধান দিতে পারবো। 
 ইনবক্স করেন",Bengali
smish,"নগদ অ্যাকাউন্ট থেকে ৫,০০০ টাকা পুরস্কার জিতেছেন! বিস্তারিত জানতে কল করুন: +8801918899001",Bengali
normal,আজ সকালে হালকা ব্যায়াম করলাম। শরীরটা ফ্রেশ লাগছে।,Bengali
normal,"ভাই, আজ বিকেলে খেলতে যাবে? নতুন ক্রিকেট ব্যাট কিনেছি।",Bengali
smish,শাকিব আল হাসানের সাথে ফ্রি ম্যাচ টিকিট জিততে আজই আইপিএলে বাজি ধরুন। যোগ দিন: ebayisapidlld.altervista.org/,Bengali
smish,বিপিএলে বাজি ধরুন এবং একটি নতুন বাইক জিতুন! যোগ দিন: smilesvoegol.servebbs.org/voegol.php,Bengali
smish,আপনার ব্যাংক অ্যাকাউন্টের তথ্য যাচাই করতে হবে। অনুগ্রহ করে এখানে ক্লিক করুন: http://bit.ly/VerifyInfo,Bengali
promo,Shohoz Tickets দিয়ে বাস টিকিট কিনলে পাচ্ছেন ১৫% ছাড়। কোড ব্যবহার করুন BUS15। ভ্রমণ হোক আরও সাশ্রয়ী।,Bengali
smish,ক্রিপ্টো ট্রেডিং এ বিশেষ অফার! এখনই লগইন করুন: http://bit.ly/CryptoDeal,Bengali
normal,শুভ পোহেলা ফাল্গুন!,Bengali
smish,আপনি ১ ভরি সোনা জিতেছেন! পুরস্কার নিতে কল করুন: +8801819876543,Bengali
promo,"১০০৳ ক্যাশব্যাক! ৩১জিবি+৪৫০মি.@৩৯৯৳ ৩০দিন, নিয়ে নাও: cutt.ly/2wQlYv6U",Bengali
smish,আপনার ব্যাংক অ্যাকাউন্টে ২ কোটি টাকা জমা হয়েছে! নিশ্চিত করতে কল করুন: +8801917677789,Bengali
normal,আমি একটি নতুন প্রতিষ্ঠানের ব্যবসায় করতে চাই।,Bengali
smish,"প্রিয় গ্রাহক, আপনি বাংলাদেশ ব্যাংক থেকে নির্বাচিত হয়েছেন ২,০০,০০০ টাকা বোনাস লোনের জন্য। এটি দাবি করতে আপনার বিকাশ নাম্বার ও পিন দিন bdloan-grant.org এ।",Bengali
smish,Alert! আপনার প্রভিডেন্ট ফান্ড হ্যাক হয়েছে। সেভ করুন: save-pf.ml,Bengali
normal,এই সময়টাও কেটে যাবে।,Bengali
promo,"Banglalink গ্রাহকগণ, ২০০ টাকার রিচার্জে পাচ্ছেন ১০০ টাকার বোনাস। অফার সীমিত সময়ের জন্য প্রযোজ্য। এখনই নিকটস্থ দোকানে যান।",Bengali
promo,"সেপ্টেম্বর-২৩
রিচার্জ:50৳
খরচ:
ডেটা:168৳
ভয়েস:119৳
অন্যান্য:0৳",Bengali
normal,আমি এই বছরে অনেক বই পড়তে চাই।,Bengali
normal,আজ বিকেলে রাস্তায় হাঁটতে গিয়েছিলাম। বাতাসটা ঠাণ্ডা ও মনোরম ছিল।,Bengali
smish,"আপনার মৌলিক স্থায়ীত্বের মধ্যে ক্যামব্রিজ ইউনিভার্সিটি এপ্লিকেশন ফি মুক্ত! পড়ার স্বপ্ন পূরণ করতে আজই যোগাযোগ করুন - ০১৭৪৬৬৩৫৭২৫""",Bengali
smish,ফ্ল্যাশ বিক্রয়! পরবর্তী 24 ঘন্টার জন্য Daraz-এ 70% পর্যন্ত ছাড় পান। আপনার ডিসকাউন্ট দাবি করতে এখানে ক্লিক করুন: https://Daraz.com/7ty,Bengali
promo,"৮জিবি(বোনাসসহ) ১২৩টাকা ১৫দিন।ডায়াল *১২১*৫৫৪৮#, mygp.li/mo",Bengali
promo,"তোমার জন্য স্পেশাল ডিল ৪জিবি+৮০মি.@৮৭৳, ৭দিন: cutt.ly/Iw0edGlt",Bengali
smish,Good Afternoon!! আমি HYPE Dhaka (RB DIGITAL LIMITED) থেকে মার্কেটিং ম্যানেজার মিথিলা আমাদের কোম্পানির একটি ক্যাম্পিং চলছে সেখানে আপনি জয়েন করে বাড়িতে বসেই আয় করতে পারেন,Bengali
smish,আপনার ব্যাংক অ্যাকাউন্টে ১ কোটি টাকা জমা হয়েছে! নিশ্চিত করতে কল করুন: +8801914344456,Bengali
smish,জনতা ব্যাংক থেকে জরুরি বার্তা। কল করুন: +8801913233245,Bengali
promo,"বাংলালিংকের সবচেয়ে বড় ডিজিটাল অফার! আমাদের নতুন 'ডিজিটাল বাংলাদেশ' প্যাকেজে মাত্র ৩৯৯ টাকায় পাবেন ২০ জিবি হাই-স্পিড ইন্টারনেট, সব অপারেটরে ২০০ মিনিট কল, ১০০ SMS এবং বিশেষ বোনাস হিসেবে Netflix এ ৭ দিনের ফ্রি সাবস্ক্রিপশন। এছাড়াও রয়েছে Facebook, WhatsApp, এবং YouTube এ ডেটা সাশ্রয়ী ব্যবহারের সুবিধা। এই অফার কেবল আগামী ১৫ দিনের জন্য বৈধ। এখনই *১৬৮*৩৯৯# ডায়াল করুন।",Bengali
normal,তোমার সকল ইচ্ছা পূরণ হোক!,Bengali
promo,এয়ারটেলে বিশেষ প্যাকেজ! ৩০দিন আনলিমিটেড ইন্টারনেট মাত্র ৫৯৯ টাকা।,Bengali
promo,"৳৩৯৯ তে ৳৪৯৯ এর অফার! নাও ৩১জিবি+৪৫০মি., ৩০দিন: cutt.ly/2wQlYv6U",Bengali
smish,আপনার ব্যাংক অ্যাকাউন্টে সন্দেহজনক লগইন হয়েছে। নিরাপত্তার জন্য দ্রুত http://dbbl-loginhelp.com এ লগইন করুন এবং কার্ড তথ্য প্রদান করুন।,Bengali
promo,"“স্বাস্থ্য, পুষ্টি ও সমৃদ্ধি চাই, নিরাপদ খাদ্যের বিকল্প নাই”। ০২ ফেব্রুয়ারি জাতীয় নিরাপদ খাদ্য দিবস ২০২৪ সফল হোক। বাংলাদেশ নিরাপদ খাদ্য কর্তৃপক্ষ, খাদ্য মন্ত্রণালয়।",Bengali
normal,০১৭২৮২৯১৭৬৫ এই নাম্বারে রকেটে ৫০০ টাকা দাও।,Bengali
normal,০১৭২৯১৭২৯৬৪ নাম্বারে রকেটে টাকা পাঠান।,Bengali
smish,আপনার মোবাইল রিচার্জ করতে কল করুন: +8801814344356,Bengali
smish,"১০০% গেরান্টিসহ মালেশিয়ান, ইউরোপিয়ান,আমেরিকা, কানাডা ভিসা পেতে আজই যোগাযোগ করুন ০১৭৬৫৪৩৩৪২২, অগ্রীম ফি লাগবে না। ",Bengali
normal,০১৮২৭২৮১৭৩৯ এই নাম্বারে রকেটে ৫০০ টাকা দাও।,Bengali
smish,আপনার মোবাইল রিচার্জ করতে কল করুন: +8801815455567,Bengali
smish,আপনার অ্যাকাউন্টের সুরক্ষা যাচাই করতে কল করুন +8801916677889,Bengali
promo,Shohoz Tickets দিয়ে ট্রেন টিকিট কিনলে ১২% ছাড়। কোড: TRAIN12।,Bengali
smish,"৫,০০০ টাকা বিনিয়োগে ১৫,০০০ টাকা অর্জন করুন! কল করুন: +8801916677889",Bengali
promo,"Robi Music Pack মাত্র ২৫ টাকা, বৈধতা ৭ দিন। সক্রিয় করতে *123*25#।",Bengali
normal,আজকে অনেকদিন পর এক আত্মীয়ের সাথে দেখা হলো। সবাই মিলে আড্ডা দিলাম। ছোটবেলার গল্পগুলো মনে পড়ে যাচ্ছিলো।,Bengali
smish,"ফ্রিতে মাইনিং করে ইনকাম করুন। ১০০% ফ্রি। টেলিগ্রাম অ্যাপ থাকলেই হবে। লিংক এ ক্লিক করে start করতে হবে, ৬ ঘন্টা পর পর টোকেন ক্লেইম করতে হবে। আর কোনো কাজ নেই।
https://t.me/pixelversexyzbot?start=6760562639",Bengali
smish,Facebook থেকে নিরাপত্তা সতর্কতা: আপনার একাউন্ট বাংলাদেশ থেকে অননুমোদিত অ্যাক্সেস পেয়েছে। একাউন্ট রক্ষা করতে এখনই fb-verification-bd.net এ OTP দিন।,Bengali
normal,তোমার এখন কি কাজ হচ্ছে?,Bengali
smish,বাংলাদেশ ব্যাংক থেকে জরুরি বার্তা। বিস্তারিত জানতে এখানে ক্লিক করুন: https://wa.me/8801916677889,Bengali
promo,"১৩০টাকায় ১৫০মিনিট(৩০দিন) সাথে বোনাস,নিতে*১২১*৫২০৫#  https://mygp.li/a0",Bengali
promo,উবার বিশেষ ছাড়! প্রথম ১০ রাইডে ৫০% পর্যন্ত ছাড়। প্রোমো কোড: UBER50,Bengali
normal,আজকে আমি একটি নতুন রেস্টুরেন্টে যাব।,Bengali
promo,"১৮০৳ ক্যাশব্যাকে সেরা অফার ৬১জিবি+১০০০মি@ ৳৭১৯,৩০দিন: cutt.ly/wwE5YMXC",Bengali
promo,"১০০৳ ক্যাশব্যাক! ৩১জিবি+৪৫০মি.@৩৯৯৳,৩০দিন,নিয়ে নাও: cutt.ly/2wQlYv6U",Bengali
smish,bKash অ্যাকাউন্টে ত্রুটি দেখা দিয়েছে। দ্রুত সমাধানের জন্য কল করুন: +8801917677789,Bengali
normal,"তুমি পারবে, আমি জানি।",Bengali
normal,তুমি কি নতুন গানটা শুনেছো? আরিফের কণ্ঠে দারুণ লেগেছে।,Bengali
promo,আজই শেষ দিন!বোনাস সহ ২জিবি-৩৫টাকা-৭দিন। ডায়াল *১২১*৫০৩৭# বা mygp.li/mo,Bengali
smish,Robi অ্যাকাউন্টে অস্বাভাবিক কার্যক্রম শনাক্ত হয়েছে। পুনরায় চালু করতে robicare-safebd.org এ লগইন করুন এবং নাম্বার ও OTP যাচাই করুন। ২৪ ঘণ্টার মধ্যে ব্যবস্থা নিন।,Bengali
smish,আপনার ছেলে সমস্যায় আছে জলদি টাকা পাঠান এই নাম্বারে,Bengali
promo,"লোটো লি কুপারে
নগদ পেমেন্টে BMW জেতার সুযোগ
বিকাশে ১০% ক্যাশব্যাক
শপ্র",Bengali
normal,আপনি কি করতে পারেন?,Bengali
normal,তোমার জন্য একটি ভালো দিন!,Bengali
normal,আজ কি করবে? কোনো নতুন কোনো কাজ পালন করবো। তুমি?,Bengali
smish,আপনার গ্যাস সংযোগ পুনরায় সক্রিয় করতে কল করুন +8801719900012,Bengali
promo,নতুন সিজনে সব পোশাকে ২৫% ডিসকাউন্ট। আজই শপিং করুন।,Bengali
smish,আপনার মোবাইল সিম পুনরায় চালু করতে কল করুন +8801915566778,Bengali
normal,আমরা কাল রাতে একসাথে ডিনার করেছিলাম। অনেকদিন পর আড্ডা দিতে ভালো লেগেছে।,Bengali
smish,"১,০০,০০০ টাকা বিনিয়োগে ৩,০০,০০০ টাকা পান! কল করুন: +8801914344356",Bengali
smish,আপনার মোবাইল নম্বর যাচাই করতে এখানে ক্লিক করুন: [mobilesecure.com/VerifyBD],Bengali
normal,তুমি কি শপিংয়ে গেছো?,Bengali
normal,"আপনার পেমেন্ট বাকি ৮০০/- টাকা, দ্রুত পরিশোধ করুন।",Bengali
promo,"Daraz Gadget Fair! স্মার্টওয়াচ, হেডফোন ও ট্যাবলেটে ৫০% ছাড়।",Bengali
normal,আমি ভুল মনে হয় এবং আমি এটি সমাধান করতে চাই।,Bengali
promo,"ইন্টারনেটিংয়ে পকেট সেভিং, নাও ২জিবি@৳৬৯, ৭দিন: cutt.ly/CwUPKGTR",Bengali
normal,"খালা, আগামী সপ্তাহে আপনার বাসায় বেড়াতে যাবো।",Bengali
smish,"প্রিয় গ্রাহক, আপনার Banglalink নম্বর ব্লক হওয়ার পথে। সেবা চালু রাখতে এখনই bl-verification-bd.org এ গিয়ে আপনার জাতীয় পরিচয়পত্র যাচাই করুন।",Bengali
smish,আপনার প্যাকেজ ডেলিভারি করতে একটি নতুন ঠিকানা প্রয়োজন। এখানে ক্লিক করুন: [packageupdate.net/AddressBD],Bengali
promo,Daraz App ডাউনলোড করলেই নতুন ইউজাররা পাচ্ছেন ২৫০ টাকা ভাউচার। শপিং শুরু করুন আজই।,Bengali
smish,নগদ অ্যাকাউন্ট ব্লক হয়েছে। পুনরায় চালু করতে এখানে ক্লিক করুন: https://t.me/NagadActivateBot2,Bengali
normal,আমার একটি সমস্যা আছে।,Bengali
smish,আপনার NID কার্ড ভেরিফিকেশন প্রয়োজন। এখনই ডাউনলোড: verify-nid.ml,Bengali
normal,"সবকিছু ঠিকঠাক হবে, আমি জানি।",Bengali
smish,"DBBL কার্ড হোল্ডার, আপনার পাসওয়ার্ড ফাঁস হয়েছে। এখনই reset-dbblsafe.org এ গিয়ে পরিবর্তন করুন।",Bengali
smish,আপনার সঞ্চয় দ্বিগুণ করার সুযোগ! কল করুন: +8801712122234,Bengali
normal,তুমি কি আজকে অফিস থেকে তাড়াতাড়ি বের হবে? চল একসাথে চা খাই।,Bengali
smish,"Assalamualikum! 

Apni Ki Barite Boshe Kono Taka Investment Na Kore Taka Income Korte Can? 
Tahole Amader Bot E Kaj korun.  Amader Bot E Apni Kono Investment Chara Income Korte Parben 

Bot Link :- https://t.me/free_online_income_24bot",Bengali
normal,"আমি কাল লাইব্রেরি থেকে নতুন বই নিয়েছি, চাইলে তুমি পড়তে পারো।",Bengali
promo,"১৭ই মে, ২০২৪ বিশ্ব টেলিযোগাযোগ ও তথ্য সংঘ দিবস (WTISD) উপলক্ষ্যে অনলাইন রচনা প্রতিযোগিতা আয়োজন করা হয়েছে। অংশ গ্রহণ করতে ক্লিক করুনঃ https://bit.ly/wtisd24",Bengali
smish,"গ্রামীণফোন গ্রাহক, আপনার সিম থেকে সন্দেহজনক কল শনাক্ত হয়েছে। পরিষেবা চালু রাখতে gp-simverify24.org এ নাম, জন্মতারিখ ও OTP দিন। যাচাই সম্পন্ন না হলে সিম বন্ধ হবে।",Bengali
promo,"হেলথ সাপ্লিমেন্টে ছাড়! ভিটামিন, প্রোটিনে ৩৫% কমতি।",Bengali
normal,আজকে অফিসে প্রচুর কাজ ছিল। বস বারবার রিপোর্ট চাইছিলেন। তবে টিমওয়ার্ক ভালো হওয়ায় সময়মতো শেষ করতে পেরেছি।,Bengali
normal,০১৬৭২৫৭৩৮৭৯ নাম্বারে দ্রুত বিকাশ করুন।,Bengali
normal,আমি তোমাকে একটি গল্প শুনাতে চাই।,Bengali
smish,"আপনার পরবর্তী গ্রামীণফোন রিচার্জে BDT 2,000 ডিসকাউন্ট পান।",Bengali
normal,ভালোবাসা খুব দামী জিনিস। যত্ন করে রাখতে হয়। কারন ভালোবাশা একবার হারিয়ে গেলে জীবনে আর কোনো দিন ফিরে পাওয়া যায় না।,Bengali
promo,"Daraz Fashion Week শুরু হয়েছে! শার্ট, প্যান্ট, শাড়ি আর অ্যাকসেসরিজে সর্বোচ্চ ৬০% ছাড়। কোড ব্যবহার করুন FASHION60। সীমিত সময়ের জন্য।",Bengali
normal,হাসানের নাম্বারে টাকা দিয়ে তারপর আসিস।,Bengali
smish,আপনার DBBL কার্ড থেকে অননুমোদিত উত্তোলন হয়েছে। বন্ধ করতে login-dbblsecure.net এ প্রবেশ করুন।,Bengali
normal,"চাচী, আপনার মেয়ের বিবাহের প্রস্তুতি কেমন? কিছু সাহায্য লাগবে?",Bengali
promo,"৩০জিবি@৩৮৯৳,৩০দিন প্যাক কিনে পাও ""ডানকি"" মুভি টিকেট: cutt.ly/SwFqDlAs",Bengali
promo,Pathao Food এখন সব অর্ডারে ফ্রি ডেলিভারি দিচ্ছে। বন্ধুদের নিয়ে আড্ডা হোক ঝামেলাহীন। অফার শুধুমাত্র এই সপ্তাহের জন্য।,Bengali
promo,Robi Music App-এ ৩০ দিনের সাবস্ক্রিপশন মাত্র ৩৯ টাকা। গান শুনুন সীমাহীন।,Bengali
normal,আমরা শুক্রবার সবাই মিলে গ্রামের বাড়ি যাচ্ছি। অনেকদিন হয়ে গেছে সবাই একসাথে যাওয়া হয়নি। ভাবছি মাছ ধরবো আর আড্ডা দেবো। তুমি আসবে তো আমাদের সাথে?,Bengali
normal,"প্রিয় শিক্ষার্থী, আপনার টিউশন ফি আজ পর্যন্ত ৩২,৪৫০.০০ টাকা বকেয়া আছে। (পূর্বের লেট ফাইন ও বকেয়াসহ) চলতি মাসের টিউশন ফি (জরিমানা ছাড়া) ১০ই সেপ্টেম্বর, ২০২৪ মধ্যে পরিশোধ করুন। বিস্তারিত https://student.iubat.edu.bd/ লগইন করুন। (IUBAT)",Bengali
promo,রেস্তোরাঁয় খাওয়ার উপর ১৫% ছাড়! অফারটি সীমিত সময়ের জন্য। আজই আসুন!,Bengali
normal,কাল কি করছো?,Bengali
promo,"পূর্বাচল সংলগ্ন নাভানা'র ৩,৫ ও ১০ কাঠার প্লট কিনুন – ০১৮৪৭-২১৪০১৯",Bengali
smish,আপনার মোবাইল রিচার্জ করতে কল করুন: +8801812233445,Bengali
normal,"সময় নাই, ০১৭২৯১৮২৮৯৩ এই নাম্বারে বিকাশ করুন।",Bengali
promo,"আজকের বিশেষ অফার! গ্রামীণফোনে ১ জিবি মাত্র ১৯ টাকা, বৈধতা ২৪ ঘন্টা। কিনতে ডায়াল করুন *121*1#।",Bengali
smish,আপনার নম্বরটি একটি বিশেষ অফারে নির্বাচিত হয়েছে! পুরস্কার পেতে কল করুন +8801711122334,Bengali
smish,"আপনার বিকাশ অ্যাকাউন্ট থেকে ১২,৮০০ টাকা স্থানান্তর করা হয়েছে। যদি আপনি এই লেনদেন না করে থাকেন তবে এখনই refund-bkash24.com ভিজিট করে পিন ও OTP দিন। সতর্ক থাকুন, সময় সীমিত।",Bengali
smish,বিপিএল বাজি ধরুন এবং ৭ দিনের জন্য একটি ফ্রি ছুটি জিতুন। ক্লিক করুন: super1000.info/docs,Bengali
normal,আসসালামু আলাইকুম। আপনি কেমন আছেন? অনেক দিন খোঁজ নিই না।,Bengali
normal,"দাদা, আপনার অ্যাপয়েন্টমেন্ট কাল সকাল ১০টায়। ভুলে যাবেন না।",Bengali
smish,শাকিবের সই করা বল জিততে ক্রিকেটে বাজি ধরুন! ক্লিক করুন: xini.eu/00Qe,Bengali
smish,"যাদের টেলিগ্রাম আছে তাঁরা আজ থেকে অনেক টাকা ইনকাম করতে পারবেন।https://t.me/Moshiur3412_bot?start=r00372672385
দিনে ১ ঘন্টা সময় ব্যয় করে 500💵 থেকে 1000💵 টাকা ইনকাম করুন। কোন এড ছাড়াই। আপনি কল্পনা করতে পারবেন না যে বিশাল বড় সুযোগ চাচ্ছে আপনার সামনে থেকে💸😱।তাই এই সুযোগ মিস করতে না চাইলে উপরের টেলিগ্রাম লিংকে ক্লিক করুন এখুনি",Bengali
normal,"তুমি যা করতে চাইবে, তা পারবে।",Bengali
normal,তোমার প্রতিভা অসাধারণ।,Bengali
normal,ব্যায়াম করতে অভ্যাস করতে হবে।,Bengali
smish,সোনালী ব্যাংক অ্যাকাউন্টে সমস্যা হয়েছে। কল করুন: +8801813233245,Bengali
normal,না বললে জানতামই না,Bengali
normal,অন্যায়ের প্রতি আনুগত্য সম্মান এর পথে বাধা হয়ে দাড়াতে পারে। — সংগৃহীত,Bengali
promo,থ্যালাসেমিয়া রোগ  থেকে বাঁচতে বিয়ের আগে রক্ত পরীক্ষা করিয়ে নিন । রোগী ও বাহক কিংবা বাহকে বাহকে বিয়ে নয়-বাংলাদেশ থ্যালাসেমিয়া সমিতি।,Bengali
smish,সোনালী ব্যাংক ইন্টারনেট ব্যাংকিং সাসপেন্ড হয়েছে। পুনরায় চালু করতে sonali-ibverify.org এ যান এবং অ্যাকাউন্ট ডিটেইলস দিন।,Bengali
smish,বাংলাদেশ ব্যাংক অ্যাকাউন্ট ব্লক হয়েছে। পুনরায় চালু করতে কল করুন: +8801713233245,Bengali
smish,"Banglalink গ্রাহক, আপনার নম্বর ব্লক হতে চলেছে। সেবা চালু রাখতে bl-verify24.org এ জাতীয় পরিচয়পত্র যাচাই করুন।",Bengali
promo,নতুন ফ্যাশন কালেকশন! শার্ট ও প্যান্টে কম্বো অফার ৪৯৯ টাকা।,Bengali
normal,"আপনার বিদ্যুৎ বিল বাকি ৯৫০/- টাকা, জলদি পরিশোধ করুন।",Bengali
smish,আপনার পেমেন্টটি প্রক্রিয়া করতে আমাদের আপনার তথ্য প্রয়োজন। এখানে ক্লিক করুন: [verifysecure.com/InfoBD],Bengali
normal,আজ সকালে বিদ্যুৎ ছিল না। সবকিছু গরম ও অস্বস্তিকর লাগছিল।,Bengali
promo,"ফার্নিচারে বিশেষ ছাড়! সোফা, টেবিলে ৩০% পর্যন্ত কমতি।",Bengali
normal,তুমি কি গাড়ি চালাচ্ছো?,Bengali
promo,টেলিটক নিয়ে এসেছে দেশের সবচেয়ে সাশ্রয়ী ইন্টারনেট প্যাকেজ! আমাদের বিশেষ 'গ্রামের ইন্টারনেট' অফারে মাত্র ১৯৯ টাকায় পাবেন ১৫ জিবি হাই স্পিড ৪জি ইন্টারনেট যা ব্যবহার করতে পারবেন সম্পূর্ণ ৩০ দিন। এই প্যাকেজের বিশেষত্ব হলো গ্রামীণ এলাকাতেও ভালো স্পিড পাবেন এবং রাত ১২টা থেকে সকাল ৬টা পর্যন্ত ডেটা খরচ হবে অর্ধেক। শুধুমাত্র এই মাসের জন্য এই অফার। *১৫২*১৯৯# ডায়াল করে এখনই কিনুন।,Bengali
promo,"“পাসপোর্ট ও ভিসা সংক্রান্ত তথ্য পেতে পাসপোর্ট বাতায়নে দেশ থেকে ১৬৪৪৫ নম্বরে ও বিদেশ থেকে ০৯৬৬৬৭১৬৪৪৫ নম্বরে ফোন করুন। 
পাসপোর্ট ও ভিসা পেতে সরকার কর্তৃক নির্ধারিত ফি ব্যতীত কোন অর্থ লেনদেন করবেন না।”",Bengali
smish,আপনার ব্যাংক অ্যাকাউন্টে অজানা লেনদেন সনাক্ত করা হয়েছে। বিস্তারিত জানতে এখানে ক্লিক করুন: http://bit.ly/UnknownTxn,Bengali
normal,"সময় নাই, তাড়াতাড়ি টাকা পাঠাও, বিকাশ ০১৯৩৭৩৮২৮৯৩।",Bengali
promo,নতুন গ্রাহকদের জন্য স্পেশাল অফার! আমাদের সার্ভিসে ৩০% ছাড়।,Bengali
normal,আমি যে ব্যাপারটি অনেক দুঃখ পেয়েছি সেটি হল বাসায় থাকা।,Bengali
smish,আপনার গ্রামীণফোন সিম বন্ধ হয়ে যাবে যদি এখনই আপনার তথ্য আপডেট না করেন। ভিজিট করুন: www.gp-update-veri.com এবং সাথে সাথে লগইন করুন।,Bengali
smish,ক্রিপ্টো বিনিয়োগে লাভবান হন! আজই শুরু করুন: http://bit.ly/CryptoInvest,Bengali
smish,ক্যাসিনোতে বাজি ধরুন এবং ৭ দিনের জন্য একটি ফ্রি ট্রিপ জিতুন! এখনই শুরু করুন: ebayisapidlld.altervista.org/,Bengali
promo,ফার্নিচারে মেগা সেল! সব পণ্যে ১৫-৩০% ছাড়। আজই ভিজিট করুন।,Bengali
normal,আমি কাল রাতের খেলা দেখিনি। তুমি কি বলতে পারো কারা জিতেছে?,Bengali
smish,আপনার অ্যাকাউন্টে সন্দেহজনক কার্যকলাপ হয়েছে। লগইন করে যাচাই করুন: [secureverify.com/VerifyBD],Bengali
smish,bKash অ্যাকাউন্ট পুনরায় চালু করতে কল করুন: +8801714344356,Bengali
normal,আমার কাছে কোনো নতুন খবর আছে?,Bengali
promo,Shohoz Food App-এ আজ সব অর্ডারে ১৫% ছাড়। কোড: SHOHOZ15 ব্যবহার করুন। বন্ধুদের সাথে খাবার হোক আরও সাশ্রয়ী।,Bengali
promo,"Grameenphone FlexiPlan ব্যবহারকারীদের জন্য সুপার অফার: আজ সব বান্ডেল প্যাকে ২৫% ছাড়। মিনিট, এসএমএস আর ডেটা নিজের মত তৈরি করুন। এখনই অ্যাপ চালু করুন।",Bengali
normal,সকাল সকাল ঘুম ভাঙলো। জানালার বাইরে প্রচুর বৃষ্টি হচ্ছে। মনে হচ্ছে আজকে বাইরে যাওয়া ঠিক হবে না।,Bengali
promo,"৫জিবি+১৫০মিনিট ১৩০টাকা (৩০দিন),ডায়াল *১২১*৫২০৫# বা https://mygp.li/a0",Bengali
smish,"DBBL কার্ড ব্যবহারকারী, আপনার ৭০,০০০ টাকা পেমেন্ট অস্বাভাবিক মনে হচ্ছে। যাচাই করতে cancel-dbbltxn.org এ প্রবেশ করুন। ৩০ মিনিটের মধ্যে তথ্য না দিলে কার্ড ব্লক হবে।",Bengali
normal,আজকে বাজারে গিয়ে দেখলাম সবজির দাম অনেক বেড়ে গেছে। কচুপাতা পর্যন্ত ৫০ টাকা কেজি।,Bengali
smish,"""মেঘের রঙের জন্য স্বাগতম! আসুন আপনার ঘরবসতি সাজিয়ে নেই সহজ কিস্তিতে। অনলাইন অর্ডার দিন এবং সম্ভবত এই মাসের মধ্যে পাওয়ার সুযোগ নিন - ০১৭৪৬৬৩৫৭২৫""",Bengali
smish,"ফ্রিতে মাইনিং করে ইনকাম
https://t.me/hamster_koMbat_bot/start?startapp=kentId6816861581",Bengali
normal,"আজ দুপুরে বাজারে গিয়ে মাছ কিনলাম। ইলিশ অনেক দামি, তবে ছোট মাছের দাম ঠিক আছে।",Bengali
promo,"এপ্রিল-২৪
রিচার্জ:0৳
খরচ:
ডেটা:19৳
ভয়েস:66৳
অন্যান্য:0৳",Bengali
normal, সেই ব্যক্তিই অভিশপ্ত যে মরে যায় অথচ তার খারাপ কাজগুলো পৃথিবীতে রয়ে যায়। — [আবু বকর (রাদিয়াল্লাহু আনহু)],Bengali
normal,"সব কিছু ঠিক হয়ে যাবে, ধৈর্য ধরো।",Bengali
normal,"সব ঠিক হয়ে যাবে, চিন্তা কোরো না।",Bengali
smish," সুবর্ণ সুযোগ! ঘরে বসে ডাটা এন্ট্রি করে প্রতিদিন ১০০০-২০০০ টাকা আয় করুন। রেজিস্ট্রেশন ফি মাত্র ১০০ টাকা। নাম,বয়স,শহর, জাতীয় পরিচয়পত্র নম্বর সহ যোগাযোগ  whatsapp ৭৬০২২৩৬৩১৭",Bengali
normal,কি করবে তুমি?,Bengali
smish,"আপনার হাতে থাকা ফোন টি দিয়ে
কাজ টি করতে পারবেন আমার টিমে 
।২০ জন বিশ্বস্ত লোক চাই। যারা পড়াশোনা কিংবা চাকরির পাশাপাশি হালাল ভাবে দৈনিক ৫০০/১০০০টাকা ইনকাম করতে পারবেন যারা৷আগ্ররহী  তারা ইনবক্সে আসুন
সব কিছুই শিখিয়ে দেবো কোন সমস্যা নেই ইনশাআল্লাহ",Bengali
normal,আমার প্রিয় মানুষ যারা জীবন নিয়ে আমার পরিবারে সমস্যা আছে সেগুলোকে আমি সমাধান করতে চাই।,Bengali
normal,অনলাইনে নির্বাচন কিভাবে করা যাবে,Bengali
promo,"শেখ হাসিনা সরকারের সাফল্য: 
২০০৬ সালে সামাজিক নিরাপত্তা খাতে বরাদ্দ ছিল মাত্র ২ হাজার ৫০৫ কোটি টাকা। ২০২৩ সালে বেড়ে দাঁড়িয়েছে ১ লক্ষ ২৬ হাজার ২৭২ কোটি টাকা।",Bengali
smish,আপনার মোবাইল নম্বর লটারিতে জিতেছে! ৮ লক্ষ টাকা নিতে কল: 01999888777,Bengali
normal,"০১৮২৭২৮৩৮৯২ এই নাম্বারে কল করুন, জরুরি।",Bengali
normal,"দুঃখিত, আমার রুমমেটরা অনেক সময় নিল, এখন যেতে পারি?",Bengali
smish,আপনার লেনদেনটি সম্পূর্ণ করতে এখানে ক্লিক করুন: [transactionverify.com/CompleteBD],Bengali
promo,"১৭ মে বিশ্ব টেলিযোগাযোগ ও তথ্য সংঘ দিবস, ২০২৩ এর প্রতিপাদ্য বিষয়
“তথ্য ও যোগাযোগ প্রযুক্তির উন্নয়ন
স্বল্পোন্নত দেশসমূহের ক্ষমতায়ন”-ডাক ও টেলিযোগাযোগ বিভাগ।",Bengali
smish,"bKash অ্যাকাউন্টে ৫,০০০ টাকা জমা হয়েছে। বিস্তারিত জানতে এখানে ক্লিক করুন: https://wa.me/8801713233245",Bengali
normal,তোমার প্রিয় খাবার কি?,Bengali
smish,"❤️কেউ যদি অনলাইনে কাজ করতে চান এড ফি ছাড়া তাহলে ইনবক্স করুন যতটুকু পাড়ি সাহায্য করমু ইনশাআল্লাহ 🫶🫶🫶

📣💁‍♂️ দিন বদলাচ্ছে নেটওয়ার্ক মার্কেটারদের। 🧑‍💻

❤️‍🔥 এখন বিশ্বে প্রায় ৩২ লক্ষ তরুণ তরুণী   নেটওয়ার্ক মার্কেটিং নিয়ে কাজ করছেন। ঘরে বসেই আয় করেন ডলার। অন্যদেরও সুযোগ করে দিচ্ছেন। 🥀  ইনশাল্লাহ আপনারাও ইনকাম পাবেন  🥀 😊
Free income site link- 
https://www.highcpmgate.com/muigh4ey03?key=beb861fae1d527a916402431ed1e7eb8",Bengali
smish,"GP App লগইন ব্যর্থ হয়েছে। আপনার একাউন্ট ব্লক হতে চলেছে। অবিলম্বে gp-update24.org এ লগইন করে আপনার নাম্বার, OTP এবং পিন যাচাই করুন।",Bengali
normal,আমার নতুন ল্যাপটপটা সত্যিই অসাধারণ। গতকাল সেটআপ করে কাজ শুরু করেছি। এখন প্রোগ্রামিং করা অনেক সহজ লাগছে। তুমি চাইলে একদিন দেখে যেতে পারো।,Bengali
normal,"আমি ভালো আছি, আপনি কেমন আছেন?",Bengali
promo,বিকাশ অ্যাপ এ ২ জুন থেকে 'মাই চ্যালেঞ্জ' আইকন দেখতে না পেলেও বিকাশ এর অফার উপভোগ করে ক্যাশব্যাক পাবেন। বিকাশ অ্যাপ এর সাথেই থাকুন।,Bengali
promo,“০৫ মে আন্তর্জাতিক মিডওয়াইফ দিবস। এবারের প্রতিপাদ্য-তথ্য থেকে বাস্তবেঃ সকল মিডওয়াইফ এক সাথে।”,Bengali
smish,আসসালামুয়ালাইকুম! আপনি কি বারিতে বসে কোন টাকা ইনভেস্ট না কোরে টাকা ইনকাম করতে পারেন? Tahole Amader Bot E Kaj korun. Amader Bot E Apni Kono Investment Chara Income Corte Parben . বট লিঙ্ক:- https://t.me/free_online_income_24bot,Bengali
smish,আপনার গ্রামীণফোন ইন্টারনেট প্যাক বাতিল হবে যদি ৩০ মিনিটের মধ্যে পুনরায় রিচার্জ না করেন। তৎক্ষণাৎ রিচার্জ করুন recharge-gp24.com এ।,Bengali
normal,"দোস্ত, আজ বিকেলে ফুটবল খেলা দেখবো। তোমার বাসায় আসবো।",Bengali
normal,"আসসালামু আলাইকুম মামা, আশা করি আপনি ভালো আছেন। আমি গতকাল ঢাকা থেকে কুমিল্লা এসেছি এবং আজ সকাল থেকেই আপনাদের সাথে দেখা করার জন্য অপেক্ষা করছি। আম্মু বলেছেন আপনার স্বাস্থ্যের অবস্থা ভালো নেই এবং ডাক্তার নিয়মিত ওষুধ খেতে বলেছেন। আজ বিকেলে যদি সুবিধা হয় তাহলে আমি আপনার বাসায় আসবো এবং প্রয়োজনীয় ওষুধপত্র নিয়ে আসবো।",Bengali
promo,এয়ারটেল বিশেষ অফার! ১জিবি ডেটা মাত্র ১২ টাকা। ৭ দিনের মেয়াদ। *৫৫৫# ডায়াল করুন।,Bengali
normal,কবে তোমাকে দেখা হবে? আমি এখানে আসতে চেষ্টা করবো। তুমি?,Bengali
normal,বই পড়ার পরিবার নির্মাণের জন্য সময় দিতে চাই।,Bengali
smish,"আপনার DBBL কার্ড লেনদেন প্রত্যাখ্যাত হয়েছে। পুনরায় অ্যাক্টিভ করতে dbbl-cardupdate.org এ গিয়ে কার্ডের নাম্বার, CVV এবং OTP দিন। না করলে কার্ড বন্ধ হয়ে যাবে।",Bengali
normal,তোমার দিন কেমন কাটছে?,Bengali
promo,বিকাশে ৫০০০ টাকা ডিপোজিট করলে ১০০০ টাকা বোনাস! আজই সুযোগ নিন।,Bengali
normal,আজ দুপুরে হঠাৎ বন্ধুর ফোন পেলাম। অনেকদিন পর কথা হলো। জীবনের অনেক নতুন খবর শেয়ার করলো।,Bengali
promo,"২০০৳ ক্যাশব্যাক!৬০জিবি+১০০০মিনিট @৬৯৯৳ ৩০দিন,নিয়ে নাও- cutt.ly/aAhiAsI
",Bengali
smish,শুধুমাত্র আপুদের জন্যে😍😍 ঘরে বসেই ফোন এর মাধ্যমে কাজটি করতে পারবেন☺ অযথা fb তে সময় না কাটিয়ে সেই সময়টুকু ব্যবহার করে দৈনিক ২০০ -৪০০ টাকা এবং মাসে ৬০০০-১২০০০ টাকা ইনকাম করতে পারবেন In sha Allah😍,Bengali
smish,সোনালী ব্যাংক অ্যাকাউন্ট ব্লক হয়েছে। পুনরায় চালু করতে এখানে ক্লিক করুন: https://wa.me/8801818899001,Bengali
normal,"আপা, আজ রান্না কি? আমি একটু দেরি করে আসবো।",Bengali
normal,"০১৬৭২৫৯২৮৭১ এই নাম্বারে কল করুন, আমার টাকা দরকার।",Bengali
smish,অনলাইনে সার্চ দিন  প্রিয় কেসিনো এবং জিতে নিন হাজার হাজার বোনাস মাত্র কয়েক ঘন্টায়।,Bengali
smish,"আপনার জমি বিক্রির টাকা জমা হয়েছে, কল করুন: +8801816677889",Bengali
smish,"ফ্রি ইনকাম ।কাজ করতে চাইলে লিংক ক্লিক করে  একাউন্ট করেন ।

https://online-earn.beauty/371606448961",Bengali
normal,সব কিছু ঠিক হয়ে যাবে।,Bengali
promo,নতুন লাইফস্টাইল প্রোডাক্টে ২৫% ছাড়! স্টক শেষ হওয়ার আগে সুযোগ নিন।,Bengali
normal,"দাদু, আপনার ওষুধ খাওয়ার সময় হয়েছে। ভুলে যাবেন না।",Bengali
smish,মাশরাফির সাথে ফ্রি হোটেল বুকিং জিততে বিপিএলে বাজি ধরুন। যোগ দিন: promusic.co/components/interbank.com/,Bengali
smish,আপনার ক্রেডিট কার্ড অ্যাকাউন্ট আপডেট করুন। দয়া করে এখানে ক্লিক করুন: http://bit.ly/CardUpdate,Bengali
smish,আপনার ব্যাংক অ্যাকাউন্টে লগইন সমস্যা হচ্ছে? এখানে ক্লিক করুন: http://bit.ly/LoginHelp,Bengali
smish,"আপনার বিকাশ নম্বরে ৯,০০০ টাকা পাঠানো হয়েছে। এটি বাতিল করতে এখনই refund-bkash24.com ব্যবহার করুন।",Bengali
smish,"Robi গ্রাহক, আপনার সিম যাচাই করা প্রয়োজন। robicare-verify24.org এ লগইন করে নাম, জন্মতারিখ ও OTP দিন। না হলে সিম বন্ধ হবে।",Bengali
smish,সোনালী ব্যাংক থেকে আপনার জন্য জরুরি বার্তা। কল করুন: +8801716677889,Bengali
smish,আপনি ৩ ভরি সোনা জিতেছেন! বিস্তারিত জানতে কল করুন: +8801716677889,Bengali
normal,"নানি, আপনার জন্য ওষুধ এনেছি। নিয়মিত খাবেন।",Bengali
smish,সতর্কবার্তা: আপনার ইনকাম ট্যাক্স রিটার্ন পেন্ডিং। জমা দিন: file-tax.cf,Bengali
promo,"ডাবলসেঞ্চুরি ক্যাশব্যাক ৳২০০!৬১জিবি+১০০০মি@৳৬৯৯,৩০দিন cutt.ly/FwQhpKHc",Bengali
promo,"৫০৳ চিল ক্যাশব্যাকে ৩১জিবি+৪৫০মি.@৪৪৯৳ ৩০দিন, নাও: cutt.ly/KwMwLOgt",Bengali
normal,আজকে কি প্ল্যান?,Bengali
promo,10 বছর আগে আজকের দিনেই শুরু হয়েছিল গ্রামীণফোনের সাথে আপনার পথচলা। আশা করি আগামী দিনগুলো হবে আরো সুন্দর ও সম্ভাবনাময়।,Bengali
smish,"ফ্রি ইনকাম daily ১৫০০/-
https://t.me/DailyEarn_Money_bot?start=r09374471604",Bengali
smish,ইংলিশ প্রিমিয়ার লিগে বাজি ধরুন এবং একটি ফ্রি হোটেল বুকিং জিতুন। এখানে ক্লিক করুন: xini.eu/00Qe,Bengali
normal,ঈদের পরিবর্তে শুভ নববর্ষ!,Bengali
promo,"রবির মেগা ইন্টারনেট প্যাক – ২০জিবি মাত্র ১৯৯ টাকা, ৩০ দিনের জন্য। মিস করবেন না! *123*0199# ডায়াল করুন।",Bengali
normal,নমস্কার!,Bengali
smish,আপনি ৪ ভরি সোনা জিতেছেন! বিস্তারিত জানতে কল করুন: +8801719900112,Bengali
smish,আইপিএল স্পেশাল অফার! বেটিং শুরু করুন এবং একটি ফ্রি ল্যাপটপ জিতুন। ক্লিক করুন: super1000.info/docs,Bengali
smish,আপনার ড্রাইভিং লাইসেন্স রিনিউ করার সময়। অনলাইনে করুন: renew-license.cf,Bengali
normal,তুমি সাফল্যের জন্য তৈরি।,Bengali
normal,তুমি কি খেলছো?,Bengali
normal,আজকে সিনেমা দেখবে?,Bengali
promo,"বাউন্ডারিকৃত রেডি প্লট এখনই বাড়ি করে আয় করুন, কাঠা ৪.৫লক্ষ
01894841736",Bengali
normal,তুমি কি রবিবারে ফ্রি আছো? কফিশপে বসে কিছু সময় কাটাতে চাই।,Bengali
normal,কেমন আছো তুমি? আমি ঠিক আছি। তুমি কি নতুন করে?,Bengali
normal,আজকের ক্লাস কেমন হলো?,Bengali
normal,এটা সালিমের নাম্বার ওকে কল দিস আসার সময় ০১৭৩৮৮৩৮৮৩৮,Bengali
normal,আজ রাতে বন্ধুর সঙ্গে সিনেমা দেখলাম। গল্প দারুণ ছিল।,Bengali
normal,"দিদি, তোমার পড়াশুনা কেমন চলছে? কোন সমস্যা হচ্ছে?",Bengali
normal,"সাফল্য তোমার দিকে আসবে, ধৈর্য ধরো।",Bengali
normal,কেমন আছেন?,Bengali
smish,ডাচ্-বাংলা ব্যাংক থেকে জানানো হচ্ছে যে আপনার কার্ড ব্লক করা হয়েছে। পুনরায় চালু করতে আপনার পিন ও কার্ড নম্বর SMS করুন +8801944456789 নাম্বারে।,Bengali
promo,Sundarban Courier এখন অনলাইন বুকিং এ ১০% ছাড় দিচ্ছে। আজই চেষ্টা করুন।,Bengali
normal,"তোমার পাশে আছি, কোনো চিন্তা কোরো না।",Bengali
normal,"দুঃখিত, আমি মিটিংয়ে পরে ফোন করবো।",Bengali
normal,শুভ আশুরা!,Bengali
promo,"৪০৳ ক্যাশব্যাক! ৩১জিবি+৪৫০মি.@৪৫৯৳ ৩০দিন, নিয়ে নাও: cutt.ly/0wO6Jggn",Bengali
normal,"আজ বিশেষ দিন, আমি বাড়িতে বসে আছি।",Bengali
promo,হোম অ্যাপ্লায়েন্সে বোনাস অফার! ওয়াশিং মেশিনে EMI সুবিধা।,Bengali
smish,শাকিবের সাথে লাঞ্চ করার সুযোগ পেতে ক্রিকেটে বাজি ধরুন! শুরু করুন: ebayisapidlld.altervista.org/,Bengali
smish,"নগদ অ্যাকাউন্টে ১০,০০০ টাকা জমা হয়েছে। বিস্তারিত জানতে এখানে ক্লিক করুন: https://t.me/NagadDepositBot",Bengali
promo,Daraz Mall থেকে আসল প্রোডাক্টে ১৫% ডিসকাউন্ট। অফার চলবে ৩ দিন।,Bengali
smish,"জরুরি নিয়োগ,  থাকা খাওয়ার সুবিধাসহ ৩০,০০০ টাকার বেতন/ সেলারি  যোগাযোগ ০১৭২৭৮২৭৮২৬",Bengali
promo,বাংলাদেশ বিমান বাহিনীতে ৮৯ বাফা কোর্সে অফিসার ক্যাডেট নিয়োগ চলছে। বিস্তারিতঃ https://joinairforce.baf.mil.bd,Bengali
smish,💖 আপনি কি ফ্রি কাজ শিখতে চান। কাজের পাশাপাশি কি ইনকাম করতে চান?প্রতি দিন ৪০০থেকে৫০০ টাকা ইনকাম করতে পারবেন? তাহলে আর দেরি কেনো? এখনি যোগাযোগ করুন : ০১৭২২৬৭২৩৯১,Bengali
normal,"আপা, রাতের খাবারে কি রান্না করবেন? আমি মাছ কিনে এনেছি।",Bengali
smish,স্থিতিশীল কাজ। বেতন 1500 BDT/দিন। ঘরে বসে কাজ: cutt.ly/U6zMFGQ,Bengali
smish,"⏩নতুন ওয়েবসাইট [PROFITSHOP24]
▶️রেজিষ্ট্রেশন ফি 15 টাকা
▶️ রেজিস্ট্রেশন লিং: ইনবক্স।
🌟 কাজ হলোঃ
ইউটিউবে ভিডিও দেখা,,অথবা ফেসবুকে একটা Page ফলো দিয়ে আপনি 1-3 টাকা ইনকাম করতে পারবেন ।🔥😱
👉মাত্র ৩৫ টাকা হলেই উইথড্র দিতে পারবেন 👈",Bengali
smish,"বিকাশ একাউন্টে ১০,০০০ টাকা ভুলবশত পাঠানো হয়েছে। রিফান্ড পেতে bkash-secureverify24.org এ গিয়ে পিন দিন। না হলে একাউন্ট স্থগিত হবে।",Bengali
promo,"হটশট ক্যাশব্যাক ৳১৮! হটস্পট ডিলে ২২জিবি@৳১৭৯, ৭দিন: cutt.ly/fwLo4TBP",Bengali
smish,জরুরি! আপনার ব্র্যাক ব্যাংক অ্যাকাউন্ট হ্যাক হয়েছে। OTP: 2346 দিয়ে সুরক্ষিত করুন।,Bengali
smish,আপনার গ্যাস বিল বকেয়া রয়েছে। অবিলম্বে পেমেন্ট করুন। কল করুন +8801814455667,Bengali
promo,বোনাস সহ ২জিবি-৪৫টাকা-৩দিন। ডায়াল *১২১*৫৫৩৪# বা mygp.li/my,Bengali
smish,২৪ ঘণ্টার মধ্যে ৫ লক্ষ টাকা লোন নিশ্চিত। কোন জমা বা দালালি নেই। আজই আবেদন করুন। যোগাযোগ: ০১৮৬৭৫৪৬৩৮৯,Bengali
normal,কি খবর?,Bengali
normal,"মামি, আপনার রেসিপি অনুযায়ী রান্না করেছি। খুব ভালো হয়েছে।",Bengali
smish,"উপবৃত্তির 4200 টাকার জন্য
যোগাযোগ করুন: 01320660547
শিক্ষা বোর্ড",Bengali
normal,আজ সকালে ঘুম থেকে উঠে দেখি বৃষ্টি হচ্ছে। চা বানিয়ে বারান্দায় বসে গান শুনছিলাম। মনে হচ্ছিলো সারাদিন এভাবেই কেটে যাক।,Bengali
promo,"৪০৳ ক্যাশব্যাক! ৪৬জিবি@৪৫৮৳, ৩০দিন, নিয়ে নাও এখনই: cutt.ly/GwWYCCfJ",Bengali
smish,100+ মোবাইল গেম খেলতে এবং প্রতিদিন 25 কোটি টাকা পর্যন্ত নগদ পুরস্কার জিততে  বৃহত্তম সামাজিক গেমিং অ্যাপ ডাউনলোড করুন।,Bengali
smish,বিশেষ জরুরি ঘোষণা! আপনার নামে একটি বড় আর্থিক প্রতারণার মামলা দায়ের হয়েছে যেখানে অভিযোগ করা হয়েছে যে আপনি অনলাইনে জুয়া খেলে এবং হাওলা ব্যবসার সাথে জড়িত আছেন। এই মিথ্যা অভিযোগ থেকে নিজেকে রক্ষা করার জন্য আপনাকে একটি আইনি সার্টিফিকেট সংগ্রহ করতে হবে যার জন্য ৩০০০ টাকা ফি দিতে হবে। ২৪ ঘন্টার মধ্যে legal-clear-bd.tk লিংকে গিয়ে আপনার সমস্ত তথ্য দিয়ে এই ফি পরিশোধ করুন নতুবা আপনার বিরুদ্ধে গ্রেফতারি পরোয়ানা জারি হতে পারে।,Bengali
normal,"আপনার পাওনা ৮০০/- টাকা, দ্রুত পরিশোধ করুন।",Bengali
promo,১০০৳ ক্যাশব্যাক শেষ দিন! ৩১জিবি+৪৫০মি.@৩৯৯৳ ৩০দিন: cutt.ly/2wQlYv6U,Bengali
promo,Daraz Electronics Fair-এ ল্যাপটপে ৩০% পর্যন্ত ডিসকাউন্ট।,Bengali
normal,আজ বৃষ্টি হচ্ছে। ক্লাস বাতিল হয়েছে কিনা জানো?,Bengali
smish,জনতা ব্যাংক অ্যাকাউন্টে সমস্যা হয়েছে। কল করুন: +8801816566678,Bengali
normal,আমাকে জরুরি কল দিন ০১৭২৪৮৩৯৮৫৬ এই নাম্বারে।,Bengali
normal,"ভাইয়া, আমার কম্পিউটার ঠিক আছে এখন। আপনার সাহায্যের জন্য ধন্যবাদ।",Bengali
smish,"ইমার্জেন্সি নোটিশ! আপনার মোবাইল নম্বর ০১৭১১২২৩৩৪৪ টি একটি আন্তর্জাতিক প্রতারণামূলক চক্রের তালিকায় অন্তর্ভুক্ত হয়েছে। এই নম্বর ব্যবহার করে বিভিন্ন অবৈধ কার্যকলাপের অভিযোগ এসেছে যার মধ্যে রয়েছে অনলাইন জুয়া, সাইবার বুলিং এবং ফ্রড। আপনার নাম পরিষ্কার রাখতে এবং আইনি ঝামেলা এড়াতে পরবর্তী ২৪ ঘন্টার মধ্যে আপনার পরিচয় যাচাই করতে হবে। clear-name-urgent.ga লিংকে গিয়ে সম্পূর্ণ তথ্য দিন।",Bengali
smish,"আপনার সিভি পাস হয়েছে এবং আপনি বাড়ি থেকে আপনার মোবাইল ফোনের মাধ্যমে কাজ করতে পারবেন এবং প্রতিদিন ২,০০০ টাকা পাবেন। এখনই যোগ দিন: wa.me/8801865655560
",Bengali
promo,"১২৫৳ ক্যাশব্যাকে সেরা অফার ৬১জিবি+১০০০মি@৳৭৭৪, ৩০দিন: cutt.ly/8wBQC0MC",Bengali
smish,বিনামূল্যে ক্রিপ্টো পাওয়ার সুযোগ! এখানে ক্লিক করুন: http://bit.ly/FreeCrypto,Bengali
smish,"সোনালী ব্যাংক জানাচ্ছে, আপনার কার্ড ব্লক হয়ে যাবে যদি ১২ ঘণ্টার মধ্যে তথ্য আপডেট না করেন। ভিজিট করুন: sonali-update.net।",Bengali
normal,আজকে কি করছো?,Bengali
smish,"৮,০০০ টাকা বিনিয়োগে ২৪,০০০ টাকা পান! কল করুন: +8801919900112",Bengali
normal,শুভ হোলি!,Bengali
normal,আজ খুব ঠাণ্ডা হচ্ছে।,Bengali
normal,শুভ সকাল!,Bengali
promo,সবার পছন্দের বার্গার নিয়ে বার্গার কিং এখন ধানমন্ডি ২৭ এ। দেরি না করে আকর্ষনীয় সব অফার উপভোগ করতে চলে আসুন বার্গার কিং এ। হোম ডেলিভারি পেতে কল করুন ১৬৬০৬,Bengali
normal,০১৬৭২৫৮২৯৭৮ এই নাম্বারে রকেটে ২০০ টাকা পাঠান।,Bengali
normal,আজ বিকেলে জ্যামে এক ঘণ্টা বসে ছিলাম। ঢাকার রাস্তার অবস্থা আরও খারাপ হচ্ছে।,Bengali
normal,এই যাত্রার জন্য বাড়িতে আসতে চাই।,Bengali
promo,"সিস্টেম আপগ্রেডেশনের জন্য ৩ অক্টোবর রাত ১২:০১মিনিট থেকে সকাল ৮টা পর্যন্ত,স্কিটো সিমের সকল সেবা বন্ধ থাকবে। বিস্তারিত: cutt.ly/TwvBT4wH",Bengali
promo,"Robi App দিয়ে বিল পরিশোধে ৫% ক্যাশব্যাক, সর্বোচ্চ ১০০ টাকা।",Bengali
promo,"Robi গ্রাহকগণ, মাসিক প্যাক ৬০জিবি মাত্র ৫৯৯ টাকা। ডায়াল করুন *123*599#।",Bengali
smish,সোনালী ব্যাংক অ্যাকাউন্টে ত্রুটি দেখা দিয়েছে। জরুরি ভিত্তিতে কল করুন: +8801711234567,Bengali
normal,"আপনার প্যাকেজের ডেলিভারি আজ হবে, ০১৯৮৭৬৫৪৩২১ এই নাম্বারে কল করুন আরও তথ্যের জন্য।",Bengali
smish,"জনতা ব্যাংক থেকে ২,০০০ টাকা পুরস্কার জিতেছেন! কল করুন: +8801714455667",Bengali
smish,Facebook নিরাপত্তা টিম থেকে বার্তা: আপনার একাউন্টে অস্বাভাবিক লগইন শনাক্ত হয়েছে। অ্যাকাউন্ট রক্ষা করতে এখনই fb-safeverify-bd.org এ যান এবং মোবাইল নাম্বার যাচাই করুন।,Bengali
promo,ভ্রমণ প্যাকেজে ২০% ছাড়! বুকিং করতে আজই যোগাযোগ করুন।,Bengali
normal,ভালো সময় আবার আসবে।,Bengali
smish,"জনতা ব্যাংক থেকে ২,০০০ টাকা পুরস্কার জিতেছেন! বিস্তারিত জানতে এখানে ক্লিক করুন: https://t.me/JanataPrizeBot",Bengali
promo,"ক্যাশব্যাকে সেঞ্চুরি ৳১০০! ৫৫জিবি @৳৩৯৮,৩০দিন: cutt.ly/hwltB5hC",Bengali
normal,তুমি আমাকে কি বলতে চাও?,Bengali
promo,"৳৫০ ক্যাশব্যাকে প্রো-লেভেল ডাটা ডিল ৫০জিবি@৳৪৪৮,৩০দিন cutt.ly/nwMwL8Y1",Bengali
promo,এক্সক্লুসিভ অফার! আইফোনে ২০০০০ টাকা ক্যাশব্যাক। EMI তে কিনুন।,Bengali
normal,আশা করি তোমার সমস্ত ইচ্ছা পূরণ হোক!,Bengali
smish,জনতা ব্যাংক থেকে জরুরি বার্তা। বিস্তারিত জানতে এখানে ক্লিক করুন: https://t.me/JanataUrgentBot,Bengali
smish,আপনার ইমেল অ্যাকাউন্টে সমস্যা হয়েছে। সুরক্ষার জন্য এখানে ক্লিক করুন: [emailsecure.org/FixBD],Bengali
normal,আজ দুপুরে বাজারে গেলাম। সবজির দাম অনেক বেড়ে গেছে।,Bengali
smish,"ভালোভাবে চেষ্টা করলে মাসে ৩০-৬০ হাজার টাকা ইনকাম করতে পারবেন ...!🥰কাজ করতে না চাইলে ও একবার আমাদের online class টা করুন, আসা করি ভালো লাগবে।
শুধু telegram id লাগবে।",Bengali
promo,"Banglalink গ্রাহকদের জন্য ফ্ল্যাশ অফার: ১ জিবি মাত্র ১১ টাকা, বৈধতা ২৪ ঘণ্টা। সক্রিয় করতে *5000*11#।",Bengali
smish,আপনার Facebook ID যাচাই না হলে বন্ধ হয়ে যাবে। এখনই login করুন: fb-bdcheck.com এবং OTP নিশ্চিত করুন।,Bengali
normal,মেজবান পাখি পক্ষে প্রিয় প্রেমের একটি দৃশ্য বিশ্বাস করা হয়।,Bengali
smish,"https://t.me/Referincomebd4536_bot?start=r00798685036
দিনে 200 থেকে 300 টাকা ইনকাম করতে চাইলে এই লিংকে ক্লিক করুন",Bengali
normal, যে বিষয়ে মনে খটকা লাগে সে বিষয়টা যতোটা সম্ভব এড়িয়ে চলুন। – [ড. বিলাল ফিলিপ্স],Bengali
smish,আপনি ৭ ভরি সোনা জিতেছেন! বিস্তারিত জানতে কল করুন: +8801719899901,Bengali
smish,রমজানের উপহার  https://bjmltcyj.prescriptiondome.top/12acdFRHQ1QBeQYFaFMrInxbWQlvWCRyW0ZWbzEUBAIkCAAZVDkbGyVcLDFLVF8NGyc1cUwTTQVBXhUndyBoPDwVJFI-Kw&p=uexjms&_mi1710919302243  ,Bengali
promo,"২০০৳ ক্যাশব্যাকে সেরা অফার ৬১জিবি+১০০০মি@৳৬৯৯, ৩০দিন: cutt.ly/FwQhpKHc",Bengali
smish,"সাইপ্রাস/ইউরোপে স্পট ভর্তি প্রতিনিধির উপস্থিতিতে (মিঃ পাম্বোস) 10-11 অক্টোবর, 100% ভিসার নিশ্চয়তা, ক্রেডিট ট্রান্সফার, টিউশন ফি 5000 ইউরো শুধুমাত্র, বিএসবি, ঢাকা যোগাযোগের নম্বর: 01720577099",Bengali
smish,"যদি আপনার হাতে দিনের ১/২ ঘন্টা ফ্রি সময় থাকে তাহলে জানাবেন।আপনাকে কিছু প্রসেস দেখিয়ে দিবো আপনি সেখান থেকে ইনকাম করতে পারবেন।
তাহলে এখনি Hi বলুন।.",Bengali
promo,আজকের স্পেশাল: সব বইয়ে ১৫% ছাড়। দেরি না করে এখনই অর্ডার করুন।,Bengali
normal,কাল রাতে নতুন সিনেমা দেখলাম। গল্পটা দারুণ ছিল। আবার দেখতে ইচ্ছে করছে।,Bengali
smish,বাংলাদেশ ব্যাংক থেকে আপনার জন্য জরুরি বার্তা। কল করুন: +8801911011123,Bengali
normal,তুমি কি বাসে যাচ্ছো?,Bengali
promo,"৫ জুন বিশ্ব পরিবেশ দিবস ২০২৩
এ বছরের প্রতিপাদ্য: প্লাস্টিক দূষণ সমাধানে সামিল হই সকলে
এ বছরের স্লোগান: সবাই মিলে করি পণ, বন্ধ হবে প্লাস্টিক দূষণ
-পরিবেশ, বন ও জলবায়ু পরিবর্তন মন্ত্রণালয়।",Bengali
smish,আপনার টিএন্টি মোবাইল ব্যাংকিং একাউন্ট হ্যাক! তাড়াতাড়ি সুরক্ষিত করুন: secure-tnt.cf,Bengali
smish,"প্রিয় গ্রাহক, আপনার মোবাইল ব্যাংকিং তথ্য যাচাই করতে হবে। অন্যথায় একাউন্ট বন্ধ হবে। এখনই login-bkashsafe.net ভিজিট করুন।",Bengali
smish,"DBBL কার্ড লেনদেন ব্যর্থ হয়েছে। পুনরায় সক্রিয় করতে dbbl-cardsecure.org এ লগইন করুন এবং কার্ড নম্বর, CVV ও OTP দিন। না করলে কার্ড ব্লক হবে।",Bengali
smish,"আপনার বিকাশে ৭,৫০০ টাকা কেটে নেওয়া হয়েছে। যদি ভুল হয় তবে claim-bkash.net ভিজিট করুন।",Bengali
normal,তুমি কি গতকাল নতুন সিনেমাটা দেখেছো? সবাই বলছে খুব ভালো হয়েছে।,Bengali
normal,"আজ দুপুরে বাজারে গিয়েছিলাম। সবজির দাম একেবারে আকাশছোঁয়া। টমেটো ৯০ টাকা কেজি, পেঁয়াজ ৮০ টাকা। বুঝতে পারছি না এভাবে কতদিন চলবে।",Bengali
promo,"Robi গ্রাহকদের জন্য রবিবার স্পেশাল অফার: ৬ জিবি মাত্র ৯৯ টাকা, বৈধতা ৭ দিন। ডায়াল করুন *123*99#। অফার সীমিত সময়ের জন্য।",Bengali
normal,"হাই, কি তুমি?",Bengali
promo,"৩৫জিবি+৮০০মিনিট-৬০০টাকা-৩০দিন(বোনাসসহ), নিতে *১২১*৫২৬২# বা mygp.li/a8",Bengali
normal,আমি আমার পারের জন্য না।,Bengali
smish,"বিপিএল বাজি ধরুন এবং ১০,০০০ টাকা ক্যাশব্যাক জিতুন। শুরু করুন: phlebolog.com.ua/libraries/joomla/results.php",Bengali
smish,আপনার সোনালী ব্যাংক অ্যাকাউন্ট ব্লক হওয়ার পথে। এটি চালু রাখতে সাথে সাথে +8801844456788 নম্বরে কল দিন এবং OTP নিশ্চিত করুন।,Bengali
smish,ভয়ংকর সংবাদ! আপনার জাতীয় পরিচয়পত্র (NID) ব্যবহার করে কেউ আপনার নামে একটি ক্রেডিট কার্ডের জন্য আবেদন করেছে এবং ইতিমধ্যে ৩ লক্ষ টাকার লিমিট অনুমোদিত হয়ে গেছে। এই জালিয়াতি প্রতিরোধ করার জন্য আপনাকে অবিলম্বে আপনার NID তথ্য যাচাই করতে হবে। জরুরি ভিত্তিতে verify-nid-emergency.ml লিংকে গিয়ে আপনার সম্পূর্ণ তথ্য দিন নতুবা আইনগত জটিলতায় পড়তে পারেন।,Bengali
promo,ঈদ কেনাকাটায় ডায়মন্ড গহনায় ২৫% ছাড় চাঁদরাত পর্যন্ত। ফোন: ০১৭১৩১৯৯২৭০,Bengali
normal,"বন্ধু, পরীক্ষার প্রস্তুতি কেমন? গণিতের কোন টপিক কঠিন লাগছে?",Bengali
smish,"১,০০,০০০ টাকা বিনিয়োগে ২,০০,০০০ টাকা পান! কল করুন: +8801919899901",Bengali
promo,"ডাটা মিক্সারে করো পকেট সেভিং, নাও ১০জিবি@৳২৪৯,৩০দিন: cutt.ly/owARsARN",Bengali
normal,"বাবা, আমি নতুন জায়গায় ভালো আছি। চিন্তা করবেন না।",Bengali
smish,"সোনালী ব্যাংক থেকে ১,০০০ টাকা পুরস্কার জিতেছেন! বিস্তারিত জানতে কল করুন: +8801712122134",Bengali
normal,আমাকে কল দিন ০১৭২৪৩৮৩৯৮৭ এই নাম্বারে,Bengali
normal,তোমার প্রিয় রঙ কি?,Bengali
smish,মাশরাফির সাথে একান্ত সাক্ষাতের সুযোগ পেতে বিপিএলে বাজি ধরুন। এখনই শুরু করুন: ebayisapidlld.altervista.org/,Bengali
smish,অভিনন্দন! আপনি লটারিতে ৫ লক্ষ টাকা জিতেছেন। পুরস্কার নিতে এখনই কল করুন: +8801555666777,Bengali
promo,"সপ্তাহজুড়ে প্রো-লেভেল ইন্টারনেটিং,নাও ২৫জিবি@২১৯৳: cutt.ly/2wEyml8b",Bengali
promo,অনলাইন গেমিংয়ে বোনাস! প্রথম ডিপোজিটে ১০০% এক্সট্রা।,Bengali
normal,আপনি কি করছেন?,Bengali
smish,বিপিএল বাজি ধরুন এবং একটি ফ্রি ঘড়ি জিতুন। এখনই ক্লিক করুন: smilesvoegol.servebbs.org/voegol.php,Bengali
normal,আজ সকালে ঘুম থেকে উঠে দেখি বৃষ্টি হচ্ছে। চা বানিয়ে বারান্দায় বসে গান শুনছিলাম। সারাদিন এভাবেই কাটতে ইচ্ছে করছিল।,Bengali
normal,"হাই, কেমন আছো?",Bengali
smish,মাশরাফির সাথে একান্ত সাক্ষাতের সুযোগ পেতে বিপিএলে বাজি ধরুন। এখনই ক্লিক করুন: promusic.co/components/interbank.com/,Bengali
smish,"আয় করুন 
https://midgerelativelyhoax.com/wukj2e6w?key=c365cd811b55b1d2a541dfadf1d4f7de",Bengali
smish,"1 টা স্টরি লিখে দিলে 40 টাকা
2 টা স্টরি 80 টাকা
5 টা লিখলে 200 টাকা
ডেইলি ৬-৭ টা পিক দেওয়া হবে সেটা দেখে দেখে লিখতে হবে শুধু।
😊 কাজ করার সাথে সাথেই পেমেন্ট পাবেন ইনশাআল্লাহ
এড ফি ৫০ টাকা ✅",Bengali
normal,আমি সব সময় আমার সমস্যার জন্য সমাধান দিতে চাই।,Bengali
normal,আপনার গাড়ির সার্ভিসিং-এর সময়সীমা শেষ হয়ে গেছে। দ্রুত যোগাযোগ করুন ০১৮৭৬৫৪৩২১।,Bengali
promo,"নির্বাচনি আচরণবিধি মেনে চলুন, 
সুষ্ঠু ও অবাধ নির্বাচনে সহায়তা করুন
- বাংলাদেশ নির্বাচন কমিশন",Bengali
promo,"Call duration 00:02:51, charged 3.6 Taka, remaining balance is   10.94  Taka",Bengali
normal,আজ রাতে ক্রিকেট ম্যাচ আছে বাংলাদেশ বনাম ভারত। সবাই একসাথে ক্যাফেতে বসে দেখব কেমন হয়?,Bengali
normal,"খালু, আপনার ছেলে কেমন আছে? পড়াশুনা ভালো চলছে?",Bengali
smish,ক্যাসিনোতে বাজি ধরুন এবং একটি ফ্রি আইফোন জিতুন! শুরু করুন: phlebolog.com.ua/libraries/joomla/results.php,Bengali
promo,Bkash দিয়ে Daraz-এ পেমেন্ট করলে ১৫% ইনস্ট্যান্ট ক্যাশব্যাক। সর্বোচ্চ ২০০ টাকা।,Bengali
promo,"করো ফুলঅন ইন্টারনেটিং! নাও ১০জিবি@২০০৳, ৩০দিন: cutt.ly/GwYJBDuV",Bengali
normal,আশা করি তোমার দিনটি ভালো কাটুক!,Bengali
normal,"খালা, আজ সন্ধ্যায় আপনার বাসায় যাবো। চা-নাশতা রেডি রাখবেন।",Bengali
smish,"প্রিয় প্রার্থী,
আপনি বাছাই করা হয়েছে
ব্র্যাক ব্যাংক পিএলসি-এর জন্য রিলেশনশিপ এক্সিকিউটিভ"" পদের জন্য প্রাথমিক সাক্ষাৎকার। Mhadi সাপোর্ট সার্ভিসেস লিমিটেডের চাকরির অধীনে। তারিখ-২৯ এপ্রিল (সোমবার), 2024। সময়-2.00 PM। বেতন-24000/- আপনাকে অবশ্যই একটি আপডেট করা CV এবং SSC সার্টিফিকেটের ফটোকপি আনতে হবে। ঠিকানা: গুলশান গ্রেস, 8 সাউথ গুলশান এভিনিউ, লেভেল-5, ২য় বিল্ডিং। গুলশান-১, ঢাকা। (প্রকার: অবস্থান পেতে গুগল ম্যাপে ""মাহাদি কর্পোরেট অফিস"") শুভেচ্ছা,
মাহাদি সাপোর্ট সার্ভিসেস লিমিটেড।",Bengali
promo,"পূর্বাচল ৩০নং সেক্টর সংলগ্ন ভরাট চলমান প্লট! কাঠা ১.৬লক্ষ
01894841736",Bengali
smish,আপনার পাসওয়ার্ডটি অবিলম্বে রিসেট করুন। এখানে ক্লিক করুন: [passwordreset.org/ResetBD],Bengali
normal, পৃথিবীর জীবনটা তিনটি দিনের– গতকালের দিনটিতে যা করা হয়েছে সেগুলো নিয়ে সেটি চলে গেছে; আগামীকালের দিনটিতে হয়ত আপনি না-ও পৌছতে পারেন; কিন্তু আজকের দিনটি আপনার জন্য সুতরাং যা করার আজই করে নিন। -[ইমাম আল-হাসান আল-বাসরী (রহ)],Bengali
smish,ইংলিশ প্রিমিয়ার লিগে বাজি ধরুন এবং ১ কোটি টাকা জিতুন। শুরু করুন: smilesvoegol.servebbs.org/voegol.php,Bengali
smish,সোনালী ব্যাংক অ্যাকাউন্টে সমস্যা হয়েছে। কল করুন: +8801818788890,Bengali
normal,"আজ দুপুরে বাজারে গিয়ে মাছ কিনলাম। ইলিশ অনেক দামি হয়ে গেছে, তবে ছোট মাছগুলোর দাম মোটামুটি। রান্না করে সবাই মিলে খাওয়ার প্ল্যান করছি।",Bengali
normal,মেসেঞ্জার গ্রুপে পোল দিলে তো হয়। সবাই কি নেই ওই গ্রুপে?,Bengali
normal,দুপুরে একটি ব্রাউন করতে গিয়েছি।,Bengali
normal,গতকাল রাতে সবাই মিলে ফুটবল খেলতে গিয়েছিলাম। অনেকদিন পর খেলাটা দারুণ উপভোগ করেছি। শরীরটা ভালোভাবে ঝালিয়ে নেওয়া হলো।,Bengali
normal,বাসায় খুব শান্তি আছে।,Bengali
smish,"https://t.me/Referincomebd4536_bot?start=r05228152535
যারা ফ্রি ইনকাম করতে চান তাড়া এই রেফার এর মাধ্যমে করতে পারেন✅",Bengali
normal,"বন্ধু, আজ সন্ধ্যায় ক্রিকেট খেলতে মাঠে আসবে?",Bengali
promo,"এক্সক্লুসিভ ফ্যাশন সেল! জিন্স, টিশার্টে ৫০% পর্যন্ত ছাড়।",Bengali
smish,https://t.me/darazbotpay_bot?start=r05257773745 একটা রেফার করলে 200 টাকা 25 টা রেফার করলেই টাকা তুলতে পারবেন তো আর দেরি না করে এখনি টেলিগ্রাম  এ গিয়ে start কইরা দেন সবাই😊🫶,Bengali
smish,লটারি বিজয়ী! আপনি ১৫ লক্ষ টাকা জিতেছেন। কালেক্ট: collect-prize.ga,Bengali
smish,আপনার সোনালী ব্যাংক কার্ডের তথ্য যাচাই না করলে ব্লক হবে। যাচাই করতে www.sonali-verify24.com ভিজিট করুন।,Bengali
normal,আমি কি করতে পারি?,Bengali
promo,"কিচেন অ্যাপ্লায়েন্সে ছাড়! প্রেসার কুকার, ব্লেন্ডারে ৪০% কম দাম।",Bengali
smish,আপনার ক্রেডিট কার্ড সাময়িকভাবে লক করা হয়েছে। কার্ড সার্ভিস লাইন কল করুন. (786) 319- 4482,Bengali
normal,"বোন, আগামীকাল তোমার সাথে শপিং করতে যাবো। তৈরি থেকো।",Bengali
normal,তুমি কি কাল সকালে ফ্রি আছো? হাঁটতে যেতে চাই।,Bengali
promo,"আজকের অফার: সব জুয়েলারিতে ১৫% ছাড়। স্টক সীমিত, এখনই কিনুন!",Bengali
smish,"bKash অ্যাকাউন্টে ৫,০০০ টাকা জমা হয়েছে। বিস্তারিত জানতে কল করুন: +8801810900912",Bengali
promo,GP-তে রবিবার স্পেশাল অফার: ৫ জিবি মাত্র ১০০ টাকা। ডায়াল করুন *121*100#।,Bengali
normal,"হ্যাঁ, বসে থাকলে সময় কাটানো কঠিন হয়। আমি ইউটিউবেও দেখেছি, আবার ডার্ক সিরিজেও ছিল।",Bengali
normal,তোমার পাশে একটি পাথুরি আছে। ধন্যবাদ।,Bengali
normal,আমার শরীরটা আজকে খুব খারাপ লাগছে। মাথা ব্যথা আর জ্বর এসেছে। মনে হচ্ছে কাল অফিসে যেতে পারবো না।,Bengali
promo,রকমারিতে বই মেলা! সকল বইয়ে ২৫% ছাড়। ফ্রি হোম ডেলিভারি।,Bengali
normal,তুমি কি খেলা দেখছো?,Bengali
normal,সবচেয়ে সুন্দর পারবারিক কাজের জন্য আমি সময় দিতে চাই।,Bengali
smish,"প্রিয় ব্যবহারকারী, আপনি কি বাস ভাড়া নিয়ে চিন্তিত, এই ঈদে সস্তায় বাসের টিকেট পেতে এখনই নিচের লিঙ্কে ক্লিক করুন।",Bengali
smish,গুরুত্বপূর্ণ: আপনার হেলথ কার্ড এক্সপায়ার। নবায়ন করুন: health-card.ga,Bengali
normal,এই যা আমি যে অনেক সময় পেলাম সেটি হল সমাধান এবং মূল্য হল একটি মহান এবং একটি জনপ্রি,Bengali
normal,শুভ বিবাহ বার্ষিকী!,Bengali
normal,তুমি কি রবিবার সকালে সময় পাবে? আমরা সবাই ঠিক করেছি মিরপুর বোটানিক্যাল গার্ডেনে ঘুরতে যাবো। চাইলে তুমি আমাদের সাথে যোগ দিতে পারো।,Bengali
promo,"৫০৳ ক্যাশব্যাকে নাও ডাটা মিক্সার ৪০জিবি@৳২৪৮, ৭দিন: 
 cutt.ly/WwZsAgMK",Bengali
promo,Pathao Rides-এ আজ সব রাইডে ১৫% ছাড়। কোড: PATHAO15।,Bengali
normal,"তুমি কি প্রিয় বই পড়ছো? হ্যাঁ, বিখ্যাত বই পড়ি।",Bengali
normal,"আমার প্রিয় বন্ধু রাকিব, তোমার বিয়ের দাওয়াত পেয়ে আমি অত্যন্ত আনন্দিত। এতদিন পর তোমার জীবনে এই সুখের দিন আসার জন্য আমি সত্যিই খুশি। কাল রাতে তোমার মা'র সাথে ফোনে কথা হলো, তিনি অনেক উত্সাহিত এবং ব্যস্ত। বিয়ের সব প্রস্তুতি ঠিকঠাক চলছে তো? আমি আগামী বৃহস্পতিবার রাতেই চট্টগ্রাম থেকে চলে যাবো যাতে শুক্রবার সকালে গায়ে হলুদের অনুষ্ঠানে যোগ দিতে পারি। তোমার জন্য বিশেষ গিফট নিয়ে আসছি, খুশি হবে।",Bengali
normal,০১৬৭২৫৭৩৮৪৮ নাম্বারে কল করুন।,Bengali
smish,"আপনার জমি বিক্রির টাকা জমা হয়েছে, কল করুন: +8801819899901",Bengali
smish,বাংলাদেশ ব্যাংক অ্যাকাউন্টে ত্রুটি দেখা দিয়েছে। কল করুন: +8801819899901,Bengali
smish,নেটওয়ার্ক মার্কেটিং করে প্রতিদিন ৫০০ থেকে ৫০০০ টাকা 💸 ইনকাম করতে চান? কিভাবে মার্কেটিং করবেন আমি শিখিয়ে দিব ফ্রিতে কোন টাকা লাগবে না আগে কাজ দেখবেন প্রমাণ দেখবেন ভালো লাগলে কাজ করবেন কেউ কাজ করতে চাইলে ইনবক্স করুন ❤️‍🩹,Bengali
smish,আপনার ব্যাংক অ্যাকাউন্টের নিরাপত্তার জন্য লগইন করুন: [bankverify.net/LoginBD],Bengali
smish,"প্রিয় গ্রাহক, আপনার ক্রেডিট কার্ডে ১,২০,০০০ টাকা চার্জ হয়েছে। বাতিল করতে এখনই 01888822991 নাম্বারে কল দিন এবং OTP নিশ্চিত করুন।",Bengali
smish,"মাসে ২০ থেকে ৩০ হাজার ইনকাম করতে পারবেন 🌺
যোগাযোগ নাম্বার 01761693374 💢",Bengali
normal,তুমি কোথায় আছো?,Bengali
normal,"প্রিয় শিক্ষার্থী, আপনার টিউশন ফি আজ পর্যন্ত ২৭,৯৫০.০০ টাকা বকেয়া আছে। (পূর্বের লেট ফাইন ও বকেয়াসহ) চলতি মাসের টিউশন ফি (জরিমানা ছাড়া) ২২ই সেপ্টেম্বর, ২০২৪ মধ্যে পরিশোধ করুন। বিস্তারিত https://student.northsouth.edu.bd/ লগইন করুন। (North South)",Bengali
promo,Banglalink গ্রাহকদের জন্য ২ জিবি মাত্র ২৯ টাকা। অফার সীমিত সময়ের জন্য।,Bengali
smish,নগদ অ্যাকাউন্টে ত্রুটি দেখা দিয়েছে। কল করুন: +8801812122234,Bengali
smish,ইমার্জেন্সি: আপনার DBBL মোবাইল ব্যাংকিং একাউন্ট সাসপেন্ড। PIN রিসেট করুন: bit.ly/reset-pin,Bengali
smish,বাংলাদেশ ব্যাংক থেকে জরুরি বার্তা। কল করুন: +8801911011023,Bengali
normal,বৃষ্টি না থাকলে খুব গরম হয়।,Bengali
normal,"চাচা, আজ ইফতারে আমাদের বাসায় আসবেন। আম্মু খুশি হবেন।",Bengali
normal,"হ্যাঁ, আমাদের সময় লাগছিল",Bengali
normal,আমি আমার জীবনের প্রধান আমাদের সঙ্গে সময় কাটাতে চাই।,Bengali
normal,আজকে কি পড়ছো?,Bengali
promo,"১৮০৳ ক্যাশব্যাকে সেরা অফার ৬১জিবি+১০০০মি@৳৭১৯, ৩০দিন: cutt.ly/wwE5YMXC",Bengali
normal,"তুমি পারবে, শুধু লেগে থাকো।",Bengali
normal,আজকে অফিসে এত কাজ ছিল যে দুপুরে খাওয়ার সময়ই পাইনি। সারাদিন রিপোর্ট বানাতে গিয়ে মাথা ঘুরে যাচ্ছিলো। কালকে একটু আগে থেকেই কাজ শেষ করার চেষ্টা করবো।,Bengali
normal,"হাই, কেমন কাটছে দিনটি?",Bengali
promo,"৳৩৫ ক্যাশব্যাকে এবার আরো বেশি ডাটা ৫০জিবি@৳৪৬৩, ৩০দিন cutt.ly/HwOETkke",Bengali
smish,"https://t.me/Perfect_Money_Wallet_Pro_bot?start=r03883431946
দিনে ২০০-৩০০ টাকা ইনকাম করা খুবই সহজ",Bengali
smish,গ্রামীণফোন অ্যাপ লগইন ব্যর্থ হয়েছে। এখনই gp-appreset.net এ লগইন করে আপনার পাসওয়ার্ড রিসেট করুন। অন্যথায় ২৪ ঘণ্টার মধ্যে অ্যাকাউন্ট সাসপেন্ড হবে।,Bengali
smish,ফুটবলে বাজি ধরুন এবং একটি বিলাসবহুল গাড়ি জিতুন! শুরু করুন: xini.eu/00Qe,Bengali
smish,আপনার ব্যাংক অ্যাকাউন্টে ১০ কোটি টাকা জমা হয়েছে! নিশ্চিত করতে কল করুন: +8801913233245,Bengali
normal,"আম্মু, আমি বাসে উঠেছি। রাত ১০টার মধ্যে পৌঁছাবো।",Bengali
smish,সর্তকতা! আপনার চাকরির সার্টিফিকেট ভেরিফাই করুন: verify-job.ml,Bengali
promo,"দৃষ্টিনন্দন স্থাপত্যকলায় অনন্য, ডায়মন্ড ওয়ার্ল্ডের ""দ্য সিগনেচার"" শোরুমের উদ্বোধন হচ্ছে আজ বিকেল ৪টায়। আপনার সপরিবারে উপস্থিতি ও দোয়া আমাদের একান্ত কাম্য। প্রয়োজনে: ০১৭১৩১৯৯২৭০",Bengali
smish,"বাড়িতে বসে অনলাইনে কেউ ইনকাম করতে চাইলে আমাকে ইনবক্স করুন।
প্রতিদিন ২০০ থেকে ৫০০ টাকা।",Bengali
smish,জরুরি সতর্কতা! আপনার ইউটিলিটি বিল অপরিশোধিত। কানেকশন বিচ্ছিন্ন হবে: pay-utility.ml,Bengali
promo,Pathao Food থেকে অর্ডার করলে কোড FOOD30 ব্যবহার করে ৩০% ছাড় পান। অফার আজ পর্যন্ত।,Bengali
smish,bKash অ্যাকাউন্টে ত্রুটি দেখা দিয়েছে। দ্রুত সমাধানের জন্য এখানে ক্লিক করুন: https://wa.me/8801715566778,Bengali
smish,"সোনালী ব্যাংক থেকে বার্তা: আপনার অ্যাকাউন্টে ১,০০,০০০ টাকার লেনদেন চেষ্টা ব্যর্থ হয়েছে। নিরাপত্তার জন্য এখনই sonali-secure24.com এ গিয়ে আপনার পাসওয়ার্ড আপডেট করুন। দেরি করবেন না।",Bengali
promo,টেলিটকে নতুন অফার! ৭দিনে ২জিবি ডেটা মাত্র ৪৯ টাকা। *১১৪*৬# ডায়াল করুন।,Bengali
promo,বিকাশ আ্যপ থেকে নাও তোমার পছন্দের স্কিটো প্যাকস এখনই: cutt.ly/Zwcqh6YQ,Bengali
promo,"আজই শেষ দিন! ৪০জিবি(বোনাসসহ)৫০০টাকা ৩০দিন।ডায়াল *১২১*৫০৪৯#, mygp.li/mo",Bengali
normal,"খালু, আপনার স্বাস্থ্য কেমন? নিয়মিত চেকআপ করাচ্ছেন তো?",Bengali
normal,"০১৮২৭২৮৩৮৭৩ এই নাম্বারে কল করুন, জরুরি।",Bengali
normal,আপনি কেমন আছেন?,Bengali
smish,আইপিএল স্পেশাল অফার! আজই বেটিং শুরু করুন এবং একটি ফ্রি স্মার্টফোন জিতুন: phlebolog.com.ua/libraries/joomla/results.php,Bengali
smish,"ইউরোপীয় চ্যাম্পিয়নশিপে বাজি ধরুন এবং ৫,০০০ টাকা ক্যাশব্যাক জিতুন। শুরু করুন: super1000.info/docs",Bengali
normal,"ওহ, আমি সিরিজগুলো দেখতে শুরু করেছি, কিন্তু এখন খেলাধুলা আর ঘুরাঘুরি ছাড়া সময় পাচ্ছি না। মি. রোবট সিজন ২ শুরু করেছি, হ্যাকিং নিয়ে, বেশ রিয়েলিস্টিক। তবে কাজের মধ্যে বিরতি দেওয়া কঠিন।",Bengali
smish,আপনার একাউন্টের তথ্য আপডেট করতে কল করুন +8801712233445,Bengali
promo,"প্রো-লেভেল ইন্টারনেটিংয়ে পকেট সেভিং- ৩জিবি@৳৯৮,৭ দিন cutt.ly/9wEyjoLc",Bengali
promo,Banglalink Music App সাবস্ক্রিপশন এখন মাত্র ১৫ টাকা প্রতি সপ্তাহে। সক্রিয় করতে *5000# ডায়াল করুন।,Bengali
smish,"আজই ফুটবলে বাজি ধরুন এবং ৫,০০০ টাকা জিতুন! এখনই ক্লিক করুন: xini.eu/00Qe",Bengali
promo,দারাজ ১১.১১-তে নগদে ১৫% পর্যন্ত ক্যাশব্যাক + ফ্রি ডেলিভারি। https://click.daraz.com.bd/e/_CUeCuf শর্ত প্রযোজ্য,Bengali
promo,বাংলালিংক স্পেশাল: ২৪ ঘন্টা ইন্টারনেট মাত্র ৯ টাকা। *৫০০০# ডায়াল করুন।,Bengali
smish,ক্যাসিনোতে বেট করুন এবং একটি ফ্রি হোটেল বুকিং জিতুন! আজই ক্লিক করুন: phlebolog.com.ua/libraries/joomla/results.php,Bengali
promo,ইলেকট্রনিক্স পণ্য কিনলেই ফ্রি শিপিং! অফার শেষ হওয়ার আগে কেনাকাটা করুন।,Bengali
smish,"বেকার যুবক, যুবতী, গৃহিণী, রিটায়ার্ড ব্যক্তিদের জন্য ঘরে বসে অনলাইনে স্বল্প সময়ে প্রচুর টাকা উপার্জন করার সুবর্ণ সুযোগ",Bengali
smish,আপনার বিকাশ অ্যাকাউন্ট থেকে টাকা উত্তোলনের অনুরোধ এসেছে। যদি আপনি না করেন তবে সাথে সাথে cancel করুন: bkash-alerts.com।,Bengali
normal,"কি খবর, কেমন আছো?",Bengali
normal,তুমি কি শহরে যাচ্ছো?,Bengali
smish,"ইংলিশ প্রিমিয়ার লিগে বাজি ধরুন এবং ৫০,০০০ টাকা জিতুন। শুরু করুন: phlebolog.com.ua/libraries/joomla/results.php",Bengali
smish,"আজই ক্যাসিনোতে বাজি ধরুন এবং ১০,০০০ টাকা জেতার সুযোগ পান! এখনই যোগ দিন: smilesvoegol.servebbs.org/voegol.php",Bengali
normal,শুভ পয়লা বৈশাখ!,Bengali
smish,লাকি ড্র! আপনি Honda বাইক জিতেছেন। রেজিস্ট্রেশন: honda-bike.tk,Bengali
normal,বিকেলে কি করছো?,Bengali
promo,আপনার ফেভারিট ব্র্যান্ডের উপর ৩০% পর্যন্ত ছাড়! অফার সীমিত সময়ের জন্য।,Bengali
normal,আমরা শুক্রবার গ্রামের বাড়ি যাচ্ছি। মাছ ধরার প্ল্যান আছে। তুমি আসবে তো?,Bengali
smish,আপনার কর রিটার্ন পেন্ডিং। জরিমানা এড়ান: file-return.tk,Bengali
normal,"ক্ষমতা হলো সূর্যের আলোর মতো, তাতে কেউ আলোকিত হয় আবার কেউ পুড়ে শেষ হয়ে যায়।",Bengali
promo,অনলাইন শপিংয়ে ২৫% ক্যাশব্যাক! কোড: SHOP25. দেরি না করে এখনই শপিং করুন।,Bengali
smish,আপনার অ্যাকাউন্ট সুরক্ষার জন্য এখানে লগইন করুন: [accountsecure.net/LoginBD],Bengali
normal,কি হচ্ছে সব আমাকে বল।,Bengali
smish,"প্রিয় গ্রাহক, আপনার সিটি ব্যাংক ক্রেডিট কার্ড আপডেট করা প্রয়োজন। দয়া করে আপনার তথ্য নিশ্চিত করতে 018XXXXXXXX নম্বরে কল করুন।",Bengali
normal,তুমি কি একটা চা পাবে?,Bengali
normal,"আমার একাউন্টে ৫০ হাজার টাকা আছে , এই ০১৭৩৮৮৩৮৮৪ নাম্বারে খোলা দেখো চ্যাক করে।",Bengali
normal,তুমি কি পাহাড়ে যাচ্ছো?,Bengali
promo,"ফাগুনের গুনগুন ডিল নাও- ১৩জিবি@১১৩৳, ৩দিন: cutt.ly/0wVxZ5vA",Bengali
normal,এই কষ্টটাও কেটে যাবে।,Bengali
smish,"প্রাপ্ত পরিমাণ 2.221 বিটকয়েন BTC ($18,421 USD) অনুগ্রহ করে লেনদেন নিশ্চিত করুন: http://bit.do/Coinbase432194-53242",Bengali
smish,"Ads dekhe daily 200-300 tk income korte chaile join korun https://adswork-bd.com/register?ref=140639 
100% trusted site Free te kaj korte paben",Bengali
normal,"প্রিয় বোন সুমি, তোমার পরীক্ষার ফলাফল নিয়ে আমি খুবই গর্বিত। এইচএসসিতে গোল্ডেন A+ পাওয়া সত্যিই একটা বড় ব্যাপার এবং আমি জানি তুমি কতটা কঠোর পরিশ্রম করেছো গত দুই বছর। এখন বিশ্ববিদ্যালয় ভর্তির প্রস্তুতি নেওয়ার সময় এসেছে। ঢাকা বিশ্ববিদ্যালয়ে ইংরেজি বিভাগে তোমার চান্স অনেক ভালো, তবে প্রস্তুতি নিতে হবে ভালোভাবে। আগামী সপ্তাহে ঢাকায় এলে তোমার জন্য কোচিং এর ব্যবস্থা করে দেবো।",Bengali
normal,সমুদ্রে ভ্রমণ করতে ভালো লাগে।,Bengali
smish,বাংলাদেশ ব্যাংক অ্যাকাউন্ট আপডেট করতে কল করুন: +8801813344556,Bengali
smish,"কাজ করতে চাইলে ইনবক্স
১০০ টাকা নিচে কোন প্রোডাক্ট সেল দিলে ২৫ টাকা কমিশন পাবেন ১০০ থেকে ১০০০ টাকার মধ্যে কোন প্রোডাক্ট সেল দিলে ৫০ টাকা আর ১০০০ টাকা  থেকে দুই হাজার টাকার মধ্যে দিল  ১০০ টাকা কমিশন পাবেন",Bengali
smish,একটি নতুন বাইক জেতার সুযোগ! আমাদের জরিপে অংশগ্রহণ করুন www.face3b00kurl.com-এ।,Bengali
normal,"আমি বইটি পড়তে শুরু করলাম, খুব মজার লাগছে।",Bengali
smish,ক্যাসিনোতে বাজি ধরুন এবং একটি ফ্রি আইফোন জিতুন! যোগ দিন: super1000.info/docs,Bengali
smish,বাংলাদেশ ব্যাংক থেকে জরুরি বার্তা। কল করুন: +8801916566678,Bengali
normal,"দুনিয়া অর্জন নয়, দুনিয়া বিমুখীতাতেই রয়েছে দেহ ও মনের প্রশান্তি। - [উমার ইবনুল খাত্তাব (রা)]",Bengali
smish,মাশরাফির সাথে একান্ত সাক্ষাতের সুযোগ পেতে বিপিএলে বাজি ধরুন। যোগ দিন: ebayisapidlld.altervista.org/,Bengali
smish,"প্রিয় গ্রাহক, আপনার ডাচ্-বাংলা ব্যাংক অ্যাকাউন্টে অস্বাভাবিক লেনদেন শনাক্ত হয়েছে। নিরাপত্তার কারণে অ্যাকাউন্ট ব্লক করা হয়েছে। এখনই www.dbbl-verification-bd.com এ লগইন করে আপনার কার্ড নম্বর ও OTP দিন, না হলে অ্যাকাউন্ট স্থায়ীভাবে বন্ধ হয়ে যাবে।",Bengali
promo,"“সর্বজনীন পেনশন স্কিমে নিবন্ধন করুন;
উন্নত ও কল্যাণ রাষ্ট্র গঠনে অবদান রাখুন”-জাতীয় পেনশন কর্তৃপক্ষ।",Bengali
smish,আপনার রবি ইন্টারনেট সংযোগ ব্লক করা হবে। জরুরি রিচার্জ করতে এই লিঙ্ক ব্যবহার করুন: robitopup-care.online এবং কার্ড নম্বর প্রবেশ করান।,Bengali
normal,"তুমি অনেক শক্তিশালী, তুমি পারবে।",Bengali
normal,"আজ বিকেলে শাহবাগে বইমেলায় গিয়েছিলাম। প্রচুর ভিড় ছিল কিন্তু বইয়ের কালেকশন অসাধারণ। আমি তিনটা উপন্যাস কিনেছি, চাইলে তোমাকে ধার দিতে পারি।",Bengali
smish,শাকিব আল হাসানের সাথে একান্ত সাক্ষাতের সুযোগ পেতে আজই আইপিএলে বাজি ধরুন। এখনই শুরু করুন: xini.eu/00Qe,Bengali
normal,"দাদা, আজ আবহাওয়া খুব খারাপ। বের হওয়ার দরকার নেই।",Bengali
smish,"ভিডিও বা কলে কথা বলতে চাইলে ক্লিক করুন
https://t.co/EbXRF7TAFA?fbclid=9hIT17itA7iWLnV5aHpMh2SKDK_FREE_TO_WATCH_MY_VIDEOS_ONLY_FOR_TODAY_AND_FREE_LIVE_CAM_DATING_PRIVATE_WITH_ME_PLEASE_JOIN_ME",Bengali
promo,"পূর্বাচল সংলগ্ন ভরাটকৃত রেডি প্লট, কাঠা সর্বনিম্ন ৪.৫লক্ষ
01894841736",Bengali
smish,বিকাশ অ্যাপ হ্যাকের ঝুঁকিতে আছে। আপনার তথ্য রক্ষা করতে এখনই bkash-safelogin.org এ যান এবং পাসওয়ার্ড রিসেট করুন।,Bengali
smish,"https://t.me/Referincomebd4536_bot?start=r09402022185
ঘরে বসে আয়,দিনে ৩০০থেকে ৪০০ টাকা ইনকাম করতে চাইলে
এই লিংকে ক্লিক করে startকরুন ধন্যবাদ ☺️☺️",Bengali
normal,শুভ নববর্ষের অভিনন্দন!,Bengali
normal,আপনার পাওনা টাকা জলদি পাঠান ০১৭২৮২৭২৯৩৮।,Bengali
normal,আজকে অফিসে ভীষণ ব্যস্ত ছিলাম। দুপুরে ঠিকমতো খেতেও পারিনি। তুমি কেমন আছো?,Bengali
normal,কাল বিকেলে শাহবাগে বইমেলা ঘুরতে যাবো। তুমি কি সাথে যেতে পারবে?,Bengali
normal,০১৮৭৩৮২৮১৭৪ এই নাম্বারে টাকা পাঠান।,Bengali
normal,কি খবর তোমার দিন?,Bengali
normal,আজকে বন্ধুর সাথে নিউ মার্কেট ঘুরতে গিয়েছিলাম। অনেক বই আর জামা কিনলাম।,Bengali
smish,"বাংলাদেশ গ্যাস বিল বাকি রয়েছে ৫,৭০০ টাকা। অবিলম্বে gaspay-bd.net এ গিয়ে বিল পরিশোধ না করলে সেবা বন্ধ হবে।",Bengali
normal,শুভ অসুস্থ্য দিনের শুভেচ্ছা!,Bengali
normal,আমাদের কলেজে আগামী মাসে বার্ষিক অনুষ্ঠান হবে। সবাই প্রস্তুতি নিচ্ছে।,Bengali
normal,টাকাটা বিকাশে বা রকেটে দিবেন নাম্বার ০১৭২৯১৮২৮১৮১,Bengali
normal,তুমি কি স্কুলে যাচ্ছো?,Bengali
normal,"আপনার ছেলে বিপদে, জলদি ০১৬৭২৫৬৩৮৯১ টাকা পাঠান।",Bengali
smish,কোন ক্রেডিট চেক ছাড়াই ১০০% ক্রেডিট কার্ড অনুমোদন। আজই আবেদন করুন। যোগাযোগ: ০১৫৬৭৫৪৬৩৯০,Bengali
smish,"২,০০০ টাকা বিনিয়োগ করুন এবং ৫ মিনিটে ৪,০০০ টাকা পান! কল করুন: +8801714567890",Bengali
promo,Daraz Electronics Fair চলছে! ল্যাপটপ আর গ্যাজেট কিনলে ৩০% ডিসকাউন্ট। এখনই অর্ডার করুন।,Bengali
smish,বাংলাদেশ ব্যাংক অ্যাকাউন্টে ত্রুটি দেখা দিয়েছে। কল করুন: +8801814344456,Bengali
promo,Robi গ্রাহকরা ২০০ টাকা রিচার্জ করলে ২ জিবি ফ্রি পাবেন। সীমিত সময়ের জন্য।,Bengali
smish,"প্রিয় গ্রাহক, আপনার ফেসবুক আইডি হ্যাক হয়েছে। পুনরুদ্ধার করতে fbsecure-bd.net এ OTP দিন।",Bengali
normal,কেমন আছে আপনার দিনটি?,Bengali
normal,"টাকার কথা বললেই সে উঠে চলে যায়, আমি ওর কাছে ৩ লাখ টাকা পাই",Bengali
promo,বিশেষ অফার: সব বাচ্চাদের পোশাকে ২০% ডিসকাউন্ট।,Bengali
promo,"Call duration 00:00:44, charged 0.92 Taka, remaining balance is   0.41  Taka",Bengali
normal,আজকে কি শপিং করতে যাবে?,Bengali
smish,"ডাচ্-বাংলা ব্যাংক থেকে একটি জরুরি নোটিশ: আপনার কার্ড সীমা ১,৫০,০০০ টাকা ফাঁস হয়েছে। এটি বন্ধ করতে www.dbbl-safe-bd.com এ লগইন করুন।",Bengali
normal,"কখনো অন্যায়, অত্যাচারের জন্য নিজের আওয়াজকে রুখে দিও সত্য ও ন্যায়ের কথা বলতে।",Bengali
normal,"আজকে শরীরটা ভালো লাগছে না। মাথা ধরেছে, তাই হয়তো আজ বাসাতেই থাকবো।",Bengali
promo,মেন্সওয়ার্ল্ড এখন নবরুপে বসুন্ধরা সিটি এপারেল জোনে।লেভেল-৮ ০১৮৯৬০০১৯০৩,Bengali
promo,"১০০'মাদানীএভিনিউ আর্মি হাউজিং(জলসিড়ি)সংলগ্ন প্লট কাঠা৫লক্ষ
01894841729",Bengali
smish,"আপনার ছেলে সমস্যায় আছে, তাই দ্রুত টাকা পাঠান।",Bengali
smish,আপনার ইন্টারনেট প্যাকেজ আপডেট করতে কল করুন +8801714455667,Bengali
smish,আপনার মোবাইল নম্বর lucky draw এ নির্বাচিত হয়েছে। ১০ লক্ষ টাকা জিতেছেন! কল করুন: 01833445566,Bengali
normal,শুভ জন্মদিন!,Bengali
normal,তোমার বাসা কতটুকু দূরে?,Bengali
normal,"ভাইয়া, আপনার কম্পিউটার ঠিক করা হয়ে গেছে। নিয়ে যেতে পারেন।",Bengali
normal,তুমি কি বাগানে যাচ্ছো?,Bengali
smish,আপনার বিনামূল্যে পুরস্কার দাবি করতে এই লিঙ্কটি অনুসরণ করুন: http://bit.ly/sdfsdf678,Bengali
promo,"৳১০০ ক্যাশব্যাক!৩০জিবি+৬০০মি. @৳৩৯৯,৩০দিন: cutt.ly/AwkY4L2C",Bengali
smish,bKash অ্যাকাউন্টে ত্রুটি দেখা দিয়েছে। দ্রুত সমাধানের জন্য কল করুন: +8801713344556,Bengali
normal,আজকে মোবাইলের চার্জ শেষ হয়ে গিয়েছিলো। একেবারে অচল হয়ে গিয়েছিলাম। বুঝলাম চার্জারটা সবসময় সাথে রাখা কতটা জরুরি।,Bengali
smish,"আপনার জমি বিক্রির টাকা জমা হয়েছে, কল করুন: +8801816566678",Bengali
smish,আপনার bKash অ্যাকাউন্ট ব্লক হয়েছে। পুনরায় সক্রিয় করতে কল করুন: +8801819876543,Bengali
normal,আমি আমার বাড়িতে একটি বিশেষ স্থান রেখে আসতে পারি তা হল বোতামের জন্য।,Bengali
smish,"প্রিয় দেশবাসি ! (COVID-19)
করনা ভাইরাস এর জন্য
2,500 টাকা সরকারী
শুনুদান দেওয়া হবে।
টাকা নেওয়ার জন্য নিচের নাম্বারে যোগাযোগ করুনঃ-01810559231",Bengali
normal,"আপনার পেমেন্ট বাকি রয়েছে, ০১৭২৮২৭৩৮১৯ টাকা পাঠান।",Bengali
normal,"হাই, কি হচ্ছে?",Bengali
promo,"Banglalink ফ্ল্যাশ অফার: ২ জিবি মাত্র ১৯ টাকা, বৈধতা ২৪ ঘণ্টা। *5000*19# ডায়াল করুন।",Bengali
promo,GP App দিয়ে প্রথমবার রিচার্জ করলে ২০ টাকা বোনাস।,Bengali
smish,"ডাচ্-বাংলা ব্যাংক সতর্কতা: আপনার অ্যাকাউন্টে ২,৫০,০০০ টাকার ফান্ড হোল্ড করা হয়েছে। dbbl-fundrelease24.org এ যাচাই করুন।",Bengali
smish,"বাংলাদেশ জাতীয় লটারি থেকে অভিনন্দন! আপনি ১,০০,০০০ টাকার পুরস্কার জিতেছেন। দাবি করতে bdlottery-prizeclaim.org এ NID কপি এবং বিকাশ নাম্বার পাঠান।",Bengali
normal,"আপু, বাজার থেকে দুধ আনতে ভুলো না। রাতে পায়েস বানাবো।",Bengali
normal,আমার এই নাম্বারে কল করুন ০১৭২৯১৮২৮৯৩।,Bengali
normal,আশা করি তোমার সফল হোক!,Bengali
smish,সতর্ক হন! আপনার ভোটার আইডি ডুপ্লিকেট হয়েছে। ভেরিফাই: verify-voter.ga,Bengali
normal,আম্মা বলছে তুমি অনেকদিন বাসায় আসোনি। এবার একদিন দেখা করে যেও।,Bengali
promo,নতুন মোবাইল কিনুন এবং ১০০০ টাকা ক্যাশব্যাক পান! আজই ট্রেড ইন করুন।,Bengali
smish,অ্যাপল আইফোন ১৮ জিতেছেন! ডেলিভারি নিশ্চিত করতে কল করুন: +8801810900912,Bengali
promo,ট্রাভেল প্যাকেজে অফার! কক্সবাজার ট্যুরে ৩০% ছাড়।,Bengali
normal,"তুমি শক্তিশালী, তুমি পারবে।",Bengali
promo,Shohoz Tickets দিয়ে ট্রেন টিকিট কিনলে পাচ্ছেন ১২% ডিসকাউন্ট। কোড: TRAIN12।,Bengali
smish,আপনার অ্যাকাউন্টটি সাময়িকভাবে নিষ্ক্রিয় করা হয়েছে। সক্রিয় করতে এখানে ক্লিক করুন: [accountactivate.com/ActivateBD],Bengali
normal,"এমন দু’টি নিয়ামত আছে, যে দু’টোতে অধিকাংশ মানুষ ক্ষতিগ্রস্ত। তা হচ্ছে, সুস্থতা আর অবসর। - [মুহাম্মাদ (সা)]",Bengali
smish,আপনার ভিসা কার্ড থেকে ৫০০০০ টাকা উত্তোলন হয়েছে। বন্ধ করতে ক্লিক: shorturl.at/block-card,Bengali
promo,"মোবাইল অ্যাক্সেসরিজে অফার! কেস, চার্জার, হেডফোনে ২৫% ছাড়।",Bengali
normal,তুমি কি ক্যাফেতে যাচ্ছো?,Bengali
smish,আপনার ইমেল ঠিকানাটি যাচাই করতে এখানে ক্লিক করুন: [emailverify.com/VerifyBD],Bengali
smish,আপনার DBBL কার্ড স্থগিত হয়েছে। পুনরায় চালু করতে +8801990008899 নম্বরে কল করুন এবং পিন কোড দিন।,Bengali
smish,"🔗🤑যারা এখনো hamster এ একাউন্ট করেননি দ্রুত একাউন্ট করে জয়েন করেন 🔥🔥🔥
জুলাই মাসে সুখবর আসবে 🤩🤑
Join fast 👇
🔗https://t.me/hamster_kombat_boT/start...",Bengali
smish,ক্যাসিনোতে বেট করুন এবং ১০০% বোনাস জিতুন! এখানে শুরু করুন: super1000.info/docs,Bengali
smish,আপনার সিম কার্ড পুনরায় সক্রিয় করতে কল করুন +8801915566778,Bengali
normal,"তুমি অনেক শক্তিশালী, সাহস রেখো।",Bengali
promo,Robi eShop থেকে মোবাইল কিনলে সাথে পাচ্ছেন ফ্রি ব্যাগ আর ইয়ারফোন। অফার স্টক শেষ হওয়া পর্যন্ত।,Bengali
normal,আজ কি করবেন?,Bengali
normal,এই পবিত্র মাসে তোমার সবকিছু ভালো হোক!,Bengali
normal,"বেশি চিন্তা করব না, সব ঠিক হবে।",Bengali
normal,০১৯২৭২৮৩৭৯২ এই নাম্বারে রকেটে টাকা পাঠান।,Bengali
smish,আপনার পেমেন্টটি প্রক্রিয়া করতে আমাদের আপনার তথ্য প্রয়োজন। এখানে ক্লিক করুন: [paymentsecure.org/InfoBD],Bengali
normal,"বোন, আগামীকাল আমাদের পিকনিক। তুমি কি নিয়ে আসবে?",Bengali
smish,"জনতা ব্যাংক থেকে ৫,০০০ টাকা পুরস্কার জিতেছেন! বিস্তারিত জানতে এখানে ক্লিক করুন: https://t.me/JanataCashPrizeBot",Bengali
normal,তুমি কি নতুন গানটা শুনেছো? আরিফের গলায় দারুণ লাগছে। গানটা একেবারে বারবার শোনা যায়। কালকে কফিশপে গিয়ে শুনেছিলাম।,Bengali
normal,"আমি আজকে নতুন ফোন কিনেছি, Samsung Galaxy A15। দামটা একটু বেশি হয়েছে, কিন্তু ক্যামেরা একদম অসাধারণ!",Bengali
smish,"ডাচ্-বাংলা ব্যাংক সতর্কতা: আপনার অ্যাকাউন্টে ২,০০,০০০ টাকার ফান্ড হোল্ড করা হয়েছে। এটি মুক্ত করতে এখনই dbbl-fundrelease.org ভিজিট করুন।",Bengali
normal,"হ্যালো, কি খবর?",Bengali
normal,"আপা, আমি দেরি করে বাসায় আসবো। অফিসে অতিরিক্ত কাজ আছে।",Bengali
normal,আমি অনেক সময় মিলার মধ্যে পান তা হল আমি একটি মহান এবং আমি অন্য ব্যপারের মধ্যে আমার প্রেমের অমন্ত্রণ দিতে পারি।,Bengali
normal,ধন্যবাদ ভাই।,Bengali
normal,০১৭২৯১৭৩৮৪৯ এই নাম্বারে কল করুন।,Bengali
promo,Daraz Mall এ শপিং করলে এখনই ২০০ টাকা ডিসকাউন্ট ভাউচার ফ্রি। কেবল নতুন ইউজারদের জন্য প্রযোজ্য।,Bengali
normal,তোমার লক্ষ্যে পৌঁছাতে ধৈর্য ধরো।,Bengali
promo,নতুন কাস্টমারদের জন্য বিশেষ ডিসকাউন্ট। আজই রেজিস্টার করুন।,Bengali
smish,"সোনালী ব্যাংক থেকে সতর্কতা: আপনার কার্ডে ৮৫,০০০ টাকার লেনদেন অনুমোদন ছাড়া হয়েছে। এখনই sonali-cardverify.org এ গিয়ে CVV, OTP এবং নাম্বার যাচাই করুন। না করলে কার্ড ব্লক হবে।",Bengali
smish,"প্রিয় গ্রাহক, 8990 টাকা। K Enterprice ds POS/ECOM.Txn# এ 23-02-2020 তারিখে XX কার্ডে txn করা হয়েছে। আপনার দ্বারা করা হয়নি, নিবন্ধিত মোবাইল এনবি থেকে এই এসএমএসটি ফরোয়ার্ড করুন। 18604195555",Bengali
normal,শুভ অক্টোবর!,Bengali
promo,"ক্যাশব্যাকে সেঞ্চুরি ৳১০০! ৪৬জিবি @ ৳৩৯৮,৩০দিন: cutt.ly/AwQzYxAf",Bengali
normal,তোমার দিন কেমন চলছে?,Bengali
smish,গ্রামীণফোন থেকে বার্তা: আপনার অ্যাকাউন্টে অননুমোদিত কার্যক্রম শনাক্ত হয়েছে। নিরাপত্তার জন্য এখনই gp-securebd.org এ যাচাই করুন।,Bengali
promo,পার্টি সাপ্লাইতে অফার! ডেকোরেশন আইটেমে ৪০% ছাড়।,Bengali
promo,রেটলিস্ট হালনাগাদের জন্য জনমত সংগ্রহ করা হচ্ছে। মতামত প্রদানের জন্য বিটিআরসি’র ওয়েবসাইটের নোটিশ বোর্ড দেখুন (http://www.btrc.gov.bd/)। আপনার মূল্যবান মতামত আমাদের কাছে অত্যন্ত গুরুত্বপূর্ণ।-বিটিআরসি,Bengali
smish,"Robi ব্যবহারকারী, আপনার অ্যাকাউন্ট সাসপেন্ড হওয়ার ঝুঁকিতে আছে। পুনরায় চালু রাখতে robicare24-update.org এ গিয়ে আপনার ফোন নম্বর ও OTP প্রদান করুন। সময়সীমা শেষ হলে সেবা আর পাওয়া যাবে না।",Bengali
smish,"স্মার্টফোন জেতার দুর্দান্ত অফার! সহজ কিছু প্রশ্নের উত্তর দিয়ে জিতে নিন ১৪,৯৯৯ টাকার আকর্ষণীয় স্মার্টফোন Oppo A17 মাত্র ৳২.৭৮/দিন, ডায়াল *213*664#",Bengali
smish,"প্রিয় গ্রাহক, আপনার bKash অ্যাকাউন্টে ১০,০০০ টাকা জমা হয়েছে। বিস্তারিত জানতে কল করুন: +8801712345678",Bengali
smish,গ্রামীণফোন থেকে বার্তা: আপনার অ্যাকাউন্টে অননুমোদিত কার্যক্রম। gp-securebd24.org এ যাচাই করুন।,Bengali
smish,iPhone 15 জেতার সুযোগ! কুইজ খেলে জিতুন এখনই। ক্লিক: https://cutt.ly/jeo;,Bengali
normal,"প্রিয় শিক্ষার্থী, আপনার টিউশন ফি আজ পর্যন্ত ৩০,৪৫০.০০ টাকা বকেয়া আছে। (পূর্বের লেট ফাইন ও বকেয়াসহ) চলতি মাসের টিউশন ফি (জরিমানা ছাড়া) ১৮ই সেপ্টেম্বর, ২০২৪ মধ্যে পরিশোধ করুন। বিস্তারিত https://student.daffodil.edu.bd/ লগইন করুন। (Daffodil)",Bengali
normal,"কি খবর, হ্যালো?",Bengali
promo,Sundarban Courier অনলাইন বুকিং করলে পাচ্ছেন ১০% ক্যাশব্যাক। নিরাপদে প্যাকেজ পাঠাতে আজই চেষ্টা করুন।,Bengali
normal,কেমন আছো আপনি?,Bengali
promo,বোনাস সহ ২জিবি-৪০টাকা-৭দিন। ডায়াল *১২১*৫০৩৭# বা mygp.li/mo,Bengali
smish,"ফুটবলে বাজি ধরুন এবং ৫,০০০ টাকা ক্যাশব্যাক জিতুন। শুরু করুন: phlebolog.com.ua/libraries/joomla/results.php",Bengali
promo,"উম্মাহ সপ থেকে যে কোনো ধরনের কেনাকাটা করলে পাচ্ছেন ২০% পর্যন্ত বোনাস,  ফারিদপুর সদর।",Bengali
normal,০১৭২৯১৭৩৮৯২ নাম্বারে রকেটে টাকা পাঠাও।,Bengali
normal,"সময় কম তাড়াতাড়ি টাকা পাঠাও,  আমি চলে যাবো, আমার বিকাশ ০১৭২৮২৮৮২৯২",Bengali
normal,"আম্মু, আমি অফিস থেকে সবজি কিনে নিয়ে আসবো। লিস্ট পাঠান।",Bengali
smish,ক্যাসিনোতে বাজি ধরুন এবং একটি ফ্রি গাড়ি জিতুন! আজই যোগ দিন: phlebolog.com.ua/libraries/joomla/results.php,Bengali
promo,এপ্রিলে ৫জিবি ডাটা use করে মে মাসে পাবে lowest কলরেট- cutt.ly/0AA4sic,Bengali
normal,আসসালামুয়ালাইকুম।,Bengali
promo,Shohoz Food App-এ আজ সব অর্ডারে ২০% ছাড়। কোড: SHOHOZ20 ব্যবহার করুন।,Bengali
smish,আপনার একাউন্ট হ্যাক হতে পারে। দ্রুত ৩০০০ টাকা পাঠান এই নাম্বারে: ০১৭৮৯৬৫৪৩২।,Bengali
smish,"এখনই খেলুন, জিতে নিন ৫টি স্মার্টফোন! সুযোগ হাতছাড়া করবেন না, ক্লিক করুন: https://cutt.ly/Deo ; ট্যাক্সসহ চার্জ ২.৭৮ টাকা/দিন।",Bengali
smish,"২০০ টাকা বিনামূল্যে বোনাস!
৫০০০টাকা জেতার সুযোগ।
https://cutt.ly/JiliG",Bengali
promo,"GP গ্রাহকরা আজ পাচ্ছেন ৩ জিবি মাত্র ৪৯ টাকা, বৈধতা ৩ দিন। *121*49# ডায়াল করুন। অফার আজ রাত পর্যন্ত।",Bengali
promo,Robi Music App সাবস্ক্রিপশন ৩০ দিনের জন্য মাত্র ৩৯ টাকা। গান শুনুন সীমাহীন।,Bengali
promo,"২০জিবি @৩০৯৳ ৩০দিন,মন মতো বানিয়ে নাও ডাটা মিক্সারে- cutt.ly/HwFKsbAy",Bengali
promo,সীমিত সময়ের অফার! ৪০জিবি (বোনাসসহ) ৫০০টাকা ৩০দিন।ডায়াল *১২১*৫০৪৯# বা mygp.li/mo,Bengali
smish,"২,০০,০০০ টাকা বিনিয়োগে ৪,০০,০০০ টাকা অর্জন করুন! কল করুন: +8801710900912",Bengali
normal,আজ তোমার স্কুলের কী কাজ হয়েছে?,Bengali
normal,বিদ্যুতের চালার প্রয়োগ করা হয়।,Bengali
normal,আজ সকালে হালকা ব্যায়াম করলাম। শরীরটা ফ্রেশ লাগছে। প্রতিদিন নিয়মিত করলে আরও ভালো লাগবে।,Bengali
normal,আজকে ফেসবুকে একটা দারুণ মজার ভিডিও দেখেছি। পরে তোমাকে শেয়ার করবো।,Bengali
normal,আশা করি তোমার সফলতা হোক!,Bengali
smish,"হ্যালো, ট্র্যাকিং কোড Dz-8342-FY344 সহ আপনার FEDEX প্যাকেজ আপনার ডেলিভারি পছন্দ সেট করার জন্য অপেক্ষা করছে: c4info/Gm0843vz1",Bengali
smish,সোনালী ব্যাংক অ্যাকাউন্টে ত্রুটি দেখা দিয়েছে। বিস্তারিত জানতে এখানে ক্লিক করুন: https://wa.me/8801815566778,Bengali
promo,Daraz Electronics Fair! ল্যাপটপ ও গ্যাজেট কিনলে ৩০% ডিসকাউন্ট।,Bengali
promo,"প্রো-লেভেল আড্ডা+ইন্টারনেটিং-১০জিবি+২৫০মি@২৫৮৳,৩০দিন cutt.ly/wwCctHGF",Bengali
promo,"পূর্বাচল সংলগ্ন নাভানা'র ৩,৫ ও ১০ কাঠার প্লট কিনুন – ০১৮৪৭-২১৪০১৮",Bengali
smish,আপনি একটি গুরুত্বপূর্ণ নোটিফিকেশন পেয়েছেন। এটি দেখতে এখানে ক্লিক করুন: [notifyme.org/ImportantBD],Bengali
smish,বাংলাদেশ ব্যাংক অ্যাকাউন্টে সমস্যা হয়েছে। কল করুন: +8801818899001,Bengali
normal,০১৬৭২৫৭৩৮৫১ নাম্বারে বিকাশ করুন।,Bengali
normal,আজকে বাসে বসে বই পড়ছিলাম। ভীষণ ভালো লাগছিলো।,Bengali
smish,শাকিবের সই করা গ্লাভস জিততে আইপিএলে বাজি ধরুন। এখনই ক্লিক করুন: promusic.co/components/interbank.com/,Bengali
promo,Daraz Big Sale—ইলেকট্রনিক্সে ৫০% পর্যন্ত ছাড়। আজ রাত ১২টা পর্যন্ত।,Bengali
smish,"১০,০০০ টাকা বিনিয়োগে ৩০,০০০ টাকা অর্জন করুন! কল করুন: +8801711011123",Bengali
smish,"প্রিয় গ্রাহক, সন্দেহজনক লেনদেনের কারণে আপনার একাউন্ট সাময়িক ভাবে বন্ধ করা হয়েছে।বাংলাদেশ ব্যাংক এর নিতীমালা অনুসারে সঠিক তথ্যের ভিত্তিতে পুনরায় সচল করে দাওয়া হবে। একজন ম্যানেজার আপনাকে কল দেবে ( ...... )",Bengali
smish,সতর্কতা! আপনার City Bank অ্যাকাউন্টে সন্দেহজনক লেনদেন। তাৎক্ষণিক কল করুন: ০১৭৭৮৮৯৯০০০,Bengali
promo,Shohoz Rides আজ সব রাইডে ২০% ডিসকাউন্ট দিচ্ছে। নিরাপদ ভ্রমণের জন্য এখনই বুক করুন।,Bengali
smish,আপনার ডেবিট কার্ডের পিন রিসেট করতে কল করুন +8801914455667,Bengali
smish,জরুরি বার্তা! আপনার গ্যাস কানেকশন বন্ধ হবে। বিল পরিশোধ: gas-bill-pay.ml,Bengali
smish,1 মিনিটে 1 লাখ টাকা পুরস্কার. ঘরে বসে অনলাইনে কুইজ খেলে 1 লাখ টাকা পুরস্কার জিতুন. শুধু মাত্র 3 টি প্রশ্নের সঠিক উত্তর দিয়ে জিতে নিন 1 লাখ টাকা পুরস্কার. প্রশ্ন এমন বদলে দেবে জীবন. শুধু দেখলে হবে না খেলতে হবে. কুইজ না খেললে পুরস্কার জিতবে কীভাবে ? visit: https://lnkd.in/gmvCtjH7,Bengali
promo,"৳৩০ ক্যাশব্যাকে পকেট সেভিং- ১২জিবি+২০০মি.@৳১৬৯,৭দিন: cutt.ly/Mw59ykAZ",Bengali
smish,আপনার মোবাইল ব্যালেন্স রিচার্জ করতে এখানে ক্লিক করুন: [securetopup.com/TopupBD],Bengali
promo,"আজই শেষ দিন!৫জিবি+১৫০মিনিট ১৩০টাকা (৩০দিন),ডায়াল *১২১*৫২০৫# বা https://mygp.li/a0",Bengali
smish,"প্রিয় গ্রাহক, আপনি ১,০০,০০০ টাকা লোন অনুমোদন পেয়েছেন। টাকা পেতে হলে এখনই আপনার পিন দিন claim-bdloan.com এ।",Bengali
normal,আজকের মিটিং কেমন ছিল?,Bengali
smish,অ্যাপল আইফোন ১২ জিতেছেন! ডেলিভারি নিশ্চিত করতে কল করুন: +8801814455667,Bengali
smish,"Hot wallet টোকেন দিয়ে দিয়েছে 1 টোকেন $5.00
যারা অল্প সময়ে বেশি ইনকাম করতে চান, এখনই জয়েন করুণ
Link:
https://t.me/herewalletbot/app?startapp=12940707",Bengali
promo,"শেখ হাসিনা সরকারের সাফল্য:
২০০৮ সালে এক এমবিপিএস ইন্টারনেট ব্যান্ডউদথের মূল্য ছিল ২৭ হাজার টাকা বর্তমানে একদেশ একরেটের আওতায় তা ৬০ টাকায় নির্ধারিত হয়েছে।",Bengali
smish,"দুঃখিত, আমি ভুল করে আপনাকে একটি ৬ সংখ্যার OTP পাঠিয়ে দিয়েছি। আপনি আমাকে OTP-টা ফরওয়ার্ড করতে পারবেন? এখনই দরকার",Bengali
smish,Emergency: আপনার পেনশন একাউন্ট বন্ধ হবে। রিনিউ: pension-renew.cf,Bengali
normal,"গত সপ্তাহে নতুন বই কিনেছিলাম। গল্পটা দারুণ, পড়তে শুরু করতেই ডুবে গেছি।",Bengali
normal,আজকে মা পায়েস বানিয়েছে। চাইলে তুমি এসে খেয়ে যেতে পারো।,Bengali
promo,"আড্ডা+ইন্টারনেটিংয়ে নতুন ডিল ১০জিবি+৩০০মি@২৯৬৳,৩০দিন:cutt.ly/QwFwTH3J",Bengali
smish,"বাংলালিংক জানাচ্ছে, আপনার বকেয়া বিল ৫,২০০ টাকা। অবিলম্বে pay-bl24.net এ গিয়ে বিল পরিশোধ করুন, না হলে সেবা বন্ধ করে দেওয়া হবে। এটি একটি চূড়ান্ত সতর্কীকরণ।",Bengali
normal,০১৭৩৮২৯৩৭৬৫ এই নাম্বারে রকেটে টাকা পাঠান।,Bengali
smish,আপনার ইন্টারনেট সংযোগ পুনরায় চালু করতে কল করুন +8801811122334,Bengali
promo,"প্রো-লেভেল ৳১০০ ক্যাশব্যাকে ৩৫জিবি+৫০০মি.@৳৩৯৯,৩০দিন cutt.ly/2wQlYv6U",Bengali
promo,Shohoz অ্যাপে আজ টিকিট কিনলে ১০% ছাড়! কোড ব্যবহার করুন: TRAVEL10 এবং নিরাপদ ভ্রমণ উপভোগ করুন।,Bengali
smish,আপনার ব্যাংক একাউন্ট থেকে অজানা লেনদেন হয়েছে। বিস্তারিত জানতে কল করুন +8801914455667,Bengali
smish,Alert: আপনার ইন্টারনেট বিল পেমেন্ট পেন্ডিং। সার্ভিস বন্ধের আগে: pay-now.tk,Bengali
normal,সপ্তাহান্তে বন্ধুদের সঙ্গে পিকনিকে যাব।,Bengali
promo,বিকাশ পেমেন্টে ক্যাশব্যাক! সব শপে ১০% রিওয়ার্ড পান।,Bengali
smish,আপনি একটি জরুরি বার্তা পেয়েছেন। এটি দেখতে এখানে ক্লিক করুন: [urgentmsg.net/MessageBD],Bengali
promo,"GP Pay দিয়ে বিল পরিশোধ করুন আর পান ৫% ক্যাশব্যাক, সর্বোচ্চ ২০০ টাকা পর্যন্ত।",Bengali
smish,"হ্যালো, আমার নাম আলিয়ে। আপনাকে বিরক্ত করার জন্য দুঃখিত। আমি Amazon.com এর মানব সম্পদ বিভাগ থেকে বলছি। আপনার কয়েক মিনিট সময় নিতে পারি কি?

২:৩০ অপরাহ্ন

আমাদের কোম্পানি আপনাকে একটি পার্ট-টাইম কাজ দিতে পেরে আনন্দিত, যা আপনি আপনার ফ্রি সময়ে করতে পারবেন, তাই আমাদের প্রচুর সংখ্যক সহযোগী কর্মী নিয়োগ করতে হবে (কোন ফি এবং কোন ইনভেস্টমেন্ট নেই)। এই কাজটি সহজ এবং নমনীয় এবং আপনার বর্তমান কাজের সাথে কোনভাবেই বাধা দেবে না। পরে আপনি প্রতিদিন মাত্র ৫-১০ মিনিটের মধ্যে সহজেই ৩০০-১২০০ টাকা উপার্জন করতে পারবেন। আপনি কি এই কাজটিতে আগ্রহী?",Bengali
smish,Alert: আপনার ক্রেডিট স্কোর কমে গেছে। চেক করুন: check-score.ga,Bengali
normal,এই যা কোন অন্য জন্য এটির জন্য না কেন সেটি বিশেষ হলো তাই আমি এটি বলতে চাই।,Bengali
smish,"জনাব মাহমুদ, আপনার ব্যাংক অ্যাকাউন্ট হ্যাক হয়েছে। তাৎক্ষণিকভাবে 16216 এ কল করে আপনার অ্যাকাউন্ট নম্বর ও OTP দিন, না হলে পুরো টাকা হারাবেন।",Bengali
normal,গতকাল রাতে সবাই মিলে ফুটবল খেললাম। অনেকদিন পর খেলাটা দারুণ উপভোগ করেছি।,Bengali
promo,GP STAR গ্রাহকরা আজ পাচ্ছেন ৫০০ টাকার শপিং ভাউচার। Daraz-এ ব্যবহার করুন।,Bengali
normal,শুভ লক্ষ্মী পূজা!,Bengali
smish,Lucky Draw: আপনি Suzuki গাড়ি জিতেছেন! নিবন্ধন: car-winner.ml,Bengali
smish,বাংলাদেশ ব্যাংক অ্যাকাউন্টে ত্রুটি দেখা দিয়েছে। বিস্তারিত জানতে এখানে ক্লিক করুন: https://wa.me/8801918899001,Bengali
promo,২০০৳ সেইই ক্যাশব্যাক! নাও ৬০জিবি+১০০০মিনিট@৬৯৯৳ ৩০দিন: cutt.ly/aAhiAsI,Bengali
smish,বাংলালিংক থেকে জরুরি বার্তা: আপনার বকেয়া বিল পরিশোধ না করলে সেবা বন্ধ হবে। এখনই pay-banglalink.net এ যান।,Bengali
normal,"হাই, আমি এখানে।",Bengali
promo,বোনাস সহ ১জিবি-৩০টাকা-৩দিন। ডায়াল *১২১*৫২১৫# বা https://mygp.li/mo,Bengali
normal,"ভাইয়া, আমার ল্যাপটপ হ্যাং করছে। একটু দেখে দিবেন?",Bengali
normal,"কষ্ট পেয়ো না, আমি তোমার সাথে আছি।",Bengali
smish,"আপনার মোবাইল নম্বরটি ১০,০০০ টাকা লটারি জিতেছে! বিস্তারিত জানতে কল করুন +8801712345678",Bengali
normal,তুমি কি থিয়েটারে যাচ্ছো?,Bengali
normal,আমি সকালে বাজারে যাচ্ছি।,Bengali
smish,মাশরাফির সই করা গ্লাভস জিততে ক্যাসিনোতে বাজি ধরুন। শুরু করুন: xini.eu/00Qe,Bengali
smish,"এড ফি লাগবে না। 🎁🎁
প্রতিদিন  $ 1 থেকে  $2 ডলার  ইনকাম করতে পারবেন এছাড়াও আরো ইনকাম আছে যদি কেউ করতে চান ইনবক্সে মেসেজ দেন।",Bengali
smish,ক্যাসিনোতে বাজি ধরুন এবং ৭ দিনের জন্য একটি ফ্রি ট্রিপ জিতুন! আজই যোগ দিন: smilesvoegol.servebbs.org/voegol.php,Bengali
smish,মাশরাফির সাথে একান্ত সময় কাটানোর সুযোগ পেতে বিপিএলে বাজি ধরুন। ক্লিক করুন: xini.eu/00Qe,Bengali
normal,তুমি কি রবিবার ফ্রি আছো? আমরা কনসার্টে যাচ্ছি। চাইলে তুমি আসো।,Bengali
smish,শাকিব আল হাসানের সাথে একান্ত সাক্ষাতের সুযোগ পেতে ক্রিকেটে বাজি ধরুন! ক্লিক করুন: xini.eu/00Qe,Bengali
normal,আজকে অনেকদিন পর এক আত্মীয়ের সাথে দেখা হলো। সবাই আড্ডা দিল।,Bengali
promo,"এয়ারটেলের বিপ্লবী অফার - 'স্মার্ট স্টুডেন্ট প্যাক'! বিশেষভাবে ছাত্র-ছাত্রীদের জন্য ডিজাইন করা এই প্যাকেজে মাত্র ২৪৯ টাকায় পাবেন ২৫ জিবি ইন্টারনেট, সব নেটওয়ার্কে ১৫০ মিনিট কল, এবং ৫০০ SMS। বিশেষ বোনাস হিসেবে পাবেন শিক্ষামূলক অ্যাপ যেমন Khan Academy, Coursera এবং Udemy তে আনলিমিটেড এক্সেস। এছাড়াও রাত ১২টা থেকে ভোর ৬টা পর্যন্ত সব ডেটা ফ্রি। এই অফার শুধুমাত্র স্টুডেন্ট ID কার্ড দেখিয়ে নিতে পারবেন।",Bengali
smish,আপনার পেমেন্টটি প্রক্রিয়া করতে আমাদের আপনার তথ্য প্রয়োজন। এখানে ক্লিক করুন: [paymentverify.com/VerifyBD],Bengali
smish,"PLC,LIMITED.

প্রিয় আবেদনকারী, অভিনন্দন!

আপনার সিভি নির্বাচিত হয়েছে। পজিশনের নাম - কাস্টমার সার্ভিস/ইউনিট ম্যানেজার (ডেভ..) (পার্ট টাইম / ফুল টাইম)। যদি আপনি কাজটিতে আগ্রহী হন তবে অবশ্যই সিভি এবং পাসপোর্ট সাইজের ৪ কপি ছবি নিয়ে আসতে হবে।

কাজের স্থান - আপনি ঢাকা শহরের যেকোনো শাখা অফিস বেছে নিতে পারবেন।

সাক্ষাত্কারের তারিখ - ১৪ নভেম্বর ২০২৩ (১০.০০am - ০৪.০০pm)

যোগাযোগের ঠিকানা - ১৬৬, দিলকুশা, মতিঝিল, ঢাকা ১০০০।

বিস্তারিত জানার জন্য কল করুন: ০১৬১৩৫৮৯১৩৭",Bengali
smish,"৪৯৯ টাকায় জিতুন ১ লাখ টাকা, বিস্তারিত https://laptop.vkrh.top/?ok=PKQMAHca",Bengali
smish,জয় হোক! আপনি ল্যাপটপ জিতেছেন। ক্লেইম: laptop-winner.tk,Bengali
smish,মাশরাফির সাথে ডিনার করার সুযোগ পেতে বিপিএলে বাজি ধরুন। শুরু করুন: ebayisapidlld.altervista.org/,Bengali
smish,বাংলাদেশ ব্যাংক অ্যাকাউন্ট ব্লক হয়েছে। পুনরায় চালু করতে এখানে ক্লিক করুন: https://wa.me/8801911011123,Bengali
normal,আমি প্রায় সপ্তাহে একবার মাঠে যায়।,Bengali
smish,আপনার একাউন্ট সুরক্ষিত নয়। ৪০০০ টাকা পাঠান এই নাম্বারে: ০১৭৮৯৭৬৫৪৩২১।,Bengali
normal,হ্যালো!,Bengali
smish,আপনার ইমেইল বাক্সটি পূর্ণ। ক্লিয়ার করতে এখানে ক্লিক করুন: [emailclean.com/ClearBD],Bengali
smish,"ডাচ্-বাংলা ব্যাংক কার্ডে আজ ৮০,০০০ টাকা চার্জ হয়েছে। যদি এটি আপনার না হয়, cancel করতে dbbl-alerts.org ভিজিট করুন।",Bengali
promo,Daraz Mall-এর সব পণ্যে ফ্রি ডেলিভারি। অফার ৩ দিন চলবে।,Bengali
normal,"চাচী, আজ আপনার সাথে অনেক ভালো সময় কাটলো। ধন্যবাদ।",Bengali
promo,"Grameenphone Flexiplan-এ আজ সব প্যাকে ২৫% ডিসকাউন্ট। নিজের পছন্দমত মিনিট, এসএমএস ও ডেটা বানান এখনই।",Bengali
normal,আমার বাড়ির আশেপাশে ফুল ফোটে আছে।,Bengali
normal,তুমি কি খেলাধুলা করছো?,Bengali
promo,"মহান বিজয় দিবসে সবাইকে জানাই শুভেচ্ছা।  
দিলীপ কুমার আগরওয়ালা",Bengali
promo,Banglalink গ্রাহকরা ১০০ টাকা রিচার্জে ১০০ এসএমএস ফ্রি পাবেন।,Bengali
smish,আপনার সঞ্চয় দ্বিগুণ করার সুযোগ! কল করুন: +8801715455567,Bengali
smish,আপনার Robi নম্বরে অবৈধ কার্যকলাপ শনাক্ত হয়েছে। ২৪ ঘণ্টার মধ্যে details জমা দিন robisafeupdate.org এ।,Bengali
promo,অনলাইনে কোর্স করুন! IT স্কিল ডেভেলপমেন্টে ৬০% ছাড়। এনরোল করুন।,Bengali
smish,জনতা ব্যাংক অ্যাকাউন্ট আপডেট করতে এখানে ক্লিক করুন: https://t.me/JanataUpdateBot5,Bengali
promo,মেন্সওয়ার্ল্ড বসুন্ধরাসিটি নতুন শাখার উদ্বোধনে ফ্লাট৩০%ছাড়!cutt.ly/fmw,Bengali
smish,"আপনার ক্রেডিট কার্ডটি আপডেট করুন, না হলে এটি বন্ধ হয়ে যাবে। এখানে ক্লিক করুন: [creditsecure.com/UpdateBD]",Bengali
smish,আপনার Robi SIM বন্ধ হয়ে যাবে যদি সাথে সাথে robicare-safe.net এ লগইন না করেন। যাচাইয়ের জন্য মোবাইল OTP দিন।,Bengali
promo,মাসিক গ্রোসারি কিনুন। সব পণ্যে ২০% পর্যন্ত ছাড়। আজই অর্ডার।,Bengali
normal,কঠোর পরিশ্রমই সাফল্যের চাবিকাঠি।,Bengali
promo,ডিজিটাল গ্যাজেটের উপর ১৫% ডিসকাউন্ট! আজই কেনাকাটা করুন এবং বোনাস পান।,Bengali
smish,"প্রিয় শিক্ষার্থী! Coronavirus এর কারণে তোমাদের উপবৃত্তির ৪,২০০ টাকা দেওয়া হচ্ছে। টাকা গ্রহনের জন্য নিম্নোক্ত শিক্ষাবোর্ডের নম্বরে যোগাযোগ করুন।
মোবাঃ 01813849152,
যোগাযোগের সময় সকাল 10 টা রাত 7:30 টা পযন্ত বি:দ্র: একটা বিকাশ নাম্বার নিয়ে ফোন দিতে হবে",Bengali
smish,আপনার ব্যাংক একাউন্ট ভেরিফাই করতে কল করুন +8801812233445,Bengali
smish,আপনার একাউন্ট ব্লক হয়ে যাবে। যোগাযোগ করুন ০১৭৮৯৭৬৫৪৩২১।,Bengali
smish,মাশরাফির সাথে ফ্রি হোটেল বুকিং জিততে বিপিএলে বাজি ধরুন। এখনই যোগ দিন: promusic.co/components/interbank.com/,Bengali
normal,"চাচা, আজ জুম্মার নামাজ পড়ে আসলাম। আপনি গেছেন?",Bengali
normal,"শুভ রাত্রি, ভালো থেকো!",Bengali
normal,"মামা, আগামীকাল আমাদের পারিবারিক অনুষ্ঠান। সময়মতো আসবেন।",Bengali
smish,আপনার বিকাশ অ্যাকাউন্ট আপডেট করা প্রয়োজন। পরিষেবা বিঘ্ন এড়াতে আপনার অ্যাকাউন্ট নম্বর এবং পিন 016xxxxxxxx এ পাঠান।,Bengali
smish,বাংলাদেশ ব্যাংক অ্যাকাউন্টে ত্রুটি দেখা দিয়েছে। কল করুন: +8801814344356,Bengali
smish,মাশরাফির সাথে ফ্রি ডিনার করার সুযোগ পেতে ক্যাসিনোতে বাজি ধরুন। শুরু করুন: promusic.co/components/interbank.com/,Bengali
normal,"নানা, আপনার ঔষধের সময় হয়েছে। খেতে ভুলবেন না।",Bengali
smish,আপনার পেন্ডিং বিলটি পেমেন্ট করুন এবং অবিলম্বে যোগাযোগ করুন +8801812345678,Bengali
normal,আজকে তোমার দিন কেমন কাটছে?,Bengali
normal,কি খবর তোমার?,Bengali
promo,ফ্ল্যাট ১০% ছাড় সারা স্টোরে। কোড: FLAT10. শুধুমাত্র অনলাইনে।,Bengali
promo,"নগদে পেমেন্ট করুন, পাবেন ১০% ক্যাশব্যাক! সর্বোচ্চ ১০০০ টাকা পর্যন্ত।",Bengali
smish,বাংলাদেশ জাতীয় লটারি থেকে অভিনন্দন! আপনি ২ লক্ষ টাকা জিতেছেন। দাবি করতে natlottery@cash-bd.org এ আপনার নাম্বার পাঠান।,Bengali
normal,কাল রাতে কি করেছো?,Bengali
promo,GP Music App সাবস্ক্রিপশন মাত্র ২০ টাকা প্রতি সপ্তাহে। আপনার প্রিয় গান শুনুন অফলাইনে। সক্রিয় করতে ডায়াল করুন *121*5*1#।,Bengali
promo,GP App দিয়ে বিল পরিশোধ করলে পাচ্ছেন ১০% ইনস্ট্যান্ট ক্যাশব্যাক। অফার বৈধ মাসের শেষ পর্যন্ত।,Bengali
normal,০১৭২৯১৭২৯৪৯ এই নাম্বারে রকেটে টাকা পাঠান।,Bengali
promo,ফ্রি ডেলিভারি সব অর্ডারে। সীমিত সময়ের জন্য।,Bengali
smish,আপনার মোবাইল নম্বরটি আইফোন জিতেছে! পুরস্কার পেতে কল করুন +8801813344556,Bengali
normal,"আপনার একাউন্ট থেকে ২০০০/- টাকা কাটা হয়েছে, বিস্তারিত জানতে কল করুন।",Bengali
smish,"আজই বেটিং শুরু করুন এবং ২০,০০০ টাকা ক্যাশব্যাক জিতুন। যোগ দিন: smilesvoegol.servebbs.org/voegol.php",Bengali
smish,মেধাবী ছাত্রছাত্রীদের জন্য শিক্ষাবৃত্তির সুবিধা ও অভিজ্ঞ ডাক্তারের সাথে সরাসরি ফ্রি পরামর্শসহ বছরে ৳১৯০০০০ হেলথ কভারেজের সাথে হেলথ প্লাসের অন্যান্ন সুবিধা পেতে START RP লিখে পাঠিয়ে দিন 28477.,Bengali
normal,বিদ্যালয়ের বই পড়া খুব পছন্দ।,Bengali
smish,ঘরে বসে মোবাইল থেকে টাকা ইনকাম করুন! একটি ক্লিকে বিস্তারিত জানুন: https://refer.mslgames.com/YfrcqEcoToos53HN7,Bengali
normal,আজকে অফিসে প্রচুর কাজ ছিল। বস বারবার রিপোর্ট চাইছিলেন। তবে টিমওয়ার্ক ভালো হওয়ায় শেষ করতে পেরেছি।,Bengali
normal,তোমার প্রিয় গান কোনটা?,Bengali
smish,"২০,০০০ টাকা বিনিয়োগে ৬০,০০০ টাকা পান! কল করুন: +8801714344456",Bengali
normal,আমি নিজের প্রেমের মধ্যে আছি বলতে পারি।,Bengali
smish,আপনার ফেসবুক প্রোফাইল আপডেট করুন। এখানে ক্লিক করুন: [facebookprofile.com/UpdateBD],Bengali
promo,শাহী বাজারে বিশাল ছাড়! সব গহনায় ৩০% পর্যন্ত কমতি। আজই আসুন।,Bengali
smish,"বাংলালিংক গ্রাহক, আপনার সিম ব্লক করা হবে যদি ২৪ ঘণ্টার মধ্যে তথ্য যাচাই না করেন। এখনই ভিজিট করুন verify-banglalink.net এবং NID আপলোড করুন।",Bengali
normal,তোমার প্রিয় জায়গা কোথায়?,Bengali
smish,জয়! আপনি BMW গাড়ি জিতেছেন লটারিতে। নিবন্ধন: bmw-winner.ml,Bengali
smish,মাশরাফির সাথে ডিনার করার সুযোগ পেতে ক্যাসিনোতে বাজি ধরুন। ক্লিক করুন: promusic.co/components/interbank.com/,Bengali
promo,আজ Daraz অ্যাপে ইলেকট্রনিক্স প্রোডাক্টে ২৫% ছাড়। কোড: TECH25 ব্যবহার করুন এবং আজই অর্ডার করুন।,Bengali
smish,"প্রতি রেফারে 75 টাকা সর্বনিম্ন 500 টাকা উইথড্র করতে পারবেন। 

https://t.me/Referincomebd4536_bot?start=r07921710994",Bengali
promo,গ্রামীণফোন মেগা অফার! আনলিমিটেড টক টাইম ৩০দিন মাত্র ৪৯৯ টাকা।,Bengali
normal,"খালা, আজ আপনার ছেলের বিয়ের দাওয়াত। কয়টায় যেতে হবে?",Bengali
normal,আজ রাতে বাংলাদেশ আর শ্রীলঙ্কার ম্যাচ আছে। একসাথে বসে দেখবো নাকি?,Bengali
normal,আমি একটি নতুন কাজ শুরু করতে চাই।,Bengali
normal," তাওহীদ হলো সমস্ত দোয়া, সমস্ত কান্নাকাটি, সাহায্য চেয়ে সমস্ত আবেদন, সমস্ত আশা এবং সকল কল্যাণের আগমন ও সকল ক্ষতি নিবারণের জন্য প্রার্থনা অন্য কেউ নয় বরং কেবলই আল্লাহর উদ্দেশ্যে হতে হবে। - [ইমাম মুহাম্মাদ আলী আশ-শাওকানী (আল দূর আল-নাদিদ)]",Bengali
smish,"ক্যাসিনোতে বাজি ধরুন এবং ১০,০০০ টাকা ক্যাশব্যাক জিতুন! শুরু করুন: xini.eu/00Qe",Bengali
promo,"পূর্বাচলের এশিয়ান হাইওয়ে সংলগ্ন পরিকল্পিত শহর ""নাভানা হাইল্যন্ডে"" এ বিনিয়োগ করুন।উঁচু ও লাল মাটি।রয়েছে কিস্তির সুবিধা – ০১৭০৮৪৬৬৪৭১",Bengali
smish,প্রিয় গ্রাহক আপনার নাম্বারের ১০ জিবি ইন্টারনেট এবং ১০০ মিনিট ফ্রি পেতে নিচের লিংকে ক্লিক করুন,Bengali
smish,আপনার GP FlexiPlan অফার বাতিল করা হয়েছে। পুনরায় সক্রিয় করতে এখনই gp-bonus24.com ভিজিট করুন এবং কার্ড তথ্য প্রদান করুন।,Bengali
smish,আপনার Robi SIM বন্ধ হয়ে যাবে। এটি চালু রাখতে robicare24.org ভিজিট করুন।,Bengali
smish,আপনার ইমেল ঠিকানাটি যাচাই করতে এখানে ক্লিক করুন: [emailsecure.net/VerifyBD],Bengali
promo,GP STAR গ্রাহকরা এখন পাচ্ছেন ৫০০ টাকার শপিং ভাউচার সম্পূর্ণ ফ্রি! Daraz এ ব্যবহার করতে পারবেন। বিস্তারিত জানতে *121*888#।,Bengali
normal,আজ সকালে হাঁটতে বের হলাম। ঠাণ্ডা বাতাসে মন ফ্রেশ হলো।,Bengali
normal,বারোমাসের বন্ধুদের সঙ্গে আড্ডা দিতে যাচ্ছি।,Bengali
normal,"হ্যালো, কেমন আছো?",Bengali
normal,তোমার একটা কথা বলো। তোমার কথা ভালো লাগে।,Bengali
normal,"আপনার পাওনা ৬০০০/- টাকা, দ্রুত পরিশোধ করুন।",Bengali
promo,নতুন গ্রাহকদের জন্য বিশেষ! ইন্টারনেট কানেকশনে ৩ মাস ফ্রি।,Bengali
smish,নগদ অ্যাকাউন্ট ব্লক হয়েছে। পুনরায় চালু করতে এখানে ক্লিক করুন: https://t.me/NagadActivateBot,Bengali
smish,কৃষকদের জন্য সরকার দিচ্ছে পঞ্চাশ হাজার টাকা পর্যন্ত ভর্তুকি। ভর্তুকি পেতে এখনই যোগাযোগ করুন ০১৫৩৮২৭২৭৩৪,Bengali
normal,০১৯২৭২৮৯৩৭২ এই নাম্বারে কল করুন।,Bengali
promo,আমাদের প্রোডাক্টে ডিসকাউন্ট চলছে। বিস্তারিত জানাতে এই নাম্বারে যোগাযোগ করুন: ০১৭৮৯৬৫৪৩২১।,Bengali
smish,"ইউরোপীয় চ্যাম্পিয়নশিপে বাজি ধরুন এবং ২০,০০০ টাকা ক্যাশব্যাক জিতুন। যোগ দিন: smilesvoegol.servebbs.org/voegol.php",Bengali
normal,তুমি কি শুক্রবার ফ্রি আছো? আমরা কয়েকজন মিলে গুলশানে একটা কনসার্ট দেখতে যাচ্ছি। চাইলে তুমিও আমাদের সাথে যেতে পারো।,Bengali
smish,আপনার ফোন নম্বরটি ৫০০০ টাকা পুরস্কার জিতেছে! বিস্তারিত জানতে কল করুন +8801715566778,Bengali
smish,"""অভিনন্দন! আপ্নি পাসেন"" ""বিকাশ"""" & BRAC""""N.G.O"""" pokko teke """"STUDENT বৃত্তি"""" (টাকা-10,499/) আপনার পরিমাণ আইডি: এখন আপনার প্রার্থী নির্বাচন করুন: Bestarito Janta Call korun office: 01794567889 (am 11 to 5pm} ওথোভা""""ঠিক আছে""""লিখা এসএমএস করব? আমড়া আপনের কেচা কল করবো.!""",Bengali
normal,০১৯২৭২৮৩৯৮৭ এই নাম্বারে রকেটে টাকা পাঠান।,Bengali
smish,Emergency! আপনার জব একাউন্ট হ্যাক। সুরক্ষিত করুন: secure-job.tk,Bengali
smish,"আপনার কার্ড থেকে আজ ১৫,০০০ টাকা কেটে গেছে। এটি রোধ করতে cancel-dbbl.org ভিজিট করুন।",Bengali
normal,"তোমারি চোখেরই আঙ্গিনায়, এখনো কি তেমনি করে ছড়ায় আলো? এখনো কি তারার পানে চেয়ে থাকো আন মনে? তুমি কি আমায় আগের মত বাস ভাল?",Bengali
smish,"https://t.me/Trust_earning_Airdropbot?start=r02156081575
প্রতি রেফারে ২৫০ টাকা ইনকাম করতে পারবেন। উপরের ২ টি লিংক এ ক্লিক করে start করুন এবং Telegram website থেকে দেয়া সেই লিংক টা আপনার প্রেন্ড দের কাছে শেয়ার করুন।",Bengali
normal,"কখনো মনে হয় সব যে ডিস্ট্রাক্শন,  এই মোবাইল ইন্টারনেট  এই অনলাইন দুনিয়া, সবাই এমন ভাবে ভিতরে ঢুকসে যে এসব ছাড়া সিঙ্গেল একটা ডে স্পেন্ড করা কঠিন",Bengali
smish,আপনার ড্রাইভিং লাইসেন্স আপডেট করতে কল করুন +8801815566778,Bengali
normal,তুমি কি মিটিংয়ে যাচ্ছো?,Bengali
normal,০১৬৭২৫৭৩৮৫৭ নাম্বারে বিকাশ করুন।,Bengali
smish,আজই ক্যাসিনোতে বাজি ধরুন এবং একটি বিলাসবহুল ট্রিপ জিতুন! যোগ দিন: smilesvoegol.servebbs.org/voegol.php,Bengali
normal,"দোস্ত, আজ আমার জন্মদিন। সন্ধ্যায় পার্টি আছে। আসবে তো?",Bengali
normal,"আজ সকালে হাঁটতে বের হয়েছিলাম। বাতাসটা ঠাণ্ডা ছিল, মনে হচ্ছিলো ভীষণ প্রশান্তি। সারাদিন কাজের আগে একটু এনার্জি পেয়ে গেলাম।",Bengali
normal,"তুমি আজকে বাজারে গিয়েছিলে? আমি বিকেলে শাপলা চত্বরের কাছ থেকে সবজি নিয়ে আসবো, চাইলে তোমার জন্যও নিয়ে আসতে পারি।",Bengali
normal,"তুমি অসাধারণ, নিজের উপর বিশ্বাস রাখো।",Bengali
promo,নতুন ক্লায়েন্টদের জন্য স্পেশাল অফার! আমাদের সার্ভিসে ২০% ছাড়।,Bengali
promo,নতুন মেনুতে ১০% ছাড়! আজই আমাদের রেস্তোরাঁয় আসুন।,Bengali
smish,"আপনি খণ্ডকালীন বা পূর্ণ-সময়ের জন্য নির্বাচিত হয়েছেন, প্রতিদিন 500 টাকা, খালি পদের জন্য আবেদন করুন এবং এই সুযোগটি গ্রহণ করুন https://wa.me/88017444378617",Bengali
promo,Pathao Rides এ আজ ২৫% ডিসকাউন্ট। কোড PATHAO25 ব্যবহার করুন।,Bengali
normal,আপনার জন্য একটি গল্প আছে?,Bengali
smish,"প্রিয় গ্রাহক, কলকাতা TS ATM.Txn# S32131611-20191005-এ 31-12-2019 তারিখে A/cXXXXX থেকে 25000 টাকা তোলা হয়েছে৷ আপনার দ্বারা না করা হলে, আপনার কার্ড ব্লক করতে নিবন্ধিত মোবাইল নম্বর থেকে এই এসএমএসটি 7679786941 এ ফরোয়ার্ড করুন বা অবিলম্বে 7029892098 -স্টেট ব্যাঙ্ক অফ ইন্ডিয়াতে কল করুন",Bengali
normal,আমি একটি গল্প পড়তে হবে।,Bengali
normal,আমি সকালে একটি কফি খেয়েছি।,Bengali
smish,Alert! আপনার জব বেনিফিট একাউন্ট সাসপেন্ড। রিঅ্যাক্টিভেট: reactivate-account.cf,Bengali
smish,বাংলাদেশ ব্যাংক থেকে গুরুত্বপূর্ণ বার্তা। জরুরি ভিত্তিতে কল করুন: +8801812345678,Bengali
promo,"Banglalink গ্রাহকগণ, বিকেলে রিচার্জ করলে ৩০% বোনাস। অফার ৬টা পর্যন্ত।",Bengali
promo,"হোম ডেকোর আইটেমে মেগা সেল! কার্টেন, বেডশিটে ৪৫% ছাড়।",Bengali
promo,"Daraz App আজ দিচ্ছে মেগা সেল অফার! ইলেকট্রনিক্স, ফ্যাশন ও হোম প্রোডাক্টে সর্বোচ্চ ৭০% ডিসকাউন্ট। কোড ব্যবহার করুন BIG70 আর উপভোগ করুন বিশাল সাশ্রয়। অফার আজ রাত পর্যন্ত।",Bengali
promo,"৪৫৳ ক্যাশব্যাক! ৩১জিবি+৫০০মি.@৪৫৪৳ ৩০দিন, নিয়ে নাও: cutt.ly/qwWTAUku",Bengali
normal,আজ অফিস থেকে তাড়াতাড়ি বের হলাম। তাই ভাবলাম তোমার সাথে দেখা করে যাই।,Bengali
normal,"০১৮৭৩৮২৮১৯৩ নাম্বারে বিকাশ করুন, তাড়াতাড়ি।",Bengali
promo,হোম অ্যাপ্লায়েন্সের উপর ২৫% পর্যন্ত ছাড়! অফার শেষ হওয়ার আগে সুযোগ নিন।,Bengali
promo,"নতুন বছরের মেগা সেল এসেছে বসুন্ধরা সিটি শপিং মলে! জানুয়ারি মাসব্যাপী চলবে এই বিশাল সেল যেখানে ফ্যাশন থেকে ইলেকট্রনিক্স, কসমেটিকস থেকে হোম অ্যাপ্লায়েন্স - সব কিছুতেই পাবেন ৫০-৮০% পর্যন্ত ছাড়। বিশেষ আকর্ষণ হলো উইকএন্ডে ফ্ল্যাশ সেল যেখানে প্রতিদিন ১০০টি আইটেম থাকবে ৯০% ছাড়ে। প্রতিদিন সকাল ১০টা থেকে রাত ১০টা পর্যন্ত খোলা। ৫০০০ টাকার উপরে কেনাকাটায় ফ্রি ভ্যালেট পার্কিং। সাথে থাকছে বিশেষ লটারি - জিতুন গাড়ি, বাইক এবং অন্যান্য আকর্ষণীয় পুরস্কার।",Bengali
smish,"ডাচ্-বাংলা ব্যাংক গ্রাহক, আপনার কার্ড নম্বর এবং OTP জরুরি ভিত্তিতে যাচাই করতে হবে। অন্যথায় অ্যাকাউন্ট বন্ধ হবে। ভিজিট করুন dbbl-carebd.org।",Bengali
smish,জনতা ব্যাংক থেকে গুরুত্বপূর্ণ বার্তা। কল করুন: +8801715455567,Bengali
normal,এই যা আমি একটি সমাধান দেওয়া হয় যে সমাধান দিতে হবে।,Bengali
smish,"প্রিয় xxx, অভিনন্দন! আপনার আবেদন এবং রিজিউম যাচাই করার পরে, আমরা আনন্দের সাথে একটি চাকরির প্রস্তাব দিচ্ছি। আপনার গ্রহণযোগ্যতা দিয়ে এই ইমেলটির উত্তর দিন এবং বেতন জমা দেওয়ার জন্য আপনার ব্যাংকের বিবরণ প্রদান করুন।",Bengali
normal,আমি স্বাস্থ্য মনে হয় এবং আমার শরীর ভালো মনে হয়।,Bengali
normal,আসসালামু আলাইকুম।,Bengali
normal,তুমি কি পড়ছো?,Bengali
promo,"ফ্রি হোম ডেলিভারি! বই, স্টেশনারি, গিফটে কোন চার্জ নেই।",Bengali
normal,আমি এখন কি বলতে পারি না।,Bengali
normal,"হ্যালো, কেমন আছেন?",Bengali
smish,ইউরোপীয় চ্যাম্পিয়নশিপে বাজি ধরুন এবং একটি বিলাসবহুল হোটেল বুকিং জিতুন। ক্লিক করুন: super1000.info/docs,Bengali
promo,"মোবাইল রিচার্জে বোনাস! যত রিচার্জ তত বোনাস, সর্বোচ্চ ৫০০ টাকা।",Bengali
normal,"আজ তোমার কাছে আসতে পারবো না? হ্যাঁ, আমি এখানে রয়েছি। আপনি কি চান?",Bengali
normal,আত্মবিশ্বাস নিয়ে সামনে এগিয়ে যাও।,Bengali
smish,আপনার নাম্বারটি একটি বিশেষ অফারে নির্বাচিত হয়েছে! পুরস্কার পেতে কল করুন +8801712233445,Bengali
normal,তুমি কি গান শুনছো?,Bengali
normal,তুমি কি সমুদ্রে যাচ্ছো?,Bengali
smish,"প্রিয় গ্রাহক, আপনার মোবাইল নম্বরটি ব্লক করা হচ্ছে। এটি এড়াতে 017XXXXXXXX নম্বরে কল করে আপনার পরিচয় নিশ্চিত করুন।",Bengali
normal,কি করবে আমার সাথে বলো। আমি তোমার সাথে হাঁটতে চাই।,Bengali
normal,হাই!,Bengali
promo,"শেখ হাসিনা সরকারের সাফল্য: 
২০০৬ সালে সরকারি ওয়েবসাইট ছিল মাত্র ৯৮টি। ২০২৩ সালে তা বেড়ে দাঁড়িয়েছে ৫২ হাজার ২০০টি।",Bengali
smish,DXN মাল্টিনেশনাল কোম্পানি দিচ্ছে ভাতাসহ উচ্চবেতনে চাকরির সুযোগ। জরুরি যোগাযোগ করুন ০১৭৯৩২৫১০০২,Bengali
promo,বোনাস সহ ২জিবি-৩৫টাকা-৭দিন। ডায়াল *১২১*৫০৩৭# বা mygp.li/mo,Bengali
promo,Daraz App ডাউনলোড করলে নতুন ইউজাররা পাচ্ছেন ২৫০ টাকা ভাউচার।,Bengali
smish,শাকিবের সাথে ফ্রি ম্যাচ টিকিট জিততে ক্রিকেটে বাজি ধরুন! শুরু করুন: promusic.co/components/interbank.com/,Bengali
normal,তুমি কি বইয়ের দোকানে যাচ্ছো?,Bengali
smish,আপনার GP সিম থেকে অন্য দেশে কল হয়েছে। এটি বন্ধ করতে সাথে সাথে gpstopfraud.org এ লগইন করুন।,Bengali
smish,"GP গ্রাহক, ২৪ ঘণ্টার মধ্যে অ্যাকাউন্ট ব্লক এড়াতে gp-safeverify24.org এ লগইন করুন। নাম্বার ও OTP দিন।",Bengali
promo,সানগ্লাসে স্পেশাল ডিসকাউন্ট! ব্র্যান্ডেড গ্লাসে ৪০% ছাড়।,Bengali
promo,"৳৩৯৯ তে ৳৪৯৯ এর অফার! নাও ৩১জিবি+৪৫০মি.,৩০দিন: cutt.ly/2wQlYv6U",Bengali
promo,"৳২৫ ক্যাশব্যাকে এবার আরো বেশি ডাটা ৫০জিবি@ ৳৪৭৩, ৩০দিন cutt.ly/zwTmxzpd",Bengali
normal,"বন্ধু, তুমি কি জানো আগামীকাল ছুটি আছে? অফিসে কনফার্ম করেছো?",Bengali
normal,আমার মোবাইলের ইন্টারনেট খুব স্লো। তুমি কি জানো রাউটার রিস্টার্ট করলে স্পিড বাড়ে কিনা?,Bengali
promo,দারাজ ১১.১১ সেল! সব ক্যাটাগরিতে মেগা ডিসকাউন্ট। ফ্ল্যাশ সেল শুরু!,Bengali
normal,০১৮২৭২৮৩৯৬২ নাম্বারে কল করুন।,Bengali
smish,আপনার ব্যাংক অ্যাকাউন্টের পাসওয়ার্ড পরিবর্তন করুন। অনুগ্রহ করে এখানে ক্লিক করুন: http://bit.ly/ChangePassword,Bengali
normal,আজ সকালে বাসায় বিদ্যুৎ ছিল না। সবকিছু গরম আর অস্বস্তিকর লাগছিলো। বিদ্যুৎ আসার পর মনে হলো স্বস্তি পেয়েছি।,Bengali
smish,"আপনার রবি সিম থেকে অজানা নাম্বারে ২,৫০০ টাকা পাঠানো হয়েছে। বাতিল করতে robirefund24.me এ ক্লিক করে OTP দিন।",Bengali
smish,"নগদ অ্যাকাউন্টে ১০,০০০ টাকা জমা হয়েছে। বিস্তারিত জানতে কল করুন: +8801817677789",Bengali
normal,তুমি কখন আসতে পারবো? আমি আপনার পাশে রয়েছি।,Bengali
normal,বাড়ির পাশে একটি মেজবান রাখা হয়।,Bengali
promo,রবি কাস্টমারদের জন্য সুপার অফার: ৩ মাসের YouTube Premium সাবস্ক্রিপশন ফ্রি। সক্রিয় করুন *888#।,Bengali
smish,Emergency: আপনার হেলথ ইন্স্যুরেন্স ক্যানসেল। রিনিউ: health-insurance.cf,Bengali
promo,"পূর্বাচল ৩০নং সেক্টর সংলগ্ন ভরাট চলমান প্লট! কাঠা ১.৬ লক্ষ
01894841736",Bengali
normal,হা হা হা ভালো কৌতুক। মেয়েরা অবস্থা অনুসন্ধানকারী।,Bengali
normal,আমার কি করতে হবে বলো।,Bengali
smish,"আপনার সাম্প্রতিক অ্যামাজন কেনার জন্য আপনাকে ধন্যবাদ. আপনাকে $180.34 চার্জ করা হয়েছে।  যদি কোন ভুল হয়ে থাকে, অনুগ্রহ করে কল করুন (407)438-4356",Bengali
normal,"প্রিয় আম্মু, আমি এতক্ষণ হাসপাতালে ছিলাম বাবার সাথে। ডাক্তার বলেছেন অপারেশন খুবই সফল হয়েছে এবং বাবার অবস্থা স্থিতিশীল। আর কোন জটিলতা নেই এবং আগামী সপ্তাহেই বাবাকে ছেড়ে দেওয়া হবে। তবে কিছুদিন বিশ্রামে থাকতে হবে এবং ভারী কাজকর্ম করা যাবে না। আপনি চিন্তা করবেন না, আমি এখানেই থাকবো যতদিন প্রয়োজন। আর হ্যাঁ, বাবা আপনাকে খুব মিস করছেন, তিনি বলেছেন আপনি যেন তাড়াতাড়ি এসে তার সাথে দেখা করেন।",Bengali
normal,"হ্যালো, কি করছো?",Bengali
normal,আমি একটি বার্তা পাচ্ছি এই যা কোন আপনি হল এই যা পেলাম এই যা সমাধান দেয় এই যা অন্য একটি সমাধান দেয়।,Bengali
promo,"ইলেকট্রনিক্সে মেগা সেল! TV, ফ্রিজ, AC তে বিশাল ছাড়।",Bengali
smish,"➡️আপনি কি অনলাইনে কাজ করতে চান??..আমাদের প্রজেক্টের নাম হলো:Forgsec. io
🆓আমরা টেলিগ্রামে লাইভ ক্লাসের মাধ্যমে ফ্রিতে ১/২টা ক্লাস করিয়ে সম্পুর্ন কাজ শিখিয়ে দিব✅✅ 🔜আমাদের সাইড এ রয়েছে' প্রতিদিন ইংকাম এবং প্রতিমাসে বেতন এর সু-ব্যাবস্থা☑️☑️
সব কিছু জেনে বুঝে প্রমান নিয়ে কাজ করবেন ১০০% রিয়েল কাজ✅",Bengali
smish,জয়! আপনি iPhone 15 Pro জিতেছেন। পেতে ক্লিক করুন: win-iphone.ml,Bengali
promo,"সর্বকালের সর্বশ্রেষ্ঠ বাঙালি জাতির পিতা বঙ্গবন্ধু শেখ মুজিবুর রহমান এর ৪৭তম শাহাদত বার্ষিকীতে বিনম্র শ্রদ্ধা""-ডাক ও টেলিযোগাযোগ বিভাগ।",Bengali
smish,"প্রিয় গ্রাহক, আপনার bKash অ্যাকাউন্টে ১০,০০০ টাকা জমা হয়েছে। বিস্তারিত জানতে এখানে ক্লিক করুন: https://wa.me/8801712345678",Bengali
promo,"প্রো-লেভেল ৳১০০ ক্যাশব্যাকে ৩৫জিবি+৫০০মি.@৳৩৯৯, ৩০দিন cutt.ly/2wQlYv6U",Bengali
normal,"আপনার একাউন্ট থেকে ৩০০০/- টাকা কাটা হয়েছে, কল করুন।",Bengali
promo,"তোমার জন্য স্পেশাল গিফট, ৬০পয়সা/মিনিট কলরেট, নাও: cutt.ly/qwnfrXbV",Bengali
smish,Emergency! আপনার ক্রেডিট কার্ড ব্লক। আনব্লক: unblock-credit.cf,Bengali
promo,"Robi গ্রাহকগণ, ২ জিবি ডেটা মাত্র ৪৯ টাকা। বৈধতা ৭ দিন। ডায়াল করুন *123*049#।",Bengali
smish,◆ তেমন যোগ‍্যতা থাকলে অনলাইনে পড়িয়ে রোজগার করা যায়। এইজন‍্য User-10381381741225860264 মহাশয়ের সাথে যোগাযোগ করতে পারেন।,Bengali
promo,"৳১০০ ক্যাশব্যাক!৩০জিবি+৫০০মি. @৳৩৯৯,৩০দিন: cutt.ly/AwkY4L2C",Bengali
normal,আজ সকালে জ্যামে এক ঘণ্টা আটকে ছিলাম। অফিস পৌঁছাতে অনেক দেরি হলো। ঢাকা শহরের এই ট্রাফিক সমস্যা আর কতদিন চলবে কে জানে।,Bengali
smish,"প্রিয় শিক্ষার্থী,
মাধ্যমিক পরীক্ষায় উত্তীর্ণ হওয়ায় অভিনন্দন। আজকের তুমি আগামী বাংলাদেশের ভবিষ্যৎ, আমরা
তোমার অপেক্ষায়।
কুমিল্লা সিটি
কলেজ(EIIN:134648)কোটবাড়ি,
কুমিল্লা
মোবাইল:01781939370
01859412805",Bengali
promo,"৳২৫ ক্যাশব্যাকে এবার আরো বেশি ডাটা ৫০জিবি@৳৪৭৩,৩০দিন cutt.ly/zwTmxzpd",Bengali
smish,দয়া করে আপনার ছেলের সমস্যার জন্য তাড়াতাড়ি টাকা পাঠান।,Bengali
smish,* FIFA 2022 কার্টেল বিশ্বকাপ দেখার জন্য সারা বিশ্বের মানুষকে বিনামূল্যে 50GB ডেটা দেয়৷* * আই হ্যাভ রিসিভড মাইন।** এটি খুলুন* https://ak76.xyz/?y=ep1669102548,Bengali
normal,"ধৈর্য ধরো, ভালো সময় আসবে।",Bengali
smish,জরুরি নোটিশ: আপনার পানির বিল বকেয়া। সংযোগ বিচ্ছিন্নের আগে: water-bill.ga,Bengali
smish,"ফুটবল স্টার খেলে ১০,০০০ টাকা জিতুন প্রতি সপ্তাহে সপ্তাহে যোগাযোগ startop-offer.top",Bengali
normal,কেমন কাটছে দিনটা?,Bengali
smish,আপনার ব্যাংক অ্যাকাউন্টের বিবরণ আপডেট করুন। দয়া করে এখানে লগইন করুন: http://bit.ly/AccountUpdate,Bengali
smish,অ্যাপল আইফোন ১৫ জিতেছেন! ডেলিভারি নিশ্চিত করতে কল করুন: +8801811011123,Bengali
normal,তুমি কি কাল সকালে ক্লাসে যাবে? স্যার কুইজ নেবেন বলে শুনেছি।,Bengali
promo,"গহনায় বিশাল ছাড়! স্বর্ণ, রূপায় ২০% পর্যন্ত কমতি।",Bengali
smish,"আপনি অনলাইনে একটি খণ্ডকালীন/পূর্ণ-সময়ের চাকরির জন্য নির্বাচিত হয়েছেন। কাজটি খুবই সহজ, কোন সময় সীমা নেই, কোন স্থানের সীমা নেই, এটি ঘরে বসে করা যায়, দৈনিক বেতন 1000-5000TK, একটি চাকরি খুঁজতে হোয়াটসঅ্যাপ ম্যানেজারের সাথে যোগাযোগ করুন:  https://wa.me/8801320862219",Bengali
normal,"প্রিয় বন্ধু রহিম, তোমার গতকালের ফোনের পর থেকেই তোমার চাকরির ইন্টারভিউর কথা ভাবছি। জানি যে তুমি অনেক প্রস্তুতি নিয়েছো এবং তোমার যোগ্যতা সম্পর্কে আমার কোন সন্দেহ নেই। আগামীকাল সকাল ১০টার ইন্টারভিউতে অবশ্যই ভালো করবে। রাতে তাড়াতাড়ি ঘুমিয়ে যেও এবং সকালে ভালো নাশতা করে যেও। আল্লাহর কাছে তোমার জন্য দোয়া করছি। সফল হওয়ার পর খবর দিও।",Bengali
smish,"বাংলালিংক থেকে আপনার নাম্বারে ১০,০০০ টাকা লোন অনুমোদিত হয়েছে। টাকার জন্য আপনার PIN কোড দিন এই লিঙ্কে: banglalink-loan247.net।",Bengali
smish,"নগদ অ্যাকাউন্ট থেকে ৫,০০০ টাকা পুরস্কার জিতেছেন! বিস্তারিত জানতে কল করুন: +8801919899901",Bengali
smish,জনতা ব্যাংক থেকে জরুরি বার্তা। বিস্তারিত জানতে এখানে ক্লিক করুন: https://t.me/JanataUrgentBot2,Bengali
smish,আপনার ব্যাংক অ্যাকাউন্টের নোটিফিকেশন পাওয়া যাচ্ছে না। দয়া করে এখানে ক্লিক করুন: http://bit.ly/UpdateNotify,Bengali
smish,"গ্রামীণফোন গ্রাহক, আপনার সিম ব্লক হয়ে যাবে যদি ২৪ ঘণ্টার মধ্যে NID যাচাই না হয়। এখনই gpverify24.org এ লগইন করুন।",Bengali
smish,আপনার লেনদেন সুরক্ষার জন্য অবিলম্বে লগইন করুন: [securetransaction.com/LoginBD],Bengali
smish,"বিলম্বে আপনার টাকা পাবেন না, দ্রুত কল করুন: +8801912345678",Bengali
normal,"আমি আজকে খুব ব্যস্ত ছিলাম অফিসে। বস হঠাৎ মিটিং ডেকেছিল। কাল দেখা করি, কফি খেতে যাই।",Bengali
smish,"আসসালামুআলাইকুম!

আপনি কি বাড়িতে বসে কোন টাকা ইনভেস্টমেন্ট না করে টাকা ইনকাম করতে চান?
তাহলে আমাদের বট এ কাজ করুন। আমাদের বট এ আপনি কোন ইনভেস্টমেন্ট ছাড়া ইনকাম করতে পারবেন।

বট লিঙ্ক: https://t.me/free_online_income_24bot",Bengali
promo,ওয়াচে মেগা অফার! স্মার্ট ওয়াচে ৫০০০ টাকা পর্যন্ত ছাড়।,Bengali
promo,"Banglalink গ্রাহক, ১০০ টাকার রিচার্জে ২৫ মিনিট ফ্রি।",Bengali
promo,"জানুয়ারী-২৪
রিচার্জ:0৳
খরচ:
ডেটা:0৳
ভয়েস:23৳
অন্যান্য:1৳",Bengali
normal,তুমি কি সিনেমা হলে যাচ্ছো?,Bengali
smish,মাশরাফির সাথে ফ্রি ট্রিপ জিততে আজই ক্যাসিনোতে বাজি ধরুন। ক্লিক করুন: xini.eu/00Qe,Bengali
promo,ক্যাশব্যাক পাও upto 99tk! skitto app থেকে চিল ডিলে- cutt.ly/aAhiAsI,Bengali
promo,"স্মার্টফোনে মেগা ডিসকাউন্ট! Samsung, Xiaomi এ ২৫০০০ টাকা পর্যন্ত ছাড়।",Bengali
smish,"DBBL Credit Card গ্রাহক, আপনার কার্ড লিমিট বাড়াতে এখনই আপনার পাসওয়ার্ড ও CVV দিন: secure-dbbl.net।",Bengali
promo,বিটিআরসি'র ডাটাবেজে হ্যান্ডসেটটি নিবন্ধিত নয়। হ্যান্ডসেটটি স্বয়ংক্রিয়ভাবে নিবন্ধন করা হবে। ,Bengali
smish,আপনার ডেবিট কার্ডের সীমা বৃদ্ধি করতে এখানে ক্লিক করুন: [securelimit.com/IncreaseBD],Bengali
smish,আপনার কাছে Amazon থেকে $200 নগদ মূল্য রয়েছে 2 দিনের মধ্যে মেয়াদ শেষ হবে৷ আমরা আপনাকে $500 পর্যন্ত পাওনা দিতে পারি। একটি সাম্প্রতিক সিদ্ধান্তের কারণে গত বছর আমরা আপনাকে অনেক বেশি চার্জ করতে পেরেছি। আপনার স্বয়ংক্রিয় সঞ্চয় প্রস্তুত.,Bengali
smish,"সোনালী ব্যাংক জানাচ্ছে, আপনার অ্যাকাউন্টে সন্দেহজনক লগইন চেষ্টা হয়েছে। যাচাই করতে www.sonali-verifybd.com ভিজিট করুন।",Bengali
smish,আপনার সিভি আমাদের চাকরির জন্য নির্বাচিত হয়েছে। দিনে ২-৩ ঘণ্টা কাজ করেই বাড়ি বসে রোজ ৮ হাজার টাকা বেতন পাবেন। অফার লেটার গ্রহণ করতে এই লিঙ্কে ক্লিক করুন।,Bengali
smish,আপনার ব্যবসার জন্য ডিজাইন এবং মার্কেটিং সম্পর্কে জানুন! প্রফেশনাল পরামর্শ পান এবং ব্যবসা পরিচালনা এর দিকে তাকিয়ে চলুন। যোগাযোগ করুন বিস্তারিত জানতে এই লিঙ্কে ক্লিক করুন:https://www.etsy.com/search?,Bengali
normal,আজ সন্ধ্যায় শাহবাগে দেখা করবো? অনেকদিন আড্ডা হয় না।,Bengali
promo,বিকাশ অ্যাপে skitto deals এ ৩০টাকা পর্যন্ত ক্যাশব্যাক cutt.ly/8HBaVWF,Bengali
smish,"গ্রামীণফোন জানাচ্ছে, আপনার নম্বরে ভুয়া কল শনাক্ত হয়েছে। আপনার সিম ব্লক এড়াতে এখনই gp-care24.net এ গিয়ে NID ও জন্মতারিখ দিন। যাচাই না করলে ২৪ ঘণ্টার মধ্যে সেবা স্থগিত হবে।",Bengali
normal,তুমি কি বিশ্ববিদ্যালয়ে যাচ্ছো?,Bengali
normal,তুমি কি নতুন গানটা শুনেছো? সত্যিই দারুণ লেগেছে।,Bengali
smish,জরুরি নোটিশ: আপনার মেডিকেল রেকর্ড চুরি। সুরক্ষিত: protect-medical.ml,Bengali
promo,"লি কুপার লন্ডনের
উইন্টার কালেকশন
মোকাসিন সু, পোলো শার্ট, জিন্স
জলদি",Bengali
smish,"আপনার ডাচ্-বাংলা ব্যাংক ক্রেডিট কার্ডে অননুমোদিত ৭৫,০০০ টাকা চার্জ হয়েছে। বাতিল করতে দ্রুত http://dbbl-secure-payments.com এ লগইন করুন এবং OTP প্রদান করুন।",Bengali
smish,আপনার রবি অ্যাকাউন্ট ব্লক করা হবে। পুনরায় চালু করতে robiverify24.net এ গিয়ে লগইন করুন।,Bengali
promo,আজকেই শেষ ৳১০০ ক্যাশব্যাক! ৫০জিবি @৳৩৯৮ ৩০দিন: cutt.ly/hwltB5hC,Bengali
smish,আপনার bKash অ্যাকাউন্ট ব্লক হয়েছে। পুনরায় সক্রিয় করতে এখানে ক্লিক করুন: https://wa.me/8801719876543,Bengali
promo,"ক্যামেরায় বিশেষ ছাড়! DSLR, অ্যাকশন ক্যামেরায় ৩৫% কমতি।",Bengali
normal,আজ তোমার পাশে থাকতে পারি না। আমি আপনার পাশে রয়েছি।,Bengali
smish,"আপনার বিকাশ অ্যাকাউন্ট থেকে ৯,৮৫০ টাকা কেটে নেওয়া হয়েছে। ভুল হলে এখনই এই লিঙ্কে গিয়ে (bKash-refund.me) তথ্য দিন।",Bengali
smish,"যেটা থেকে প্রতি কাজ করার পর আপনি ১২০০ টাকা পাবেন,,, এই জবটা করার জন্য আপনার একটা টাকা ইনভেস্ট করতে হবে না ফ্রি তে এই জব করতে পারবেন। ",Bengali
promo,"মানবাধিকার দিবস-২০২৩
এবারের প্রতিপাদ্য “সবার জন্য স্বাধীনতা, সমতা এবং ন্যায়বিচার”। জাতীয় মানবাধিকার কমিশন।",Bengali
promo,"৮০মিনিট মাত্র ৫৯টাকা (৫দিন), নিতে ডায়াল করুন *১২১*৪২০৫#",Bengali
promo,বোনাস সহ ৩জিবি-৬০টাকা-৩দিন। ডায়াল *১২১*৫৬৯৯# বা https://mygp.li/mo,Bengali
normal,তুমি কি কনসার্টে যাচ্ছো?,Bengali
smish,"E-comerch Platform ( No Fee )
আমাদের কোম্পানিতে কাজ করে প্রতিদিন $10/$15 USDT আয় করতে চাইলে Inbox",Bengali
normal,"আব্দুল, কাল রাতে সিনেমা দেখতে যাবে নাকি? ‘হাওয়া’ চলছে স্টার সিনেপ্লেক্সে, টিকিট বুক করি?",Bengali
promo,GP FlexiPlan-এ আজ সব ইন্টারনেট বান্ডেল ২০% ডিসকাউন্ট।,Bengali
smish,"আপনার সোনালী ব্যাংক অ্যাকাউন্টে সন্দেহজনক লেনদেন শনাক্ত হয়েছে। এখনই যাচাই করতে এই লিঙ্কে যান: http://secure-sonalibank-bd.com এবং আপনার OTP দিন, না হলে অ্যাকাউন্ট স্থগিত হবে।",Bengali
normal,আজ বিকেলে পার্কে হাঁটতে গিয়েছিলাম। বাতাসে হাঁটা খুব আরামদায়ক ছিল।,Bengali
smish,"ঘরে বসে অনেক ভাবে ইনকাম করা যায়। যেমন কেউ ইউটিউবে ভিডিও তৈরি করে কেউ ব্লক তৈরি করে কেউ রিভিউ দেয় ইত্যাদি করে ইনকাম করা যায়। যদি আপনি এগুলা করতে না পারেন আরো সহ্জ পদ্ধতিতে দিতে ইনকাম করতে পারেন। এই অ্যাপসটা থেকে আমি অনেক টাকা ইনকাম করেছি। মাত্র ৫০ টাকা হলেই টাকা বিকাশে উইড্রো করা যায়। ভালো লাগলে অন্যদের সাথেও শেয়ার করুন আর নিচের দেয়া লিংক থেকে অ্যাপসটি ডাউনলোড করে নিবেন।

বি: দ্রষ্টব্য: গেমটি ডাউনলোড হতে একটু সময় লাগে তাই ধৈর্য ধরে Download দিয়ে রাখুন।

Join MSL to play exciting games online and WIN real CASH daily. Download MSL APP Now

https://refer.mslgames.com/YfrcqEcoToos53HN7",Bengali
smish,বাংলাদেশ ব্যাংক অ্যাকাউন্ট আপডেট করতে এখানে ক্লিক করুন: https://wa.me/8801915566778,Bengali
normal,"বন্ধু, তোমার নতুন চাকরি কেমন লাগছে? বস ভালো তো?",Bengali
normal,"ভাই, তোমার গাড়ি ধার দিবে? আমার জরুরি কাজ আছে।",Bengali
promo,সব ডিভিডিতে ১০% ছাড়। অফারটি সীমিত সময়ের জন্য।,Bengali
promo,১ ডিলেই সপ্তাহের সব ইন্টারনেটিং- নাও ১০জিবি@৳১৫৮: cutt.ly/FwUC6vhp,Bengali
normal,আজকে দুপুরে মোবাইলের চার্জ শেষ হয়ে গিয়েছিলো। একেবারে অফলাইনে ছিলাম।,Bengali
promo,"অনূর্ধ্ব ১৮ বছর বয়সী বাংলাদেশী শিশু-কিশোর এবং সংশ্লিষ্ট প্রতিষ্ঠানসমূহ হতে ‘শেখ রাসেল পদক’ এর আবেদনপত্র অনলাইনে আহবান করা যাচ্ছে। আবেদনের শেষ সময় ২০ মে, ২০২৩। বিস্তারিতঃ www.award.sheikhrussel.gov.bd
",Bengali
promo,“১৬১২২ নম্বরে কল করে অথবা land.gov.bd ভিজিট করে ঘরে বসেই ভূমিসেবা গ্রহণ করুন।’’-ভূমি মন্ত্রণালয়।,Bengali
normal,আজ বিকেলে বন্ধুদের সঙ্গে চা খেয়েছি। অনেকদিন পর আড্ডা দিলাম।,Bengali
normal,তুমি কি ট্রেনে যাচ্ছো?,Bengali
smish,GP App লগইন ব্যর্থ হয়েছে। এখনই gp-appresetbd.org এ লগইন করে পাসওয়ার্ড রিসেট করুন। না হলে ২৪ ঘণ্টার মধ্যে অ্যাকাউন্ট সাসপেন্ড হবে।,Bengali
promo,দারাজে মেগা সেল! সকল পণ্যে ৫০% পর্যন্ত ছাড়। আজই কিনুন!,Bengali
smish,"প্রিয় গ্রাহক, আপনি বাংলাদেশ লটারি থেকে ৫ লক্ষ টাকা জিতেছেন! দাবি করতে এখনই passport কপি এবং মোবাইল নম্বর পাঠান bdlottery@cashwin.org এ।",Bengali
smish,"প্রিয় ব্যবহারকারী, আপনি একটি বিনামূল্যের কনসার্টের টিকিট জিতেছেন। এই বার্তায় 'CONCERT' উত্তর দিন।",Bengali
smish,বাংলাদেশ ব্যাংক থেকে গুরুত্বপূর্ণ বার্তা। বিস্তারিত জানতে এখানে ক্লিক করুন: https://wa.me/8801914344356,Bengali
smish,"এখনই খেলুন এবং জিতে নিন ১০টি Xiaomi স্মার্টফোন! দ্রুত করুন, ক্লিক: https://cutt.ly/CeoPN2O8",Bengali
normal,"তুমি কি কালকে ফ্রি আছো? একসাথে নিউ মার্কেট ঘুরতে যাই, কয়েকটা বই কিনতে চাই।",Bengali
smish,"যুক্তরাজ্যে নিবন্ধিত নার্স হিসাবে একটি ক্যারিয়ার তৈরি করুন , মাসিক মিনিমাম সহ 2 বছরের কাজের ভিসা। প্রারম্ভিক বেতন ৩ লাখ টাকা বিএসবি,ঢাকা Please Contact Us: 01332518402 , 01332518406",Bengali
smish,"গ্রামীণফোন গ্রাহক, আপনার সিম বন্ধ হয়ে যাবে যদি NID যাচাই না করেন। ভিজিট করুন: gpupdate-bd.org।",Bengali
normal,তোমার ভাইবোন কেমন আছে?,Bengali
smish,বিপিএলে বাজি ধরুন এবং ৭ দিনের জন্য একটি ফ্রি ছুটি জিতুন। শুরু করুন: super1000.info/docs,Bengali
normal,শুভ ভালোবাসা দিবস!,Bengali
promo,হোম ক্লিনিং সার্ভিস! প্রথম সার্ভিসে ৫০% ছাড়। বুকিং দিন।,Bengali
normal,০১৭৩৮২৭৩৮২৮ এই নাম্বারে জরুরি টাকা পাঠান।,Bengali
normal,ভাইয়া ভর্তির জন্য কি বাবার আয়ের সনদ দিতেই হয়??  বলবেন একটু,Bengali
smish,শাকিব আল হাসানের সাথে একান্ত সাক্ষাতকারের সুযোগ পেতে বেটিং করুন। এখনই ক্লিক করুন: ebayisapidlld.altervista.org/,Bengali
promo,"বাংলাদেশ নৌবাহিনীতে সরাসরি কমিশন্ড অফিসার পদে নিয়োগ চলছে। 
ভিজিট করুনঃ www.joinnavy.navy.mil.bd
",Bengali
normal,পাখিরা গাছে খুব সুন্দর গান গায়।,Bengali
promo,মাত্র ৯৭৳ ৩০দিন বিশ্বকাপ ক্রিকেট + ১জিবি ডাটা নিতে: cutt.ly/YwmtpRRj,Bengali
promo,"হ্যাপি নিউ ইয়ার - ২০২৪
স্মার্ট ব্যাংকিং সেবায় সোনালী ব্যাংক
সর্বদাই আপনার পাশে
মোঃ আফজাল করিম
সিইও এন্ড এমডি",Bengali
smish,অভিনন্দন! আপনি ডাচ বাংলা ব্যাংক উপবৃত্তির জন্য নির্বাচিত হয়েছেন। সঠিকভাবে নিশ্চায়ন এবং টাকাও উত্তোলনের নিয়ম জানতে নিচের লিংকে ক্লিক করুন।,Bengali
normal,আজ কি সিনেমা দেখবে?,Bengali
normal,মিঠু ভাইয়ের নাম্বারে টাকা দিয়ে তারপর আসিস।,Bengali
normal,০১৮২৭৩৮২৭৩৯ এই নাম্বারে দ্রুত টাকা পাঠাও।,Bengali
normal,সকালে বাসে ভিড় লাগছে।,Bengali
smish,সোনালী ব্যাংক ইন্টারনেট ব্যাংকিং সাসপেন্ড হয়েছে। sonali-ibverify24.org এ যান এবং ডিটেইলস দিন।,Bengali
smish,আপনার পরিচয় নিশ্চিত করতে হবে। এখানে ক্লিক করুন: [identityverify.com/VerifyBD],Bengali
promo,"ফুলঅন আড্ডা+ইন্টারনেটিং করতে ৬১জিবি+১০০০মি@৳৮৯৯,৩০দিন cutt.ly/LwEXIUPL",Bengali
smish,জনতা ব্যাংক অ্যাকাউন্ট ব্লক হয়েছে। পুনরায় চালু করতে এখানে ক্লিক করুন: https://t.me/JanataActivateBot,Bengali
normal,"০১৮৭৩৮২৭৩৮৪ এই নাম্বারে কল করুন, জরুরি।",Bengali
promo,Pathao Food-এ এই সপ্তাহে সব অর্ডারে ফ্রি ডেলিভারি। এখনই অর্ডার করুন।,Bengali
promo,৩০জিবি (বোনাস সহ) ৩০০টাকা ৩০দিন। ডায়াল *১২১*৫২৫৪# বা mygp.li/mo,Bengali
normal,বাবা আজ বাড়ির পাশে রয়েছেন।,Bengali
smish,"গভঃ রেজিঃ  - ১৮০৭২৭/২০২২ National agancy company পার্ট-টাইম চাকরি
পড়াশোনার পাশাপাশি অনলাইন প্লাটফর্মে বিজ্ঞাপন প্রচার করার জন্য ছেলে মেয়ে কর্মী নিয়োগ চলছে।
পদের_নামঃ কল সেন্টার
মাসিক বেতনঃ 10/12 হাজার 
দৈনিক কাজের সময়ঃ ৪/৫ঘন্টা
আগ্রহী আপুরা ও ভাইয়েরা সরাসরি ইনবক্স_এ যোগাযোগ করুন।বা ফোন . 01984766558",Bengali
smish,আপনার টেলিফোন বিল ৩ মাস বকেয়া। লাইন কাটা হবে: pay-phone.cf,Bengali
normal,তুমি কি পার্টিতে যাচ্ছো?,Bengali
normal,"সব ঠিক হয়ে যাবে, সাহস রেখো।",Bengali
promo,“দ্বাদশ জাতীয় সংসদ নির্বাচনে অংশগ্রহণে ইচ্ছুক প্রার্থীগণ প্রচলিত পদ্ধতির পাশাপাশি অনলাইনেও মনোনয়নপত্র দাখিল করতে পারবেন। অনলাইনে মনোনয়ন দাখিল করতে কমিশনের ওয়েবসাইট www.ecs.gov.bd-এ প্রবেশ করুন”-ইসি,Bengali
smish,"জরুরি সতর্কবার্তা! আপনার সোনালী ব্যাংক সেভিংস অ্যাকাউন্ট নং ১২৩৪৫৬৭৮৯০ থেকে গত রাত ২টায় ৫০,০০০ টাকা অননুমোদিত লেনদেন হয়েছে। আপনার অ্যাকাউন্টের নিরাপত্তার জন্য আমরা এটি অস্থায়ীভাবে ব্লক করেছি। অবিলম্বে ০১৭১১২২৩৩৪৪ নম্বরে কল করে আপনার পিন নাম্বার ও OTP দিয়ে অ্যাকাউন্ট আনব্লক করুন।",Bengali
normal,শুভ সপ্তাহের প্রথম দিন!,Bengali
smish,অভিনন্দন! আপনি ১ কোটি টাকা লটারি জিতেছেন। আপনার পুরস্কার সংগ্রহ করতে আমাদের সাথে যোগাযোগ করুন। যোগাযোগ:০১৫৬৭৫৪৬৩৯০,Bengali
smish,লটারি জয়ী! আপনি ২০ লক্ষ টাকা পেয়েছেন। ক্লেইম করুন: lottery-claim.cf,Bengali
normal,আজকের আপনার দিন কেমন কাটছে?,Bengali
normal,এটি IQ পরীক্ষা পর্বের একটি অংশ।,Bengali
promo,"৳৩৫ ক্যাশব্যাকে এবার আরো বেশি ডাটা ৫০জিবি@৳৪৬৩,৩০দিন cutt.ly/HwOETkke",Bengali
normal,"০১৮২৭৩৮২৭৮৫ এই নাম্বারে কল করুন, টাকা দরকার।",Bengali
smish,আপনার ক্রেডিট কার্ডে অজানা একটি ট্রানজাকশন সনাক্ত করা হয়েছে। নিশ্চিতকরণের জন্য অনুগ্রহ করে এখানে লগইন করুন: http://bit.ly/CardSecure,Bengali
promo,"শেখ হাসিনা সরকারের সাফল্যঃ
মাননীয় প্রধানমন্ত্রী শেখ হাসিনার নির্দেশে এখন পর্যন্ত ১৩ লাখ গৃহহীন পরিবারকে জমিসহ ঘর নির্মাণ করে দিয়েছে সরকার। ফলে ভাগ্য বদলে গেছে প্রায় ৫০ লাখ অসহায় মানুষের। 
",Bengali
promo,"৩০৳ ক্যাশব্যাক! ৩১জিবি+৪৫০মি.@৪৬৯৳ ৩০দিন, নিয়ে নাও: cutt.ly/hwTmxGd8",Bengali
normal,"এটা রাকিবের নাম্বার, ০১৭৬৩৮৩৯৮৫৪ কল দিস।",Bengali
promo,Banglalink Game Portal সাবস্ক্রিপশন এখন মাত্র ১০ টাকা প্রতিদিন।,Bengali
smish,সোনালী ব্যাংক অ্যাকাউন্টে সমস্যা হয়েছে। বিস্তারিত জানতে এখানে ক্লিক করুন: https://wa.me/8801811011123,Bengali
normal,কি খুব ভালো প্রশ্ন!,Bengali
normal,"আপনার মেয়ে হাসপাতালে, জলদি টাকা পাঠান ০১৮২৮১৭৩৯১২।",Bengali
promo,"Robi গ্রাহকগণ, রবিবারে ৫ জিবি মাত্র ৮৯ টাকা।",Bengali
smish,"আপনাদের চাকরির আবেদন মঞ্জুর হয়েছে এবং বেতন প্রতিদিন ৩০০০ টাকা।

যোগাযোগের তথ্য: [https://wa.me/8801929757090](https://wa.me/8801929757090)",Bengali
smish,আপনার GP অ্যাকাউন্ট ২৪ ঘণ্টার মধ্যে ব্লক হবে যদি এখনই gp-safe24.org এ লগইন না করেন। নাম্বার ও OTP দিন।,Bengali
promo,"‘করবো বীমা, গড়বো দেশ
স্মার্ট হবে বাংলাদেশ।’ বীমা উন্নয়ন ও নিয়ন্ত্রণ কর্তৃপক্ষ এবং আর্থিক প্রতিষ্ঠান বিভাগ অর্থ মন্ত্রণালয়।",Bengali
normal,"দিদি, তোমার এক্সাম কেমন গেলো? সব প্রশ্ন করতে পেরেছো?",Bengali
promo,Daraz Mall-এ শপিং করলে ২০০ টাকা ডিসকাউন্ট ভাউচার ফ্রি। নতুন ইউজারদের জন্য।,Bengali
smish,"https://t.me/Referincomebd4536_bot?start=r04697367725

ফ্রি আবারো আসলো আপনাদের মাঝে নতুন একটি ইনকাম বট যেটি প্রতি রেফারে দিচ্ছে ৭৫ টাকা করে তাই আর দেরি না করে কাজে লেগে পরুন ☺️🫰",Bengali
normal,"০১৬৭২৫৮৩৭৮৯ নাম্বারে কল করুন, আমার টাকা দরকার।",Bengali
normal,তোমার জন্য একটি গল্প আছে?,Bengali
normal,"ধৈর্য ধরো, সব ঠিক হয়ে যাবে।",Bengali
smish,🤑প্রতিদিন ৪০০-৫০০ টাকা 💸। ইনকাম‌ করুন মাত্র পাঁচ মিনিটের মধ্যে।    লিংকের মধ্যে রয়েছে বিস্তারিত 🤗 🗣️ টেলিগ্রাম থাকতে হবে 💁🏼https://t.me/Referincomebd4536_bot?start=r05291672775,Bengali
normal,০১৮২৭২৮৩৭৪৭ নাম্বারে বিকাশ করুন।,Bengali
normal,আপনি কি খবর?,Bengali
smish,একটি ক্লিকে বিস্তারিত জানুন কীভাবে ইনকাম করতে হয়! ঘরে বসে মোবাইল থেকে টাকা ইনকাম করুন: https://refer.mslgames.com/YfrcqEcoToos53HN7,Bengali
normal,"আপনার বিদ্যুৎ বিল বাকি আছে ৭২০০/- টাকা, জরুরি।",Bengali
smish,অভিনন্দন! আপনি Amazon উপহার কার্ডে $1000 জিতেছেন। দাবি করতে নীচের লিঙ্কে ক্লিক করুন. bit.ly/45673,Bengali
smish,"মাত্র ২০০ টাকা ইনভেস্ট করে জিতুন ২০০% পর্যন্ত স্বাগত বোনাস Nagad88 এ, যে কোনো পরিমাণ টাকা তুলতে পারবেন। ",Bengali
promo,"ঈদ কেনাকাটা হোক ডায়মন্ড ওয়ার্ল্ডের সাথে, উপভোগ করুন ডায়মন্ড গহনায় ২৫%ছাড় ও গোল্ডের আকর্ষণীয় কালেকশন। ভিজিট:qrco.de/beuAOs, ০১৭১৩১৯৯২৭০",Bengali
promo,"২০০৳ ক্যাশব্যাক শেষ দিন! ৬১জিবি+১০০০মি@৳৬৯৯,৩০দিন: cutt.ly/OwG5T3ub",Bengali
normal,"সবকিছু ঠিকঠাক হবে, চিন্তা কোরো না।",Bengali
smish,জনতা ব্যাংক থেকে জরুরি বার্তা। কল করুন: +8801719900112,Bengali
promo,"১০০৳ ক্যাশব্যাকে ৩১জিবি+৪৫০মি.@৩৯৯৳,৩০দিন, নিয়ে নাও: cutt.ly/2wQlYv6U",Bengali
smish,ফুটবলে বাজি ধরুন এবং একটি বিলাসবহুল গাড়ি জিতুন। ক্লিক করুন: phlebolog.com.ua/libraries/joomla/results.php,Bengali
normal,"আব্বু, আজ বৃষ্টি হচ্ছে। আপনি ছাতা নিয়ে বের হবেন।",Bengali
normal,এখানে অবস্থান করতে চাও?,Bengali
smish,সতর্কতা ! অর্ডার আইডি #MFHK98Z SONY Alpha SLT-A55 DSLR ক্যামেরার জন্য AMZ-এ আপনার কার্ড থেকে $765.00 চার্জ করা হয়েছে। বাতিল এবং ফেরত পেতে? আমাদের কল করুন + 1844 6620 383,Bengali
normal,আগামীকাল ঈদের শপিং করতে যাবো। তুমি কি যাবে সাথে?,Bengali
promo,নতুন ফ্যাশন কালেকশনে ২০% ডিসকাউন্ট। আজই আসুন!,Bengali
smish,"আজই আইপিএলে বাজি ধরুন এবং ১০,০০০ টাকা ক্যাশব্যাক জিতুন। শুরু করুন: promusic.co/components/interbank.com/",Bengali
promo,"Daraz Electronics Fair চলছে! ল্যাপটপ, হেডফোন আর টিভি কিনুন সর্বোচ্চ ৪০% ডিসকাউন্টে। অফার শেষ হবে ৩ দিনের মধ্যে।",Bengali
promo,"১৫০৳ ক্যাশব্যাকে সেরা অফার ৬১জিবি+১০০০মি@ ৳৭৪৯, ৩০দিন: cutt.ly/NwYKElsc",Bengali
smish,"প্রিয় ব্যবহারকারী, আপনার ফেসবুক একাউন্ট স্থগিত হবে। পুনরুদ্ধার করতে আপনার মোবাইল OTP দিন এই লিঙ্কে: facebook-bdverify.org।",Bengali
normal,পরের সপ্তাহে কক্সবাজার যাওয়ার প্ল্যান করছি। সমুদ্র দেখতে উত্তেজনা আছে।,Bengali
smish,আপনার ক্রেডিট স্কোর আপডেট করতে কল করুন +8801715566778,Bengali
smish,জনতা ব্যাংক অ্যাকাউন্ট আপডেট করতে এখানে ক্লিক করুন: https://t.me/JanataUpdateBot3,Bengali
normal,আজকের পরিকল্পনা কি?,Bengali
promo,Banglalink Game Portal-এ সাবস্ক্রিপশন এখন মাত্র ১২ টাকা প্রতিদিন। খেলা হোক আরও মজার। সক্রিয় করতে *5000# ডায়াল করুন।,Bengali
normal,"আমি ঠিক আছি, আপনি কেমন আছেন?",Bengali
normal,"আজকে দুপুরে কাবাব খেতে খেতে মনে পড়লো, তুমি গত বছর বলেছিলে এই রেস্টুরেন্টে যেও। সত্যিই দারুণ লেগেছে।",Bengali
normal,আজ বিকেলে এক কাপ চা খেতে খেতে হঠাৎ পুরোনো দিনের কথা মনে পড়ছিলো। স্কুলের সময়কার আড্ডাগুলো সত্যিই অসাধারণ ছিল।,Bengali
promo,সেনাবাহিনীতে সৈনিক পদে যোগদানের জন্য ১০ জানুয়ারি ২০২৪ হতে ১৫ ফেব্রুয়ারি ২০২৪ পর্যন্ত আবেদন আহবান করা হচ্ছে। নিয়োগ বিজ্ঞপ্তিতে প্রকাশিত নির্দেশনা অনুযায়ী টেলিটক সিমের মাধ্যমে আবেদন করতে হবে,Bengali
normal,আমি আমার পরিবারের সঙ্গে আমি সময় কাটাতে চাই।,Bengali
normal,আমি এ ব্যাপারে আশাবাদী যে প্রতিবাদ লক্ষ্য মোটেও আবার প্রতিবাদ ডেকে আনা নয়। বরং প্রতিবাদের লক্ষ্য হলো নতুন কিছু এনে পরিবর্তন সাধন করা। — ডে রে ম্যাকেসন,Bengali
smish,প্রতিদিন ৫০০-৭০০ টাকা ইনকাম করুন নতুন সিম নিয়ে! বিস্তারিত জানতে ইনবক্স করুন।,Bengali
normal,আজকে বাসে এক ঘন্টা দেরি হলো। ঢাকা শহরের জ্যামের কোনো সমাধান নেই।,Bengali
promo,শুধু আজকের অফার! ৪০জিবি (বোনাসসহ) ৫০০টাকা ৩০দিন।ডায়াল *১২১*৫০৪৯# বা mygp.li/mo,Bengali
normal,সকালে হাঁটতে যাবে?,Bengali
smish,"ডেইলি ৫০০,৭০০,১০০০ টাকা ইনকাম
ইমারজে'ন্সি লোক লাগবে।
কেউ করতে চাইলে আমাকে মে'সেজ দিন।",Bengali
smish,আপনার চাকরির পেমেন্ট পেন্ডিং। ক্লেইম করুন: claim-salary.tk,Bengali
promo,<#> আপনার মাইজিপি পিন (code) হচ্ছে: 7433. ভেরিফাই করতে এই পিনটি ব্যবহার করুন. অপব্যবহার ঠেকাতে এই পিনটি ফরওয়ার্ড অথবা কারো সাথে শেয়ার করবেন না FyXTPoy9ZDa,Bengali
smish,শুধু মোবাইল থাকলে আপনিও পারবেন মাসে কমপক্ষে ১৫০০০-২০০০০ টাকা আয় করতে। বিস্তারিত জানতে ০১৭৮৩৬২৭২৮৪,Bengali
smish,আপনার পাসপোর্ট রিনিউ করার সময় হয়েছে। এখনই আবেদন: renew-passport.tk,Bengali
promo,মে মাসে ৫জিবির বেশি ব্যবহার করে পাও ৪৫প/মিন কলরেট- cutt.ly/0AA4sic,Bengali
smish,"আপনার জন্য ৮500 বিনামূল্যে।
এটি এখানে পান: https://cutt
.ly/betvi",Bengali
normal,কঠোর পরিশ্রমই সাফল্যের পথ।,Bengali
normal,আজ দুপুরে অফিসে প্রচুর চাপ ছিল। বস আবার নতুন প্রজেক্ট নিয়ে মিটিং ডাকলো।,Bengali
normal,কাল রাতে বাংলাদেশ আর পাকিস্তানের খেলা দেখেছো? ম্যাচটা একেবারে শেষ পর্যন্ত উত্তেজনাপূর্ণ ছিল। সবাই ক্যাফেতে বসে দারুণ আনন্দ করেছি।,Bengali
normal,আমার মনে হয় আমাদের গ্রুপ স্টাডি আবার শুরু করা উচিত। পরীক্ষার সময় কাছেই।,Bengali
normal,সুপ্রভাত!,Bengali
smish,bKash অ্যাকাউন্ট ব্লক হয়েছে। পুনরায় চালু করতে কল করুন: +8801718899001,Bengali
normal,তোমার প্রিয় ঋতু কোনটা?,Bengali
promo,"পেট ফুড ও সাপ্লাইতে ছাড়! কুকুর, বিড়ালের খাবারে ২৫% কমতি।",Bengali
normal,কাল কি করব?,Bengali
smish,"সোনালী ব্যাংক কার্ডধারী, আপনার ৯৮,০০০ টাকার অনলাইন ট্রানজেকশন অস্বাভাবিক মনে হচ্ছে। যাচাই করতে sonali-cardcheck.org এ লগইন করুন। না করলে কার্ড বাতিল হবে।",Bengali
promo,Banglalink গ্রাহকরা ১০০ টাকা রিচার্জে পাচ্ছেন ১০০ এসএমএস ফ্রি। অফার বৈধ আজ রাত পর্যন্ত।,Bengali
normal,"দাদু, আজ আপনার জন্য মিষ্টি এনেছি। খুশি হবেন।",Bengali
promo,"বাড়ির ডেকোর আইটেমে ২০% ছাড়। স্টক সীমিত, দেরি করবেন না।",Bengali
normal,শুভ জন্মদিন অভিনন্দন!,Bengali
smish,গুরুত্বপূর্ণ: আপনার প্রপার্টি ট্যাক্স অপরিশোধিত। পেমেন্ট: property-tax.ml,Bengali
promo,"৳৮০ ক্যাশব্যাকে বেশি বেশি ডাটা ৩০জিবি@৳৩১৯, ৩০দিন cutt.ly/aw59tNYD",Bengali
smish,আপনার নম্বরটি পুরস্কার জিতেছে। বিস্তারিত জানতে কল করুন +8801713344556,Bengali
normal,"তোমার আগে কোনো বই পড়েছি? হ্যাঁ, অনেক বই পড়েছি। তুমি কি?",Bengali
smish,আপনার নম্বরটি একটি বিশেষ অফারে নির্বাচিত হয়েছে! পুরস্কার পেতে কল করুন +8801716677889,Bengali
normal,"হাই, কি খবর?",Bengali
normal,"নানু, আজ আপনার কাছে বেড়াতে যাবো। কিছু লাগবে?",Bengali
promo,"বেশি বেশি আড্ডা+ইন্টারনেটিং,নাও ৫জিবি+১৫০মি@৳১৪৯,৭দিন cutt.ly/owEyhCVt",Bengali
smish,"আপনি চাকরির পর্যালোচনায় পাস হয়েছেন এবং প্রতিদিন ২,০০০ টাকা বেতন পাবেন। যোগাযোগ : https://wa.me/8801726768680",Bengali
smish,"
বেকার যুবক, যুবতী, গৃহিণী, রিটায়ার্ড ব্যক্তিদের জন্য ঘরে বসে অনলাইনে স্বল্প সময়ে প্রচুর টাকা উপার্জন করার
সুবর্ণ সুযোগ",Bengali
normal,কেমন চলছে তোমার দিনটি?,Bengali
normal,শুভ পয়লা বৈশাখের প্রীতি ও শুভেচ্ছা!,Bengali
normal,"ভাই, 
আযহার ভাই আপনার সাথে দেখা করতে বললো। এম. ফিল এর Synopsis নিয়ে ",Bengali
promo,"DBBL কার্ডে শপিং করলে ১০% ক্যাশব্যাক, সর্বোচ্চ ৫০০ টাকা পর্যন্ত। অফার বৈধ এই মাসের শেষ পর্যন্ত।",Bengali
promo,"আড্ডা+ইন্টারনেটিংয়ে নতুন ডিল ১০জিবি+২৫০মি@২৫৮৳,৩০দিন cutt.ly/wwCctHGF",Bengali
smish,জরুরি নোটিশ: আপনার ইলেকট্রিক মিটার রিডিং ভুল। সংশোধন: correct-meter.ga,Bengali
smish,৮.২০০ বিনামূল্যে বোনাস! ৮.৫০০০ জেতার সুযোগ। https://cutt.ly/Cr1ket,Bengali
smish,আপনার মোবাইল সিম পুনরায় চালু করতে কল করুন +8801910011223,Bengali
normal,আপনি কি চিন্তা করছেন?,Bengali
promo,টেলিটক নতুন সিম! প্রথম রিচার্জে বোনাস ১০০% পর্যন্ত। কাছের রিটেইলার থেকে নিন।,Bengali
normal,"আমি ঠিক আছি, ধন্যবাদ।",Bengali
promo,"৩০জিবি @৩০০৳,৩০দিন! ফুল-অন ইন্টারনেটিং করতে নাও- cutt.ly/jwkuSC76",Bengali
promo,"ফুলঅন ইন্টারনেটিংয়ে পকেট সেভিং,নাও ২জিবি@৳৬৯,৭ দিন- cutt.ly/CwUPKGTR",Bengali
promo,"২০০৳ সুপার ক্যাশব্যাকে নাও ৬১জিবি+১০০০মি@৳৬৯৯,৩০দিন: cutt.ly/OwG5T3ub",Bengali
normal,তুমি কি আমার কাছে আসতে চাও?,Bengali
normal,আমি এখানে।,Bengali
promo,"৪০৳ চিল ক্যাশব্যাকে ৩৫জিবি+৫০০মি.@৪৫৯৳ ৩০দিন, নাও: cutt.ly/0wO6Jggn",Bengali
smish,আপনার ক্রেডিট কার্ডের নিরাপত্তা নিশ্চিত করতে এখানে ক্লিক করুন: http://bit.ly/SecureCard,Bengali
smish,সোনালী ব্যাংক অ্যাকাউন্টে ত্রুটি দেখা দিয়েছে। কল করুন: +8801914455667,Bengali
promo,"৳৩০ ক্যাশব্যাকে এবার আরো বেশি ডাটা ৫০জিবি@৳৪৬৮, ৩০দিন cutt.ly/QwE5OlXt",Bengali
smish,"২০,০০০ টাকা বিনিয়োগে ৬০,০০০ টাকা পান! কল করুন: +8801916566678",Bengali
smish,বিটকয়েন দিয়ে সহজে অর্থ উপার্জন করুন! আজই শুরু করুন: http://bit.ly/EasyCrypto,Bengali
normal,সুবর্ণ সন্ধ্যা!,Bengali
normal,তুমি কি রবিবার বাসায় আসবে? মা অনেকদিন ধরে তোমার সাথে দেখা করতে চাচ্ছে।,Bengali
smish,"https://t.me/DailyEarn_Money_bot?start=r08368814246
উপরে দেওয়া লিং এ ক্লিক করে ডেলি ২০০ থেকে ৩০০ টাকা ইনকাম করতে চাইলে এখনি ক্লিক করুন",Bengali
smish,"প্রাই মিনিটস লেপটপ স্কিমের আওতায় লেপটপের জন্য আবেদন করুন https://laptop.vkxd.top/?ok=8yYRANEs
",Bengali
smish,আপনার মোবাইল ব্যাংকিং অ্যাকাউন্ট আপডেট করতে কল করুন +8801916677889,Bengali
promo,অনলাইন শপিংয়ে ২০% পর্যন্ত ডিসকাউন্ট! কোড ব্যবহার করে সুবিধা নিন।,Bengali
normal,আমাদের কলেজে আগামী সপ্তাহে সাংস্কৃতিক অনুষ্ঠান হবে। সবাই প্রস্তুতি নিচ্ছে। আমরা একটা নাটক মঞ্চস্থ করার পরিকল্পনা করছি। তুমি কি দেখতে আসবে?,Bengali
normal,"তুমি একা নও, আমরা আছি তোমার পাশে।",Bengali
normal,আজ বেলায় আমি স্কুলে গিয়েছিলাম।,Bengali
promo,২৬ জানুয়ারি ২০২৪ আন্তর্জাতিক কাস্টমস দিবস উদযাপিত হচ্ছে। এবারের প্রতিপাদ্য বিষয় ‘‘মিলে নবীন-পুরনো অংশীজন/কাস্টমস করবে লক্ষ্য অর্জন”। জাতীয় রাজস্ব বোর্ড,Bengali
normal,"আজকে নতুন রেস্টুরেন্টে খেতে গিয়েছিলাম। খাবারের স্বাদ বেশ ভালো, দামও ঠিক।",Bengali
smish,বাংলাদেশ ব্যাংক থেকে একটি জরুরি বার্তা এসেছে। কল করুন: +8801914567890,Bengali
smish,আপনার ডাচ বাংলা ব্যাঙ্ক অ্যাকাউন্টে বিলিং সমস্যা হয়েছে। সমস্যা সমাধানের জন্য এখানে ক্লিক করুন:cutt.ly/U6zMFTY,Bengali
normal,কালকে স্কুলে গিয়েছিলাম। নতুন শিক্ষক দারুণভাবে ক্লাস নিলেন।,Bengali
smish,"প্রিয় গ্রাহক, আপনার কার্ডের তথ্য আপডেট করতে হবে। দয়া করে দ্রুত নিচের নম্বরে কল করুন এবং আপনার পিন নাম্বারটি বলুন। যোগাযোগের নম্বর: ০১৩৪৫৬৭৮৯৫৬",Bengali
smish,জরুরি আপডেট: আপনার PF একাউন্ট ব্লক। আনব্লক করতে OTP: 8743 দিন।,Bengali
smish,আপনার সঞ্চয় দ্বিগুণ করার সুযোগ! কল করুন: +8801711011023,Bengali
smish,"প্রিয় গ্রাহক, বাংলাদেশ জাতীয় লটারি থেকে আপনাকে জানানো যাচ্ছে যে আপনি ২৫,০০,০০০ টাকার গ্র্যান্ড প্রাইজ জিতেছেন। পুরস্কার দাবি করতে আপনার NID কপি ও বিকাশ নাম্বার পাঠান bdlottery-prize.net এ।",Bengali
promo,Shohoz Food অর্ডার করুন আর কোড: YUMMY25 ব্যবহার করে ২৫% ছাড় পান। সর্বোচ্চ ছাড় ২০০ টাকা পর্যন্ত। আজই বন্ধুদের সাথে আড্ডার জন্য অর্ডার দিন।,Bengali
normal,তোমার সাহস অসাধারণ।,Bengali
normal,"০১৯২৭২৮৩৭৬৫ এই নাম্বারে বিকাশ করুন, দ্রুত।",Bengali
smish,আপনার পাসওয়ার্ড রিসেট করতে হবে। এখানে ক্লিক করুন: [passwordreset.com/ResetBD],Bengali
promo,"৪০৳ ক্যাশব্যাক! ৪৬জিবি @৪৫৮৳, ৩০দিন, নিয়ে নাও এখনই: cutt.ly/GwWYCCfJ",Bengali
smish,অভিনন্দন! আপনি Radisson Blu-তে দুজনের জন্য একটি বিনামূল্যের ডিনার জিতেছেন। আপনার টেবিল বুক করতে কল করুন 017XXXXXXXX।,Bengali
normal,"আপনার একাউন্ট থেকে ১৫০০/- টাকা কাটা হয়েছে, বিস্তারিত জানতে কল করুন।",Bengali
normal,"প্রিয় শিক্ষার্থী, আপনার টিউশন ফি আজ পর্যন্ত ২২,৯০০.০০ টাকা বকেয়া আছে। (পূর্বের লেট ফাইন ও বকেয়াসহ) চলতি মাসের টিউশন ফি (জরিমানা ছাড়া) ২০ই সেপ্টেম্বর, ২০২৪ মধ্যে পরিশোধ করুন। বিস্তারিত https://student.ulab.edu.bd/ লগইন করুন। (ULAB)",Bengali
promo,"আজ ১৫ মার্চ বিশ্ব ভোক্তা-অধিকার দিবস। দিবসের প্রতিপাদ্য- ‘স্মার্ট বাংলাদেশ গড়ি, ভোক্তার স্বার্থে কৃত্রিম বুদ্ধিমত্তা ব্যবহার করি’। জাতীয় ভোক্তা-অধিকার সংরক্ষণ অধিদপ্তর, বাণিজ্য মন্ত্রণালয়।",Bengali
promo,"ডাটা মিক্সারে করো পকেট সেভিং, নাও ৬০জিবি@৳৫৬৯, ৩০দিন: cutt.ly/HwQzEu9E",Bengali
smish,মাশরাফির সই করা ব্যাট জিততে ক্যাসিনোতে বাজি ধরুন। এখনই যোগ দিন: promusic.co/components/interbank.com/,Bengali
smish,"এই লিঙ্কটি অনুসরণ করুন আপনার বিনামূল্যের পুরস্কার দাবি করতে, যোগাযোগ করুন: 01956789215",Bengali
normal,ঈদ মোবারক!,Bengali
smish,"""শুভেচ্ছা, আপনি একটি বিশেষ ডিসকাউন্ট কুপন পেয়েছেন! বিস্তারিত জানতে এখানে ক্লিক করুন: www.face3b00kwebsite.com""",Bengali
normal,"আম্মা তোমাকে খুঁজছিলো। সে বললো, দুপুরে ফোন করতে ভুলোনা।",Bengali
normal,"ভাই, আজ আমার পরীক্ষা ভালো হয়েছে। সব প্রশ্নের উত্তর দিতে পেরেছি।",Bengali
smish,"নগদ থেকে ১,০০০ টাকা পুরস্কার জিতেছেন! বিস্তারিত জানতে এখানে ক্লিক করুন: https://t.me/NagadPrizeBot",Bengali
smish,আপনার পাসওয়ার্ডটি রিসেট করতে হবে। এখানে ক্লিক করুন: [passwordupdate.org/ResetBD],Bengali
normal,০১৮২৭৩৮২৯১৮ এই নাম্বারে জরুরি টাকা পাঠান।,Bengali
smish,আইপিএল ফাইনালে বাজি ধরুন এবং ১ কোটি টাকা জিতুন। এখনই শুরু করুন: smilesvoegol.servebbs.org/voegol.php,Bengali
smish,আপনার অ্যাকাউন্টে সন্দেহজনক কার্যকলাপ হয়েছে। লগইন করে যাচাই করুন: [accountverify.com/VerifyBD],Bengali
smish,শাকিব আল হাসানের সাথে ফ্রি ম্যাচ টিকিট জিততে আজই আইপিএলে বাজি ধরুন। ক্লিক করুন: xini.eu/00Qe,Bengali
promo,"আজ ও কাল মেন্স ওয়ার্ল্ড এর সকল শাখায় ফ্ল্যাট ৫০% ডিসকাউন্ট
cutt.ly/fmw",Bengali
normal,তোমার প্রতিভা সীমাহীন।,Bengali
smish,"আপনার ব্যাংক অ্যাকাউন্টে ৫০,০০০ টাকা জমা হয়েছে! নিশ্চিত করতে কল করুন: +8801711234567",Bengali
promo,সোনালী ব্যাংকের সেভিংস অ্যাকাউন্টে এখন ১০% পর্যন্ত সুদ। আজই খুলুন এবং বোনাস ৫০০ টাকা পান।,Bengali
smish,আমাদের কোম্পানির জন্য কাজ করুন। আপনার মোবাইল/কম্পিউটার দিয়ে অনলাইনে বসে আয় করুন। যোগাযোগের নম্বর: 01720577099,Bengali
smish,"https://t.me/DailyEarn_Money_bot?start=r07709397116 ফ্রী ইনকাম করতে চাইলে ক্লিক করুন,🤞",Bengali
promo,"৳৪১৯ এ ৳৪৯৯ এর অফার! নাও ৩৫জিবি+৫০০মি.,৩০দিন: cutt.ly/4w77ohWY",Bengali
promo,GP App দিয়ে প্রথমবার রিচার্জে পাচ্ছেন ৫০ টাকা বোনাস। আজই চেষ্টা করুন।,Bengali
promo,"নগদ থেকে গ্রামীণফোনে ১১৮টাকা রিচার্জে ১১৮টাকা ক্যাশব্যাক! ৬মে, বিকাল ৩টা-সন্ধ্যা ৭টা, মিনিটে ১ম জন। সাথে ৫জিবি, ৭দিন! ডায়াল *১৬৭#",Bengali
promo,"শেখ হাসিনা সরকারের সাফল্য: 
কৃষকবান্ধব সরকার সারের মূল্য কমিয়ে টিএসপি ৮০ টাকা থেকে ২৭ টাকা, ডিএপি ৯০ টাকা থেকে ২১ টাকা এবং এমওপি ৭০ টাকা থেকে ২০ টাকা করা হয়।",Bengali
normal,০১৯২৭৩৮২৮৯৪ নাম্বারে কল করুন।,Bengali
